HLA	label	affinity	cls_prob	reg_yhat
DRB1*08:02	0.0	0.0	0.27434424	0.34383208
DRB1*01:01	1.0	0.8441374	0.37262815	0.4322298
DRB1*04:04	0.0	0.738145	0.27935368	0.34367144
DRB1*09:01	0.0	0.084686644	0.27543923	0.32195026
DRB1*08:01	0.0	0.5753037	0.42457926	0.4110657
DRB1*11:01	0.0	0.42844033	0.42991272	0.44096217
DRB3*02:02	1.0	0.8984626	0.34153858	0.41003796
DQA1*03:03-DQB1*04:02	0.0	0.2566966	0.32260612	0.39310688
DQA1*02:01-DQB1*03:03	0.0	0.46181467	0.33606276	0.40085286
DRB5*01:01	0.0	0.65906143	0.42466688	0.4034018
DRB1*01:01	0.0	0.13529545	0.33829948	0.35981706
DRB1*04:04	0.0	0.3558287	0.2756073	0.27854174
DRB1*03:01	0.0	0.4750195	0.34986407	0.3433364
DRB1*07:01	0.0	0.21098237	0.27682552	0.29274398
DRB4*01:03	1.0	0.8201525	0.71692187	0.65994066
DQA1*05:01-DQB1*03:02	0.0	0.17146476	0.274967	0.18013337
DPB1*05:01	0.0	0.29749924	0.27382076	0.30881667
DRB1*08:01	0.0	0.63305235	0.27517182	0.18339522
DRB1*14:54	0.0	0.084686644	0.27670223	0.3038183
DQA1*05:01-DQB1*03:02	0.0	0.44811606	0.27662954	0.36702782
DQA1*01:02-DQB1*05:01	0.0	0.5058025	0.27608922	0.25161693
DQA1*01:02-DQB1*06:02	0.0	0.0	0.27531108	0.08944901
DRB1*01:01	0.0	0.6662669	0.28655672	0.25483897
DRB4*01:03	0.0	0.084686644	0.2784253	0.27961415
DRB4*01:01	0.0	0.0	0.273614	0.28802136
DQB1*03:01	0.0	0.17148839	0.27578494	0.17689207
DRB1*03:01	0.0	0.084686644	0.27459878	0.24090493
DRB1*13:01	0.0	0.084686644	0.2828682	0.25144094
DRB1*08:01	0.0	0.49231294	0.27384984	0.14796284
DQA1*01:02-DQB1*05:01	0.0	0.084686644	0.27655485	0.20191525
DRB1*04:01	0.0	0.0	0.27396405	0.20019537
DRB1*14:54	0.0	0.4185122	0.28048456	0.3419441
DQA1*02:01-DQB1*04:02	0.0	0.33838627	0.27331486	0.17394161
DRB1*07:01	0.0	0.5938504	0.2762744	0.304798
DRB1*15:01	0.0	0.0	0.2744752	0.15509342
DPA1*01:03-DPB1*04:01	0.0	0.0	0.27370667	0.07980637
DRB1*03:01	0.0	0.34130898	0.274236	0.21720648
DRB1*07:01	0.0	0.28571403	0.27753752	0.3265903
DRB1*04:02	0.0	0.5487152	0.27376565	0.20197695
DRB1*15:01	0.0	0.45221373	0.27597046	0.28458482
DRB1*04:04	0.0	0.31783453	0.29186603	0.338023
DRB1*11:01	0.0	0.7969252	0.40416142	0.37913227
DRB3*02:02	0.0	0.34108654	0.3071751	0.4435994
DRB3*01:01	0.0	0.16511735	0.29334384	0.41749913
DRB1*13:01	0.0	0.42093995	0.3856732	0.39318427
DQA1*01:01-DQB1*05:01	0.0	0.0	0.3139921	0.31517792
DRB3*03:01	0.0	0.45370445	0.72331434	0.675888
DQA1*03:03-DQB1*04:02	0.0	0.084686644	0.30385295	0.3212291
DRB3*01:01	0.0	0.0	0.29765415	0.4136377
DRB3*02:02	0.0	0.6687992	0.33333555	0.2945477
DPA1*02:01-DPB1*05:01	0.0	0.0	0.27932957	0.16646644
DRB3*02:02	0.0	0.40109268	0.27425298	0.2194598
DRB3	0.0	0.0	0.35374773	0.3762106
DQA1*05:01-DQB1*03:02	0.0	0.4882211	0.27609605	0.12565847
DRB3*02:02	0.0	0.52753305	0.27383536	0.17570266
DRB1*09:01	1.0	0.85125035	0.27798027	0.3807948
DRB1*04:04	0.0	0.7969252	0.7244627	0.64270896
DRB3*01:01	0.0	0.41631356	0.27367184	0.20987266
DQA1*02:01-DQB1*04:02	0.0	0.23061466	0.27566162	0.33152184
DRB1*01:01	0.0	0.7703366	0.43009105	0.46361405
DQA1*01:02-DQB1*05:01	0.0	0.3799037	0.27652222	0.28009117
DRB3*03:01	1.0	0.8078111	0.6247408	0.6127424
DRB1*04:04	0.0	0.055344876	0.27472758	0.2989846
DRB1*15:01	0.0	0.4185122	0.27394915	0.124792874
DRB1*13:01	0.0	0.30790693	0.27824134	0.37516972
DPA1*03:01-DPB1*04:02	0.0	0.0	0.27472898	0.14374334
DPA1*01:03-DPB1*04:01	1.0	0.835953	0.30349746	0.3158953
DRB3*02:02	0.0	0.2531975	0.2763895	0.3232693
DRB5*01:01	0.0	0.084686644	0.41576353	0.35493678
DRB3*03:01	0.0	0.51603055	0.3274515	0.3378936
DRB1*04:04	0.0	0.30258107	0.274179	0.25458
DRB1*12:01	0.0	0.0	0.27660355	0.22104274
DRB3*02:02	0.0	0.084686644	0.27441356	0.22124848
DRB1*01:01	0.0	0.0	0.2770137	0.20093092
DRB3	0.0	0.0	0.28182635	0.28586972
DRB3*01:01	0.0	0.3036121	0.6798555	0.6192743
DRB1*11:01	0.0	0.36926863	0.27547824	0.2696378
DQA1*01:02-DQB1*05:01	1.0	0.8984626	0.72198623	0.6348087
DQB1*03:01	0.0	0.29749924	0.27901146	0.26339626
DQA1*05:01-DQB1*03:02	0.0	0.5432769	0.27354994	0.31125605
DRB4*01:01	0.0	0.13176033	0.28157344	0.020536982
DRB1*08:02	0.0	0.3983002	0.4185863	0.41816768
DRB1*13:02	0.0	0.3750729	0.40391427	0.41080028
DRB1*11:01	0.0	0.28134426	0.27660018	0.27667132
DPB1*04:01	0.0	0.23422523	0.2737722	0.19430733
DPA1*01:03-DPB1*02:01	0.0	0.0	0.33950266	0.3099398
DPA1*02:01-DPB1*01:01	0.0	0.0	0.27336967	0.07684336
DRB1*08:01	0.0	0.3064191	0.27552256	0.18970938
DRB1*15:02	0.0	0.0	0.27483702	0.12929444
DQA1*05:01-DQB1*02:01	0.0	0.22532317	0.32023415	0.440708
DRB1*08:01	0.0	0.6461442	0.2960901	0.26082575
DQA1*05:01-DQB1*04:02	0.0	0.35661379	0.39227006	0.4456547
DRB1*04:04	0.0	0.084686644	0.27488628	0.23275077
DRB1*13:02	0.0	0.3618399	0.27685168	0.206967
DQA1*01:03-DQB1*06:03	0.0	0.084686644	0.2745083	0.14325736
DRB1*07:01	0.0	0.028672274	0.27690026	0.2380311
DRB3*01:01	0.0	0.084686644	0.27448136	0.32248434
DRB1*03:01	0.0	0.6714029	0.27410942	0.23681708
DRB1*14:54	0.0	0.3043059	0.38405585	0.44251662
DRB1*14:54	0.0	0.6231404	0.27890396	0.3738054
DRB1*01:01	0.0	0.6584874	0.61964005	0.5652804
DRB1*15:01	0.0	0.40544623	0.32378626	0.38287356
DRB1*08:01	0.0	0.36174724	0.29456228	0.35596752
DQA1*02:01-DQB1*04:02	0.0	0.19372475	0.27624205	0.2720133
DQA1*03:03-DQB1*04:02	0.0	0.47693178	0.273381	0.20298682
DQA1*02:01-DQB1*03:03	0.0	0.28354305	0.27347964	0.24800056
DRB1*09:01	0.0	0.30455494	0.27392882	0.20082974
DRB4*01:03	0.0	0.084686644	0.27629763	0.22467469
DRB1*15:01	0.0	0.0	0.27402523	0.14061415
DRB3*01:01	0.0	0.0	0.27390808	0.13015874
DRB1*11:01	0.0	0.29630548	0.36699787	0.3965208
DRB1*07:01	0.0	0.15239745	0.37212023	0.45238137
DRB1*09:01	0.0	0.5210823	0.27452844	0.36122575
DRB4*01:03	0.0	0.084686644	0.2769827	0.36520764
DRB1*03:01	0.0	0.0	0.273721	0.23454326
DRB1*04:01	0.0	0.26640135	0.43802482	0.41438866
DRB1*13:02	0.0	0.084686644	0.32303253	0.41005978
DRB1*13:01	0.0	0.0	0.28166872	0.2680394
DRB1*01:01	0.0	0.5672618	0.2772746	0.19401205
DQA1*05:01-DQB1*03:03	0.0	0.34564033	0.273717	0.18556085
DQA1*03:03-DQB1*04:02	0.0	0.084686644	0.2738515	0.1906708
DQA1*01:02-DQB1*06:02	0.0	0.0	0.27507704	0.12494028
DRB1*03:01	0.0	0.15538731	0.27539164	0.23407407
DRB1*13:02	0.0	0.0	0.2753112	0.11956974
DRB1*03:01	1.0	0.87187403	0.51114833	0.4779036
DQA1*03:01-DQB1*03:02	0.0	0.0	0.28724834	0.20412153
DPB1*04:01	0.0	0.0	0.27374104	0.16988328
DRB1*07:01	0.0	0.02062367	0.27934772	0.24839947
DQA1*01:02-DQB1*05:01	0.0	0.49080396	0.27986437	0.23718506
DQA1*06:01-DQB1*04:02	0.0	0.32671255	0.3091706	0.26515242
DRB1*15:01	0.0	0.0	0.27470127	0.17400655
DRB1*07:01	0.0	0.36495084	0.2753446	0.33541572
DRB1*15:01	1.0	0.93593705	0.7199823	0.63101363
DRB1*12:01	0.0	0.0	0.2757975	0.13231412
DRB3*01:01	0.0	0.0	0.3189804	0.3989917
DRB1*04:01	0.0	0.08514992	0.7236854	0.634766
DRB1*08:01	0.0	0.4795446	0.2763739	0.16477
DQA1*05:01-DQB1*04:02	0.0	0.72312444	0.27434772	0.28027892
DRB3*02:02	0.0	0.4131914	0.72457284	0.6229783
DRB3*02:02	0.0	0.06514509	0.27448612	0.19893333
DRB1*04:01	0.0	0.58831435	0.27450508	0.25047904
DRB1*07:01	0.0	0.42544052	0.27930257	0.304895
DRB1*13:01	0.0	0.084686644	0.35513505	0.47765875
DRB3*02:02	0.0	0.084686644	0.27392945	0.246551
DRB1*07:01	0.0	0.21627793	0.28056255	0.34720865
DRB1*15:01	0.0	0.0	0.27881485	0.22884338
DPA1*01:03-DPB1*02:01	0.0	0.0	0.27540636	0.18685243
DQA1*03:03-DQB1*04:02	0.0	0.42730397	0.3975596	0.41100127
DRB1*03:01	0.0	0.7703366	0.2740462	0.14321834
DQA1*01:03-DQB1*06:03	0.0	0.084686644	0.27400497	0.09222347
DRB1*03:01	0.0	0.32779652	0.29350218	0.30890948
DRB1*01:01	0.0	0.27519044	0.27861768	0.26458263
DRB4*01:03	0.0	0.084686644	0.27557814	0.28272653
DRB1*04:01	0.0	0.29796252	0.27620518	0.20655096
DQA1*01:01-DQB1*05:01	0.0	0.0	0.29386574	0.22583342
DRB1*08:02	0.0	0.023205668	0.27378458	0.22437918
DRB5*01:01	0.0	0.084686644	0.34358063	0.3276553
DRB1*13:01	0.0	0.44419238	0.42311564	0.3929296
DRB1*01:01	0.0	0.7703366	0.2790893	0.2939585
DQA1*02:01-DQB1*03:03	0.0	0.084686644	0.27521625	0.18661916
DRB1*03:01	0.0	0.055317968	0.27428278	0.16339667
DRB1*08:02	0.0	0.13540739	0.27410784	0.15012419
DQA1*02:01-DQB1*04:02	1.0	0.93593705	0.3845299	0.3988173
DRB1*07:01	0.0	0.5126518	0.37036982	0.43409124
DQA1*05:01-DQB1*03:02	0.0	0.29233208	0.3736794	0.33835316
DQA1*05:01-DQB1*03:02	0.0	0.4478806	0.27389795	0.20164886
DRB4*01:01	0.0	0.0	0.2738905	0.16571373
DPA1*01:03-DPB1*04:01	0.0	0.0	0.282147	0.28642583
DRB5*01:01	0.0	0.6714029	0.35299972	0.3413821
DQA1*02:01-DQB1*03:01	0.0	0.5743748	0.31968462	0.40610588
DQA1*02:01-DQB1*04:02	0.0	0.66380215	0.2902297	0.36788738
DRB1*09:01	0.0	0.6768411	0.30499148	0.41297713
DRB1*11:04	0.0	0.012280174	0.27373758	0.2276353
DRB1*15:01	1.0	0.84942013	0.33320203	0.40685862
DRB1*04:05	0.0	0.0	0.2735967	0.1359694
DQA1*05:01-DQB1*02:01	0.0	0.0	0.27369124	0.2007637
DRB4*01:01	0.0	0.29749924	0.2746714	0.107907735
DRB1*01:01	0.0	0.0	0.35362068	0.45962518
DRB1*04:04	0.0	0.6953878	0.34294084	0.45730805
DRB1*03:01	0.0	0.42674097	0.27547926	0.24294618
DQA1*06:01-DQB1*04:02	0.0	0.084686644	0.27540043	0.12645783
DQA1*02:01-DQB1*03:01	0.0	0.4261814	0.28284547	0.32706565
DRB1*07:01	0.0	0.5689894	0.36055857	0.47308093
DRB3*01:01	0.0	0.0	0.27753913	0.27526483
DRB1*03:01	0.0	0.084686644	0.27379513	0.2332466
DRB1*03:01	1.0	0.8078111	0.27384752	0.25658104
DRB1*09:01	0.0	0.46950918	0.27623534	0.36338857
DRB1*04:01	0.0	0.084686644	0.27453625	0.08633036
DRB1*08:02	0.0	0.3587406	0.4406085	0.3922183
DRB3*01:01	0.0	0.3003144	0.6993832	0.6142229
DRB4*01:01	0.0	0.0	0.2748089	0.11806292
DRB1*03:01	0.0	0.4003866	0.27917296	0.35000932
DRB1*11:01	0.0	0.0	0.39915964	0.37481314
DQA1*02:01-DQB1*04:02	0.0	0.26659963	0.2755854	0.26924464
DRB1*04:05	0.0	0.25452322	0.28711292	0.20065024
DQA1*05:01-DQB1*04:02	0.0	0.5075799	0.27399322	0.21913263
DRB1*03:01	0.0	0.29740685	0.27584755	0.1437327
DQA1*01:01-DQB1*05:01	0.0	0.22110371	0.279738	0.27765548
DRB3*01:01	0.0	0.084686644	0.47760355	0.41589737
DRB1*04:01	0.0	0.0	0.3354777	0.28404617
DRB1*04:04	0.0	0.31887692	0.27431837	0.2950914
DRB1*07:01	0.0	0.6662669	0.37101614	0.41636992
DRB4*01:01	0.0	0.0	0.2736793	0.10279217
DRB1*11:01	0.0	0.6200593	0.33037254	0.37655425
DRB1*11:01	0.0	0.6366076	0.2807039	0.32374576
DRB1*13:01	1.0	0.93593705	0.43778825	0.43332684
DRB1*14:54	0.0	0.38765913	0.2900652	0.35920313
DRB1*07:01	0.0	0.084686644	0.279395	0.3396469
DRB1*03:01	0.0	0.22952299	0.2738908	0.1870623
DRB1*01:01	0.0	0.2769681	0.72326726	0.6200622
DRB1*07:01	0.0	0.6461442	0.27710748	0.32490897
DRB1*04:03	0.0	0.4728374	0.63742983	0.56134635
DRB1*08:01	0.0	0.2762125	0.27368104	0.1901487
DRB1*14:54	0.0	0.37285337	0.2771258	0.35355076
DRB1*11:01	0.0	0.084686644	0.27532747	0.16621995
DRB1*03:01	0.0	0.054617725	0.27382082	0.16277584
DRB1*07:01	0.0	0.5791155	0.37624937	0.47639382
DQA1*06:01-DQB1*04:02	0.0	0.295172	0.69441116	0.6056642
DQA1*02:01-DQB1*04:02	0.0	0.38559848	0.40994677	0.46497822
DQA1*05:01-DQB1*02:01	0.0	0.0	0.2754213	0.29294872
DRB1*09:01	0.0	0.7328622	0.31971085	0.49064207
DRB1*04:01	0.0	0.0	0.2739304	0.30359674
DRB5*01:01	0.0	0.49269408	0.3511982	0.26286066
DRB3*01:01	0.0	0.0	0.2736184	0.10015095
DRB3*02:02	0.0	0.4998376	0.27573407	0.2615261
DPA1*01:03-DPB1*03:01	0.0	0.0	0.27395788	0.18168038
DRB1*04:01	0.0	0.29298988	0.27489176	0.15288487
DRB3*02:02	0.0	0.0	0.27396303	0.18154578
DRB3*02:02	0.0	0.0	0.27470192	0.19402611
DQA1*02:01-DQB1*03:01	0.0	0.6461442	0.28145283	0.34245962
DRB1*15:01	0.0	0.0	0.2753061	0.19063507
DRB5*01:01	1.0	0.87187403	0.4199461	0.4043548
DRB1*01:01	0.0	0.64606386	0.29188946	0.3325645
DRB1*04:05	0.0	0.14930584	0.27359265	0.16518721
DRB1*08:01	0.0	0.512179	0.27733248	0.20165506
DQA1*02:01-DQB1*03:01	0.0	0.56226474	0.724763	0.63077086
DRB5*01:01	0.0	0.69887584	0.34409153	0.32913983
DRB3*02:02	0.0	0.738145	0.28650883	0.34327742
DRB1*13:01	0.0	0.6662669	0.28130227	0.33756512
DRB1*07:01	0.0	0.23410878	0.27608082	0.27909926
DPA1*02:01-DPB1*01:01	0.0	0.0	0.2743248	0.09029682
DRB1*11:01	1.0	0.9757514	0.72291994	0.6476904
DRB1*03:01	0.0	0.0	0.448177	0.44030517
DPA1*01:03-DPB1*02:01	0.0	0.22462738	0.2744369	0.21085498
DRB1*04:04	0.0	0.084686644	0.27484077	0.32663393
DQA1*05:01-DQB1*04:02	0.0	0.3154471	0.2738288	0.25987452
DQA1*05:01-DQB1*03:03	0.0	0.31257418	0.27339768	0.22413994
DRB1*03:01	0.0	0.084686644	0.27393228	0.12809968
DRB1*03:01	0.0	0.0	0.27448615	0.23644134
DRB4*01:03	0.0	0.3652389	0.27640367	0.2913377
DRB5*01:01	0.0	0.06332653	0.3414951	0.29333603
DQA1*02:01-DQB1*03:01	0.0	0.27082986	0.3018046	0.3624296
DRB3*01:01	0.0	0.0	0.27402604	0.12112077
DRB4*01:03	0.0	0.4158135	0.71980697	0.6338784
DRB1*09:01	0.0	0.40846685	0.27579853	0.3636022
DQA1*02:01-DQB1*03:01	0.0	0.6545521	0.33187267	0.36903754
DQA1*05:01-DQB1*04:02	0.0	0.37129998	0.27370888	0.2466039
DRB1*04:01	0.0	0.31026414	0.2740103	0.2571943
DRB1*13:02	0.0	0.74971294	0.6733255	0.54449946
DQA1*05:01-DQB1*03:03	0.0	0.084686644	0.27545205	0.21007708
DRB1*01:01	0.0	0.150043	0.28016365	0.19873422
DQA1*05:01-DQB1*04:02	0.0	0.32805344	0.2759516	0.2337094
DQA1*05:01-DQB1*04:02	0.0	0.576242	0.2762229	0.29556137
DRB1*14:54	0.0	0.084686644	0.2755429	0.26037824
DRB1*04:05	0.0	0.2051195	0.30699083	0.37692195
DRB1*07:01	0.0	0.27874276	0.2754291	0.21073982
DRB1*08:01	0.0	0.6200593	0.28575173	0.18017441
DRB1*09:01	0.0	0.49942595	0.289385	0.39019328
DRB3*02:02	0.0	0.084686644	0.27385998	0.21917106
DRB1*07:01	0.0	0.0	0.2767529	0.27225527
DRB1*04:04	0.0	0.5771899	0.2787879	0.36576915
DRB1*13:01	1.0	0.83439964	0.45053566	0.44094464
DRB3*03:01	1.0	0.8078111	0.7108911	0.66716903
DQA1*05:01-DQB1*03:02	0.0	0.27732027	0.2747634	0.23360154
DRB1*03:01	0.0	0.02062367	0.27448785	0.18712807
DRB1*04:04	0.0	0.43454504	0.29853776	0.46189934
DRB1*13:01	0.0	0.30321798	0.27783293	0.20376848
DRB1*01:01	0.0	0.7629388	0.30573642	0.37614554
DRB1*07:01	0.0	0.18251032	0.27455467	0.19040531
DQA1*02:01-DQB1*03:03	0.0	0.5606573	0.275586	0.2016565
DRB1*04:04	0.0	0.27374968	0.27483454	0.3112991
DQA1*03:03-DQB1*04:02	0.0	0.084686644	0.27357674	0.22866431
DRB1*04:05	0.0	0.0	0.2734176	0.18939924
DRB1*14:54	0.0	0.34768552	0.27863404	0.3689639
DRB1*04:01	0.0	0.0	0.281057	0.38179436
DRB1*04:01	0.0	0.6441565	0.27418214	0.16272373
DRB1*09:01	0.0	0.7969252	0.7247374	0.65547293
DRB1*13:02	0.0	0.0	0.28929222	0.30214983
DRB1*11:01	0.0	0.0	0.27739698	0.30882782
DRB1*01:01	0.0	0.0	0.27868858	0.26888153
DRB1*07:01	0.0	0.14947335	0.27634206	0.24551134
DRB1*08:02	0.0	0.0	0.27453738	0.16375954
DRB1*15:01	0.0	0.33382556	0.27619997	0.2756418
DRB3*01:01	0.0	0.25628147	0.274234	0.18099532
DRB4*01:03	0.0	0.51408476	0.2840327	0.30249834
DRB1*08:01	0.0	0.2032506	0.2796224	0.059216283
DRB3*01:01	0.0	0.7278651	0.3014272	0.41942066
DRB3*01:01	0.0	0.084686644	0.2752263	0.12738338
DRB1*09:01	0.0	0.15175553	0.27430296	0.29582876
DRB3*01:01	0.0	0.084686644	0.27357116	0.17838353
DQA1*05:01-DQB1*03:03	0.0	0.58514524	0.27330333	0.2869764
DRB1*03:01	0.0	0.47222328	0.27455142	0.17660397
DQA1*02:01-DQB1*03:03	0.0	0.084686644	0.5354719	0.4953277
DRB1*13:01	0.0	0.0	0.27640942	0.1968304
DRB1*13:01	0.0	0.21145475	0.2800108	0.2809111
DQA1*03:01-DQB1*03:02	0.0	0.0	0.55380404	0.4843857
DRB1*11:01	1.0	0.87187403	0.35115075	0.43824026
DQA1*05:01-DQB1*03:02	0.0	0.4173218	0.6959816	0.6344891
DRB1*04:05	0.0	0.38583854	0.27346015	0.27197754
DRB1*04:04	0.0	0.738145	0.32047656	0.47109124
DRB1*13:02	0.0	0.41631356	0.34248337	0.4514467
DRB4*01:01	0.0	0.0	0.27430636	0.12943262
DQA1*06:01-DQB1*04:02	0.0	0.19102801	0.28156102	0.30658638
DQA1*02:01-DQB1*03:03	0.0	0.44671214	0.29831663	0.32381785
DRB1*04:01	0.0	0.4440495	0.27405494	0.25110438
DRB1*01:01	1.0	0.85502326	0.3196373	0.22586975
DRB1*03:01	0.0	0.02062367	0.2745577	0.2223734
DRB1*11:01	0.0	0.71020716	0.38845342	0.44983587
DRB3*01:01	0.0	0.49193338	0.2819264	0.14718014
DPA1*01:03-DPB1*04:01	0.0	0.0	0.27370864	0.103378594
DQA1*05:01-DQB1*02:01	0.0	0.0	0.6700921	0.5618556
DQA1*02:01-DQB1*03:03	0.0	0.084686644	0.2758654	0.09969769
DQA1*05:01-DQB1*02:01	0.0	0.13167576	0.27415892	0.21233192
DRB1*13:02	0.0	0.2369688	0.27864343	0.30480087
DQA1*02:01-DQB1*03:01	0.0	0.3813807	0.2801042	0.3086636
DRB1*13:01	0.0	0.43870896	0.36005756	0.34438628
DRB1*04:02	0.0	0.55012625	0.2738138	0.22336648
DRB1*11:01	0.0	0.0	0.27894232	0.17999575
DRB3*02:02	0.0	0.69202656	0.72349626	0.6339268
DRB4*01:01	0.0	0.0	0.27643985	0.09014986
DRB1*11:01	0.0	0.084686644	0.30363232	0.3973201
DRB3*02:02	0.0	0.084686644	0.27368113	0.18339086
DRB5*01:01	1.0	0.93593705	0.40028143	0.36485913
DRB1*13:01	0.0	0.7437481	0.58196115	0.5338296
DRB1*03:01	0.0	0.69887584	0.27386767	0.1964672
DRB1*09:01	0.0	0.0	0.287969	0.3925743
DRB1*08:01	0.0	0.56226474	0.6074751	0.57381177
DRB1*08:02	0.0	0.65906143	0.7205615	0.56431574
DRB1*13:01	0.0	0.34752658	0.27921802	0.28331235
DRB1*03:01	0.0	0.35470632	0.3612586	0.33348256
DRB1*13:01	0.0	0.28084123	0.28120828	0.2653387
DQB1*03:02	0.0	0.13089536	0.32281372	0.36147147
DRB3*03:01	0.0	0.3260179	0.3986116	0.4012734
DQA1*02:01-DQB1*03:01	0.0	0.77837855	0.72476184	0.6363109
DQA1*05:01-DQB1*04:02	0.0	0.46487257	0.2737821	0.17564401
DRB1*15:01	0.0	0.3544492	0.41100794	0.40081242
DRB3*02:02	0.0	0.36193264	0.31818426	0.41465324
DQA1*03:03-DQB1*04:02	0.0	0.2914189	0.39100245	0.28529197
DRB3*01:01	0.0	0.4570193	0.27363667	0.299272
DRB1*09:01	0.0	0.26887682	0.27379024	0.32085773
DRB1*13:02	0.0	0.0	0.27836612	0.14022203
DRB1*04:04	0.0	0.25631106	0.27398497	0.1886397
DQA1*05:01-DQB1*04:02	0.0	0.34920925	0.28195	0.25347427
DRB1*04:01	0.0	0.4766103	0.7225696	0.6172293
DRB5*01:01	0.0	0.5375186	0.35085467	0.34963316
DQA1*02:01-DQB1*03:01	0.0	0.6185565	0.27767572	0.29509735
DRB1*08:01	0.0	0.4969936	0.28164303	0.28657895
DRB1*11:01	0.0	0.738145	0.29801315	0.4047288
DRB5*01:01	0.0	0.6614014	0.37337714	0.36901683
DRB1*01:01	0.0	0.33396256	0.2785202	0.2661723
DRB4*01:01	1.0	1.0	0.71126926	0.6311352
DRB1*03:01	0.0	0.640305	0.2832923	0.27254564
DQA1*02:01-DQB1*03:03	0.0	0.084686644	0.27571893	0.13797751
DRB1*14:54	0.0	0.52587765	0.29738736	0.34757793
DRB1*03:01	0.0	0.084686644	0.28207967	0.28338292
DRB1*13:01	0.0	0.039976634	0.31440362	0.4537015
DRB1*04:01	0.0	0.7062737	0.7243348	0.60930556
DRB1*08:02	0.0	0.64221066	0.27433956	0.2959963
DRB1*11:01	1.0	0.83439964	0.35926774	0.43647635
DRB1*13:02	0.0	0.17764652	0.30675325	0.3214145
DRB5*01:01	1.0	0.8984626	0.443766	0.3593155
DRB1*03:01	0.0	0.0	0.27388042	0.22709054
DQA1*02:01-DQB1*03:03	0.0	0.34417388	0.28022823	0.24505289
DRB5*01:01	0.0	0.7969252	0.70538735	0.6379992
DRB5*01:01	1.0	0.8984626	0.7120958	0.66792536
DRB1*11:01	0.0	0.084686644	0.4495674	0.39737695
DRB1*04:04	0.0	0.084686644	0.44005638	0.38005352
DRB1*04:01	0.0	0.41400284	0.36079866	0.38496006
DRB1*03:01	0.0	0.467452	0.72435	0.61223525
DRB3*01:01	0.0	0.17269002	0.2733604	0.20236532
DRB3*01:01	0.0	0.34532967	0.29195464	0.3321963
DRB1*09:01	0.0	0.43598118	0.3249336	0.35928312
DRB4*01:01	0.0	0.16937329	0.27385703	0.1606647
DPA1*01:03-DPB1*04:01	0.0	0.0	0.2778724	0.16063297
DRB5*01:01	0.0	0.0	0.35049522	0.33230454
DQA1*05:01-DQB1*02:01	0.0	0.0	0.27392095	0.13146852
DRB1*11:01	1.0	0.86098814	0.42776358	0.4770439
DRB4*01:03	0.0	0.3551364	0.28504542	0.35763612
DRB1*13:01	1.0	0.8201525	0.49744442	0.54333836
DRB1*14:54	0.0	0.48785794	0.27819958	0.31764713
DQA1*05:01-DQB1*04:02	0.0	0.5707499	0.30651724	0.44531697
DRB5*01:01	0.0	0.47888446	0.34198138	0.33300918
DPA1*03:01-DPB1*04:02	0.0	0.0	0.2757242	0.095283136
DRB1*08:02	0.0	0.0	0.72423923	0.590433
DRB1*13:02	0.0	0.0	0.28733647	0.119209014
DRB4*01:03	0.0	0.084686644	0.2801609	0.39673328
DPA1*02:01-DPB1*14:01	0.0	0.055945646	0.28896555	0.25864568
DRB1*14:54	0.0	0.6366076	0.72403866	0.6513858
DPA1*02:01-DPB1*05:01	0.0	0.30151314	0.30933473	0.38966793
DRB1*04:05	0.0	0.0	0.27411124	0.1441381
DRB3*01:01	0.0	0.22987804	0.39208513	0.2748341
DRB1*08:01	0.0	0.5841126	0.2967629	0.4325319
DRB1*04:05	0.0	0.3298065	0.2859659	0.31619218
DRB1*09:01	0.0	0.64221066	0.4274485	0.45467243
DRB3*01:01	0.0	0.7871874	0.27356815	0.19025917
DRB5*01:01	0.0	0.0	0.3489876	0.3104883
DRB1*11:01	0.0	0.3086432	0.2754851	0.22910148
DRB1*13:02	0.0	0.7560895	0.7237208	0.63707966
DRB4*01:01	0.0	0.0	0.27613866	0.07608626
DRB1*04:01	0.0	0.1916581	0.31118292	0.4636884
DQA1*02:01-DQB1*03:01	0.0	0.7703366	0.28239542	0.29821026
DQA1*03:03-DQB1*04:02	0.0	0.30677605	0.27485508	0.15037821
DRB1*04:04	0.0	0.69202656	0.49522883	0.31777596
DRB1*03:01	0.0	0.0	0.2746884	0.18591006
DRB1*08:01	0.0	0.5426191	0.27329862	0.22913158
DRB1*11:01	0.0	0.7560895	0.41101423	0.34054273
DRB4*01:01	0.0	0.48858568	0.2786765	0.20783465
DQA1*05:01-DQB1*04:02	0.0	0.62472034	0.2783659	0.28403834
DRB1*01:01	0.0	0.15906426	0.28007188	0.24152038
DQA1*06:01-DQB1*04:02	0.0	0.084686644	0.27361408	0.20297313
DRB1*13:01	0.0	0.29680866	0.40492338	0.33131564
DRB1*07:01	0.0	0.53939843	0.27610946	0.28782618
DQA1*05:01-DQB1*02:01	0.0	0.51801825	0.27399	0.19217563
DRB5*01:01	0.0	0.5689894	0.35081628	0.33089268
DRB1*11:01	0.0	0.7703366	0.32615706	0.34396517
DRB3*03:01	0.0	0.41531616	0.33786055	0.41436908
DRB1*04:01	0.0	0.3113314	0.2790405	0.38498
DQA1*06:01-DQB1*04:02	0.0	0.084686644	0.27401975	0.12145097
DRB4*01:03	0.0	0.084686644	0.276107	0.33512586
DQA1*02:01-DQB1*03:01	0.0	0.38207042	0.281453	0.27803844
DRB3*01:01	0.0	0.2929019	0.27355954	0.21355326
DRB1*03:01	1.0	0.87187403	0.7243314	0.6051107
DRB5*01:01	0.0	0.41564742	0.3604711	0.3942725
DQA1*05:01-DQB1*04:02	0.0	0.21428454	0.2739113	0.24887073
DRB3*03:01	0.0	0.6348129	0.7152317	0.6715318
DRB1*03:01	0.0	0.71020716	0.72405	0.6441916
DRB1*11:01	0.0	0.084686644	0.27557355	0.23873039
DPA1*01:03-DPB1*04:01	0.0	0.6231404	0.41204783	0.3935552
DRB1*08:01	0.0	0.6768411	0.6647694	0.6327662
DPA1*02:01-DPB1*05:01	0.0	0.0	0.27417606	0.20891237
DRB3*02:02	0.0	0.084686644	0.2738052	0.1836699
DPA1*02:01-DPB1*01:01	0.0	0.0	0.27660623	0.15476711
DRB4*01:03	0.0	0.65906143	0.30217972	0.44823116
DRB3*02:02	0.0	0.0	0.27378872	0.20808333
DRB1*11:01	0.0	0.08228283	0.27640924	0.22383825
DRB1*13:02	0.0	0.0	0.27910358	0.15959278
DPA1*01:03-DPB1*04:01	0.0	0.36009514	0.44368103	0.35289767
DRB1*01:01	0.0	0.5743748	0.27783254	0.25662622
DRB5*01:01	0.0	0.7560895	0.41894287	0.44508278
DQA1*05:01-DQB1*03:02	0.0	0.39400068	0.3034026	0.44166303
DQA1*02:01-DQB1*03:01	0.0	0.6366076	0.2799577	0.31415004
DRB1*04:04	0.0	0.05938829	0.27541545	0.23201428
DRB1*01:01	1.0	0.8201525	0.29307437	0.22384238
DRB1*07:01	0.0	0.63132477	0.2818781	0.33357117
DRB3*01:01	0.0	0.19590023	0.27344865	0.22308299
DQA1*01:02-DQB1*05:01	0.0	0.557524	0.27454403	0.24781683
DRB1*15:01	0.0	0.5949985	0.42012984	0.37597048
DRB1*08:02	0.0	0.7703366	0.39125028	0.46585625
DPA1*01:03-DPB1*04:01	0.0	0.0	0.3092522	0.2778889
DQA1*02:01-DQB1*03:03	0.0	0.29777694	0.275075	0.22042939
DQA1*05:01-DQB1*03:03	0.0	0.2108737	0.34343457	0.325144
DRB1*11:04	0.0	0.19874522	0.27536562	0.17706615
DRB1*11:01	0.0	0.34027547	0.3014821	0.3337667
DQA1*01:02-DQB1*05:01	0.0	0.4293981	0.27724722	0.2541713
DPB1*04:01	0.0	0.084686644	0.27358064	0.16423127
DQA1*05:01-DQB1*04:02	0.0	0.7062737	0.72027326	0.6230077
DRB1*04:03	0.0	0.3345127	0.30532956	0.3847285
DRB1*04:01	0.0	0.0	0.27553546	0.14835277
DRB1*09:01	0.0	0.53814095	0.2746066	0.31112054
DRB1*12:01	0.0	0.0	0.27861413	0.1561801
DRB1*04:04	0.0	0.17533816	0.27607706	0.26965368
DRB3*01:01	0.0	0.6127781	0.69629294	0.6094061
DQA1*02:01-DQB1*03:01	0.0	0.74971294	0.2777641	0.22772971
DRB3*01:01	0.0	0.27832875	0.27334288	0.18262872
DQA1*03:03-DQB1*04:02	0.0	0.5459561	0.682042	0.6010548
DQA1*05:01-DQB1*03:03	0.0	0.2055286	0.2780944	0.25081345
DRB1*11:01	0.0	0.012280174	0.2779613	0.2802908
DQA1*05:01-DQB1*03:03	0.0	0.38103774	0.2743717	0.2056538
DRB1*14:54	0.0	0.55907744	0.37177375	0.5161938
DRB1*11:01	0.0	0.0	0.2760309	0.22879626
DRB3*02:02	0.0	0.36305293	0.36682406	0.37689656
DRB1*01:01	0.0	0.0	0.28077042	0.1929424
DQA1*01:03-DQB1*06:03	0.0	0.1566471	0.27354115	0.19040862
DRB1*04:01	0.0	0.17911106	0.27497503	0.33452415
DRB1*04:04	0.0	0.27461144	0.27378184	0.19965222
DQA1*02:01-DQB1*03:01	0.0	0.7328622	0.36091366	0.45042634
DRB1*03:01	0.0	0.02062367	0.27387393	0.14911908
DRB3*02:02	0.0	0.084686644	0.36370996	0.34536216
DRB1*03:01	0.0	0.598531	0.27389652	0.2591104
DQA1*01:02-DQB1*05:01	0.0	0.37464598	0.72057474	0.6137218
DQA1*01:01-DQB1*05:01	0.0	0.0	0.38686225	0.17759965
DRB3*01:01	0.0	0.2709685	0.33080128	0.3538117
DRB1*09:01	0.0	0.5117087	0.3432138	0.43606558
DQA1*01:02-DQB1*05:01	0.0	0.51505256	0.27854124	0.33314615
DQA1*02:01-DQB1*03:01	0.0	0.084686644	0.2757588	0.22266623
DRB1*07:01	0.0	0.549418	0.45266092	0.407135
DRB1*04:01	0.0	0.39954638	0.6014399	0.5649578
DRB1*08:02	1.0	0.81015104	0.38473183	0.33533353
DRB3*01:01	0.0	0.0	0.27357563	0.10242199
DRB1*01:01	1.0	0.9542785	0.5132797	0.51172554
DRB1*04:02	0.0	0.69887584	0.2745389	0.24570143
DQA1*05:01-DQB1*03:01	0.0	0.20273533	0.30372685	0.3961622
DRB1*07:01	0.0	0.2513841	0.27597043	0.31801188
DPB1*04:01	0.0	0.084686644	0.31505188	0.31153297
DRB1*15:02	0.0	0.0	0.27402505	0.08030669
DRB1*13:01	0.0	0.1973274	0.2824909	0.29295227
DRB1*13:02	0.0	0.14874962	0.27390954	0.07832521
DQA1*02:01-DQB1*03:01	0.0	0.6366076	0.36962795	0.43890455
DQA1*02:01-DQB1*03:03	0.0	0.30926153	0.2734545	0.20329925
DQA1*03:03-DQB1*04:02	0.0	0.27806622	0.27368522	0.14695743
DRB5*01:01	0.0	0.5791155	0.33799976	0.30172357
DRB1*15:01	1.0	1.0	0.28572613	0.34024888
DRB1*15:02	0.0	0.47921395	0.31753826	0.2977885
DQA1*05:01-DQB1*04:02	0.0	0.29842812	0.27364826	0.23010655
DRB1*01:01	0.0	0.20738444	0.27975157	0.23123881
DRB3*03:01	0.0	0.65906143	0.3299805	0.4020604
DRB5*01:01	1.0	0.84077615	0.47264054	0.5083006
DQA1*05:01-DQB1*03:03	0.0	0.084686644	0.29233316	0.23894456
DRB1*03:01	0.0	0.264087	0.29756358	0.35364565
DRB1*07:01	0.0	0.6441565	0.72428495	0.6375473
DRB1*08:01	0.0	0.40426508	0.27411878	0.17413855
DRB1*04:01	0.0	0.0	0.62480706	0.46626964
DRB1*11:01	0.0	0.7437481	0.49040207	0.471608
DQA1*05:01-DQB1*04:02	0.0	0.40353444	0.2736972	0.29393515
DRB1*15:01	0.0	0.08979289	0.27621737	0.27414787
DPA1*01:03-DPB1*02:01	0.0	0.49501443	0.27849463	0.32146496
DRB1*15:01	1.0	1.0	0.7208526	0.6133861
DRB1*13:02	1.0	0.9689021	0.72356075	0.6162856
DRB5*01:01	0.0	0.69202656	0.42072412	0.42474172
DRB1*01:01	0.0	0.084686644	0.45871657	0.42660707
DRB1*04:01	0.0	0.0	0.2739535	0.1934941
DRB1*14:54	0.0	0.084686644	0.29404673	0.3883338
DRB1*04:01	1.0	0.98314923	0.72254544	0.6180554
DRB4*01:01	0.0	0.0	0.27602398	0.15311475
DRB1*11:01	0.0	0.42217818	0.27864996	0.3050273
DRB1*11:01	1.0	0.93593705	0.72379655	0.6298807
DQA1*02:01-DQB1*03:03	0.0	0.084686644	0.27380493	0.15109825
DQA1*02:01-DQB1*03:03	0.0	0.37911808	0.33456817	0.35033995
DRB1*01:01	0.0	0.090847455	0.4507698	0.31178772
DRB1*12:01	0.0	0.0	0.29245248	0.16508724
DQA1*05:01-DQB1*03:03	0.0	0.3978885	0.29262927	0.33013967
DQA1*01:02-DQB1*05:01	0.0	0.51505256	0.7229639	0.6225963
DRB1*04:05	0.0	0.5387676	0.5054059	0.4083172
DRB3*01:01	0.0	0.2335056	0.45090526	0.34901935
DQA1*01:01-DQB1*05:01	0.0	0.0	0.32163128	0.34250447
DQA1*05:01-DQB1*02:01	0.0	0.36119327	0.28282383	0.2557485
DRB1*01:01	0.0	0.0	0.27838525	0.32229447
DRB1*13:01	0.0	0.084686644	0.28471455	0.27086526
DRB1*04:04	0.0	0.640305	0.4687803	0.45618224
DQA1*05:01-DQB1*03:02	0.0	0.084686644	0.27665162	0.14822787
DRB1*13:01	0.0	0.39479175	0.29872644	0.33206993
DRB1*09:01	0.0	0.33389404	0.27419966	0.19719656
DRB1*04:04	0.0	0.2584668	0.2753501	0.27943724
DQA1*05:01-DQB1*04:02	0.0	0.084686644	0.72013867	0.64232695
DQA1*05:01-DQB1*04:02	0.0	0.640305	0.37161264	0.33929726
DRB1*15:01	0.0	0.3587406	0.3628327	0.47961718
DRB1*11:01	0.0	0.26965994	0.28905997	0.4186752
DQA1*02:01-DQB1*03:01	0.0	0.4750195	0.28594515	0.32250035
DRB1*15:01	0.0	0.0	0.28424698	0.23870173
DQA1*05:05-DQB1*03:01	0.0	0.0	0.27365464	0.18886787
DQA1*01:03-DQB1*06:03	0.0	0.3155032	0.27350542	0.13727407
DRB1*13:02	0.0	0.0	0.27481183	0.15861447
DRB4*01:01	0.0	0.403826	0.27472067	0.2909629
DQA1*06:01-DQB1*04:02	0.0	0.42920575	0.28856662	0.26304764
DQA1*06:01-DQB1*04:02	0.0	0.36797178	0.27435496	0.1953126
DRB3*03:01	0.0	0.598531	0.3365866	0.41108763
DQA1*05:01-DQB1*03:02	0.0	0.084686644	0.27350518	0.23552008
DQA1*05:01-DQB1*04:02	0.0	0.5253324	0.30115995	0.46498582
DQA1*02:01-DQB1*03:01	0.0	0.5165235	0.2836658	0.32964462
DQA1*05:01-DQB1*04:02	0.0	0.7629388	0.438338	0.4273893
DRB1*09:01	0.0	0.6073399	0.7216127	0.63504994
DQA1*01:03-DQB1*06:03	0.0	0.084686644	0.27385494	0.1882563
DRB1*04:04	0.0	0.31138507	0.27637103	0.29249215
DQA1*01:04-DQB1*05:03	0.0	0.0	0.2790297	0.24272975
DQA1*05:01-DQB1*04:02	0.0	0.31388906	0.273601	0.27614254
DRB1*11:01	0.0	0.084686644	0.27723777	0.34500226
DRB1*09:01	0.0	0.33192822	0.2736559	0.22625187
DRB1*03:01	0.0	0.71861506	0.273949	0.18091136
DRB1*03:01	0.0	0.0	0.27420574	0.18233831
DRB3*02:02	0.0	0.0	0.27394968	0.1560536
DRB1*01:01	0.0	0.0	0.2779119	0.21542402
DQA1*01:02-DQB1*05:01	0.0	0.7437481	0.7224577	0.6399638
DRB1*04:01	0.0	0.084686644	0.27420443	0.20770451
DRB1*11:01	1.0	0.87187403	0.7239885	0.61945343
DPB1*04:02	0.0	0.3792299	0.2738487	0.26421088
DRB1*03:01	0.0	0.17253448	0.2739351	0.22249645
DRB1*07:01	0.0	0.37306246	0.27788708	0.3449567
DRB1*09:01	0.0	0.6060289	0.28255722	0.33678007
DQA1*05:01-DQB1*03:02	0.0	0.3553954	0.27594212	0.2455006
DRB1*07:01	0.0	0.5753037	0.27878854	0.31286097
DRB1*04:01	0.0	0.073390886	0.38821393	0.36149538
DRB3*01:01	0.0	0.084686644	0.27326337	0.20850511
DRB1*15:01	0.0	0.27931038	0.27492818	0.24998015
DRB1*04:04	0.0	0.20333397	0.27468267	0.2646422
DRB1*07:01	0.0	0.62796354	0.28903386	0.45394236
DRB1*03:01	0.0	0.2476988	0.27388442	0.17883116
DRB4*01:01	0.0	0.5027719	0.39919657	0.34080264
DQA1*01:03-DQB1*06:03	0.0	0.084686644	0.2735982	0.1873548
DPA1*01:03-DPB1*04:01	0.0	0.0	0.2743253	0.10623733
DRB1*13:02	1.0	0.8113436	0.2811068	0.22705565
DRB3*03:01	0.0	0.5552419	0.3234263	0.3856333
DRB1*04:04	0.0	0.3701772	0.27435565	0.25123337
DRB1*04:01	0.0	0.43618816	0.3426382	0.37453482
DRB1*13:02	0.0	0.71861506	0.2773328	0.27432063
DRB1*13:01	0.0	0.37593263	0.28492987	0.2676099
DRB4*01:01	0.0	0.0	0.27739164	0.18075915
DRB1*04:05	0.0	0.0	0.27338898	0.18484835
DRB1*01:01	0.0	0.0	0.27936614	0.26562756
DRB1*04:01	0.0	0.10559959	0.27484128	0.27805054
DQA1*02:01-DQB1*04:02	0.0	0.084686644	0.27333397	0.15898842
DRB1*04:01	0.0	0.0	0.2742766	0.16692057
DRB1*14:54	0.0	0.7969252	0.33234486	0.50762504
DRB1*07:01	0.0	0.54527897	0.27833802	0.27107185
DRB3*03:01	0.0	0.20071875	0.3357003	0.3672991
DRB1*08:02	0.0	0.16922322	0.2740114	0.11540982
DRB1*07:01	0.0	0.4893192	0.2759387	0.29025364
DQA1*05:01-DQB1*03:02	0.0	0.084686644	0.27435863	0.18033794
DRB1*13:02	0.0	0.02062367	0.27668938	0.17692345
DRB1*08:02	0.0	0.11674344	0.27413446	0.19538441
DQA1*05:01-DQB1*03:02	0.0	0.1580162	0.47878397	0.23617351
DQA1*01:03-DQB1*06:03	0.0	0.084686644	0.27377588	0.13417247
DRB1*07:01	0.0	0.44858882	0.29634303	0.37014967
DRB1*09:01	0.0	0.084686644	0.27442226	0.2510556
DRB1*11:01	0.0	0.58618957	0.27967763	0.3634631
DRB1*04:04	0.0	0.14874962	0.27393308	0.1344321
DRB1*01:01	0.0	0.33072877	0.2785821	0.25127602
DRB4*01:01	0.0	0.44335848	0.7110957	0.5787037
DRB5*01:01	0.0	0.610019	0.7145233	0.63854235
DPA1*03:01-DPB1*04:02	0.0	0.0	0.2737265	0.12771605
DRB1*01:01	0.0	0.27950034	0.38645703	0.4866293
DQA1*01:02-DQB1*05:01	0.0	0.6567793	0.347733	0.42384198
DRB3*02:02	0.0	0.033760704	0.2755814	0.27753574
DRB1*09:01	0.0	0.2736782	0.27408236	0.34559342
DRB1*04:01	0.0	0.24577768	0.2906709	0.41296434
DRB1*14:54	0.0	0.7703366	0.6517947	0.6315147
DRB1*13:01	0.0	0.42415813	0.28020033	0.23554534
DRB1*04:05	0.0	0.12844443	0.2742718	0.18808323
DPA1*03:01-DPB1*04:02	0.0	0.0	0.27594805	0.12811668
DRB1*04:01	0.0	0.09702806	0.60495627	0.4247135
DPA1*02:01-DPB1*01:01	0.0	0.0	0.273394	0.07253726
DRB1*04:01	0.0	0.16937329	0.59662014	0.5514359
DRB1*14:54	0.0	0.38183996	0.27815917	0.2999769
DRB3*01:01	0.0	0.084686644	0.2760541	0.07304886
DQA1*01:02-DQB1*06:02	0.0	0.0	0.27385482	0.12647799
DRB1*11:01	0.0	0.0	0.2748217	0.18032673
DQA1*01:03-DQB1*06:03	0.0	0.084686644	0.27394	0.15955898
DRB3*01:01	0.0	0.20515352	0.27468148	0.14005813
DRB1*04:05	0.0	0.36119327	0.2791084	0.23502149
DRB5*01:01	0.0	0.4864194	0.3533094	0.33376312
DQA1*05:01-DQB1*02:01	0.0	0.056230515	0.2740989	0.25127298
DPA1*01:03-DPB1*03:01	0.0	0.38288167	0.36722982	0.4500673
DRB1*15:01	0.0	0.29476732	0.27542558	0.25897014
DRB1*13:02	0.0	0.0	0.27925497	0.1379952
DRB1*04:04	0.0	0.02062367	0.27932188	0.2923629
DQA1*06:01-DQB1*04:02	0.0	0.084686644	0.36479205	0.28827646
DRB1*04:04	0.0	0.18118808	0.27465263	0.17672339
DPB1*03:01	0.0	0.29749924	0.27452973	0.24553421
DRB1*15:01	0.0	0.37778664	0.28169265	0.28646615
DRB1*07:01	0.0	0.44624886	0.2765188	0.3117906
DQA1*02:01-DQB1*03:03	0.0	0.084686644	0.35405403	0.4171033
DQA1*03:03-DQB1*04:02	0.0	0.38161004	0.2740295	0.28938088
DRB1*07:01	0.0	0.0	0.27824926	0.30234343
DQA1*01:02-DQB1*05:01	0.0	0.36027727	0.27539426	0.265747
DRB1*08:02	0.0	0.3959912	0.29412258	0.35702574
DPA1*03:01-DPB1*04:02	0.0	0.0	0.27558863	0.14403701
DRB1*07:01	0.0	0.43743998	0.29431826	0.35882235
DQA1*01:03-DQB1*06:03	0.0	0.084686644	0.27379712	0.16216418
DRB1*15:01	0.0	0.46236318	0.28865558	0.38972858
DRB1*13:02	0.0	0.0	0.72374576	0.5711685
DRB1*15:01	0.0	0.40295407	0.27507234	0.25377113
DQA1*01:02-DQB1*05:01	0.0	0.55599636	0.27915022	0.30077788
DRB5*01:01	1.0	0.8391403	0.40024382	0.35985202
DRB1*13:01	0.0	0.7871874	0.34139505	0.353029
DRB1*01:01	0.0	0.7437481	0.27784267	0.26630688
DRB3*02:02	1.0	0.83439964	0.27408418	0.26312327
DRB5*01:01	0.0	0.39585716	0.70461243	0.62961674
DQA1*05:01-DQB1*03:02	0.0	0.33020064	0.27440333	0.17989087
DRB1*09:01	0.0	0.56812155	0.274547	0.33894482
DRB1*13:01	0.0	0.30199704	0.28038713	0.27655533
DRB1*13:02	1.0	1.0	0.27729687	0.20812601
DRB1*11:01	0.0	0.084686644	0.27455932	0.16561675
DRB1*09:01	0.0	0.35258543	0.27469808	0.33950514
DRB1*13:02	0.0	0.6714029	0.7238071	0.6065696
DRB1*08:02	0.0	0.0	0.27415034	0.18021017
DPA1*02:01-DPB1*05:01	0.0	0.0	0.27436498	0.22236785
DRB1*04:04	0.0	0.13812698	0.27392846	0.17681393
DRB1*04:05	0.0	0.29458803	0.27344283	0.10898618
DRB1*11:01	0.0	0.7871874	0.480168	0.4506095
DQA1*01:03-DQB1*06:03	0.0	0.084686644	0.27349716	0.18153685
DRB3*02:02	0.0	0.084686644	0.5226942	0.4568711
DRB3*01:01	0.0	0.29749924	0.27378988	0.21904494
DRB1*07:01	0.0	0.7629388	0.33279443	0.51869565
DRB1*13:02	0.0	0.4343417	0.3665279	0.40607542
DRB1*07:01	0.0	0.7629388	0.36872995	0.4571657
DRB1*11:01	1.0	1.0	0.7235752	0.615238
DRB1*13:02	1.0	0.89543205	0.7229767	0.6366313
DRB1*15:01	0.0	0.32408777	0.27682883	0.28571227
DRB1*13:02	0.0	0.2081801	0.4527845	0.475902
DRB1*07:01	0.0	0.63132477	0.28348592	0.35222042
DRB4*01:01	0.0	0.4286311	0.27499524	0.1917644
DRB1*03:01	0.0	0.0	0.27546278	0.19128442
DQA1*01:01-DQB1*05:01	0.0	0.0	0.2738527	0.14186224
DRB1*13:01	0.0	0.0	0.278871	0.21636057
DQA1*01:03-DQB1*06:03	0.0	0.18792637	0.27341604	0.20892236
DRB1*07:01	1.0	0.8255907	0.3015062	0.47924903
DRB1*09:01	0.0	0.36437735	0.27394786	0.31794238
DRB1*07:01	0.0	0.084686644	0.27749056	0.29665107
DRB3*03:01	0.0	0.49580103	0.45006502	0.4540379
DRB1*03:02	0.0	0.052603777	0.3251682	0.34469804
DRB3*03:01	0.0	0.53446805	0.43102753	0.50203294
DRB1*03:01	1.0	0.85125035	0.72468996	0.63409245
DPA1*02:01-DPB1*05:01	0.0	0.0	0.27503866	0.20443203
DRB1*04:04	0.0	0.084686644	0.27398267	0.23913157
DRB1*04:01	0.0	0.43743998	0.27419433	0.24757588
DRB1*13:01	0.0	0.21227808	0.27940065	0.24246195
DRB1*01:01	0.0	0.42470554	0.30117708	0.3981945
DRB1*15:01	0.0	0.0	0.2754819	0.18920955
DRB1*11:01	0.0	0.0515678	0.27676517	0.21870537
DPA1*01:03-DPB1*04:01	0.0	0.0	0.2757443	0.13468619
DRB3*01:01	0.0	0.084686644	0.27593097	0.23318288
DRB3*01:01	0.0	0.29749924	0.27575153	0.083479755
DRB1*04:01	0.0	0.0	0.28690526	0.21542437
DRB1*01:01	0.0	0.0	0.27755433	0.17112608
DRB1*08:01	0.0	0.19092585	0.2736952	0.16616353
DRB5*01:01	0.0	0.0	0.3338191	0.23877367
DRB1*12:02	0.0	0.48189306	0.27337202	0.19024402
DPB1*02:01	0.0	0.29749924	0.27438715	0.25048
DQA1*01:01-DQB1*05:01	0.0	0.0	0.27585888	0.13884272
DRB5*01:01	0.0	0.084686644	0.34814903	0.33327532
DRB5*01:01	0.0	0.084686644	0.33687606	0.1852364
DQA1*02:01-DQB1*03:01	0.0	0.51408476	0.5260425	0.49542412
DRB1*03:01	0.0	0.18244375	0.37241948	0.4229426
DQA1*02:01-DQB1*03:01	0.0	0.084686644	0.27561903	0.14614294
DRB3*03:01	0.0	0.18074279	0.3508326	0.34493238
DRB1*03:01	0.0	0.0	0.2738677	0.24670431
DQA1*05:01-DQB1*03:02	0.0	0.24729526	0.6530052	0.60330564
DQA1*01:01-DQB1*05:01	0.0	0.0	0.2734214	0.095842525
DQA1*02:01-DQB1*03:01	0.0	0.084686644	0.28253156	0.37828583
DQA1*01:02-DQB1*05:01	0.0	0.33918083	0.27453256	0.17665026
DRB5*01:01	0.0	0.02062367	0.36729598	0.22923455
DRB1*04:01	0.0	0.084686644	0.27516535	0.10814732
DQA1*03:01-DQB1*03:02	0.0	0.084686644	0.27499047	0.18872514
DRB3*01:01	0.0	0.36174724	0.3380641	0.36764708
DQA1*06:01-DQB1*04:02	0.0	0.084686644	0.27339095	0.21940485
DRB4*01:03	1.0	0.8078111	0.39053023	0.47742012
DQA1*01:02-DQB1*05:01	0.0	0.084686644	0.2768461	0.25038192
DRB3*02:02	0.0	0.65237737	0.30220142	0.37884206
DRB3*01:01	0.0	0.15952006	0.2739059	0.17590061
DQA1*05:01-DQB1*04:02	0.0	0.37701872	0.2902003	0.4529756
DRB3*01:01	0.0	0.26344538	0.3059024	0.31459653
DRB1*07:01	0.0	0.41270792	0.3750999	0.44056827
DQA1*05:01-DQB1*04:02	0.0	0.65906143	0.36733627	0.43720698
DRB1*01:01	0.0	0.71020716	0.32672447	0.45691204
DRB1*04:05	0.0	0.0	0.2734404	0.17495647
DRB1*03:01	0.0	0.7328622	0.27676633	0.2617125
DRB1*13:02	0.0	0.0	0.30258414	0.23599285
DPA1*02:01-DPB1*05:01	0.0	0.0	0.27508163	0.19576722
DRB1*09:01	0.0	0.70250076	0.6536563	0.6220513
DRB1*13:01	0.0	0.3920521	0.2885456	0.3543951
DRB4*01:01	0.0	0.25542748	0.27427158	0.18836808
DRB1*03:01	0.0	0.0	0.27458295	0.15356177
DRB1*11:01	0.0	0.28614625	0.29738724	0.32358795
DRB1*07:01	0.0	0.084686644	0.27653593	0.19913338
DQA1*03:03-DQB1*04:02	0.0	0.24004416	0.27338257	0.21912043
DRB1*09:01	0.0	0.19613142	0.30047157	0.3952416
DRB1*11:01	0.0	0.70250076	0.47120637	0.4380715
DRB1*13:01	0.0	0.63132477	0.2794683	0.34047255
DRB1*13:01	0.0	0.0	0.28456268	0.25658882
DQA1*05:01-DQB1*04:02	0.0	0.37889484	0.2737455	0.2291599
DRB1*08:01	0.0	0.47628996	0.27479526	0.21048725
DRB1*01:01	0.0	0.77837855	0.2866639	0.356825
DRB1*01:01	0.0	0.15913662	0.2888437	0.25056767
DRB3*01:01	0.0	0.15086235	0.27424622	0.18146917
DRB1*11:01	0.0	0.45246053	0.3164817	0.3692624
DRB3*03:01	0.0	0.44262394	0.32814747	0.38826162
DRB1*15:01	0.0	0.0	0.27445745	0.18599534
DQA1*05:01-DQB1*03:03	0.0	0.22439662	0.27408072	0.1741945
DRB1*04:04	0.0	0.43556857	0.27458033	0.24447256
DRB1*04:04	0.0	0.5820812	0.27488524	0.24160288
DRB1*15:01	0.0	0.30356273	0.27592283	0.19544722
DRB1*04:01	0.0	0.0037729049	0.27383465	0.21788007
DRB1*08:02	0.0	0.31290114	0.30224434	0.41128048
DRB1*14:54	0.0	0.69202656	0.37736276	0.46463874
DRB1*14:54	0.0	0.6687992	0.3519574	0.51354194
DRB1*03:01	0.0	0.43293062	0.27413085	0.23711766
DQA1*02:01-DQB1*04:02	0.0	0.6231404	0.27480137	0.24379446
DPA1*03:01-DPB1*04:02	0.0	0.0	0.27415055	0.1496701
DRB1*04:01	0.0	0.075894564	0.27582243	0.26375782
DRB1*01:01	0.0	0.40226242	0.30588388	0.32670018
DRB1*01:01	0.0	0.28279117	0.2820741	0.28580368
DRB5*01:01	0.0	0.71431553	0.46056715	0.4194386
DRB3*02:02	0.0	0.22711827	0.27465665	0.21123889
DRB1*04:01	0.0	0.0	0.27562872	0.2938648
DRB3*02:02	0.0	0.31026414	0.27536544	0.27245122
DRB1*03:01	0.0	0.62158704	0.2744992	0.1953026
DRB1*08:01	0.0	0.084686644	0.27635354	0.141096
DQA1*05:01-DQB1*02:01	0.0	0.65906143	0.27378756	0.15010962
DQA1*05:01-DQB1*03:02	0.0	0.22316858	0.2744639	0.12943494
DQA1*05:01-DQB1*04:02	0.0	0.6384378	0.35039523	0.39787567
DRB1*04:01	0.0	0.30376035	0.27381462	0.23556189
DQA1*02:01-DQB1*04:02	0.0	0.5487152	0.29301298	0.40838253
DRB1*04:01	0.0	0.5820812	0.72319615	0.6221985
DRB1*03:01	0.0	0.77837855	0.42437574	0.39128798
DRB1*03:01	0.0	0.17783624	0.2747314	0.19951281
DRB1*09:01	0.0	0.4822335	0.2747813	0.33938846
DRB1*14:54	0.0	0.2885644	0.27797958	0.3702202
DQA1*03:03-DQB1*04:02	0.0	0.084686644	0.2731808	0.26652816
DRB1*13:02	0.0	0.0	0.27515823	0.19772235
DRB3*01:01	0.0	0.0	0.27354643	0.14634196
DRB1*04:01	1.0	0.89543205	0.7223978	0.58704066
DPB1*04:01	0.0	0.24379225	0.3631295	0.35262716
DQA1*02:01-DQB1*04:02	0.0	0.6796851	0.3897012	0.43154842
DRB3*02:02	0.0	0.6953878	0.3603195	0.417841
DRB1*09:01	0.0	0.5949985	0.27397668	0.31594098
DQA1*02:01-DQB1*03:01	0.0	0.31600997	0.27820784	0.3391782
DRB1*04:04	0.0	0.37723747	0.27523187	0.25828388
DQA1*05:01-DQB1*02:01	0.0	0.33632362	0.2740657	0.16504456
DQA1*03:03-DQB1*04:02	0.0	0.29198313	0.2750217	0.2817273
DRB1*13:02	0.0	0.11126286	0.38361937	0.3045523
DRB1*04:01	0.0	0.63132477	0.7065649	0.52407295
DRB1*09:01	0.0	0.50985086	0.27447537	0.34176552
DQA1*02:01-DQB1*03:03	0.0	0.37358728	0.2752516	0.16680631
DRB5*01:01	0.0	0.084686644	0.3375201	0.32635775
DRB1*04:04	0.0	0.3157281	0.2836088	0.36646438
DRB1*14:54	0.0	0.30801043	0.2802478	0.34317213
DPA1*01:03-DPB1*02:01	0.0	0.0	0.27564067	0.17130828
DRB1*04:01	0.0	0.0	0.28925678	0.19589484
DQA1*01:02-DQB1*05:01	0.0	0.084686644	0.27485916	0.23059452
DPA1*02:01-DPB1*05:01	0.0	0.0	0.72428244	0.61392176
DRB1*15:01	0.0	0.29562372	0.27477124	0.15271008
DRB1*03:01	0.0	0.0	0.277425	0.16161728
DQA1*02:01-DQB1*03:01	0.0	0.084686644	0.27810815	0.33492252
DRB1*03:01	0.0	0.21539934	0.3108194	0.33518273
DRB3*01:01	0.0	0.3806961	0.27751514	0.21892884
DRB1*09:01	0.0	0.6502526	0.37764457	0.47129476
DRB1*03:01	0.0	0.5841126	0.6767973	0.59188825
DRB1*03:01	0.0	0.3376698	0.27515048	0.35839093
DQA1*02:01-DQB1*03:01	0.0	0.29566902	0.27584758	0.1734151
DRB1*10:01	0.0	0.40755025	0.27338636	0.16552064
DRB1*04:04	0.0	0.084686644	0.27637187	0.27697954
DRB4*01:01	0.0	0.2922447	0.27359146	0.21006578
DRB1*04:04	0.0	0.51554024	0.32411677	0.48468548
DRB1*07:01	0.0	0.49269408	0.31957132	0.40994692
DRB1*15:01	0.0	0.29476732	0.38536122	0.47705686
DQA1*02:01-DQB1*03:03	0.0	0.084686644	0.27475238	0.24023122
DRB1*08:01	0.0	0.51953757	0.27375248	0.27091533
DRB1*03:01	0.0	0.23483312	0.274284	0.23816913
DRB3*02:02	0.0	0.0	0.2745137	0.191763
DRB1*13:02	0.0	0.2369688	0.30411762	0.3942991
DRB1*07:01	0.0	0.49860802	0.275934	0.27672273
DRB1*15:01	0.0	0.0	0.27576855	0.26610923
DRB1*13:01	0.0	0.47010547	0.27892673	0.25766173
DRB1*04:04	0.0	0.4417395	0.2753002	0.28003046
DQA1*03:01-DQB1*03:02	0.0	0.084686644	0.27468836	0.2843712
DPA1*03:01-DPB1*04:02	0.0	0.0	0.27448586	0.20498115
DRB4*01:03	0.0	0.5639006	0.4005359	0.51058894
DRB3*03:01	0.0	0.5107751	0.40185857	0.48115194
DRB1*15:01	0.0	0.0	0.27509534	0.2349011
DPA1*01:03-DPB1*04:01	0.0	0.0	0.2754744	0.19143051
DRB1*01:01	1.0	0.95714015	0.29707557	0.3805044
DRB1*01:01	0.0	0.0	0.30721137	0.38708645
DRB1*14:54	0.0	0.58514524	0.3422719	0.5182603
DRB3*02:02	0.0	0.640305	0.4411627	0.39791727
DRB1*11:01	0.0	0.27325067	0.27451262	0.15646592
DRB3*01:01	0.0	0.5242514	0.27398032	0.23291683
DRB1*04:01	0.0	0.0	0.27666432	0.19007629
DQA1*01:03-DQB1*06:03	0.0	0.39347702	0.39949694	0.35011938
DRB1*03:03	0.0	0.0	0.2833596	0.25397173
DRB3*01:01	0.0	0.084686644	0.27354363	0.15693474
DRB3*01:01	0.0	0.674082	0.2864838	0.3173368
DQA1*01:01-DQB1*05:01	0.0	0.0	0.2739261	0.1286301
DRB3*01:01	0.0	0.084686644	0.2751631	0.22872213
DRB3*01:01	0.0	0.3321969	0.2743389	0.12108327
DQA1*05:01-DQB1*04:02	0.0	0.41664842	0.29440287	0.43672052
DQA1*01:01-DQB1*05:01	0.0	0.0	0.27576014	0.23520371
DRB1*04:04	0.0	0.2476988	0.2755119	0.3472735
DRB3*03:01	0.0	0.17350793	0.32899576	0.34390688
DRB1*03:03	0.0	0.14092904	0.2897828	0.3615865
DRB1*12:01	0.0	0.36156222	0.28050613	0.27011156
DRB1*04:01	0.0	0.52978736	0.27490148	0.27550337
DQA1*03:03-DQB1*04:02	0.0	0.084686644	0.2733416	0.19643281
DRB1*15:02	0.0	0.068574354	0.27551347	0.18779172
DRB4*01:03	0.0	0.6567793	0.34337234	0.42705202
DRB4*01:03	0.0	0.22296205	0.27701458	0.33790758
DPB1*04:01	0.0	0.29749924	0.2762161	0.23780918
DRB1*15:01	0.0	0.098933	0.27788693	0.24783254
DRB1*11:01	0.0	0.23817696	0.28872922	0.33925506
DRB3*03:01	0.0	0.4713097	0.68786615	0.6295668
DPA1*02:01-DPB1*05:01	0.0	0.0	0.27516487	0.24023455
DQB1*03:02	0.0	0.0	0.2743255	0.1921922
DRB4*01:01	0.0	0.09903549	0.27529296	0.14240098
DRB1*03:01	0.0	0.42093995	0.30444965	0.35416758
DRB1*01:01	0.0	0.0	0.33984688	0.36362776
DRB1*13:02	0.0	0.0	0.27441818	0.2109197
DRB1*01:01	0.0	0.74971294	0.7236417	0.6400797
DRB3*02:02	0.0	0.31010512	0.2743485	0.18326387
DQA1*02:01-DQB1*04:02	0.0	0.084686644	0.2741797	0.24905685
DRB1*11:01	0.0	0.084686644	0.27671248	0.21649036
DQA1*01:02-DQB1*06:02	0.0	0.48257518	0.2750275	0.16850148
DRB1*04:01	0.0	0.0	0.27647644	0.28060433
DRB1*03:01	0.0	0.4169845	0.3302218	0.2961988
DRB1*11:01	0.0	0.61707765	0.45316264	0.38660905
DQA1*02:01-DQB1*03:03	0.0	0.084686644	0.2754519	0.18151772
DRB1*03:01	0.0	0.23048028	0.27710935	0.25068215
DRB1*14:54	0.0	0.5841126	0.30045715	0.41606787
DRB1*03:03	0.0	0.11899498	0.2791163	0.27435815
DRB1*15:01	0.0	0.18557017	0.27744302	0.38513413
DRB1*11:04	0.0	0.08630426	0.2752582	0.19003928
DRB1*04:01	0.0	0.015894528	0.28978398	0.18730542
DRB1*09:01	0.0	0.17631684	0.27372268	0.2295451
DRB1*15:01	0.0	0.4131914	0.29217404	0.44113305
DRB1*03:01	0.0	0.72312444	0.27414772	0.22460826
DQA1*03:03-DQB1*04:02	0.0	0.32476804	0.2774991	0.25142536
DQA1*01:02-DQB1*06:02	0.0	0.0	0.27458215	0.16178067
DRB1*03:01	0.0	0.26347736	0.28683284	0.28155708
DQA1*02:01-DQB1*03:01	0.0	0.084686644	0.2788194	0.31954604
DRB1*08:02	1.0	0.8328719	0.6097963	0.5531022
DRB1*04:04	0.0	0.2730376	0.27759767	0.36142737
DRB1*07:01	0.0	0.22399937	0.275676	0.26081508
DRB1*07:01	0.0	0.084686644	0.27592075	0.25088447
DQA1*02:01-DQB1*04:02	0.0	0.26945502	0.36630183	0.39745778
DRB1*15:01	0.0	0.0	0.2760843	0.21488151
DRB1*13:01	0.0	0.084686644	0.28947797	0.37021828
DQA1*02:01-DQB1*03:01	0.0	0.32786068	0.34317628	0.39264196
DRB1*03:01	0.0	0.34904766	0.27431455	0.24217679
DRB1*13:01	1.0	1.0	0.7195376	0.6489791
DRB1*13:01	0.0	0.62158704	0.2795874	0.31984738
DRB1*03:01	0.0	0.5338698	0.27374107	0.21213934
DRB1*01:02	0.0	0.68565	0.7225254	0.6476236
DQA1*02:01-DQB1*03:03	0.0	0.49043053	0.27417278	0.2724326
DRB1*03:01	0.0	0.0	0.27439424	0.225991
DRB1*13:01	0.0	0.084686644	0.28086105	0.31202367
DRB1*09:01	0.0	0.4181705	0.27493924	0.28905612
DPA1*01:03-DPB1*02:01	0.0	0.08752561	0.27882367	0.26640823
DQA1*06:01-DQB1*04:02	0.0	0.32570383	0.32535815	0.32211277
DRB1*04:05	0.0	0.40831345	0.27410147	0.2498395
DQA1*05:01-DQB1*04:02	0.0	0.2729667	0.27410313	0.15473008
DQA1*02:01-DQB1*03:03	0.0	0.084686644	0.27485085	0.21121325
DRB1*11:01	0.0	0.28130546	0.31472823	0.41273326
DRB1*04:04	0.0	0.6502526	0.47925624	0.5396983
DRB3*01:01	0.0	0.77837855	0.2735302	0.1960778
DRB1*13:02	0.0	0.362678	0.705503	0.58996654
DRB1*04:05	0.0	0.0	0.27434778	0.15305735
DRB1*07:01	0.0	0.0	0.2779682	0.3117876
DQA1*03:01-DQB1*03:02	0.0	0.6092071	0.27441508	0.051690284
DQA1*06:01-DQB1*04:02	0.0	0.25631106	0.6871879	0.602199
DRB3*02:02	0.0	0.0	0.2750031	0.19199196
DRB1*13:01	0.0	0.12871936	0.2812677	0.27276695
DRB1*04:05	0.0	0.36896774	0.27337122	0.24119394
DQA1*02:01-DQB1*03:03	0.0	0.6366076	0.38452056	0.2853704
DQA1*03:03-DQB1*04:02	0.0	0.084686644	0.5055352	0.43717596
DRB1*01:01	0.0	0.43765026	0.27917457	0.21903725
DRB1*03:01	0.0	0.25622234	0.27391937	0.22722378
DRB1*04:01	0.0	0.5743748	0.27574047	0.22733551
DRB1*07:01	0.0	0.37390363	0.27672005	0.32202303
DRB1*01:01	0.0	0.5647295	0.28131595	0.27333167
DRB1*15:01	0.0	0.11898159	0.2740219	0.18081167
DQA1*02:01-DQB1*03:03	0.0	0.084686644	0.276798	0.23254633
DQB1*05:01	0.0	0.0	0.27923697	0.24715519
DRB3*03:01	0.0	0.66380215	0.41413045	0.5067803
DRB1*03:01	0.0	0.3156156	0.32896525	0.32922304
DRB1*03:01	0.0	0.3240262	0.2742664	0.14992648
DRB1*01:01	0.0	0.3520836	0.27891338	0.30039477
DQA1*05:01-DQB1*03:02	0.0	0.2970383	0.2745247	0.19462773
DQA1*01:01-DQB1*05:01	0.0	0.0	0.2734895	0.13567153
DRB3*01:01	0.0	0.0	0.2732542	0.24949521
DPB1*04:02	0.0	0.0	0.27416193	0.17056558
DRB1*08:01	0.0	0.18940677	0.2745371	0.1682849
DRB1*08:01	0.0	0.6263277	0.27365077	0.1841588
DRB1*04:04	0.0	0.6796851	0.27545136	0.31079552
DRB1*01:01	1.0	1.0	0.72394025	0.6320334
DRB1*03:01	0.0	0.66380215	0.32283077	0.40008622
DRB5*01:01	0.0	0.4460181	0.7235109	0.61707217
DRB1*03:01	0.0	0.02062367	0.3167187	0.35253543
DRB1*03:01	0.0	0.54003364	0.27857366	0.35283846
DRB1*14:54	0.0	0.38704827	0.33128348	0.5024181
DRB5*01:01	0.0	0.44624886	0.40445238	0.3376301
DRB1*14:54	1.0	0.83439964	0.72340155	0.66663176
DQA1*01:02-DQB1*06:02	0.0	0.0	0.27555564	0.13664614
DRB1*04:01	0.0	0.34108654	0.27488825	0.3336558
DRB1*13:01	0.0	0.084686644	0.48349783	0.5222874
DRB1*04:01	0.0	0.5791155	0.7114441	0.49315518
DRB1*07:01	0.0	0.084686644	0.27559215	0.26176375
DRB1*04:04	0.0	0.29463282	0.27585992	0.22655629
DQA1*02:01-DQB1*03:01	0.0	0.22500625	0.28108197	0.27129012
DRB1*07:01	0.0	0.56307906	0.27762896	0.35198992
DRB1*08:01	0.0	0.6060289	0.27360338	0.1923655
DRB1*07:01	1.0	0.96252555	0.27641523	0.3262732
DRB1*09:01	0.0	0.1988882	0.27375832	0.21150623
DQA1*01:02-DQB1*05:01	0.0	0.084686644	0.28676245	0.28592893
DRB1*14:54	0.0	0.6662669	0.34490803	0.48552138
DRB3*02:02	0.0	0.6073399	0.27803653	0.25036344
DRB1*07:01	0.0	0.18630265	0.27595818	0.20007908
DRB1*11:01	0.0	0.5375186	0.27908304	0.2777178
DQA1*03:03-DQB1*04:02	0.0	0.5066869	0.27425143	0.1392073
DPA1*03:01-DPB1*04:02	0.0	0.0	0.2770681	0.18015076
DRB1*04:05	0.0	0.30636823	0.37527895	0.35516056
DQA1*01:02-DQB1*05:01	0.0	0.30074415	0.29537407	0.34768343
DRB1*07:01	0.0	0.70250076	0.7240028	0.6447081
DRB3*02:02	0.0	0.49307677	0.2796275	0.27554166
DRB1*03:01	0.0	0.7969252	0.30333823	0.43973893
DRB1*03:01	0.0	0.0	0.276809	0.069892675
DRB3*02:02	0.0	0.5473253	0.4681693	0.46060267
DRB5*01:01	0.0	0.45598662	0.3425696	0.3324181
DRB4*01:01	0.0	0.0	0.27494574	0.09570321
DRB1*11:01	0.0	0.62472034	0.7234586	0.6364159
DRB1*11:01	0.0	0.02062367	0.27650562	0.13936836
DRB1*01:01	0.0	0.0	0.27718222	0.2203284
DRB1*03:01	0.0	0.45965263	0.2738127	0.23767817
DRB1*07:01	0.0	0.0	0.31636766	0.36916745
DRB1*04:04	0.0	0.598531	0.31602177	0.3967728
DRB4*01:01	0.0	0.3242728	0.27500248	0.12862885
DQA1*06:01-DQB1*04:02	0.0	0.37464598	0.27370042	0.14538024
DQA1*05:01-DQB1*03:02	0.0	0.4815539	0.6373612	0.5696544
DQA1*05:01-DQB1*03:03	0.0	0.314387	0.4452187	0.3870107
DRB1*11:01	0.0	0.1408272	0.27758017	0.24879992
DRB3*02:02	0.0	0.0	0.27377287	0.19082215
DRB1*01:01	0.0	0.28095707	0.27907512	0.23858295
DRB1*07:01	0.0	0.7062737	0.4909477	0.48316765
DRB1*08:02	0.0	0.0	0.27490383	0.098058976
DRB1*04:05	0.0	0.084686644	0.27328867	0.13093142
DRB4*01:03	0.0	0.65237737	0.46416906	0.48709482
DRB3*02:02	0.0	0.54131734	0.2766868	0.2674483
DRB1*03:01	0.0	0.2278984	0.3708028	0.37631541
DRB1*01:01	0.0	0.26759735	0.27938265	0.2780266
DQA1*05:01-DQB1*03:02	0.0	0.32249948	0.27558973	0.157499
DRB3*01:01	0.0	0.29047185	0.27396017	0.20839235
DPA1*01:03-DPB1*04:01	0.0	0.0	0.28461444	0.2214359
DRB1*07:01	0.0	0.48326233	0.72274077	0.6626349
DRB1*09:01	0.0	0.65237737	0.27388543	0.27660418
DRB3*01:01	0.0	0.0	0.27755055	0.26586527
DRB1*04:04	1.0	0.83439964	0.28010178	0.25374913
DRB1*13:01	0.0	0.7629388	0.318561	0.28112572
DRB1*11:01	0.0	0.12578247	0.27809456	0.18324007
DQA1*05:01-DQB1*03:02	0.0	0.084686644	0.27390012	0.19870904
DRB1*14:54	0.0	0.7871874	0.7245698	0.671115
DQA1*05:01-DQB1*04:02	0.0	0.37669155	0.2840709	0.35690096
DQA1*05:01-DQB1*03:02	0.0	0.084686644	0.2760115	0.20847297
DRB4	0.0	0.084686644	0.28165692	0.325437
DRB3	0.0	0.0	0.285765	0.25964713
DPA1*01:03-DPB1*04:01	0.0	0.0	0.27461842	0.15998638
DRB1*03:01	0.0	0.02062367	0.27931362	0.14297333
DRB1*03:01	0.0	0.0	0.2743784	0.11559582
DRB1*14:54	0.0	0.50713235	0.27701703	0.36049154
DRB1*08:02	0.0	0.31399947	0.27391765	0.2571084
DRB5*01:01	0.0	0.4805438	0.3879744	0.31230184
DRB1*04:01	0.0	0.0	0.27392614	0.25265127
DPA1*02:01-DPB1*05:01	0.0	0.0	0.27513033	0.24645087
DRB4*01:01	0.0	0.0	0.27378395	0.15577662
DRB1*03:01	0.0	0.4942345	0.27387854	0.15509713
DRB3*02:02	0.0	0.084686644	0.27711043	0.28025362
DRB1*07:01	0.0	0.35258543	0.48113385	0.48302406
DRB1*11:01	0.0	0.084686644	0.27530202	0.2755955
DRB1*09:01	0.0	0.43598118	0.35823202	0.45016536
DRB1*08:01	0.0	0.19333465	0.27346396	0.13497284
DRB1*09:01	0.0	0.49739456	0.4229809	0.4168231
DRB3*01:01	0.0	0.36669287	0.27709824	0.32377487
DRB1*11:01	0.0	0.6953878	0.3261484	0.32890546
DRB5*01:01	0.0	0.2616722	0.44495332	0.4886064
DRB1*11:01	0.0	0.37027872	0.3183273	0.41402504
DRB1*01:01	0.0	0.51031184	0.28007427	0.23107487
DRB1*01:01	0.0	0.38334846	0.27832878	0.23499128
DRB1*13:01	0.0	0.2382743	0.2774658	0.26992267
DPA1*01:03-DPB1*04:01	0.0	0.0	0.27372077	0.11544629
DRB1*04:04	0.0	0.084686644	0.27517945	0.3316673
DRB1*08:01	0.0	0.25169328	0.36688265	0.23613173
DRB1*07:01	0.0	0.028833749	0.27501372	0.20751043
DRB1*04:01	0.0	0.09809041	0.27399084	0.2499912
DRB1*03:02	0.0	0.0	0.27709165	0.2905319
DRB1*03:01	0.0	0.0	0.29390883	0.2711298
DRB5*01:01	0.0	0.60220397	0.42115223	0.46989062
DRB1*08:01	0.0	0.42182273	0.273511	0.23374951
DRB1*07:01	0.0	0.16953517	0.28026286	0.38247705
DRB1*13:01	0.0	0.19610056	0.27888823	0.29969293
DRB5*01:01	0.0	0.69887584	0.44870037	0.4778723
DRB1*07:01	0.0	0.3202853	0.27609253	0.27400696
DPA1*01:03-DPB1*04:01	0.0	0.0	0.27362707	0.1025464
DQA1*05:01-DQB1*04:02	0.0	0.3014649	0.2737062	0.29234993
DRB4*01:01	0.0	0.084686644	0.2757392	0.08819446
DRB1*15:01	1.0	0.8201525	0.27855298	0.29170537
DRB3*01:01	0.0	0.6200593	0.2978705	0.30007288
DRB1*04:01	0.0	0.0	0.2738207	0.2213555
DRB1*03:03	0.0	0.2365616	0.27923593	0.19291708
DRB1*11:01	0.0	0.56307906	0.27534723	0.2597795
DRB1*07:01	0.0	0.3356229	0.2829243	0.37153643
DRB1*08:02	0.0	0.22735594	0.4171851	0.35347933
DQA1*01:02-DQB1*05:01	0.0	0.084686644	0.27455997	0.25957197
DRB1*04:01	0.0	0.0	0.4219906	0.30743337
DRB1*09:01	0.0	0.46687254	0.3021208	0.42857283
DQA1*03:03-DQB1*04:02	0.0	0.084686644	0.27406138	0.12266942
DQA1*01:02-DQB1*05:01	0.0	0.39492425	0.27855927	0.2673269
DRB1*01:01	0.0	0.0	0.2881265	0.20890191
DRB1*13:01	0.0	0.45098954	0.28145248	0.36624774
DRB1*08:01	0.0	0.58009356	0.28117743	0.28707397
DRB1*07:01	1.0	0.9406777	0.7221103	0.66147673
DRB5*01:01	0.0	0.4882211	0.33326837	0.28672683
DRB1*04:05	0.0	0.0	0.27429572	0.14878383
DRB3*02:02	0.0	0.0	0.27380526	0.17029017
DQA1*03:01-DQB1*03:01	0.0	0.04721221	0.31347194	0.3936034
DRB1*07:01	0.0	0.4286311	0.30851093	0.39946744
DRB1*03:01	0.0	0.3861998	0.39716643	0.43273494
DRB1*04:01	1.0	0.874214	0.28657457	0.26544887
DQA1*01:02-DQB1*05:01	0.0	0.45026276	0.28650928	0.28336722
DRB1*01:01	1.0	0.8476255	0.72174674	0.63310206
DRB1*04:01	0.0	0.0	0.27400273	0.15641305
DRB1*04:05	0.0	0.0	0.27500588	0.07112436
DQA1*06:01-DQB1*04:02	0.0	0.39115664	0.3172689	0.40780252
DRB1*13:01	0.0	0.5820812	0.46245468	0.45183995
DQA1*01:02-DQB1*05:01	0.0	0.65906143	0.29820853	0.43433988
DQA1*02:01-DQB1*03:01	0.0	0.56556594	0.28892422	0.3055599
DRB1*08:02	0.0	0.5725446	0.2777902	0.35782474
DRB1*04:04	0.0	0.39243856	0.7215318	0.60353214
DRB1*12:01	0.0	0.084686644	0.27561	0.18774548
DRB1*04:04	0.0	0.33430603	0.27519095	0.35748127
DQA1*01:01-DQB1*05:01	0.0	0.0	0.2735055	0.1424132
DQA1*02:01-DQB1*03:03	0.0	0.084686644	0.27464828	0.23846984
DQA1*02:01-DQB1*03:03	0.0	0.4077024	0.27466077	0.25788265
DPA1*02:01-DPB1*01:01	0.0	0.0	0.2789219	0.19447443
DRB3*01:01	0.0	0.2814219	0.27346933	0.21221223
DRB4*01:01	0.0	0.084686644	0.27414826	0.17743687
DRB1*10:01	0.0	0.3422791	0.27343678	0.10305652
DRB4*01:03	0.0	0.74971294	0.4919265	0.5075613
DRB1*04:05	0.0	0.18092589	0.27335978	0.18292092
DRB1*03:01	0.0	0.33724257	0.3040475	0.41257533
DRB1*11:01	0.0	0.4158135	0.2742743	0.14241868
DRB1*04:04	1.0	0.83439964	0.72444975	0.6385957
DRB1*01:01	0.0	0.0	0.27879384	0.29851305
DQA1*05:01-DQB1*04:02	0.0	0.7062737	0.2769858	0.30069542
DRB1*12:01	0.0	0.7437481	0.30939537	0.43145883
DRB3*03:01	0.0	0.5459561	0.45183253	0.5089998
DRB1*15:01	1.0	0.81377596	0.32963508	0.44690043
DRB3*01:01	0.0	0.0	0.27381265	0.10658625
DRB3*01:01	0.0	0.19496596	0.2771999	0.21572343
DQA1*05:01-DQB1*04:02	0.0	0.51801825	0.27411386	0.20919497
DRB1*13:02	0.0	0.14262603	0.2761259	0.20733014
DRB1*04:01	0.0	0.24630733	0.723714	0.606956
DQA1*05:01-DQB1*03:01	0.0	0.3114388	0.274913	0.3411641
DRB3*01:01	0.0	0.0	0.27392188	0.23341289
DRB1*07:01	0.0	0.43193576	0.2765604	0.36749694
DPA1*01:03-DPB1*04:01	0.0	0.0	0.27409956	0.10382331
DRB1*14:54	1.0	0.83439964	0.27904773	0.33580214
DQA1*01:01-DQB1*05:01	0.0	0.0	0.27420408	0.1585699
DRB5*01:01	0.0	0.598531	0.46655238	0.47524953
DRB1*07:01	0.0	0.24368893	0.27666363	0.26497632
DRB1*09:01	0.0	0.58009356	0.30227038	0.43813494
DRB1*15:01	0.0	0.6714029	0.2761681	0.18696454
DRB1*14:54	0.0	0.52587765	0.27967238	0.39424354
DRB1*07:01	0.0	0.7703366	0.2964211	0.42040268
DRB4	0.0	0.29458803	0.4635053	0.39152122
DRB3*02:02	0.0	0.29731458	0.2779389	0.18082185
DRB1*03:01	0.0	0.5707499	0.27446097	0.21498105
DRB3*01:01	0.0	0.23240231	0.3410682	0.3166998
DRB1*03:01	0.0	0.09807683	0.27683896	0.2408861
DRB1*07:01	0.0	0.3525016	0.32915667	0.4619437
DRB1*04:04	0.0	0.59048915	0.44370928	0.44926986
DQA1*02:01-DQB1*03:01	0.0	0.37625712	0.3354448	0.34244215
DRB1*03:01	0.0	0.6200593	0.28250143	0.18188071
DQA1*02:01-DQB1*03:03	0.0	0.2939188	0.44449273	0.3476926
DRB1*07:01	0.0	0.24399407	0.2790424	0.32597026
DRB4*01:03	0.0	0.62796354	0.27705544	0.33744222
DRB1*04:01	0.0	0.0	0.27413929	0.17264333
DRB1*15:01	0.0	0.084686644	0.274659	0.22934264
DRB1*15:01	0.0	0.29852152	0.37715957	0.42818487
DQA1*01:02-DQB1*05:02	1.0	0.90287954	0.29203704	0.35450545
DRB1*03:01	0.0	0.71861506	0.29490215	0.31560558
DRB1*08:01	0.0	0.4893192	0.27404803	0.17521366
DRB1*11:01	0.0	0.6200593	0.28110155	0.28640974
DRB1*11:01	0.0	0.380469	0.27706864	0.36053413
DQA1*05:01-DQB1*03:03	0.0	0.4234332	0.29709688	0.2551539
DRB1*11:01	0.0	0.59271634	0.395157	0.4152505
DRB1*08:02	0.0	0.7629388	0.7246027	0.61649066
DRB1*07:01	0.0	0.38827407	0.30007166	0.45109424
DRB1*14:54	0.0	0.5303597	0.33188212	0.44607937
DRB1*09:01	0.0	0.4417395	0.27479497	0.31872055
DRB1*11:01	0.0	0.71861506	0.29429314	0.3812318
DQA1*02:01-DQB1*03:01	0.0	0.69887584	0.2815164	0.21226816
DRB4*01:03	0.0	0.5112407	0.2792504	0.3324005
DRB3*03:01	0.0	0.4069442	0.4170663	0.5133146
DRB1*07:01	1.0	0.80897367	0.72406113	0.6515265
DRB1*01:01	0.0	0.14874962	0.2798569	0.14494735
DRB1*04:01	0.0	0.0	0.28647128	0.24010657
DRB4*01:01	0.0	0.0	0.27709985	0.060847934
DRB1*11:01	0.0	0.35051215	0.36415294	0.3374304
DQA1*01:01-DQB1*05:01	0.0	0.0	0.2899468	0.16379659
DRB1*04:04	0.0	0.60473627	0.5643389	0.51131326
DQA1*01:02-DQB1*05:01	0.0	0.084686644	0.2752191	0.2632766
DRB1*04:05	0.0	0.1398064	0.27341476	0.19236216
DRB1*13:01	0.0	0.0	0.28201908	0.3023245
DQA1*05:01-DQB1*03:03	0.0	0.084686644	0.27308413	0.21739033
DQA1*05:01-DQB1*03:03	0.0	0.31154633	0.27373037	0.20807983
DQA1*01:02-DQB1*05:01	0.0	0.084686644	0.2741608	0.17971995
DRB3*02:02	0.0	0.16730551	0.30874786	0.402698
DRB1*03:01	0.0	0.02062367	0.2974744	0.324076
DRB5*01:01	0.0	0.084686644	0.34241664	0.29720432
DRB1*03:03	0.0	0.33513555	0.376276	0.3320982
DRB1*11:01	0.0	0.7703366	0.27615824	0.25530675
DRB1*08:02	0.0	0.24788772	0.36447564	0.4104784
DQA1*06:01-DQB1*04:02	0.0	0.3551364	0.2733729	0.19451427
DQA1*05:01-DQB1*03:01	0.0	0.0	0.27391928	0.14833568
DRB1*13:02	0.0	0.14651254	0.29566324	0.36085886
DQA1*05:01-DQB1*03:03	0.0	0.34517473	0.29953337	0.40544316
DRB1*09:01	0.0	0.33192822	0.27368802	0.18540493
DRB4*01:03	0.0	0.7629388	0.7201575	0.6536626
DRB3*03:01	0.0	0.738145	0.32548687	0.36104876
DRB1*04:01	0.0	0.6687992	0.27390888	0.17710641
DRB1*09:01	0.0	0.29387432	0.27390724	0.25691643
DQA1*02:01-DQB1*03:01	0.0	0.70250076	0.33897623	0.46550304
DQA1*03:03-DQB1*04:02	0.0	0.084686644	0.27442595	0.2541192
DRB1*08:01	0.0	0.084686644	0.27503103	0.23007451
DRB1*11:01	1.0	1.0	0.7235645	0.6385661
DPB1*04:01	0.0	0.24379225	0.2737127	0.1581074
DRB1*07:01	0.0	0.0	0.27507934	0.24406567
DQA1*05:01-DQB1*03:02	0.0	0.35309002	0.27620223	0.16476661
DRB3*01:01	0.0	0.24345687	0.2813225	0.26941994
DRB1*09:01	0.0	0.521603	0.634908	0.6226234
DRB3*02:02	1.0	0.83439964	0.49085626	0.51286274
DRB5*01:01	0.0	0.0	0.439707	0.37880406
DRB1*03:01	0.0	0.17692913	0.27410176	0.20065057
DRB1*16:01	0.0	0.02062367	0.27616277	0.1566335
DPA1*03:01-DPB1*04:02	0.0	0.0	0.27520132	0.135617
DRB1*01:01	0.0	0.40954784	0.27883384	0.25143147
DRB1*15:01	0.0	0.30223992	0.40371102	0.4739835
DQA1*01:02-DQB1*06:02	0.0	0.30127215	0.27349335	0.17182012
DRB1*03:01	0.0	0.59048915	0.338951	0.44900867
DRB4*01:03	0.0	0.084686644	0.4405663	0.4707631
DRB1*03:01	0.0	0.35334337	0.2739648	0.16567719
DRB1*12:01	0.0	0.3620255	0.29308757	0.39143085
DRB4*01:01	0.0	0.0	0.29150787	0.15768948
DRB3*01:01	0.0	0.56641	0.699298	0.62182814
DRB1*13:01	0.0	0.43536296	0.27823594	0.22956231
DRB1*09:01	0.0	0.46072733	0.27432194	0.36627522
DRB1*08:01	0.0	0.48257518	0.27330384	0.23337969
DRB1*03:01	0.0	0.08312411	0.27417964	0.23317394
DQA1*01:01-DQB1*05:01	0.0	0.11341313	0.31779283	0.3707329
DQA1*02:01-DQB1*04:02	0.0	0.084686644	0.27393627	0.2577294
DQA1*02:01-DQB1*04:02	0.0	0.5040586	0.3076489	0.33765364
DQA1*05:01-DQB1*03:03	0.0	0.1822178	0.27391988	0.22480562
DRB1*04:04	0.0	0.0	0.3012709	0.36421245
DRB1*14:54	0.0	0.45026276	0.28079343	0.43737483
DQA1*01:02-DQB1*05:01	0.0	0.43353274	0.29969418	0.38209778
DRB4*01:01	0.0	0.0	0.2754386	0.083342545
DPA1*02:01-DPB1*01:01	0.0	0.0	0.27601787	0.19202553
DRB3*03:01	0.0	0.084686644	0.33596566	0.37927258
DPB1*04:01	0.0	0.21281259	0.2927584	0.34021342
DRB1*08:02	0.0	0.51701903	0.40238702	0.45232767
DRB1*03:01	0.0	0.0	0.27921215	0.3289653
DRB1*10:01	0.0	0.0	0.27496615	0.07721603
DQA1*01:01-DQB1*05:01	0.0	0.0	0.27376062	0.08648472
DRB1*03:01	0.0	0.0	0.27903655	0.37928545
DQA1*03:03-DQB1*04:02	0.0	0.30515543	0.27325085	0.23729652
DQA1*02:01-DQB1*03:01	0.0	0.32396463	0.27678132	0.2699602
DRB4*01:01	0.0	0.1593126	0.27396592	0.19064337
DRB3*03:01	0.0	0.32147557	0.32485223	0.37827638
DRB3*02:02	0.0	0.72312444	0.27632874	0.24124363
DRB1*14:54	0.0	0.4889517	0.33583233	0.4294042
DRB1*11:01	0.0	0.52753305	0.30193475	0.33493584
DQA1*02:01-DQB1*03:03	0.0	0.45370445	0.2742572	0.16351229
DRB1*13:01	0.0	0.2000723	0.28234604	0.31040767
DRB3*03:01	0.0	0.51603055	0.3531538	0.3988152
DRB1*13:01	0.0	0.084686644	0.28045174	0.24868983
DRB1*14:54	0.0	0.6461442	0.49743944	0.5774763
DRB1*04:01	1.0	1.0	0.27413338	0.16613443
DRB1*08:02	0.0	0.02062367	0.44116038	0.4963358
DRB1*03:01	0.0	0.0	0.2750545	0.3021646
DRB4*01:03	0.0	0.084686644	0.27677715	0.35981357
DQA1*05:01-DQB1*02:01	0.0	0.41351512	0.2745091	0.07081208
DRB5*01:01	0.0	0.7560895	0.4015327	0.4318716
DRB4*01:01	0.0	0.33492747	0.27380064	0.27701363
DRB3*02:02	0.0	0.41158956	0.2740606	0.16715084
DRB3*01:01	0.0	0.3103703	0.6816363	0.627451
DQA1*02:01-DQB1*03:01	0.0	0.68261945	0.2900925	0.306978
DRB1*03:01	0.0	0.640305	0.40115795	0.43933123
DRB1*03:01	0.0	0.5286533	0.2741421	0.2625467
DRB1*01:01	0.0	0.5997392	0.28847924	0.28247732
DRB1*07:01	0.0	0.27270484	0.41537374	0.45085984
DRB1*04:04	0.0	0.2814996	0.27502137	0.3055275
DRB3*02:02	0.0	0.0	0.2791409	0.18183957
DRB1*13:02	0.0	0.46154162	0.30875048	0.3250848
DRB1*09:01	0.0	0.70250076	0.27434605	0.24965228
DQA1*02:01-DQB1*04:02	0.0	0.3421292	0.27431947	0.31385186
DRB1*03:01	0.0	0.0	0.27422127	0.111775555
DRB1*09:01	0.0	0.24612162	0.2740302	0.27661055
DRB1*15:01	0.0	0.0	0.27517217	0.1650882
DRB1*12:01	0.0	0.0	0.27513215	0.12869945
DRB1*04:01	0.0	0.14874962	0.72362405	0.6468678
DRB1*03:01	0.0	0.084686644	0.27380285	0.19838922
DRB1*07:01	0.0	0.6073399	0.2823974	0.3958835
DRB1*11:01	0.0	0.473146	0.27689186	0.29366836
DRB1*07:01	0.0	0.33759844	0.27695525	0.3021019
DQA1*01:01-DQB1*05:01	0.0	0.3560003	0.31311056	0.31491438
DRB1*04:05	0.0	0.49231294	0.34872273	0.34735566
DRB3*03:01	0.0	0.2184527	0.7144869	0.6597081
DQA1*03:01-DQB1*03:02	0.0	0.0	0.27328917	0.15444668
DRB3*01:01	0.0	0.0	0.2761531	0.20582184
DQA1*02:01-DQB1*03:03	0.0	0.46072733	0.66906565	0.62103844
DRB1*08:01	0.0	0.084686644	0.27624932	0.085659005
DRB1*04:05	0.0	0.22983357	0.27357018	0.24577525
DQA1*05:01-DQB1*02:01	0.0	0.46459037	0.27403957	0.16070834
DRB1*15:01	0.0	0.5326849	0.3067866	0.30711648
DQA1*06:01-DQB1*04:02	0.0	0.2523714	0.27397588	0.24859317
DQA1*02:01-DQB1*04:02	0.0	0.26564527	0.27346495	0.22976163
DRB1*07:01	0.0	0.084686644	0.27535832	0.25447246
DRB3	0.0	0.35740563	0.27442127	0.17586285
DRB3*03:01	0.0	0.24289206	0.34689742	0.30829462
DQA1*05:01-DQB1*03:03	0.0	0.44064572	0.27362695	0.13697878
DRB1*08:01	0.0	0.45002177	0.27383813	0.21560362
DRB1*03:01	0.0	0.62796354	0.4492165	0.46415395
DRB1*13:01	0.0	0.25950256	0.2773531	0.22491232
DRB4*01:03	0.0	0.084686644	0.27725488	0.34161812
DRB1*07:01	0.0	0.6545521	0.7232338	0.6570687
DQA1*01:01-DQB1*05:01	0.0	0.0	0.2733658	0.09433403
DRB3*02:02	0.0	0.0	0.27399182	0.10183039
DRB1*08:02	0.0	0.6441565	0.28794262	0.29582167
DQA1*01:01-DQB1*05:01	0.0	0.0	0.29836014	0.17554744
DPA1*01:03-DPB1*04:01	0.0	0.0	0.4653014	0.3084543
DRB1*07:01	1.0	0.83439964	0.39136904	0.48180544
DQA1*01:03-DQB1*06:03	0.0	0.084686644	0.2735785	0.19978766
DRB1*15:02	0.0	0.1862333	0.2744247	0.12262389
DRB1*04:01	0.0	0.0	0.42061543	0.3895376
DRB1*12:01	0.0	0.0	0.27505007	0.14425862
DRB1*01:01	0.0	0.37202165	0.2803638	0.30476707
DRB1*13:01	0.0	0.44717774	0.30718622	0.427157
DRB4*01:03	0.0	0.5247903	0.27682623	0.32712328
DRB1*03:01	0.0	0.3668885	0.2797804	0.22692612
DRB1*04:04	0.0	0.5432769	0.31217164	0.43358344
DRB1*11:01	0.0	0.16258177	0.2752105	0.20448329
DRB1*15:01	0.0	0.6567793	0.3678446	0.45116037
DRB1*08:01	0.0	0.37285337	0.27428472	0.18305284
DQA1*02:01-DQB1*03:03	0.0	0.32058144	0.3603819	0.33436227
DRB4*01:03	0.0	0.084686644	0.35060087	0.46315423
DRB1*01:01	0.0	0.4657244	0.32839775	0.4018779
DPA1*02:01-DPB1*05:01	0.0	0.0	0.27483153	0.31707138
DRB3*03:01	0.0	0.41531616	0.3279377	0.36727875
DRB1*04:01	0.0	0.36574036	0.27527043	0.24530816
DRB5*01:01	0.0	0.084686644	0.35174906	0.30151442
DRB1*04:01	0.0	0.0	0.2742584	0.085748404
DRB4*01:03	0.0	0.37068588	0.27717632	0.28873217
DQA1*02:01-DQB1*03:01	0.0	0.084686644	0.37894952	0.40961236
DPA1*02:01-DPB1*01:01	0.0	0.0	0.2752157	0.11897535
DQB1*04:02	0.0	0.29749924	0.32383502	0.3698055
DRB1*08:01	0.0	0.260612	0.2736913	0.18488929
DRB3*03:01	1.0	0.87187403	0.44207764	0.5005455
DQA1*01:01-DQB1*05:01	0.0	0.0	0.27525848	0.17973094
DRB1*03:01	0.0	0.65237737	0.33152467	0.42291194
DRB5*01:01	0.0	0.084686644	0.33089164	0.21487826
DRB1*15:01	0.0	0.37647408	0.2756237	0.24749532
DRB1*08:02	0.0	0.09707032	0.27415588	0.15845624
DPB1*04:01	0.0	0.084686644	0.37487915	0.33497638
DRB1*11:01	0.0	0.0	0.2776133	0.19212732
DRB1*04:01	0.0	0.24184859	0.2747892	0.11781996
DRB1*15:02	0.0	0.0	0.27758372	0.15310591
DRB1*14:54	0.0	0.44240203	0.28383225	0.39796957
DRB1*14:54	0.0	0.084686644	0.27731237	0.25659907
DRB1*04:04	1.0	0.80220795	0.72385466	0.6434996
DRB1*11:01	0.0	0.0	0.27586526	0.36917847
DQA1*05:01-DQB1*03:02	0.0	0.4747046	0.29461494	0.42880937
DRB1*01:01	0.0	0.029213311	0.30131048	0.31605622
DRB1*04:04	0.0	0.34673595	0.27438796	0.25846702
DRB1*04:01	0.0	0.37625712	0.33679417	0.4120389
DRB1*13:01	0.0	0.084686644	0.2764195	0.17067172
DRB1*12:01	0.0	0.0	0.2761545	0.08033938
DRB1*07:01	0.0	0.7278651	0.2803961	0.4016326
DRB1*04:01	0.0	0.0	0.28683695	0.25048852
DRB1*03:01	0.0	0.042738073	0.3211792	0.3501187
DRB1*07:01	0.0	0.29749924	0.2815952	0.24687314
DRB1*04:01	0.0	0.18164872	0.28938952	0.38099727
DRB5*01:01	0.0	0.70250076	0.7245366	0.6293314
DRB5*01:01	0.0	0.4692125	0.3428501	0.3462606
DRB1*08:01	0.0	0.16079575	0.27444917	0.13377216
DRB1*04:01	0.0	0.0	0.27783725	0.25688428
DQB1*03:01	0.0	0.6296289	0.44634813	0.34307048
DRB1*07:01	0.0	0.2469202	0.27901527	0.31159884
DQA1*01:02-DQB1*05:01	0.0	0.11040436	0.27762088	0.1594089
DRB1*14:54	0.0	0.77837855	0.72389996	0.6625996
DRB1*14:54	0.0	0.6687992	0.7230416	0.60107225
DRB1*07:01	0.0	0.28961924	0.27843347	0.33067334
DQA1*01:02-DQB1*05:01	0.0	0.68565	0.283514	0.27768844
DRB1*03:01	0.0	0.71020716	0.30919805	0.44628918
DRB1*11:01	0.0	0.042418692	0.28138074	0.350254
DRB1*07:01	0.0	0.0	0.27656436	0.29477632
DRB1*03:01	0.0	0.51031184	0.2738334	0.21564516
DRB1*03:01	0.0	0.43536296	0.2896381	0.18409939
DRB1*04:01	0.0	0.09333209	0.4518298	0.41450566
DQA1*02:01-DQB1*03:03	0.0	0.30132028	0.302466	0.2620877
DRB1*04:04	0.0	0.0	0.27446464	0.25415683
DRB1*11:01	0.0	0.4261814	0.3202469	0.4649255
DRB1*04:04	0.0	0.0	0.27394426	0.21053661
DRB1*03:03	0.0	0.3201081	0.27768248	0.29391965
DRB1*14:54	0.0	0.084686644	0.2781515	0.34270516
DRB1*04:05	0.0	0.56812155	0.5501395	0.52721524
DRB1*07:01	0.0	0.61707765	0.280903	0.27578586
DQA1*05:01-DQB1*03:03	0.0	0.39308622	0.2740321	0.1585128
DQA1*03:03-DQB1*04:02	0.0	0.084686644	0.27343947	0.19199395
DRB1*08:01	0.0	0.084686644	0.27525094	0.16021416
DRB1*11:01	0.0	0.7278651	0.33028385	0.46274048
DQA1*05:01-DQB1*03:02	0.0	0.50713235	0.27594113	0.21614927
DRB1*13:01	0.0	0.7969252	0.72025055	0.6240921
DQA1*02:01-DQB1*03:03	0.0	0.5117087	0.68306947	0.5997501
DQA1*01:03-DQB1*06:03	0.0	0.084686644	0.653273	0.59073806
DRB3*02:02	0.0	0.34929013	0.27437034	0.23207116
DRB3*03:01	0.0	0.2885644	0.41775295	0.5119125
DQA1*01:02-DQB1*05:01	0.0	0.31170785	0.27614516	0.22166835
DRB1*04:01	0.0	0.0	0.2746606	0.20552534
DRB1*01:01	0.0	0.34516293	0.42767337	0.39010817
DRB5*01:01	0.0	0.7871874	0.33947644	0.27485985
DQB1*03:01	0.0	0.14224623	0.2779442	0.08470087
DRB1*13:01	0.0	0.7629388	0.2821652	0.3798743
DRB1*13:02	0.0	0.0	0.30755004	0.375879
DRB4*01:01	0.0	0.3588303	0.27370027	0.17182043
DRB1*11:01	0.0	0.24900208	0.3066617	0.42507556
DQA1*05:01-DQB1*02:01	0.0	0.088396996	0.35608774	0.41290382
DRB1*07:01	0.0	0.36610854	0.27675787	0.35362464
DRB1*13:01	1.0	0.87187403	0.69407964	0.61286414
DRB3*03:01	0.0	0.6687992	0.3909063	0.46830022
DQA1*01:01-DQB1*05:01	0.0	0.0	0.28085306	0.25894582
DRB1*11:01	0.0	0.45885473	0.2753165	0.21187435
DQA1*01:01-DQB1*05:01	0.0	0.0	0.27332926	0.09987913
DRB1*09:01	0.0	0.6263277	0.3101163	0.4724975
DRB1*13:01	0.0	0.4815539	0.3374069	0.43671376
DRB3*03:01	0.0	0.69887584	0.3403921	0.34842813
DRB1*11:01	1.0	1.0	0.7234919	0.65194285
DRB1*08:01	0.0	0.34463447	0.27563998	0.17597094
DRB3*02:02	0.0	0.0	0.27377287	0.20351386
DQA1*02:01-DQB1*03:01	0.0	0.30460486	0.2770567	0.2690614
DPB1*05:01	0.0	0.0	0.42484978	0.37551588
DQA1*06:01-DQB1*04:02	0.0	0.51408476	0.27331397	0.20895007
DRB1*13:01	1.0	0.8078111	0.3436625	0.46301338
DRB1*04:04	0.0	0.4911789	0.2982243	0.3523368
DRB3*01:01	0.0	0.084686644	0.2735927	0.22833455
DQA1*03:03-DQB1*04:02	0.0	0.084686644	0.27666816	0.114923544
DQA1*02:01-DQB1*04:02	0.0	0.44351694	0.3215161	0.39099976
DQA1*02:01-DQB1*04:02	0.0	0.084686644	0.27436563	0.22627637
DRB1*04:04	0.0	0.36826944	0.2744635	0.34215134
DQA1*01:02-DQB1*05:01	0.0	0.084686644	0.2749468	0.21295021
DRB5*01:01	1.0	0.8201525	0.7093921	0.6577069
DRB1*15:01	0.0	0.084686644	0.2750096	0.24639004
DRB1*03:01	1.0	0.87187403	0.7244879	0.62427473
DRB1*07:01	1.0	0.8078111	0.30975512	0.43146583
DQA1*02:01-DQB1*04:02	0.0	0.28374195	0.2757658	0.33271134
DRB3*02:02	0.0	0.084686644	0.27538595	0.20621708
DQA1*02:01-DQB1*03:01	0.0	0.4186835	0.2776319	0.25000322
DRB5*01:01	0.0	0.084686644	0.43637502	0.44949883
DRB1*13:01	0.0	0.6441565	0.36832914	0.44887996
DRB1*03:01	0.0	0.084686644	0.3851521	0.3249883
DQA1*01:03-DQB1*06:03	0.0	0.084686644	0.3281	0.36265305
DRB1*13:01	0.0	0.34920925	0.28573543	0.3867908
DQA1*03:03-DQB1*04:02	0.0	0.084686644	0.2738885	0.21830854
DRB4*01:01	0.0	0.18474789	0.27532482	0.26518047
DRB5*01:01	0.0	0.30136847	0.44634947	0.44289368
DRB3*01:01	0.0	0.58831435	0.6912095	0.61203796
DRB1*13:02	1.0	1.0	0.72415483	0.6304006
DRB1*12:01	0.0	0.0	0.27413052	0.17265902
DRB1*04:01	0.0	0.2782987	0.36230573	0.41973218
DRB1*12:02	0.0	0.738145	0.69758314	0.61230433
DRB1*04:01	0.0	0.23530346	0.27429345	0.1834003
DQA1*06:01-DQB1*04:02	0.0	0.4692125	0.27443513	0.21609423
DRB1*11:01	0.0	0.4103278	0.27577475	0.22658163
DRB1*04:01	0.0	0.17876512	0.34778252	0.4504804
DRB1*13:01	0.0	0.38939136	0.2852346	0.28074333
DRB3*03:01	0.0	0.30873817	0.6997698	0.6663521
DRB1*13:01	1.0	0.93593705	0.7245906	0.6547294
DPA1*03:01-DPB1*04:02	0.0	0.35740563	0.3829872	0.3991598
DRB1*04:04	0.0	0.38704827	0.27451938	0.23641595
DRB1*14:54	0.0	0.4067933	0.2804583	0.3598476
DRB1*13:02	0.0	0.02062367	0.27515778	0.15076698
DQA1*02:01-DQB1*04:02	0.0	0.30460486	0.27684587	0.30279672
DRB5*01:01	0.0	0.084686644	0.3478385	0.33302933
DRB1*03:01	0.0	0.0	0.2738527	0.17138496
DRB3*01:01	0.0	0.084686644	0.2980406	0.421676
DQA1*03:03-DQB1*04:02	0.0	0.3721252	0.27346668	0.23086737
DPA1*02:01-DPB1*14:01	0.0	0.4998376	0.6581198	0.61094654
DRB1*03:01	1.0	0.80897367	0.6348363	0.5475542
DPA1*02:01-DPB1*05:01	0.0	0.0	0.27684516	0.17143245
DRB1*07:01	0.0	0.4410817	0.28148878	0.32078707
DRB1*14:54	0.0	0.084686644	0.27639952	0.27370536
DRB1*14:54	0.0	0.39014378	0.2772029	0.3065286
DRB1*04:04	0.0	0.7969252	0.27471185	0.305937
DRB1*07:01	0.0	0.49155536	0.28033352	0.3770306
DRB1*01:01	0.0	0.43956473	0.2781994	0.17745847
DRB1*08:01	0.0	0.26151553	0.27380127	0.20768926
DRB1*08:02	1.0	0.8790795	0.6893851	0.6052604
DRB1*08:01	0.0	0.56641	0.2733803	0.24178974
DQA1*05:01-DQB1*02:01	1.0	0.9071791	0.7210462	0.6326765
DRB1*04:01	0.0	0.0	0.27405673	0.25951365
DQA1*05:01-DQB1*03:02	0.0	0.27610245	0.35780543	0.39316285
DRB1*04:04	0.0	0.3725406	0.27380672	0.2596033
DQA1*06:01-DQB1*04:02	0.0	0.084686644	0.27379468	0.20976111
DRB1*13:01	0.0	0.39479175	0.27847287	0.24217232
DRB1*03:01	0.0	0.34792444	0.28141698	0.26161805
DRB1*03:01	0.0	0.5356762	0.7246689	0.6008377
DPA1*03:01-DPB1*04:02	0.0	0.0	0.27522632	0.14351492
DRB3*01:01	0.0	0.0	0.27367318	0.27546725
DQA1*02:01-DQB1*04:02	0.0	0.084686644	0.27418575	0.28606647
DQA1*02:01-DQB1*04:02	0.0	0.39585716	0.27523243	0.25747788
DPA1*03:01-DPB1*04:02	0.0	0.0	0.27357343	0.13633835
DRB1*09:01	0.0	0.7062737	0.31527737	0.49642232
DRB1*15:01	0.0	0.4829181	0.27534932	0.26044214
DRB1*04:05	0.0	0.2950819	0.68740326	0.5883078
DPB1*04:01	0.0	0.0	0.2737807	0.14039133
DRB1*13:02	0.0	0.0	0.27477115	0.17083965
DRB1*03:01	0.0	0.46263868	0.28841043	0.36031055
DRB1*07:01	0.0	0.3371006	0.28399712	0.29481182
DRB1*04:05	0.0	0.21961926	0.27363756	0.23479316
DRB1*04:04	0.0	0.47070563	0.39095286	0.43936288
DQA1*03:03-DQB1*04:02	0.0	0.084686644	0.29716617	0.42903474
DRB5*01:01	0.0	0.29749924	0.36495972	0.24731126
DRB1*11:01	0.0	0.33731362	0.27656537	0.21409632
DRB3*02:02	0.0	0.084686644	0.27749246	0.20701043
DQA1*01:02-DQB1*06:02	0.0	0.0	0.27797982	0.022644086
DRB1*08:01	0.0	0.15502061	0.2785638	0.25629234
DRB1*13:02	0.0	0.0	0.2818135	0.24481878
DRB1*04:04	0.0	0.0	0.27469862	0.23524533
DRB3*02:02	0.0	0.084686644	0.274412	0.20940557
DQA1*05:01-DQB1*03:03	0.0	0.084686644	0.27454564	0.15796456
DRB1*15:01	0.0	0.0	0.2755513	0.2566219
DRB1*09:01	0.0	0.43681195	0.3099526	0.34462065
DPA1*03:01-DPB1*04:02	0.0	0.0	0.28102237	0.21243162
DRB1*03:01	0.0	0.559864	0.32138067	0.3547073
DRB1*03:01	0.0	0.48968816	0.27397025	0.26427382
DRB1*09:01	0.0	0.4657244	0.27413762	0.25498834
DRB1*11:01	0.0	0.29749924	0.27791503	0.2778373
DRB1*03:01	0.0	0.5672618	0.2738403	0.16910699
DRB1*01:01	0.0	0.14874962	0.27929443	0.22778386
DRB1*11:01	0.0	0.084686644	0.2769579	0.28959638
DRB1*01:01	1.0	0.9220345	0.72352314	0.56458193
DRB1*04:01	0.0	0.6887833	0.36855564	0.37944758
DRB1*04:04	0.0	0.60346144	0.31007695	0.35015702
DRB1*01:01	0.0	0.25551546	0.28750074	0.34260333
DRB3*02:02	0.0	0.0	0.2966538	0.29738772
DRB5*01:01	0.0	0.54663813	0.36779293	0.3541338
DPA1*03:01-DPB1*04:02	0.0	0.0	0.27388275	0.10320934
DRB1*11:01	0.0	0.0	0.33205432	0.24253185
DRB1*09:01	0.0	0.22316858	0.36806455	0.4057778
DRB1*03:01	0.0	0.60220397	0.7246046	0.6273965
DRB1*04:04	0.0	0.084686644	0.27472806	0.27623993
DRB3*03:01	0.0	0.084686644	0.339739	0.35687512
DRB1*13:01	0.0	0.5226533	0.28034753	0.27116975
DRB3*02:02	0.0	0.084686644	0.27413833	0.21592028
DQA1*05:01-DQB1*02:01	0.0	0.40500152	0.27379182	0.19963859
DRB1*04:05	0.0	0.4067933	0.30051577	0.2409604
DRB1*04:05	0.0	0.58831435	0.34499076	0.38038605
DRB1*07:01	0.0	0.084686644	0.27941993	0.32556486
DRB3*02:02	0.0	0.0	0.27375355	0.21508211
DQA1*02:01-DQB1*04:02	0.0	0.27325067	0.27461007	0.28467733
DPA1*02:01-DPB1*01:01	0.0	0.0	0.33101094	0.26366672
DRB1*04:04	0.0	0.084686644	0.27816465	0.23225862
DRB1*13:01	0.0	0.5707499	0.2831519	0.31370324
DRB1*04:01	0.0	0.38388819	0.28707567	0.29477054
DQA1*01:02-DQB1*05:01	0.0	0.084686644	0.27763277	0.34079778
DQA1*02:01-DQB1*04:02	0.0	0.24368893	0.27427292	0.3045629
DRB3*01:01	0.0	0.02062367	0.27425537	0.10113978
DRB1*11:01	0.0	0.6567793	0.28489473	0.2891982
DRB1*08:02	0.0	0.084686644	0.2739209	0.24469373
DRB4*01:03	0.0	0.77837855	0.28535438	0.39940035
DRB1*14:54	0.0	0.084686644	0.33776575	0.39777914
DRB5*01:01	0.0	0.21281259	0.3521431	0.28762886
DRB1*04:01	0.0	0.10710681	0.27405575	0.3273775
DRB5*01:01	0.0	0.4505044	0.44081086	0.42555735
DRB3*01:01	0.0	0.024362886	0.28171325	0.39920637
DRB1*03:01	0.0	0.33423725	0.36341828	0.41766778
DQA1*05:01-DQB1*04:02	0.0	0.3319953	0.27390063	0.25655282
DRB1*13:01	0.0	0.0	0.27846482	0.26730624
DRB1*13:02	1.0	0.8842155	0.28170666	0.2602905
DRB5*01:01	0.0	0.7328622	0.45186988	0.5019469
DRB3*01:01	0.0	0.403389	0.2785065	0.23698837
DRB1*01:01	0.0	0.0	0.27645838	0.20305088
DRB1*13:01	0.0	0.63305235	0.72196513	0.63112444
DRB1*03:01	0.0	0.0	0.27449855	0.14439543
DPA1*03:01-DPB1*04:02	0.0	0.0	0.27652934	0.14177114
DQA1*06:01-DQB1*04:02	0.0	0.084686644	0.27500916	0.152621
DRB4*01:03	0.0	0.59733844	0.27778342	0.3869831
DRB1*01:01	0.0	0.60220397	0.34195778	0.35718873
DRB1*04:01	0.0	0.084686644	0.28876004	0.26565984
DQA1*05:01-DQB1*03:03	0.0	0.5326849	0.27545115	0.13083544
DRB1*15:01	1.0	0.8175489	0.27531132	0.33201677
DRB1*08:01	0.0	0.27310857	0.2758078	0.18121427
DQA1*01:02-DQB1*05:01	1.0	0.85125035	0.72203547	0.6347495
DRB5*01:01	0.0	0.32117656	0.34604585	0.3389472
DRB1*13:01	0.0	0.0	0.28446433	0.15578422
DRB1*04:01	0.0	0.0	0.27397543	0.23883745
DRB1*11:01	0.0	0.09020894	0.2746654	0.24751513
DRB1*13:02	0.0	0.0	0.36595562	0.3431498
DRB1*03:01	0.0	0.18852137	0.27580196	0.19141571
DQA1*02:01-DQB1*03:01	0.0	0.29338685	0.27753034	0.26598752
DRB1*03:01	0.0	0.22608823	0.28758395	0.3495647
DRB1*15:01	0.0	0.47693178	0.27523115	0.2590556
DPA1*01:03-DPB1*04:01	0.0	0.0	0.27413583	0.07126245
DQA1*02:01-DQB1*03:01	0.0	0.30957696	0.27808678	0.34268537
DQA1*01:02-DQB1*05:01	0.0	0.22216095	0.3709839	0.3521863
DRB1*14:54	0.0	0.5165235	0.41114777	0.45040485
DRB1*07:01	0.0	0.6060289	0.3041133	0.34523237
DRB3*02:02	0.0	0.7062737	0.35627562	0.36471114
DQA1*01:03-DQB1*06:03	0.0	0.25654814	0.3412366	0.3249359
DRB1*03:01	0.0	0.19872934	0.7241973	0.6139669
DRB3*01:01	0.0	0.0	0.27345467	0.13927984
DRB1*04:01	1.0	1.0	0.724239	0.62213045
DQA1*06:01-DQB1*04:02	0.0	0.7278651	0.3223455	0.398276
DRB1*04:01	0.0	0.31829637	0.38328075	0.40533185
DRB3*03:01	0.0	0.5544935	0.4374619	0.5035275
DRB1*13:02	0.0	0.35722908	0.27810338	0.26231626
DRB1*14:54	0.0	0.23682487	0.27899396	0.36029768
DRB1*11:01	0.0	0.45445895	0.27689967	0.22438572
DPA1*01:03-DPB1*04:01	0.0	0.0	0.28088802	0.21420562
DRB1*13:02	0.0	0.6185565	0.35431722	0.44860905
DRB1*13:01	0.0	0.56307906	0.28422812	0.37191328
DRB1*09:01	0.0	0.71431553	0.7242912	0.62603384
DRB1*04:04	0.0	0.4775781	0.30045882	0.41462022
DRB1*14:54	0.0	0.084686644	0.27797756	0.24535657
DPA1*01:03-DPB1*04:01	0.0	0.45345432	0.27599472	0.2882087
DRB1*08:01	0.0	0.2922447	0.27597213	0.22128312
DRB1*01:01	0.0	0.0	0.27701858	0.17411493
DQA1*02:01-DQB1*03:01	0.0	0.6567793	0.29934502	0.35197216
DRB1*14:54	0.0	0.38547868	0.2792331	0.3653134
DRB1*08:02	0.0	0.0	0.27503976	0.12102794
DQA1*01:02-DQB1*05:01	0.0	0.48570848	0.27532345	0.24947265
DRB1*15:01	0.0	0.21327586	0.27610958	0.21769452
DRB1*13:02	0.0	0.3811519	0.2976355	0.3187057
DRB3*01:01	0.0	0.47010547	0.46758205	0.38806555
DRB1*07:01	0.0	0.19596183	0.28051475	0.31044945
DRB1*04:01	0.0	0.56307906	0.28688404	0.36961883
DRB1*03:01	0.0	0.2404172	0.35461342	0.41877222
DQA1*05:01-DQB1*03:03	0.0	0.55829746	0.4666375	0.38255167
DQA1*05:01-DQB1*02:01	0.0	0.10256157	0.27392343	0.20422639
DRB1*04:01	0.0	0.0	0.28818777	0.37141815
DRB1*15:01	0.0	0.45832658	0.27665097	0.22816265
DRB1*07:01	0.0	0.06723324	0.33115062	0.41072643
DQA1*03:03-DQB1*04:02	0.0	0.084686644	0.27364552	0.28949574
DRB1*03:01	0.0	0.59616107	0.5908821	0.5949536
DQA1*01:03-DQB1*06:03	0.0	0.084686644	0.27357513	0.17462185
DRB1*03:01	0.0	0.6348129	0.27443993	0.2395268
DRB1*07:01	0.0	0.640305	0.7164675	0.6511944
DRB1*03:01	0.0	0.29749924	0.27444398	0.2765451
DRB1*04:01	0.0	0.0	0.27397394	0.24409524
DRB1*03:01	0.0	0.42692825	0.27494356	0.2734487
DQA1*05:01-DQB1*03:02	0.0	0.44306937	0.27388525	0.25170088
DRB3*01:01	0.0	0.0	0.27474076	0.10262426
DQA1*01:02-DQB1*05:01	0.0	0.31366858	0.27392983	0.14047068
DRB1*04:01	0.0	0.55012625	0.27592984	0.2196289
DRB1*11:01	0.0	0.084686644	0.27530292	0.25611562
DRB3*02:02	0.0	0.0	0.2758037	0.06903258
DRB5*01:01	0.0	0.28302795	0.33564878	0.2771565
DRB1*04:01	0.0	0.0	0.27420962	0.096966095
DRB1*13:02	0.0	0.79290617	0.40773413	0.3598674
DRB1*08:01	0.0	0.7437481	0.38501552	0.28584513
DRB1*04:04	0.0	0.58831435	0.68002	0.6148305
DRB3*02:02	0.0	0.084686644	0.27553865	0.18472272
DRB1*11:01	0.0	0.39707062	0.33320862	0.42211658
DRB1*08:01	0.0	0.6185565	0.6341593	0.5338633
DRB1*04:01	0.0	0.29749924	0.27403033	0.17798096
DRB1*07:01	0.0	0.51031184	0.2760804	0.31943548
DRB1*04:01	0.0	0.29512694	0.32714474	0.4592788
DRB1*03:01	0.0	0.26931864	0.2738848	0.15789174
DRB1*04:01	0.0	0.084686644	0.32379958	0.45202133
DRB1*12:01	0.0	0.0	0.27467227	0.12392103
DRB1*04:01	0.0	0.598531	0.2740646	0.24728456
DRB1*15:01	0.0	0.35300574	0.27407137	0.06508932
DRB5*01:01	0.0	0.0	0.3404322	0.23917174
DRB1*03:01	0.0	0.42093995	0.27391025	0.16987514
DQA1*02:01-DQB1*03:01	0.0	0.084686644	0.28958836	0.287215
DRB1*03:01	0.0	0.0	0.30901304	0.3652357
DQA1*02:01-DQB1*03:03	0.0	0.29594126	0.27343673	0.19462587
DRB4*01:01	0.0	0.15969677	0.2747172	0.19672725
DQA1*02:01-DQB1*04:02	0.0	0.2075668	0.273644	0.25980097
DQA1*03:03-DQB1*04:02	0.0	0.5126518	0.29119086	0.3538263
DRB1*08:02	0.0	0.45911992	0.33404857	0.4557442
DRB1*07:01	0.0	0.5280915	0.33825123	0.46952495
DRB1*12:01	0.0	0.0	0.2784375	0.100954056
DRB1*08:02	0.0	0.0	0.27610835	0.31227374
DRB1*09:01	0.0	0.58939534	0.44437853	0.44982612
DRB1*11:01	0.0	0.6714029	0.31348115	0.3482861
DRB3*02:02	0.0	0.6662669	0.30245847	0.40424442
DRB1*03:01	0.0	0.30440545	0.27713498	0.22077397
DRB1*04:03	0.0	0.21639316	0.27356216	0.23148271
DRB3*02:02	0.0	0.57345515	0.7243469	0.6169412
DRB4*01:01	1.0	1.0	0.5494836	0.4937691
DRB1*13:02	1.0	0.82283163	0.72297245	0.6296312
DRB1*04:01	0.0	0.084686644	0.28510427	0.36203426
DQA1*05:01-DQB1*04:02	1.0	0.8201525	0.30311292	0.3865552
DRB3*03:01	0.0	0.084686644	0.33370742	0.3834438
DRB4*01:03	0.0	0.4168163	0.27894983	0.3113398
DQA1*03:01-DQB1*03:02	0.0	0.0	0.28435194	0.17574506
DRB1*03:01	0.0	0.77837855	0.28850102	0.33429748
DRB3*01:01	0.0	0.084686644	0.27363387	0.19859558
DRB4*01:01	0.0	0.4942345	0.27352217	0.22994208
DRB1*13:01	0.0	0.7703366	0.72280204	0.6452299
DRB1*03:01	0.0	0.64221066	0.72471136	0.6391849
DQA1*02:01-DQB1*03:01	0.0	0.28694254	0.277162	0.29356506
DRB1*11:04	0.0	0.25405994	0.273931	0.1880965
DRB1*03:01	0.0	0.65237737	0.33362553	0.27012232
DRB1*07:01	0.0	0.37789685	0.27959692	0.35696334
DRB1*04:05	0.0	0.6127781	0.27850515	0.22210944
DRB1*04:05	0.0	0.21477416	0.27477604	0.29015994
DQA1*02:01-DQB1*03:03	0.0	0.57345515	0.27852103	0.27732277
DRB1*09:01	0.0	0.29154882	0.274059	0.28324938
DRB1*07:01	1.0	0.83439964	0.63076407	0.6306973
DRB3*01:01	0.0	0.0	0.27378932	0.23545763
DRB1*11:01	0.0	0.084686644	0.2747671	0.22774628
DQA1*02:01-DQB1*04:02	0.0	0.576242	0.31183344	0.40275666
DRB1*13:01	0.0	0.4871359	0.27976218	0.2686563
DRB1*04:01	0.0	0.41738942	0.3257853	0.40628275
DRB1*08:02	1.0	0.80330175	0.27456075	0.3082307
DQA1*05:01-DQB1*03:02	0.0	0.43892217	0.69187194	0.61481243
DPB1*14:01	0.0	0.29749924	0.2758238	0.24530117
DRB5*01:01	0.0	0.38939136	0.34214798	0.32187468
DRB1*09:01	0.0	0.5286533	0.4371889	0.5012876
DRB1*09:01	0.0	0.2693868	0.27574342	0.29455036
DRB3*01:01	0.0	0.6231404	0.28233087	0.28124815
DRB1*03:01	0.0	0.0	0.2760712	0.20552292
DRB1*07:01	0.0	0.084686644	0.2776365	0.32017255
DRB1*04:01	0.0	0.0	0.27653548	0.31001052
DQA1*03:03-DQB1*04:02	0.0	0.44351694	0.27663437	0.120580494
DRB3*03:01	0.0	0.6384378	0.36369735	0.46768352
DRB3*01:01	0.0	0.0	0.27345967	0.20787948
DRB1*13:02	0.0	0.0	0.41880915	0.46089643
DRB4*01:03	0.0	0.084686644	0.28048518	0.43226883
DRB4*01:01	0.0	0.29749924	0.2742194	0.18330339
DQA1*01:01-DQB1*05:01	0.0	0.0	0.39162895	0.33061874
DRB1*09:01	0.0	0.084686644	0.27395108	0.21028677
DRB1*15:01	0.0	0.0	0.2768589	0.14832288
DQA1*02:01-DQB1*04:02	0.0	0.20298429	0.27402535	0.30460227
DRB1*15:01	0.0	0.0	0.27522573	0.21174061
DQA1*05:01-DQB1*04:02	0.0	0.26283994	0.27374944	0.22994831
DRB1*04:01	0.0	0.3623978	0.27413544	0.2306417
DRB1*01:01	0.0	0.5446068	0.29304335	0.28464237
DRB1*04:04	0.0	0.30190006	0.2757414	0.30654052
DRB1*13:01	0.0	0.640305	0.27832407	0.2988701
DRB3*03:01	1.0	0.8078111	0.42020333	0.48722187
DRB3*02:02	0.0	0.084686644	0.27416077	0.22989172
DQA1*02:01-DQB1*04:02	0.0	0.37582475	0.27408677	0.29588202
DRB1*14:54	0.0	0.50713235	0.2858899	0.3359176
DRB1*09:01	0.0	0.300792	0.2741093	0.35904408
DRB1*14:54	0.0	0.084686644	0.3177185	0.49636272
DQA1*05:01-DQB1*03:02	0.0	0.18877755	0.27434662	0.21073638
DRB1*11:01	0.0	0.084686644	0.27649236	0.29409122
DRB1*13:01	1.0	0.8201525	0.4514903	0.50664985
DRB1*04:05	0.0	0.27417955	0.2733753	0.17181684
DRB5*01:01	1.0	0.8984626	0.43036646	0.48090965
DQA1*03:03-DQB1*04:02	0.0	0.084686644	0.44799945	0.39302415
DRB1*04:01	0.0	0.38753664	0.2742753	0.3048679
DQA1*03:01-DQB1*03:02	0.0	0.512179	0.43361184	0.2600851
DRB1*11:01	0.0	0.084686644	0.27505085	0.1863805
DRB1*08:02	0.0	0.0	0.27436638	0.17549297
DRB3*01:01	0.0	0.36797178	0.27423587	0.20776284
DRB1*11:01	0.0	0.7900025	0.7220514	0.63591725
DRB3*03:01	0.0	0.3799037	0.33461687	0.44461367
DQA1*02:01-DQB1*03:01	0.0	0.2710032	0.27566412	0.15541507
DRB1*15:01	0.0	0.06499186	0.46625674	0.4417939
DRB1*01:01	0.0	0.0	0.27593324	0.13014853
DRB1*04:04	0.0	0.7969252	0.2739198	0.2245058
DRB1*11:01	1.0	0.8078111	0.72227746	0.64549655
DQA1*02:01-DQB1*04:02	0.0	0.46236318	0.28413147	0.36696118
DRB3*01:01	0.0	0.106531404	0.27616388	0.23133096
DRB1*01:01	0.0	0.51603055	0.36582714	0.3493167
DQA1*05:01-DQB1*04:02	0.0	0.28370214	0.2736577	0.28997993
DRB3*03:01	1.0	0.87187403	0.32612383	0.34912866
DRB1*04:01	0.0	0.0	0.27415788	0.19226827
DRB3*02:02	0.0	0.7629388	0.27765188	0.33574897
DRB5*01:01	1.0	1.0	0.71116954	0.63987106
DRB1*11:01	0.0	0.7969252	0.4346984	0.42769414
DRB1*07:01	0.0	0.6263277	0.36851707	0.439938
DRB1*03:01	0.0	0.7871874	0.35722977	0.41930354
DRB1*04:04	0.0	0.19823861	0.27382243	0.19374219
DPA1*01:03-DPB1*04:01	0.0	0.0	0.31905147	0.24237627
DRB1*08:01	0.0	0.43765026	0.27437508	0.21200389
DRB3*01:01	0.0	0.084686644	0.27331075	0.20973215
DQA1*01:03-DQB1*06:03	0.0	0.5369004	0.69128263	0.5911368
DRB1*15:01	0.0	0.0	0.27676702	0.25120816
DRB1*01:01	0.0	0.34471145	0.30431542	0.25899202
DRB1*03:01	0.0	0.289492	0.3763305	0.41321915
DRB1*11:01	0.0	0.4220003	0.27518216	0.296063
DQA1*03:03-DQB1*04:02	0.0	0.084686644	0.33147106	0.41874322
DRB1*01:01	0.0	0.16223891	0.27669385	0.17229241
DRB1*01:01	0.0	0.3624911	0.29904976	0.30384612
DRB1*07:01	0.0	0.2438957	0.27780527	0.33268166
DRB1*04:01	0.0	0.5872459	0.3020681	0.38896465
DRB4*01:01	0.0	0.1632281	0.27362525	0.19256163
DRB1*08:02	0.0	0.1731101	0.27403504	0.19308773
DRB1*04:01	0.0	0.2452248	0.2742031	0.14241686
DRB1*11:01	0.0	0.0	0.28301424	0.31757575
DRB1*14:54	0.0	0.084686644	0.38584554	0.40240002
DRB1*08:01	0.0	0.5280915	0.27760366	0.14250408
DRB1*07:01	0.0	0.40574387	0.28890893	0.34159568
DRB4*01:03	0.0	0.59271634	0.2771947	0.3563161
DRB1*15:01	1.0	0.9911911	0.7232143	0.5987742
DRB1*11:01	0.0	0.0	0.28589776	0.23238234
DRB1*13:01	0.0	0.512179	0.28080386	0.2914068
DRB3*01:01	0.0	0.0	0.27792633	0.059788432
DQA1*03:03-DQB1*04:02	0.0	0.30117592	0.27333	0.19335857
DRB1*11:04	0.0	0.0	0.27819726	0.11758346
DQA1*02:01-DQB1*03:03	0.0	0.3627716	0.278006	0.13164186
DQA1*01:03-DQB1*06:03	0.0	0.198365	0.27514264	0.09278295
DRB1*11:01	0.0	0.2181193	0.30503467	0.42475006
DRB1*11:01	0.0	0.084686644	0.27602983	0.2307435
DRB1*13:01	0.0	0.084686644	0.28837413	0.29635105
DRB1*04:04	0.0	0.43723017	0.29747403	0.4228726
DRB1*09:01	0.0	0.20821527	0.27481267	0.29717472
DRB4*01:01	0.0	0.0	0.2752784	0.15775219
DRB1*01:01	0.0	0.5107751	0.2966453	0.36402723
DPA1*02:01-DPB1*05:01	0.0	0.0	0.27676865	0.2354705
DQA1*01:02-DQB1*05:01	0.0	0.6567793	0.7089614	0.6011751
DRB1*08:02	0.0	0.43474886	0.35321274	0.40732595
DQB1*03:01	0.0	0.29749924	0.27739483	0.25823763
DRB1*11:01	0.0	0.591596	0.33579487	0.318061
DRB1*14:54	0.0	0.3260179	0.2761437	0.26151654
DRB1*07:01	0.0	0.084686644	0.27668145	0.22048742
DQA1*06:01-DQB1*04:02	0.0	0.44218066	0.42762205	0.44694766
DQA1*05:01-DQB1*03:03	0.0	0.084686644	0.2782074	0.12494789
DQA1*01:01-DQB1*05:01	0.0	0.0	0.2733987	0.124012105
DRB1*15:01	0.0	0.5743748	0.3784894	0.4079463
DQA1*02:01-DQB1*04:02	0.0	0.084686644	0.2740648	0.2777432
DRB1*15:01	0.0	0.38299814	0.724059	0.6186933
DRB3*02:02	0.0	0.084686644	0.27475968	0.22053385
DRB1*07:01	0.0	0.6567793	0.28008544	0.39277595
DQA1*02:01-DQB1*02:02	0.0	0.0	0.33711803	0.44201607
DQA1*02:01-DQB1*03:03	0.0	0.084686644	0.27568322	0.1877696
DQA1*05:01-DQB1*03:03	0.0	0.3620255	0.27327088	0.24493551
DRB3*01:01	0.0	0.7629388	0.27400213	0.20706514
DRB1*09:01	0.0	0.38195512	0.27414674	0.30271712
DQA1*05:01-DQB1*04:02	0.0	0.30811405	0.27482876	0.1716167
DRB1*03:01	0.0	0.5205645	0.33650306	0.4022734
DRB1*07:01	1.0	1.0	0.72230476	0.6275336
DRB1*13:01	0.0	0.5210823	0.2946111	0.41743925
DRB1*15:01	0.0	0.2750091	0.3551624	0.3788817
DRB3*01:01	0.0	0.0	0.27461433	0.11143771
DQA1*05:01-DQB1*04:02	0.0	0.084686644	0.40602192	0.41948694
DQA1*02:01-DQB1*04:02	0.0	0.5145674	0.27481598	0.3217281
DRB1*13:01	0.0	0.7560895	0.27895164	0.28437686
DQA1*05:01-DQB1*02:01	0.0	0.3938695	0.27389276	0.17501399
DRB1*07:01	0.0	0.7560895	0.71974236	0.6578042
DRB3*01:01	0.0	0.63132477	0.27466205	0.24628305
DRB1*13:01	0.0	0.33555314	0.2807069	0.26289564
DRB1*15:01	0.0	0.12125288	0.27633473	0.12886
DRB1*04:04	0.0	0.58939534	0.41195133	0.50668234
DRB1*07:01	0.0	0.17791224	0.72359663	0.63813424
DRB1*12:01	0.0	0.0	0.27993152	0.03457752
DRB1*07:01	1.0	1.0	0.34971842	0.5067969
DRB1*03:01	0.0	0.07626507	0.35080224	0.38625908
DRB1*07:01	0.0	0.0	0.27930972	0.350519
DQA1*05:01-DQB1*03:02	0.0	0.084686644	0.2775082	0.17159927
DRB1*03:01	0.0	0.71861506	0.47904637	0.48590946
DRB1*15:01	0.0	0.084686644	0.33981678	0.40708297
DRB1*07:01	0.0	0.0	0.27636075	0.24774975
DRB1*01:01	1.0	0.90187144	0.7224598	0.6182288
DRB4*01:01	0.0	0.19263363	0.3020053	0.3227901
DQA1*01:02-DQB1*05:01	0.0	0.084686644	0.625146	0.60213923
DRB1*07:01	0.0	0.0	0.28908262	0.29061916
DRB1*09:01	0.0	0.59733844	0.27720657	0.35843572
DRB1*14:54	1.0	0.83439964	0.42450136	0.48449382
DRB5*01:01	0.0	0.02062367	0.53224784	0.5104086
DRB3*01:01	0.0	0.0	0.27609742	0.13287908
DRB3*02:02	0.0	0.44954166	0.2737721	0.16674088
DRB1*04:04	0.0	0.084686644	0.2773935	0.26167655
DQA1*02:01-DQB1*04:02	0.0	0.084686644	0.38131967	0.44977155
DRB1*13:01	0.0	0.63132477	0.34853038	0.48186836
DRB1*11:01	0.0	0.51902837	0.5995861	0.610442
DRB1*07:01	0.0	0.60220397	0.28149942	0.3681232
DRB1*11:01	0.0	0.35175052	0.2807839	0.24080062
DRB1*15:01	0.0	0.5126518	0.72122675	0.6219587
DRB1*04:04	0.0	0.46099797	0.27736276	0.37218982
DQA1*05:01-DQB1*02:01	0.0	0.0	0.2740426	0.21964489
DRB5*01:01	0.0	0.3811519	0.4479021	0.3765593
DRB1*13:01	0.0	0.738145	0.31226194	0.42220896
DRB1*04:04	0.0	0.084686644	0.27461115	0.19401313
DRB1*04:05	0.0	0.21246205	0.27357268	0.19040427
DRB3*01:01	0.0	0.0	0.2734808	0.24763599
DQA1*01:02-DQB1*05:01	0.0	0.084686644	0.27366564	0.15091312
DQA1*01:03-DQB1*06:03	0.0	0.35982266	0.2788624	0.13619813
DRB1*01:01	0.0	0.0	0.28122887	0.21506032
DQA1*06:01-DQB1*04:02	0.0	0.084686644	0.27399585	0.19176692
DRB1*03:01	0.0	0.0	0.27444598	0.27275506
DRB1*07:01	0.0	0.3165195	0.2783447	0.40475884
DQA1*01:03-DQB1*06:03	0.0	0.084686644	0.27631316	0.09014994
DQA1*01:02-DQB1*05:01	0.0	0.37844995	0.28554958	0.32696953
DRB1*04:01	0.0	0.0	0.2751053	0.117383845
DRB1*11:01	0.0	0.5473253	0.72270006	0.6271728
DQA1*01:01-DQB1*05:01	0.0	0.0	0.34343413	0.19893798
DRB1*08:01	0.0	0.30611423	0.2763471	0.12760723
DRB1*01:01	0.0	0.0	0.34974205	0.3050479
DRB1*03:01	0.0	0.6953878	0.456944	0.4176359
DRB1*04:04	0.0	0.521603	0.2745327	0.22250806
DRB1*15:02	0.0	0.13189885	0.27654475	0.18452388
DRB3*02:02	0.0	0.084686644	0.27436766	0.19963385
DRB1*01:01	0.0	0.0	0.31377083	0.32161352
DQA1*02:01-DQB1*04:02	0.0	0.26186058	0.27355957	0.1842637
DRB1*09:01	0.0	0.17734379	0.29780474	0.31717563
DRB1*04:05	0.0	0.1793424	0.28381583	0.23620309
DQA1*01:02-DQB1*05:01	0.0	0.084686644	0.28412163	0.25239906
DRB1*04:05	0.0	0.12979719	0.2739153	0.12572788
DRB3*02:02	0.0	0.14672026	0.29860204	0.34551674
DQA1*02:01-DQB1*03:01	0.0	0.4190271	0.35888553	0.37592822
DRB1*04:04	0.0	0.71431553	0.7232514	0.6500331
DRB5*01:01	0.0	0.0	0.33652973	0.2543573
DRB1*15:01	0.0	0.70250076	0.37184268	0.40464312
DRB1*11:01	0.0	0.7437481	0.7219264	0.6402521
DRB1*01:01	0.0	0.33323973	0.28155538	0.3888634
DRB1*13:01	0.0	0.0	0.277252	0.19178167
DRB1*13:02	0.0	0.0	0.45398432	0.4119532
DRB3*01:01	0.0	0.0	0.30788055	0.19149745
DRB1*11:01	0.0	0.60473627	0.2790765	0.2858726
DQA1*05:01-DQB1*04:02	0.0	0.084686644	0.27365637	0.22116774
DRB3*02:02	0.0	0.7062737	0.35231945	0.36229634
DRB1*12:01	0.0	0.0	0.27873003	0.0712282
DRB5*01:01	0.0	0.7871874	0.48013657	0.53120214
DRB1*08:01	0.0	0.084686644	0.27680635	0.14126714
DQA1*06:01-DQB1*04:02	0.0	0.084686644	0.2735691	0.14467457
DQA1*03:03-DQB1*04:02	0.0	0.25962517	0.2731993	0.237535
DRB3*01:01	0.0	0.4478806	0.48581856	0.363333
DQA1*05:01-DQB1*03:02	0.0	0.34273034	0.27428287	0.24701905
DRB1*11:01	0.0	0.5689894	0.27563426	0.24249607
DRB1*03:01	1.0	0.8078111	0.28746313	0.2897369
DRB3*01:01	0.0	0.3620255	0.69607145	0.61566716
DQA1*05:01-DQB1*02:01	0.0	0.0	0.27526364	0.2061911
DRB3*03:01	0.0	0.084686644	0.35173228	0.4151553
DQA1*01:02-DQB1*05:01	0.0	0.3493711	0.27966955	0.22076187
DPB1*04:01	0.0	0.20704433	0.2777965	0.260893
DRB1*04:01	0.0	0.5375186	0.27481723	0.23567796
DRB1*04:01	0.0	0.09139387	0.37560666	0.45267004
DRB3*03:01	0.0	0.34116063	0.3219847	0.33142787
DRB1*08:01	0.0	0.084686644	0.27387774	0.15539104
DRB1*04:01	0.0	0.3897668	0.27400362	0.24351078
DQA1*02:01-DQB1*03:01	0.0	0.084686644	0.2871771	0.29837155
DPB1*14:01	0.0	0.0	0.43476865	0.3507651
DRB1*09:01	0.0	0.30941913	0.41642457	0.48751503
DPA1*01:03-DPB1*02:01	0.0	0.033931322	0.27578086	0.2529661
DRB1*11:01	0.0	0.7062737	0.28810287	0.30129564
DQA1*05:01-DQB1*04:02	0.0	0.41564742	0.27420238	0.271378
DRB1*07:01	0.0	0.5689894	0.28010207	0.3026423
DRB1*03:01	0.0	0.37669155	0.29724732	0.35940713
DRB1*09:01	0.0	0.31674686	0.27384073	0.22128418
DRB1*08:01	0.0	0.49860802	0.30031246	0.37947255
DRB1*12:01	0.0	0.0	0.27399457	0.13201752
DRB1*08:02	0.0	0.28616259	0.27403104	0.20878515
DRB1*07:01	0.0	0.70250076	0.2766242	0.3279997
DRB1*15:01	0.0	0.0	0.61066645	0.515335
DRB1*03:01	0.0	0.51902837	0.27399263	0.19770531
DQA1*02:01-DQB1*03:01	0.0	0.2445709	0.28052133	0.29772595
DQA1*02:01-DQB1*03:01	0.0	0.084686644	0.2800382	0.33547544
DRB1*15:01	1.0	0.9757514	0.36643296	0.44335276
DRB5*01:01	1.0	0.93593705	0.70666116	0.6617792
DRB1*07:01	1.0	0.8569691	0.28051242	0.3867771
DQA1*05:01-DQB1*02:01	0.0	0.0	0.27718523	0.25090346
DRB1*03:01	0.0	0.74971294	0.27478686	0.2095938
DQA1*01:02-DQB1*05:01	0.0	0.42217818	0.30404478	0.3781871
DRB1*11:01	0.0	0.15393893	0.2751228	0.14392129
DRB1*09:01	0.0	0.0	0.50456315	0.51375467
DRB1*15:01	0.0	0.02062367	0.2747968	0.22530074
DRB1*08:02	0.0	0.0	0.27517653	0.10764819
DRB1*03:01	0.0	0.0	0.27426976	0.33031982
DRB4*01:03	0.0	0.60096335	0.27700374	0.33999768
DQA1*01:01-DQB1*05:01	0.0	0.0	0.27351964	0.15627372
DRB3*02:02	0.0	0.0	0.27381685	0.17794928
DRB1*14:54	0.0	0.34595206	0.27919045	0.36795807
DRB1*07:01	0.0	0.052603777	0.27671668	0.24979632
DQA1*02:01-DQB1*03:01	0.0	0.45885473	0.2792444	0.23748228
DRB3*01:01	0.0	0.32237846	0.2733627	0.20987788
DRB1*11:01	0.0	0.0	0.27580333	0.15718727
DRB1*07:01	0.0	0.6887833	0.72147936	0.64546025
DRB1*03:01	0.0	0.0	0.27380794	0.15257522
DRB5*01:01	0.0	0.084686644	0.35221344	0.33204597
DRB1*01:01	0.0	0.29749924	0.2792097	0.338311
DRB1*09:01	0.0	0.39816278	0.2753299	0.2909491
DRB1*07:01	0.0	0.0	0.27672294	0.25904223
DRB1*07:01	0.0	0.39761508	0.27712706	0.3163688
DRB4*01:01	0.0	0.41384	0.27400836	0.18993428
DRB1*01:01	0.0	0.084686644	0.30109578	0.30591443
DQA1*05:01-DQB1*04:02	0.0	0.25455225	0.27377164	0.19689287
DPA1*02:01-DPB1*05:01	0.0	0.17868842	0.27378258	0.14435256
DRB5*01:01	0.0	0.05358876	0.3480684	0.30501163
DRB5*01:01	0.0	0.084686644	0.37840378	0.36510274
DRB4*01:01	0.0	0.48968816	0.71270937	0.60731906
DPA1*01:03-DPB1*04:01	0.0	0.0	0.27358022	0.09470425
DQA1*02:01-DQB1*03:01	0.0	0.6796851	0.28109324	0.35782126
DRB1*08:02	0.0	0.32831106	0.28570437	0.2918793
DRB4*01:01	0.0	0.4572793	0.27824354	0.24152343
DRB1*08:02	0.0	0.0	0.27392647	0.24155334
DRB1*12:01	0.0	0.0	0.27502903	0.16625708
DRB1*04:05	0.0	0.15970717	0.47571617	0.3549862
DRB1*01:01	0.0	0.3885468	0.7232783	0.6357148
DRB1*11:01	0.0	0.56307906	0.7222026	0.6392563
DRB1*04:01	0.0	0.47921395	0.7242509	0.64060956
DRB3*01:01	0.0	0.2230446	0.27350757	0.13363035
DRB3*01:01	0.0	0.71431553	0.2735328	0.23521717
DRB1*01:01	0.0	0.0	0.34789804	0.40166217
DRB1*04:01	0.0	0.38656247	0.27428496	0.15213431
DRB1*11:01	0.0	0.46980685	0.28915176	0.32427934
DRB1*11:01	0.0	0.3914116	0.276422	0.24248068
DRB1*01:01	0.0	0.4220714	0.3882771	0.42955554
DPA1*02:01-DPB1*05:01	0.0	0.024225848	0.2742885	0.31384993
DRB1*12:01	0.0	0.084686644	0.37960464	0.21977183
DRB1*04:04	0.0	0.084686644	0.27416855	0.2805386
DRB3*02:02	0.0	0.084686644	0.27376595	0.18845682
DPA1*02:01-DPB1*14:01	1.0	0.8924977	0.3465067	0.44838038
DRB5*01:01	0.0	0.54663813	0.3582523	0.35946712
DRB1*11:01	0.0	0.40514952	0.28899103	0.3364719
DRB1*07:01	0.0	0.7560895	0.27854759	0.34170014
DRB1*04:01	0.0	0.4325314	0.2748112	0.2507336
DRB1*03:01	0.0	0.34005553	0.28886876	0.3168941
DQA1*06:01-DQB1*04:02	0.0	0.084686644	0.2741155	0.20704466
DQA1*01:02-DQB1*05:01	0.0	0.59271634	0.27743217	0.27843505
DRB1*04:01	0.0	0.5743748	0.27461037	0.21676053
DRB1*03:01	0.0	0.27428734	0.2737306	0.20239387
DQA1*02:01-DQB1*03:03	0.0	0.084686644	0.27610508	0.2038893
DRB3*03:01	0.0	0.7703366	0.7079725	0.6665501
DRB3*03:01	0.0	0.48430276	0.5993595	0.5914293
DRB4*01:01	0.0	0.27676472	0.39165828	0.3374933
DRB3*02:02	0.0	0.44195983	0.27469456	0.23890863
DRB3*02:02	0.0	0.36342943	0.3539552	0.3846795
DRB4*01:03	0.0	0.7629388	0.72393453	0.6377278
DRB5*01:01	0.0	0.0	0.39991426	0.45884636
DQA1*02:01-DQB1*03:01	0.0	0.084686644	0.2781406	0.25101835
DRB1*07:01	0.0	0.35453483	0.43590686	0.4272073
DRB5*01:01	1.0	0.8078111	0.4580974	0.40456223
DQA1*05:01-DQB1*03:02	0.0	0.3954562	0.27792472	0.28716466
DRB4*01:03	0.0	0.37379807	0.27619395	0.303356
DRB1*03:01	0.0	0.4942345	0.27407902	0.1414411
DQA1*05:01-DQB1*03:02	0.0	0.502347	0.28783375	0.27306274
DQA1*03:03-DQB1*04:02	0.0	0.15851821	0.28328928	0.36523774
DRB3*02:02	0.0	0.45098954	0.7246349	0.633046
DRB3*01:01	0.0	0.0	0.27348018	0.22957614
DRB1*03:01	0.0	0.0	0.27387202	0.19259945
DRB4	0.0	0.0	0.2874858	0.30768484
DRB3*02:02	1.0	0.85125035	0.40748012	0.46596962
DRB1*13:02	1.0	0.8188415	0.35010305	0.39053798
DQA1*02:01-DQB1*04:02	0.0	0.4020903	0.27434173	0.26091313
DRB1*03:01	1.0	0.87187403	0.7248389	0.6290719
DRB1*03:01	0.0	0.54003364	0.31841585	0.41134906
DQA1*01:02-DQB1*05:01	0.0	0.48020953	0.27612025	0.23923002
DRB1*09:01	0.0	0.17562203	0.2736374	0.25657266
DQA1*03:03-DQB1*04:02	0.0	0.66380215	0.37731412	0.3337614
DRB3*03:01	1.0	0.8984626	0.3473858	0.348171
DRB1*03:01	0.0	0.49619684	0.28695562	0.2723208
DRB1*04:04	0.0	0.084686644	0.27615312	0.3092775
DRB1*09:01	0.0	0.32514122	0.4293125	0.5074736
DRB1*15:01	0.0	0.0	0.2743431	0.11300024
DRB1*13:01	0.0	0.084686644	0.2780936	0.23321027
DPB1*14:01	0.0	0.0	0.27726245	0.22552785
DQA1*02:01-DQB1*04:02	0.0	0.7703366	0.44121206	0.44117108
DRB1*04:01	0.0	0.4337934	0.27441132	0.32360864
DQA1*02:01-DQB1*03:01	0.0	0.31708896	0.2778619	0.2422815
DPA1*01:03-DPB1*02:01	0.0	0.0	0.27448857	0.10731192
DRB1*07:01	0.0	0.33239892	0.27607757	0.3004803
DRB3*02:02	0.0	0.084686644	0.27464488	0.20169726
DQA1*01:03-DQB1*06:03	0.0	0.10287048	0.2749226	0.12276935
DRB1*07:01	0.0	0.15654649	0.28570694	0.45146054
DRB1*08:02	0.0	0.084686644	0.33613828	0.33607095
DRB1*07:01	0.0	0.084686644	0.28845257	0.40448794
DRB1*04:01	0.0	0.084686644	0.30545256	0.25193608
DRB1*04:04	0.0	0.39479175	0.27397013	0.2588499
DRB1*13:01	0.0	0.738145	0.3210617	0.44911808
DRB1*03:01	0.0	0.084686644	0.29045066	0.382079
DQA1*05:01-DQB1*03:02	0.0	0.49820176	0.2898651	0.40396076
DQA1*02:01-DQB1*03:01	0.0	0.237716	0.27608448	0.16450782
DRB1*11:01	0.0	0.6441565	0.35881504	0.4244094
DRB1*04:01	0.0	0.31214	0.2756757	0.30877858
DRB1*13:01	1.0	0.8201525	0.7228987	0.62793034
DQA1*01:02-DQB1*05:01	0.0	0.41095653	0.27445033	0.2612435
DRB1*09:01	0.0	0.6545521	0.274397	0.33802748
DRB3*02:02	0.0	0.084686644	0.27457255	0.26120594
DRB1*14:54	0.0	0.6348129	0.3078715	0.44403568
DQA1*05:01-DQB1*03:03	0.0	0.49901608	0.31374803	0.27302796
DQA1*06:01-DQB1*04:02	0.0	0.27417955	0.27376613	0.17501563
DQA1*06:01-DQB1*04:02	0.0	0.3021427	0.40061206	0.37586546
DPA1*02:01-DPB1*05:01	0.0	0.0	0.27368155	0.16119038
DRB1*04:04	0.0	0.29866183	0.27416876	0.2860273
DRB1*04:01	0.0	0.64221066	0.27393034	0.19752884
DQA1*02:01-DQB1*03:03	0.0	0.59048915	0.42311543	0.28307638
DQA1*06:01-DQB1*04:02	0.0	0.5997392	0.29095656	0.35618207
DQA1*05:01-DQB1*04:02	0.0	0.32582933	0.2746704	0.26139987
DQA1*05:01-DQB1*03:03	0.0	0.28644916	0.27359605	0.2599308
DQA1*05:01-DQB1*03:01	0.0	0.4261814	0.2736778	0.15394592
DRB1*04:04	0.0	0.084686644	0.3783056	0.3796873
DQA1*02:01-DQB1*04:02	0.0	0.37680048	0.2758922	0.3180509
DQA1*05:01-DQB1*03:03	0.0	0.27728313	0.6692138	0.61222607
DRB1*01:01	0.0	0.19987926	0.27731487	0.17565474
DRB3*01:01	0.0	0.084686644	0.27361128	0.1535933
DRB4*01:01	0.0	0.37379807	0.2980085	0.32396227
DRB1*11:01	1.0	0.8790795	0.44812033	0.49393785
DRB1*13:02	1.0	0.9082004	0.27989605	0.25846988
DRB1*08:01	0.0	0.0967591	0.27531052	0.11875455
DQA1*05:01-DQB1*03:03	0.0	0.2647655	0.2737302	0.26795423
DRB1*01:01	1.0	0.87187403	0.37402123	0.32533133
DQA1*03:03-DQB1*04:02	0.0	0.084686644	0.2733197	0.22460823
DRB1*01:01	0.0	0.0	0.27908722	0.23764451
DRB1*11:01	0.0	0.5508399	0.27896494	0.23452154
DPA1*02:01-DPB1*05:01	0.0	0.0	0.2738231	0.09007117
DRB1*04:01	0.0	0.17767179	0.2741052	0.262663
DQA1*06:01-DQB1*04:02	0.0	0.084686644	0.27493247	0.110729426
DRB5*01:01	0.0	0.084686644	0.33698338	0.28021005
DQA1*02:01-DQB1*03:01	0.0	0.4060425	0.3305084	0.48077378
DRB3*01:01	0.0	0.084686644	0.2770129	0.0580785
DRB1*15:01	0.0	0.23817696	0.2794376	0.21883279
DQA1*05:01-DQB1*03:02	0.0	0.084686644	0.27982083	0.13470332
DRB1*01:01	0.0	0.68565	0.50184786	0.41786778
DRB1*03:01	0.0	0.054617725	0.29990608	0.28273
DRB5*01:01	0.0	0.02062367	0.3455516	0.24402305
DRB1*13:01	0.0	0.69202656	0.7238607	0.64096576
DRB1*08:02	0.0	0.07682362	0.29636163	0.4507054
DRB1*01:01	0.0	0.33307552	0.2827837	0.28580782
DRB1*03:01	0.0	0.71020716	0.31519857	0.4184697
DRB1*07:01	0.0	0.6953878	0.41825026	0.486478
DRB1*11:01	0.0	0.4158135	0.27447572	0.15183774
DRB1*04:04	0.0	0.48606324	0.27809402	0.33958897
DRB1*10:01	0.0	0.0	0.27340245	0.14516732
DRB1*07:01	0.0	0.0	0.2845939	0.34957135
DRB4*01:03	1.0	0.83439964	0.32068333	0.47639668
DRB1*03:01	0.0	0.2740002	0.282436	0.37415951
DRB4*01:03	0.0	0.4871359	0.2788675	0.238075
DPA1*02:01-DPB1*01:01	0.0	0.0	0.27455083	0.17589992
DRB1*09:01	0.0	0.084686644	0.27458307	0.22564444
DQA1*02:01-DQB1*03:03	0.0	0.22296205	0.2754715	0.19583455
DRB1*09:01	0.0	0.0	0.28030467	0.4006756
DQB1*06:02	0.0	0.29749924	0.3319263	0.3902656
DRB1*04:05	0.0	0.6768411	0.27357805	0.22701526
DRB1*13:01	0.0	0.28502506	0.28378808	0.21937536
DQA1*05:01-DQB1*03:03	0.0	0.34205434	0.27737898	0.22384638
DRB3*02:02	0.0	0.084686644	0.7067454	0.4971558
DRB1*04:01	0.0	0.38765913	0.2752866	0.2197282
DQA1*06:01-DQB1*04:02	1.0	0.85125035	0.36814067	0.33615077
DRB1*03:01	0.0	0.39077553	0.27648517	0.27787736
DQA1*02:01-DQB1*03:03	0.0	0.3158971	0.27633277	0.24507567
DRB1*07:01	0.0	0.4660101	0.27811953	0.29732603
DQA1*03:03-DQB1*04:02	0.0	0.32129607	0.27612337	0.20590241
DQA1*05:01-DQB1*04:02	0.0	0.084686644	0.27370027	0.2385633
DRB1*11:01	0.0	0.0	0.27652237	0.2272552
DRB1*03:01	0.0	0.7629388	0.34916773	0.36396265
DRB1*11:01	0.0	0.70250076	0.36257163	0.44179708
DRB3*01:01	0.0	0.05669019	0.2816592	0.34504598
DPA1*02:01-DPB1*05:01	0.0	0.3896415	0.29997233	0.3331809
DRB1*15:01	0.0	0.4185122	0.27388468	0.09899434
DRB1*07:01	0.0	0.124025926	0.2765146	0.32755953
DRB3*01:01	0.0	0.20151684	0.2738436	0.18176982
DRB1*08:02	0.0	0.057430457	0.2741471	0.1157727
DRB1*03:01	0.0	0.0020276671	0.27382803	0.21539766
DRB1*12:01	0.0	0.029137274	0.27484715	0.204266
DRB1*15:01	0.0	0.60473627	0.30903324	0.45696077
DRB4*01:01	0.0	0.6953878	0.27374607	0.26071844
DRB1*01:01	0.0	0.35526058	0.27839303	0.27738482
DQA1*05:01-DQB1*04:02	0.0	0.5432769	0.7202896	0.6444519
DRB1*07:01	1.0	0.85125035	0.7216074	0.624432
DRB3*02:02	0.0	0.40237734	0.27396828	0.22529098
DRB1*14:54	0.0	0.5112407	0.30512443	0.38973612
DRB1*09:01	0.0	0.5426191	0.27378073	0.25492215
DRB1*03:01	0.0	0.084686644	0.27455914	0.22441775
DRB1*09:01	0.0	0.33731362	0.2739019	0.27720854
DQA1*05:01-DQB1*03:03	0.0	0.4766103	0.27503946	0.20292361
DRB1*04:01	0.0	0.0	0.27380073	0.235671
DRB5*01:01	0.0	0.084686644	0.35601544	0.38734064
DQA1*01:02-DQB1*05:01	0.0	0.084686644	0.39433533	0.4042918
DRB3*02:02	0.0	0.24556667	0.2744932	0.28210795
DQA1*05:01-DQB1*02:01	0.0	0.57743126	0.30127528	0.28728467
DQA1*03:01-DQB1*03:02	0.0	0.030953819	0.276236	0.20669603
DQA1*01:01-DQB1*05:01	0.0	0.0	0.28054315	0.16282555
DRB1*01:01	0.0	0.02062367	0.2843246	0.23280883
DRB1*04:01	0.0	0.084686644	0.27436548	0.21116233
DRB1*11:01	0.0	0.084686644	0.2758009	0.3044561
DRB1*04:04	0.0	0.48677695	0.27595344	0.3159504
DQA1*02:01-DQB1*04:02	0.0	0.31634933	0.28227603	0.32943174
DPA1*03:01-DPB1*04:02	0.0	0.0	0.27432454	0.17297618
DQA1*05:01-DQB1*04:02	0.0	0.084686644	0.2739836	0.16379586
DRB1*07:01	0.0	0.23088399	0.27649382	0.32909268
DRB1*08:01	0.0	0.21637394	0.27447188	0.18363804
DRB1*13:01	1.0	1.0	0.7205337	0.6248866
DRB1*03:01	0.0	0.4766103	0.27524498	0.23802555
DRB1*13:01	0.0	0.7328622	0.3683038	0.43094742
DRB1*04:04	0.0	0.7629388	0.29301298	0.4192976
DPA1*01:03-DPB1*04:01	0.0	0.0	0.30410197	0.16886947
DRB1*11:01	0.0	0.3725406	0.3209116	0.47204924
DRB1*04:04	0.0	0.084686644	0.2744619	0.3114654
DRB1*14:54	0.0	0.20023349	0.2761222	0.27876338
DQA1*06:01-DQB1*04:02	0.0	0.5002512	0.57493204	0.58045197
DQA1*05:01-DQB1*03:03	0.0	0.3877818	0.27312097	0.24378294
DPA1*01:03-DPB1*04:01	1.0	0.8984626	0.57073796	0.5084714
DRB1*11:01	0.0	0.6662669	0.35372072	0.46335256
DRB1*03:01	0.0	0.32177556	0.27397567	0.20693615
DRB1*03:01	0.0	0.5508399	0.27394265	0.15271321
DQA1*02:01-DQB1*03:01	0.0	0.6366076	0.27754033	0.3036962
DQA1*02:01-DQB1*03:01	0.0	0.084686644	0.27759993	0.21388641
DQA1*03:03-DQB1*04:02	0.0	0.24979848	0.27344078	0.18673223
DQA1*03:03-DQB1*04:02	0.0	0.084686644	0.273904	0.21129677
DRB1*04:05	0.0	0.26042616	0.27435347	0.09236651
DRB3*03:01	0.0	0.3670845	0.33015054	0.35113466
DRB1*07:01	0.0	0.084686644	0.34770095	0.4561808
DRB1*09:01	0.0	0.58108205	0.27391714	0.2926002
DRB3*02:02	0.0	0.3198723	0.57320493	0.5253498
DRB4*01:03	0.0	0.084686644	0.27633432	0.3351185
DRB1*13:02	0.0	0.0	0.27528316	0.14866078
DQA1*05:01-DQB1*03:02	0.0	0.50492644	0.28371096	0.26926783
DRB1*04:01	0.0	0.6384378	0.2738122	0.29670495
DRB3*01:01	0.0	0.3575825	0.2964479	0.35550895
DRB1*14:54	0.0	0.61707765	0.3343294	0.45115352
DQA1*05:01-DQB1*03:02	0.0	0.2937855	0.2950542	0.38260594
DQA1*02:01-DQB1*04:02	0.0	0.18180718	0.2732862	0.21280816
DRB1*07:01	1.0	0.8630652	0.6022359	0.5839656
DQA1*05:01-DQB1*03:03	0.0	0.33781263	0.2827025	0.3382875
DQA1*02:01-DQB1*04:02	0.0	0.557524	0.32895744	0.33602253
DRB1*04:04	0.0	0.21483082	0.28045636	0.32699594
DRB1*04:05	0.0	0.29745305	0.27734026	0.315094
DRB1*11:01	0.0	0.5145674	0.30880678	0.40120035
DRB1*14:54	0.0	0.58514524	0.38310933	0.5026632
DRB1*04:01	0.0	0.0	0.28963926	0.31482893
DPA1*02:01-DPB1*05:01	0.0	0.0	0.27405614	0.086905114
DRB1*04:01	0.0	0.0	0.274373	0.22506185
DQA1*05:01-DQB1*04:02	0.0	0.084686644	0.27386016	0.20890297
DQA1*02:01-DQB1*03:01	0.0	0.69887584	0.34892273	0.4200645
DQA1*02:01-DQB1*04:02	0.0	0.4236139	0.2739307	0.27499327
DRB1*11:01	0.0	0.57345515	0.3097298	0.44086424
DRB3*02:02	0.0	0.0	0.27378944	0.15373877
DRB1*15:01	0.0	0.17509203	0.27592	0.18664864
DRB1*03:01	0.0	0.31290114	0.27380747	0.1577523
DQA1*02:01-DQB1*04:02	0.0	0.084686644	0.27342188	0.2462269
DQA1*02:01-DQB1*03:01	0.0	0.1989041	0.30286947	0.28757608
DRB1*12:01	0.0	0.29749924	0.27393818	0.23128399
DPA1*02:01-DPB1*01:01	0.0	0.0	0.31063756	0.37259066
DQA1*05:01-DQB1*03:03	0.0	0.36797178	0.27426475	0.22005495
DQA1*01:02-DQB1*05:01	0.0	0.3142761	0.27661002	0.24680838
DQB1*03:02	0.0	0.0	0.27816796	0.15948135
DRB1*03:01	0.0	0.028894374	0.27523097	0.2237761
DRB3*01:01	0.0	0.1460177	0.30386817	0.39098626
DRB3*02:02	0.0	0.13343656	0.2754308	0.23833597
DRB1*11:01	0.0	0.68261945	0.38572693	0.43817922
DQA1*02:01-DQB1*03:01	0.0	0.30936655	0.7245957	0.6374321
DRB1*04:01	0.0	0.4185122	0.27386194	0.22709748
DRB1*01:01	1.0	0.87187403	0.28646842	0.25618115
DRB1*04:05	0.0	0.5369004	0.2754536	0.30034697
DRB1*07:01	0.0	0.02062367	0.2771347	0.1860942
DRB1*04:01	0.0	0.084686644	0.27412727	0.2274163
DQA1*02:01-DQB1*03:01	0.0	0.32225755	0.2849969	0.3125905
DRB1*01:01	0.0	0.7278651	0.45449692	0.33694327
DRB1*09:01	0.0	0.23336698	0.2738102	0.21031904
DRB1*03:01	0.0	0.084686644	0.27619857	0.1571497
DRB1*03:01	0.0	0.0	0.27405235	0.094274074
DRB1*09:01	0.0	0.084686644	0.27709812	0.245559
DRB5*01:01	0.0	0.17031385	0.3782455	0.4069729
DRB1*04:05	0.0	0.15847713	0.27443326	0.22836092
DRB1*15:01	0.0	0.0	0.2768967	0.23424809
DRB3*01:01	0.0	0.084686644	0.27358976	0.22449625
DRB5*01:01	0.0	0.17789957	0.34996864	0.33570555
DRB1*03:01	0.0	0.0	0.27463514	0.20001526
DPA1*01:03-DPB1*04:01	0.0	0.0	0.27421683	0.15124866
DQA1*01:01-DQB1*05:01	0.0	0.0	0.27896088	0.18319768
DRB1*07:01	1.0	0.93593705	0.4315776	0.47382706
DRB1*08:01	0.0	0.5771899	0.2747962	0.17633411
DRB1*04:05	1.0	0.81501657	0.69586116	0.5923758
DQA1*02:01-DQB1*03:03	0.0	0.7560895	0.6888558	0.6312675
DRB1*11:01	0.0	0.41254732	0.27580896	0.2837188
DQA1*03:03-DQB1*04:02	0.0	0.17018555	0.35078904	0.33029357
DRB1*09:01	0.0	0.42325288	0.2777373	0.3499663
DRB1*03:01	0.0	0.5117087	0.33834556	0.41147822
DRB3*03:01	0.0	0.24807702	0.3374876	0.3960514
DQA1*02:01-DQB1*03:03	0.0	0.5530147	0.42378196	0.4450275
DRB1*04:01	0.0	0.0	0.27394116	0.16497724
DRB1*04:04	0.0	0.0	0.27400327	0.18691465
DQA1*02:01-DQB1*04:02	0.0	0.14885134	0.27397582	0.25428504
DQA1*03:03-DQB1*04:02	0.0	0.45370445	0.3001346	0.32371175
DRB3*01:01	0.0	0.0	0.27368543	0.1966587
DRB3*02:02	0.0	0.084686644	0.27375606	0.19205315
DRB1*03:01	0.0	0.0	0.27368447	0.18639779
DQA1*05:01-DQB1*04:02	0.0	0.5771899	0.5754924	0.60521346
DQA1*02:01-DQB1*03:01	0.0	0.084686644	0.39902368	0.4394011
DRB3*01:01	0.0	0.0	0.2744205	0.15398127
DRB1*13:02	0.0	0.7703366	0.7213914	0.62481827
DRB1*07:01	0.0	0.27410775	0.2767583	0.28258845
DRB1*07:01	0.0	0.6887833	0.37805125	0.42171016
DQA1*02:01-DQB1*03:01	0.0	0.084686644	0.27790794	0.3001158
DQA1*06:01-DQB1*04:02	0.0	0.4497814	0.27425504	0.14133984
DRB1*13:01	0.0	0.30611423	0.28451115	0.2881415
DQA1*02:01-DQB1*03:01	0.0	0.5356762	0.3335888	0.3889948
DQA1*02:01-DQB1*03:01	0.0	0.5093922	0.2827657	0.33512384
DRB1*13:01	0.0	0.084686644	0.27740794	0.17852643
DRB1*01:01	0.0	0.14070004	0.2955495	0.29180455
DRB1*13:02	1.0	0.82148236	0.2782245	0.30518097
DQA1*05:01-DQB1*03:02	0.0	0.084686644	0.2738864	0.21582219
DRB1*07:01	0.0	0.51801825	0.2803142	0.35281748
DRB1*09:01	0.0	0.0	0.37236726	0.45449328
DQA1*01:01-DQB1*05:01	0.0	0.0	0.27460277	0.16848192
DPA1*01:03-DPB1*04:01	0.0	0.0	0.27492216	0.15808475
DRB5*01:01	0.0	0.0	0.34951118	0.3113219
DQA1*03:01-DQB1*03:02	0.0	0.314387	0.27356607	0.09578232
DRB1*08:02	0.0	0.084686644	0.27509895	0.2461015
DQA1*05:01-DQB1*03:02	0.0	0.29908395	0.27753562	0.22839916
DRB1*03:01	0.0	0.41254732	0.27395484	0.1143072
DQA1*05:01-DQB1*04:02	0.0	0.6502526	0.27400157	0.22043717
DRB3*03:01	0.0	0.6887833	0.3409645	0.41796273
DRB1*08:01	0.0	0.31899348	0.27323025	0.23453847
DQA1*01:01-DQB1*05:01	0.0	0.0	0.27516797	0.09922903
DQA1*06:01-DQB1*04:02	0.0	0.084686644	0.32554165	0.4179101
DRB1*08:02	0.0	0.0	0.27383173	0.213427
DRB1*07:01	0.0	0.7062737	0.27856097	0.3300113
DRB1*14:54	0.0	0.5537511	0.33719805	0.4078715
DRB1*08:01	0.0	0.084686644	0.27361205	0.14283171
DRB1*09:01	0.0	0.5089358	0.27493092	0.30805022
DRB3*03:01	0.0	0.6953878	0.447124	0.5312281
DQA1*05:01-DQB1*03:02	0.0	0.084686644	0.27410397	0.24185643
DRB5*01:01	0.0	0.4775781	0.35358155	0.32369128
DRB1*14:54	0.0	0.6441565	0.27898327	0.31844965
DRB1*12:01	0.0	0.0	0.27501434	0.09678667
DQA1*02:01-DQB1*03:03	0.0	0.1838788	0.31726015	0.41637665
DRB3*01:01	0.0	0.0	0.2756999	0.09843045
DQA1*01:02-DQB1*06:02	0.0	0.61138827	0.27378458	0.2155883
DQA1*05:01-DQB1*04:02	0.0	0.35141867	0.27382177	0.20182376
DRB1*04:05	0.0	0.0	0.27488908	0.09420346
DRB3*01:01	0.0	0.22705355	0.69524324	0.6209014
DRB1*07:01	0.0	0.4333316	0.27915215	0.3015973
DRB1*04:03	0.0	0.4313439	0.27534986	0.22852722
DRB1*07:01	0.0	0.37443328	0.27583203	0.3086226
DRB1*07:01	0.0	0.0020276671	0.27678248	0.30667233
DRB3*02:02	0.0	0.738145	0.72429264	0.60631496
DRB1*12:01	0.0	0.056639	0.3335351	0.31844595
DPA1*01:03-DPB1*04:01	0.0	0.0	0.27390796	0.13151483
DRB1*04:05	0.0	0.0	0.27338642	0.17617628
DRB3*01:01	0.0	0.30520564	0.27338022	0.21260065
DRB3*03:01	1.0	0.8984626	0.3756127	0.4104594
DRB1*01:01	0.0	0.3518337	0.28193283	0.37929267
DRB1*08:02	0.0	0.58618957	0.4159447	0.45699653
DRB1*11:01	1.0	0.8078111	0.27884433	0.31112653
DRB1*13:01	0.0	0.084686644	0.28088495	0.29837844
DRB5*01:01	0.0	0.084686644	0.3782163	0.33924586
DRB1*04:01	1.0	0.9190863	0.7227612	0.62708163
DRB5*01:01	1.0	0.87187403	0.36405417	0.40226823
DQA1*02:01-DQB1*03:03	0.0	0.084686644	0.2741267	0.21226469
DRB1*13:01	0.0	0.7437481	0.46208665	0.41352367
DQA1*02:01-DQB1*03:01	0.0	0.3582043	0.28137374	0.28364336
DQA1*02:01-DQB1*03:01	0.0	0.6073399	0.7248374	0.62760675
DRB1*04:01	0.0	0.0	0.2738637	0.23835358
DQA1*02:01-DQB1*03:03	0.0	0.33831435	0.2770478	0.13023737
DRB1*14:54	1.0	0.83439964	0.41146833	0.5099938
DRB4*01:01	0.0	0.51902837	0.27374583	0.12766385
DQA1*06:01-DQB1*04:02	0.0	0.40024602	0.3278561	0.40102264
DRB1*03:01	0.0	0.5606573	0.27499902	0.24999493
DRB4*01:01	0.0	0.32040364	0.2851329	0.24857228
DPA1*02:01-DPB1*01:01	0.0	0.0	0.2735304	0.07418407
DQA1*02:01-DQB1*04:02	0.0	0.66380215	0.6682343	0.6099483
DRB1*03:01	0.0	0.43618816	0.27376366	0.21268368
DRB1*03:01	0.0	0.40397212	0.27381006	0.25325862
DRB1*08:02	0.0	0.44741145	0.2774248	0.23713082
DRB1*01:01	0.0	0.5432769	0.3364479	0.3884743
DRB1*09:01	0.0	0.49193338	0.45839027	0.47696248
DRB1*01:01	0.0	0.40954784	0.3828248	0.38023633
DRB1*11:01	0.0	0.4290138	0.27539492	0.30588195
DRB1*11:01	1.0	0.87187403	0.29787746	0.3292695
DRB1*09:01	0.0	0.10922172	0.2741829	0.19407003
DRB3*03:01	0.0	0.6796851	0.33373764	0.38886085
DRB1*07:01	0.0	0.45026276	0.275652	0.28429925
DRB1*01:01	0.0	0.28115046	0.38079068	0.30158383
DRB5*01:01	0.0	0.084686644	0.33238307	0.24695358
DRB1*09:01	0.0	0.02062367	0.27513796	0.29157668
DRB1*11:01	0.0	0.02062367	0.28470317	0.18554586
DQA1*05:01-DQB1*03:01	0.0	0.055153318	0.27388558	0.19058171
DRB1*11:01	0.0	0.6200593	0.2756937	0.29605126
DQA1*05:01-DQB1*03:03	0.0	0.5639006	0.27465126	0.21735428
DRB3*03:01	0.0	0.39652932	0.4130038	0.448974
DQA1*03:03-DQB1*04:02	0.0	0.25840625	0.27340373	0.20217022
DRB1*08:02	0.0	0.30962965	0.27412683	0.28630534
DRB1*07:01	0.0	0.7278651	0.28138217	0.35596576
DPA1*02:01-DPB1*05:01	0.0	0.72312444	0.42270973	0.39681527
DQA1*01:02-DQB1*05:01	0.0	0.38765913	0.2752113	0.24268648
DQA1*03:03-DQB1*04:02	0.0	0.084686644	0.39830777	0.383757
DRB1*15:01	0.0	0.29749924	0.723316	0.62998736
DRB1*13:01	0.0	0.30530617	0.2796305	0.28524908
DRB1*04:05	0.0	0.0	0.27364075	0.080985524
DRB1*04:06	0.0	0.0	0.2739419	0.21264106
DRB1*03:01	0.0	0.0	0.29014713	0.17579079
DRB1*03:01	0.0	0.6461442	0.32141423	0.4292203
DQA1*01:01-DQB1*05:01	0.0	0.0	0.2811822	0.26549745
DQA1*05:01-DQB1*03:03	0.0	0.5350701	0.27349517	0.20363952
DRB1*13:01	0.0	0.3444039	0.3153932	0.45880052
DRB5*01:01	0.0	0.084686644	0.33588645	0.28362292
DQA1*02:01-DQB1*04:02	0.0	0.3108496	0.3299718	0.42231083
DRB1*13:01	0.0	0.72312444	0.3953024	0.48176003
DRB1*11:01	0.0	0.21835451	0.27741593	0.261042
DRB1*03:01	0.0	0.18480249	0.27439642	0.2127732
DRB1*08:01	0.0	0.19342452	0.27383056	0.18415907
DRB1*13:01	0.0	0.15582529	0.28036076	0.21457975
DRB1*15:01	0.0	0.30490476	0.28828412	0.39385438
DQA1*05:01-DQB1*04:02	0.0	0.674082	0.72211313	0.63010985
DQA1*02:01-DQB1*03:03	0.0	0.53939843	0.27558422	0.22698984
DRB1*11:01	1.0	0.8078111	0.42940703	0.43059814
DQA1*02:01-DQB1*04:02	0.0	0.4063421	0.27688393	0.34272474
DRB1*09:01	1.0	0.87661475	0.7243489	0.6376182
DRB1*09:01	0.0	0.2523714	0.27494755	0.30854642
DRB1*04:04	0.0	0.22420822	0.274766	0.23133044
DRB4*01:03	0.0	0.7328622	0.36642632	0.46926865
DRB3*02:02	0.0	0.5544935	0.2749099	0.18661025
DRB1*14:54	0.0	0.559864	0.2789388	0.33387816
DRB1*04:01	0.0	0.43743998	0.27375597	0.21417853
DQA1*01:02-DQB1*05:02	0.0	0.0	0.2844836	0.18768503
DRB4*01:03	0.0	0.56986547	0.27744702	0.33739942
DRB5*01:01	0.0	0.5841126	0.42446858	0.5140773
DRB3*02:02	0.0	0.0	0.2737694	0.1433549
DRB1*13:01	0.0	0.45911992	0.28211564	0.32588118
DRB1*08:01	0.0	0.46099797	0.4627881	0.37107563
DRB1*04:05	0.0	0.48570848	0.33746496	0.25241014
DRB1*08:02	0.0	0.0	0.27592608	0.10786914
DRB1*15:01	0.0	0.3066229	0.2758631	0.29984576
DQA1*02:01-DQB1*04:02	0.0	0.22420822	0.2741988	0.28687665
DRB1*03:01	1.0	0.82989025	0.2753195	0.20164292
DRB3*01:01	0.0	0.0	0.2735097	0.11920222
DQB1*04:02	0.0	0.0	0.2741929	0.18775815
DRB3*02:02	0.0	0.084686644	0.2739837	0.17606294
DRB1*09:01	0.0	0.6614014	0.40127468	0.5046808
DRB1*11:01	0.0	0.65237737	0.3047757	0.3868966
DRB1*08:01	0.0	0.45832658	0.27478606	0.2714086
DQB1*03:02	0.0	0.0	0.5701854	0.5296598
DRB1*12:01	0.0	0.0	0.27534425	0.17631166
DRB4*01:03	1.0	0.8984626	0.722851	0.6732561
DRB1*07:01	0.0	0.374966	0.27649572	0.2773521
DQA1*05:01-DQB1*03:03	0.0	0.35705286	0.2795661	0.2838269
DRB1*08:01	0.0	0.51505256	0.3763781	0.301364
DQA1*02:01-DQB1*03:03	0.0	0.55012625	0.36585382	0.37316552
DRB1*04:04	0.0	0.31433153	0.27533287	0.30149612
DRB1*14:54	0.0	0.4911789	0.30549422	0.4388583
DQA1*01:03-DQB1*06:03	0.0	0.084686644	0.27468684	0.18168601
DQA1*05:01-DQB1*04:02	0.0	0.5487152	0.30528697	0.3749293
DRB1*14:54	0.0	0.72312444	0.2825608	0.369681
DRB1*13:02	0.0	0.0	0.2752426	0.2136423
DRB1*15:01	0.0	0.02062367	0.28339845	0.16612099
DRB1*08:01	0.0	0.44764572	0.2750164	0.18463446
DRB1*03:01	0.0	0.42824996	0.40587938	0.40031835
DPA1*03:01-DPB1*04:02	0.0	0.0	0.27414706	0.1775684
DQA1*06:01-DQB1*04:02	0.0	0.4822335	0.29199865	0.380062
DRB1*08:02	0.0	0.089378715	0.27553672	0.20485318
DRB1*13:01	0.0	0.51031184	0.2783417	0.29310724
DRB1*07:01	0.0	0.60473627	0.7205858	0.6344361
DRB1*03:01	0.0	0.4230729	0.27394837	0.2768976
DRB3*02:02	0.0	0.084686644	0.46482038	0.42138726
DRB1*09:01	0.0	0.6614014	0.27630693	0.40214896
DRB1*01:01	0.0	0.1659931	0.27621853	0.14213428
DRB4*01:03	0.0	0.43233243	0.3123462	0.4037097
DQA1*02:01-DQB1*03:03	0.0	0.084686644	0.6823087	0.62227684
DRB1*12:01	0.0	0.0	0.27384275	0.21917392
DRB3*03:01	1.0	0.93593705	0.7130726	0.6742105
DRB1*04:04	0.0	0.084686644	0.27711466	0.28685507
DRB1*08:01	0.0	0.32070017	0.2748688	0.14011624
DRB1*11:01	0.0	0.25163698	0.2777958	0.2679876
DRB1*14:54	0.0	0.41531616	0.2914482	0.39663357
DQA1*03:03-DQB1*04:02	0.0	0.1903442	0.2734957	0.19847548
DRB1*08:01	0.0	0.084686644	0.52385616	0.4230703
DRB5*01:01	0.0	0.084686644	0.3376412	0.25733897
DQB1*05:01	0.0	0.0	0.5932774	0.571798
DRB1*13:01	0.0	0.55012625	0.39753684	0.4581834
DRB1*09:01	0.0	0.19024278	0.27419835	0.32246074
DRB3*03:01	0.0	0.58009356	0.33938816	0.4126817
DRB1*04:01	0.0	0.0	0.28379253	0.27868223
DRB1*15:01	0.0	0.0	0.2758744	0.25544113
DRB1*14:54	0.0	0.49043053	0.48087105	0.47193077
DRB1*07:01	0.0	0.3097351	0.27701122	0.32786262
DRB1*15:01	0.0	0.61707765	0.41850367	0.4597649
DRB1*03:01	0.0	0.4766103	0.30263808	0.37866807
DRB1*04:01	0.0	0.16079575	0.2745924	0.26043823
DRB1*07:01	0.0	0.2746475	0.27537364	0.25884336
DRB1*04:04	0.0	0.21786514	0.27506652	0.25428513
DRB1*04:04	0.0	0.5446068	0.2753755	0.2834642
DQA1*05:01-DQB1*03:02	0.0	0.3237802	0.2824252	0.123976566
DRB1*09:01	0.0	0.6200593	0.2750302	0.39426038
DQA1*03:03-DQB1*04:02	0.0	0.30863386	0.27810964	0.24737762
DRB1*14:54	1.0	0.8201525	0.71990794	0.66494375
DRB1*09:01	0.0	0.18786989	0.27743575	0.27923042
DRB3*03:01	0.0	0.4120672	0.32046402	0.33887467
DRB1*04:05	0.0	0.0	0.27622297	0.07974357
DRB1*13:01	0.0	0.48677695	0.27779543	0.29153875
DRB1*15:01	0.0	0.36777386	0.35486588	0.41045016
DQA1*02:01-DQB1*03:03	0.0	0.2762125	0.27564755	0.19929056
DRB1*08:02	0.0	0.0	0.28034142	0.17524752
DRB1*03:01	1.0	1.0	0.7246669	0.5976104
DRB4*01:03	0.0	0.084686644	0.2792086	0.40220228
DRB1*13:01	0.0	0.62796354	0.28130248	0.2667768
DRB1*15:01	0.0	0.4417395	0.2796094	0.30144554
DRB1*03:02	0.0	0.0	0.27413645	0.13679007
DRB1*01:01	0.0	0.52978736	0.29306898	0.35423404
DPB1*04:01	0.0	0.3782283	0.4949224	0.48500693
DQA1*01:03-DQB1*06:03	0.0	0.10287048	0.27482244	0.12110015
DRB1*07:01	0.0	0.68565	0.36243126	0.46605772
DQA1*02:01-DQB1*04:02	0.0	0.16973212	0.273688	0.26290807
DRB1*13:02	0.0	0.0	0.29238486	0.37427667
DRB1*14:54	0.0	0.3549641	0.276407	0.31985435
DRB3*02:02	0.0	0.17195053	0.27381104	0.1595236
DRB3*01:01	0.0	0.13369535	0.27398637	0.17012158
DRB5*01:01	0.0	0.74971294	0.7166875	0.6619788
DRB3*02:02	0.0	0.559864	0.30698487	0.35283828
DRB5*01:01	0.0	0.58009356	0.3392255	0.28648388
DRB1*04:04	0.0	0.55829746	0.57453513	0.5520433
DQA1*02:01-DQB1*04:02	0.0	0.084686644	0.2733484	0.21319798
DRB1*13:02	0.0	0.0	0.33370766	0.33960894
DRB1*04:01	0.0	0.0	0.274565	0.17260522
DQA1*05:01-DQB1*03:02	0.0	0.25533956	0.27343607	0.23704433
DRB1*04:01	0.0	0.0	0.27485204	0.102977134
DRB3*03:01	0.0	0.53446805	0.43020734	0.51396906
DRB1*15:01	0.0	0.7437481	0.7204829	0.63312143
DPB1*01:01	0.0	0.29749924	0.31616536	0.42786723
DRB1*04:01	0.0	0.029111942	0.27406693	0.22150213
DQA1*05:01-DQB1*03:02	0.0	0.084686644	0.27422565	0.20922238
DQA1*03:03-DQB1*04:02	0.0	0.084686644	0.29029855	0.39212418
DRB1*04:01	0.0	0.6662669	0.27397755	0.21706982
DQA1*06:01-DQB1*04:02	0.0	0.084686644	0.4362635	0.34586483
DRB1*07:01	0.0	0.15245515	0.27580324	0.2689538
DRB3*01:01	0.0	0.738145	0.27462086	0.2250306
DQA1*01:03-DQB1*06:03	0.0	0.084686644	0.69084424	0.61464006
DPA1*03:01-DPB1*04:02	0.0	0.63770133	0.56366915	0.51459444
DRB1*08:01	0.0	0.5639006	0.277518	0.14277472
DRB1*07:01	0.0	0.0	0.28125346	0.2863278
DRB1*09:01	0.0	0.591596	0.2760355	0.25167558
DPB1*03:01	0.0	0.36156222	0.27422965	0.24157524
DQA1*02:01-DQB1*03:03	0.0	0.738145	0.3662651	0.26448777
DRB1*09:01	0.0	0.576242	0.30538034	0.44520468
DRB1*11:01	0.0	0.41270792	0.27585176	0.2826527
DQA1*01:02-DQB1*05:02	0.0	0.0	0.2765757	0.29644176
DRB1*15:01	0.0	0.3885212	0.3740756	0.48346585
DQA1*01:02-DQB1*05:01	0.0	0.084686644	0.27393666	0.14462757
DQA1*02:01-DQB1*04:02	0.0	0.7560895	0.27923697	0.32277644
DRB1*09:01	0.0	0.33192822	0.2737637	0.19945067
DRB1*03:01	0.0	0.2843011	0.31016305	0.2791633
DRB1*04:05	0.0	0.46072733	0.35486656	0.37385702
DRB1*03:01	0.0	0.0	0.28165773	0.2553913
DQA1*03:01-DQB1*03:02	0.0	0.0	0.38927078	0.34486398
DRB1*13:01	0.0	0.084686644	0.2761051	0.16764039
DRB1*09:01	0.0	0.44351694	0.31452453	0.39224064
DRB1*03:01	0.0	0.0	0.27410454	0.13338459
DRB1*11:01	0.0	0.0	0.27769494	0.19474295
DPA1*01:03-DPB1*02:01	0.0	0.0	0.27833778	0.16473663
DRB1*07:01	0.0	0.22632328	0.32416975	0.42723942
DRB1*08:01	0.0	0.0	0.3300176	0.40630728
DRB4*01:03	0.0	0.738145	0.32540673	0.5032399
DRB1*08:02	0.0	0.56226474	0.37808844	0.4736747
DRB1*03:01	0.0	0.43454504	0.27778554	0.19962926
DRB5*01:01	0.0	0.084686644	0.352365	0.35066137
DRB1*08:01	0.0	0.28243712	0.27454233	0.19022515
DRB5*01:01	0.0	0.0	0.34357667	0.27793497
DRB4*01:01	0.0	0.03353724	0.27535927	0.10189652
DRB1*04:04	0.0	0.4671618	0.32188183	0.3551656
DRB1*04:01	0.0	0.0	0.2743946	0.1264375
DQA1*02:01-DQB1*03:03	0.0	0.42397636	0.27473775	0.22564085
DRB1*15:01	0.0	0.6502526	0.27871227	0.34419823
DRB3*01:01	0.0	0.3302665	0.27362034	0.15724185
DRB1*07:01	0.0	0.40309882	0.2764315	0.28292078
DRB5*01:01	0.0	0.084686644	0.3389215	0.3031372
DQA1*03:03-DQB1*04:02	0.0	0.43999562	0.2972822	0.33640024
DRB1*12:01	0.0	0.42325288	0.2738713	0.20195502
DQA1*01:02-DQB1*06:02	0.0	0.07096917	0.2736996	0.1300928
DRB1*11:01	0.0	0.0	0.27633327	0.22041644
DQA1*01:01-DQB1*05:01	0.0	0.10910494	0.41966945	0.29227406
DRB1*03:01	0.0	0.36896774	0.2738869	0.19455293
DRB1*08:02	0.0	0.2197985	0.35886464	0.4484343
DQA1*01:01-DQB1*05:01	0.0	0.28685895	0.44051474	0.33563274
DQA1*01:02-DQB1*05:01	0.0	0.71431553	0.5625518	0.51191884
DRB3*01:01	0.0	0.26392615	0.2737793	0.18930897
DQA1*05:01-DQB1*03:02	0.0	0.084686644	0.27672467	0.1282694
DRB1*12:01	0.0	0.26239637	0.30296144	0.3660559
DRB1*08:02	0.0	0.0	0.27461898	0.19405341
DRB3*01:01	0.0	0.038537856	0.29972938	0.39059258
DQA1*05:01-DQB1*03:02	0.0	0.24892008	0.27456394	0.2474518
DQA1*02:01-DQB1*03:01	0.0	0.2735355	0.39638922	0.44812045
DRB1*08:02	0.0	0.0	0.27401954	0.29215747
DRB1*07:01	0.0	0.6953878	0.32665277	0.41910496
DQA1*02:01-DQB1*03:01	0.0	0.7560895	0.280269	0.28992653
DRB1*03:01	0.0	0.0	0.7244916	0.602534
DRB1*03:01	0.0	0.43213388	0.35321474	0.36630136
DRB3*03:01	0.0	0.6614014	0.3265957	0.39959332
DRB1*07:01	0.0	0.0	0.27516887	0.23664305
DPA1*03:01-DPB1*04:02	0.0	0.0	0.2738054	0.08625418
DQA1*02:01-DQB1*03:03	0.0	0.084686644	0.31477514	0.38389215
DRB1*04:01	0.0	0.674082	0.2755422	0.24377887
DRB4*01:01	0.0	0.43293062	0.27364278	0.19263825
DRB3*03:01	0.0	0.5175173	0.32806563	0.38876587
DQA1*01:02-DQB1*05:01	0.0	0.12842217	0.27455026	0.15974158
DQA1*02:01-DQB1*03:03	0.0	0.084686644	0.2737179	0.13870977
DQA1*01:01-DQB1*05:01	0.0	0.059845775	0.33645436	0.37374374
DRB3*01:01	0.0	0.33576262	0.2741188	0.1372635
DRB1*15:01	0.0	0.18295085	0.27415416	0.09962725
DRB1*14:54	1.0	0.83439964	0.7245038	0.6742626
DRB1*11:01	0.0	0.03147723	0.27502987	0.15601276
DRB1*09:01	0.0	0.674082	0.31934977	0.47949654
DQA1*01:02-DQB1*05:01	0.0	0.5791155	0.2749606	0.25485575
DRB5*01:01	0.0	0.6545521	0.42857254	0.4477834
DRB3*01:01	0.0	0.084686644	0.6976871	0.5982336
DRB1*07:01	0.0	0.22716144	0.33126608	0.45260727
DRB1*09:01	0.0	0.5205645	0.27424142	0.31695458
DRB1*14:54	0.0	0.71020716	0.72096586	0.653779
DRB3*01:01	0.0	0.25542748	0.3217484	0.26837003
DRB1*15:01	0.0	0.0	0.27436963	0.11080255
DQA1*05:01-DQB1*04:02	0.0	0.64817554	0.2744133	0.2622523
DRB3*01:01	0.0	0.49779728	0.29915845	0.33572295
DQA1*03:01-DQB1*03:02	0.0	0.0	0.29221046	0.21829194
DQA1*02:01-DQB1*04:02	0.0	0.27754343	0.27339828	0.2483755
DRB4*01:01	0.0	0.29255083	0.30992943	0.20244433
DRB1*03:01	0.0	0.03514809	0.30087522	0.43915993
DRB1*04:01	0.0	0.084686644	0.274287	0.18638454
DQA1*05:01-DQB1*03:03	0.0	0.26366943	0.27477267	0.14913031
DRB3*02:02	0.0	0.084686644	0.27387783	0.18942636
DRB4*01:01	0.0	0.4893192	0.30186364	0.34452012
DRB1*04:01	0.0	0.0	0.4409384	0.2802912
DRB1*15:01	0.0	0.4185122	0.274158	0.16253635
DRB1*03:01	0.0	0.15268634	0.28794852	0.28340143
DRB1*15:01	1.0	0.90483916	0.28110898	0.34650013
DRB5*01:01	0.0	0.084686644	0.418694	0.44218183
DQA1*01:02-DQB1*05:01	0.0	0.69202656	0.2808297	0.31857437
DRB1*04:01	0.0	0.26918247	0.3816842	0.43186924
DQA1*02:01-DQB1*03:01	1.0	0.83439964	0.32615522	0.33946776
DRB1*08:01	0.0	0.40985903	0.27852955	0.20259532
DRB1*15:01	1.0	1.0	0.416277	0.438504
DRB3*01:01	0.0	0.0	0.27344227	0.17310351
DRB1*11:01	0.0	0.610019	0.41684997	0.38215238
DRB1*14:54	0.0	0.24164635	0.27707836	0.30504215
DQA1*02:01-DQB1*04:02	0.0	0.3434113	0.27482232	0.27221027
DRB3*03:01	0.0	0.29329848	0.36004034	0.36618158
DRB1*03:01	0.0	0.5791155	0.27401903	0.22481625
DQA1*05:01-DQB1*04:02	0.0	0.31214	0.27383113	0.24711347
DRB3*01:01	0.0	0.4671618	0.27434757	0.17419484
DRB1*13:02	0.0	0.1352635	0.27588505	0.26567844
DQA1*06:01-DQB1*04:02	0.0	0.084686644	0.27334392	0.22651812
DRB1*15:01	0.0	0.29749924	0.7236385	0.62673897
DRB1*14:54	0.0	0.5872459	0.31895742	0.46911076
DRB1*07:01	0.0	0.62472034	0.28690308	0.37082213
DRB3*03:01	0.0	0.3108496	0.38186413	0.420926
DRB1*04:05	0.0	0.22794193	0.27443838	0.24828914
DRB3*03:01	0.0	0.40709534	0.33094373	0.37071884
DQA1*01:02-DQB1*06:02	0.0	0.0	0.27368295	0.17576414
DRB1*01:01	1.0	0.93593705	0.43618977	0.36525565
DRB1*03:01	0.0	0.017310327	0.27387416	0.13391781
DRB3*03:01	0.0	0.6953878	0.43405744	0.48602605
DRB1*15:01	0.0	0.084686644	0.27528667	0.18823028
DPA1*02:01-DPB1*05:01	0.0	0.09341331	0.29016176	0.33854297
DRB1*08:01	0.0	0.47822896	0.27310705	0.19518739
DQA1*01:02-DQB1*05:01	0.0	0.6796851	0.27860934	0.26744005
DQA1*05:01-DQB1*03:03	0.0	0.4015189	0.27352837	0.21637592
DQA1*02:01-DQB1*04:02	0.0	0.29562372	0.31469506	0.41990057
DRB1*09:01	0.0	0.4554746	0.27697054	0.3321364
DRB1*14:54	0.0	0.4186835	0.27828902	0.33655795
DQA1*05:01-DQB1*04:02	0.0	0.56986547	0.7203581	0.64720243
DRB1*03:02	0.0	0.0	0.27405006	0.11960676
DRB1*11:01	0.0	0.69202656	0.3879699	0.4584215
DRB1*01:01	0.0	0.0	0.2787733	0.18062226
DRB1*13:02	0.0	0.02536437	0.2779137	0.24995938
DRB1*12:01	0.0	0.120317265	0.27361813	0.28777254
DRB1*13:02	0.0	0.039720595	0.27469847	0.1566264
DRB1*09:01	0.0	0.16341203	0.27378905	0.25081176
DRB1*03:01	0.0	0.21120009	0.3048551	0.4256138
DQA1*05:01-DQB1*03:03	0.0	0.36987334	0.40352452	0.36649218
DQA1*05:01-DQB1*03:02	0.0	0.084686644	0.27444783	0.28809494
DQA1*01:02-DQB1*05:01	0.0	0.7969252	0.27614683	0.2866669
DQA1*06:01-DQB1*04:02	0.0	0.084686644	0.29002807	0.36539748
DQA1*05:01-DQB1*03:02	0.0	0.3505942	0.27438977	0.2068152
DRB1*08:02	0.0	0.4325314	0.27421	0.3550982
DQA1*02:01-DQB1*03:03	0.0	0.084686644	0.27356148	0.30079648
DQA1*02:01-DQB1*03:03	0.0	0.084686644	0.27719042	0.112006135
DRB1*11:01	0.0	0.02062367	0.277333	0.15407586
DQA1*02:01-DQB1*03:01	0.0	0.30002898	0.27752045	0.2516178
DRB1*08:02	0.0	0.37636554	0.27381617	0.2331335
DRB1*03:02	0.0	0.0	0.27413002	0.17098875
DRB1*11:01	0.0	0.60096335	0.27599022	0.29327404
DPA1*02:01-DPB1*05:01	0.0	0.0	0.2740207	0.10235505
DRB3*01:01	0.0	0.0	0.27348202	0.13662656
DRB1*04:04	0.0	0.084686644	0.27407694	0.30364203
DRB1*13:02	0.0	0.52697796	0.29600257	0.3514222
DQA1*02:01-DQB1*03:03	0.0	0.34303236	0.27670306	0.17902568
DRB1*13:02	0.0	0.0	0.28347784	0.3821277
DRB1*04:01	1.0	0.98314923	0.7244821	0.6396583
DRB3*01:01	0.0	0.19224809	0.38737246	0.3941161
DQA1*05:01-DQB1*03:03	0.0	0.084686644	0.27490336	0.1548047
DRB1*07:01	0.0	0.40939265	0.27579525	0.29346508
DRB4*01:03	0.0	0.084686644	0.3188378	0.40213826
DPA1*02:01-DPB1*05:01	0.0	0.0	0.40196368	0.33291674
DQA1*03:03-DQB1*04:02	0.0	0.45345432	0.2735134	0.18686801
DQB1*06:02	0.0	0.0	0.27656975	0.23592448
DRB1*04:04	0.0	0.29405224	0.27685812	0.31660342
DRB1*03:01	0.0	0.4069442	0.27457082	0.2740857
DRB1*11:01	0.0	0.0	0.2748276	0.13018382
DQA1*05:01-DQB1*04:02	0.0	0.084686644	0.27375	0.29254216
DRB1*14:54	0.0	0.58108205	0.2772577	0.32289723
DQA1*02:01-DQB1*04:02	0.0	0.5781477	0.27369633	0.2477688
DRB3*01:01	0.0	0.084686644	0.36260653	0.38775527
DRB1*01:01	0.0	0.6714029	0.72243005	0.61725754
DRB4*01:03	1.0	0.93593705	0.664179	0.6294334
DRB1*04:04	0.0	0.20263593	0.2802898	0.27164805
DRB3*02:02	0.0	0.0	0.2753113	0.15913299
DQA1*05:01-DQB1*04:02	0.0	0.6796851	0.7205448	0.63799626
DQA1*02:01-DQB1*04:02	0.0	0.7703366	0.39941174	0.44585854
DRB1*01:01	0.0	0.10540857	0.27941218	0.24465466
DQA1*05:01-DQB1*03:03	0.0	0.084686644	0.27644137	0.14611718
DRB1*07:01	0.0	0.40426508	0.27885965	0.33999467
DQA1*06:01-DQB1*04:02	0.0	0.084686644	0.27359468	0.16300845
DRB1*07:01	0.0	0.29749924	0.2759072	0.23872012
DRB1*03:01	0.0	0.084686644	0.2743516	0.08805483
DPA1*02:01-DPB1*01:01	0.0	0.0	0.27945969	0.14957309
DRB1*15:01	0.0	0.084686644	0.27494493	0.23647502
DRB4*01:03	0.0	0.72312444	0.28100327	0.40979543
DRB1*04:01	0.0	0.23837174	0.30131108	0.25669935
DQA1*05:01-DQB1*04:02	0.0	0.084686644	0.2738588	0.22299339
DQA1*02:01-DQB1*03:03	0.0	0.28251567	0.34151575	0.26885194
DPA1*01:03-DPB1*04:01	0.0	0.0	0.27541432	0.13085932
DRB1*11:01	1.0	1.0	0.4780888	0.46043208
DRB3*02:02	0.0	0.084686644	0.33629718	0.39797223
DQA1*02:01-DQB1*03:01	0.0	0.21129096	0.27945694	0.2809121
DRB1*09:01	0.0	0.46181467	0.27475914	0.31265777
DRB1*07:01	0.0	0.36314693	0.2948169	0.38934243
DQA1*05:01-DQB1*03:03	0.0	0.16393341	0.27566022	0.17790341
DRB1*07:01	0.0	0.0	0.27711183	0.35319483
DRB1*11:01	0.0	0.0	0.29067314	0.3273825
DRB1*07:01	0.0	0.23677695	0.28525725	0.40459758
DRB1*09:01	0.0	0.084686644	0.3308377	0.42959374
DRB1*03:01	0.0	0.2203584	0.27396166	0.24602388
DRB5*01:01	0.0	0.5084816	0.33732286	0.27017325
DRB1*07:01	1.0	0.9406777	0.72165537	0.65902925
DRB1*13:01	0.0	0.5689894	0.2832572	0.20770998
DRB1*09:01	0.0	0.62158704	0.32229245	0.47505495
DRB1*13:01	0.0	0.084686644	0.27816933	0.15306887
DQA1*01:02-DQB1*05:01	1.0	0.83439964	0.72403276	0.64018863
DRB3*02:02	0.0	0.48677695	0.27374986	0.16456711
DRB3*01:01	0.0	0.16206795	0.2964559	0.35221368
DRB4*01:03	0.0	0.084686644	0.27649716	0.3071841
DPA1*03:01-DPB1*04:02	0.0	0.0	0.2739176	0.15633114
DRB3*01:01	0.0	0.0	0.27331495	0.21469733
DQA1*03:01-DQB1*03:02	0.0	0.0	0.70023054	0.6178851
DQA1*05:01-DQB1*03:03	0.0	0.21185635	0.2737286	0.20672068
DRB5*01:01	0.0	0.53814095	0.3576988	0.28621852
DQA1*05:01-DQB1*03:03	0.0	0.4457879	0.33730146	0.36902916
DQA1*01:01-DQB1*05:01	0.0	0.0	0.273502	0.17576165
DRB3*03:01	0.0	0.084686644	0.32289153	0.32617596
DRB4*01:03	0.0	0.56307906	0.2775872	0.33686113
DRB4*01:03	0.0	0.49619684	0.32904693	0.45059377
DRB1*09:01	0.0	0.5938504	0.39979038	0.4768667
DQA1*02:01-DQB1*03:03	0.0	0.25536886	0.27410242	0.2359539
DRB1*07:01	0.0	0.16691096	0.28109846	0.29269844
DRB3*01:01	0.0	0.5286533	0.27528232	0.1394318
DRB1*03:01	0.0	0.32532838	0.2739379	0.17468043
DRB4*01:03	0.0	0.7703366	0.71983546	0.6486611
DRB1*08:02	0.0	0.738145	0.72464573	0.62198323
DRB1*01:01	0.0	0.0	0.27682003	0.1931437
DRB1*01:01	0.0	0.12450104	0.42631194	0.118781686
DRB1*08:01	0.0	0.25405994	0.5016324	0.41392455
DRB1*03:01	0.0	0.0	0.27897274	0.23241238
DRB1*01:01	0.0	0.65237737	0.2861994	0.2529657
DRB1*13:01	1.0	0.87187403	0.4061895	0.4316187
DRB1*11:01	0.0	0.32243896	0.27740094	0.27386197
DRB3*01:01	0.0	0.74971294	0.29569903	0.30432755
DRB3*02:02	0.0	0.084686644	0.27466682	0.20775072
DRB1*03:01	0.0	0.0	0.27482918	0.20609173
DQA1*05:01-DQB1*04:02	0.0	0.2982882	0.27366552	0.26776445
DRB5*01:01	0.0	0.28478312	0.35372582	0.31690136
DRB3*03:01	0.0	0.6461442	0.41349733	0.49170804
DRB1*15:01	0.0	0.3781177	0.2755246	0.32546654
DRB3*03:01	0.0	0.68565	0.70916045	0.642377
DRB1*04:01	0.0	0.610019	0.7234441	0.64927095
DRB1*04:04	0.0	0.5369004	0.27654624	0.37454647
DRB1*11:01	0.0	0.326333	0.27821615	0.2931513
DRB1*07:01	0.0	0.5743748	0.28514075	0.37309366
DRB1*04:01	0.0	0.46687254	0.27398667	0.21074548
DRB3*02:02	0.0	0.0	0.3301384	0.3151162
DRB4*01:03	0.0	0.23480967	0.27685702	0.2930305
DQA1*02:01-DQB1*03:03	0.0	0.42379496	0.29687488	0.373434
DRB1*13:01	0.0	0.084686644	0.2813839	0.24581856
DRB1*15:01	0.0	0.26850462	0.37983796	0.3980087
DPA1*01:03-DPB1*04:01	0.0	0.5639006	0.27508125	0.24758224
DQA1*02:01-DQB1*03:03	0.0	0.27825364	0.27723554	0.14201532
DRB1*01:01	0.0	0.640305	0.35893795	0.3794012
DRB1*08:01	0.0	0.084686644	0.2755261	0.11503659
DRB3*02:02	0.0	0.084686644	0.2740803	0.10149053
DQA1*01:02-DQB1*05:01	0.0	0.55907744	0.29137972	0.3205539
DRB1*08:02	0.0	0.0	0.27469265	0.14159912
DQA1*05:01-DQB1*03:02	0.0	0.473146	0.27516696	0.18125546
DRB1*03:01	0.0	0.109923415	0.37745228	0.4643584
DRB1*04:01	0.0	0.0	0.27390775	0.19978648
DRB3*03:01	0.0	0.39400068	0.32686648	0.3649484
DRB1*13:01	0.0	0.5707499	0.27857766	0.33671147
DRB1*04:04	0.0	0.45370445	0.29257387	0.3531217
DRB1*07:01	0.0	0.22880165	0.27802664	0.33060104
DQA1*02:01-DQB1*03:03	0.0	0.31567183	0.27641454	0.16104801
DRB1*08:02	0.0	0.0	0.27428406	0.16940443
DQA1*02:01-DQB1*04:02	0.0	0.084686644	0.29085395	0.35848776
DRB1*14:54	0.0	0.6231404	0.281212	0.42248255
DRB1*08:02	0.0	0.0	0.2803892	0.26088545
DQA1*01:02-DQB1*05:01	0.0	0.5459561	0.3021304	0.37087074
DQA1*03:03-DQB1*04:02	0.0	0.084686644	0.2738158	0.18856882
DRB1*03:01	0.0	0.61707765	0.33105692	0.32870805
DRB1*04:04	0.0	0.02062367	0.27521065	0.21405515
DQA1*06:01-DQB1*04:02	0.0	0.28579542	0.27334514	0.22415367
DQA1*01:01-DQB1*05:01	0.0	0.0	0.28395697	0.24740772
DQA1*02:01-DQB1*03:03	0.0	0.6614014	0.27384993	0.24982424
DRB3*01:01	0.0	0.0	0.39004868	0.30443102
DRB3*03:01	0.0	0.4478806	0.41965047	0.3840168
DRB4*01:03	0.0	0.6687992	0.51934856	0.5707172
DRB1*11:01	0.0	0.6296289	0.27504158	0.18823373
DRB1*01:01	0.0	0.4125858	0.27765563	0.21870002
DRB1*04:04	0.0	0.2857547	0.274791	0.22635089
DRB1*04:04	0.0	0.084686644	0.27379155	0.20838632
DRB1*15:01	0.0	0.4081603	0.279271	0.3783135
DRB5*01:01	0.0	0.063572586	0.34332708	0.3077652
DQA1*05:01-DQB1*04:02	0.0	0.5672618	0.28724167	0.3668472
DPA1*01:03-DPB1*04:01	0.0	0.0	0.2736827	0.104954295
DRB1*09:01	0.0	0.6060289	0.273727	0.25455946
DQA1*01:02-DQB1*05:01	0.0	0.084686644	0.2750517	0.21427757
DRB1*04:01	0.0	0.6675244	0.274241	0.22661835
DQA1*02:01-DQB1*03:03	0.0	0.3434873	0.27409127	0.1909881
DRB1*07:01	0.0	0.7560895	0.30698732	0.37160623
DRB1*07:01	0.0	0.12450104	0.2841589	0.38783473
DRB3*01:01	0.0	0.0	0.2738276	0.19508395
DRB1*11:01	0.0	0.47628996	0.3288163	0.49137557
DRB1*11:01	0.0	0.7062737	0.3953625	0.34424677
DRB1*08:01	0.0	0.4893192	0.33533713	0.32479173
DRB1*03:01	0.0	0.37625712	0.27371714	0.24035558
DRB1*09:01	0.0	0.22473247	0.2742923	0.27319074
DPA1*01:03-DPB1*04:01	0.0	0.0	0.2738052	0.123426415
DRB1*04:04	0.0	0.69202656	0.27417737	0.30367374
DRB3*02:02	0.0	0.084686644	0.7245933	0.62262976
DRB1*11:01	0.0	0.5280915	0.27690127	0.3049494
DQA1*01:03-DQB1*06:03	0.0	0.44671214	0.28705144	0.3164932
DRB1*04:01	0.0	0.0	0.27823707	0.20543417
DPA1*01:03-DPB1*02:01	0.0	0.0	0.27425408	0.14761968
DRB1*08:02	0.0	0.12278938	0.2745029	0.33056772
DRB1*08:02	0.0	0.3861998	0.7246835	0.63480955
DRB1*09:01	0.0	0.60096335	0.30219597	0.3988706
DRB1*03:01	0.0	0.0	0.27387202	0.16662012
DRB1*13:01	0.0	0.084686644	0.27718627	0.2339099
DRB1*01:01	0.0	0.22658674	0.28262457	0.30223936
DRB1*13:01	0.0	0.0	0.28951913	0.32173723
DRB3*01:01	0.0	0.72312444	0.39897874	0.33419204
DRB3*02:02	0.0	0.084686644	0.40990743	0.3888772
DRB1*01:01	0.0	0.0	0.2852114	0.28450525
DQA1*05:01-DQB1*04:02	0.0	0.24554032	0.27372363	0.22413023
DPB1*14:01	0.0	0.29749924	0.2770287	0.2652989
DRB4*01:03	0.0	0.6296289	0.28031868	0.2539149
DRB5*01:01	0.0	0.6502526	0.42341098	0.42683482
DRB3*02:02	0.0	0.0	0.273729	0.17078398
DRB1*07:01	0.0	0.084686644	0.27799124	0.33968198
DRB1*03:01	0.0	0.084686644	0.27379426	0.2736435
DQA1*05:01-DQB1*04:02	0.0	0.27169967	0.27612528	0.28347683
DRB1*11:01	0.0	0.084686644	0.28316548	0.2443817
DRB1*03:01	0.0	0.11133682	0.27389377	0.14051642
DRB1*03:01	0.0	0.32117656	0.27557284	0.0896688
DRB1*09:01	0.0	0.35918993	0.27659908	0.41897804
DRB1*15:01	0.0	0.29749924	0.56603825	0.45665106
DRB1*04:05	0.0	0.084686644	0.30426058	0.27679718
DQA1*05:01-DQB1*03:03	0.0	0.31230256	0.27456254	0.18059161
DRB1*04:04	0.0	0.31595352	0.27488106	0.29866165
DQA1*01:01-DQB1*05:01	0.0	0.0	0.27458385	0.13549083
DPA1*01:03-DPB1*04:01	0.0	0.0	0.27582714	0.22867282
DRB1*04:04	0.0	0.084686644	0.273725	0.19327064
DRB5*01:01	0.0	0.084686644	0.3540733	0.31494367
DQA1*02:01-DQB1*03:01	0.0	0.64817554	0.38138705	0.4531441
DRB1*07:01	0.0	0.0	0.27808338	0.31760037
DPA1*01:03-DPB1*04:01	0.0	0.0	0.2785819	0.22423895
DQA1*02:01-DQB1*03:01	0.0	0.738145	0.28233495	0.21023265
DQA1*01:02-DQB1*05:01	0.0	0.26223844	0.27469575	0.19229196
DRB1*04:03	0.0	0.52004963	0.28937313	0.35252804
DRB4*01:03	0.0	0.18811013	0.27822804	0.2792104
DRB1*07:01	0.0	0.5781477	0.28504193	0.4285841
DQA1*02:01-DQB1*03:03	0.0	0.29530728	0.27456576	0.20592532
DRB1*13:02	0.0	0.0020276671	0.27568558	0.217423
DRB1*10:01	0.0	0.0	0.2744346	0.17205322
DQA1*05:01-DQB1*03:02	0.0	0.32722107	0.27450898	0.23106788
DRB1*15:01	0.0	0.0	0.27434248	0.16141057
DRB1*15:01	0.0	0.33781263	0.3433869	0.34804183
DRB1*01:01	1.0	1.0	0.72394776	0.6353835
DRB1*01:01	0.0	0.071060844	0.36957762	0.41843653
DRB1*08:01	0.0	0.24930336	0.27546737	0.100974746
DRB1*07:01	0.0	0.591596	0.27761996	0.40280226
DRB1*13:01	0.0	0.7062737	0.7207714	0.6136782
DRB5*01:01	0.0	0.40426508	0.34411612	0.33443964
DRB1*07:01	0.0	0.6887833	0.27973276	0.39924997
DRB1*11:01	0.0	0.0	0.27473676	0.15096295
DQA1*02:01-DQB1*03:01	0.0	0.084686644	0.27759647	0.25099227
DRB3*01:01	0.0	0.084686644	0.27333435	0.23560172
DRB1*08:02	0.0	0.18340693	0.34738693	0.4379706
DRB1*04:01	0.0	0.0	0.27430844	0.21358
DRB1*01:01	0.0	0.084686644	0.2771908	0.20217401
DRB1*04:05	0.0	0.05265516	0.30301303	0.30104595
DRB1*07:01	0.0	0.36669287	0.27859548	0.32811674
DRB1*15:02	0.0	0.058107354	0.27603808	0.24304408
DPA1*02:01-DPB1*14:01	0.0	0.20721817	0.27780998	0.32476062
DRB1*13:02	0.0	0.2369688	0.32463506	0.3692395
DRB1*03:01	0.0	0.067183524	0.27374864	0.2064354
DRB5*01:01	0.0	0.7703366	0.33968312	0.2715633
DQA1*03:01-DQB1*03:02	0.0	0.0	0.40617388	0.39114535
DRB1*04:04	0.0	0.24358572	0.31849685	0.3532951
DQA1*05:01-DQB1*04:02	0.0	0.084686644	0.2774987	0.2761742
DRB3*02:02	0.0	0.27240142	0.30761027	0.3971675
DRB1*07:01	0.0	0.77837855	0.32462335	0.46365097
DQA1*05:01-DQB1*02:01	0.0	0.62158704	0.27387053	0.23401752
DRB1*07:01	0.0	0.084686644	0.71687275	0.54682404
DRB1*14:54	0.0	0.610019	0.27972654	0.34104076
DQA1*03:03-DQB1*04:02	0.0	0.37390363	0.27346867	0.18901144
DQA1*01:02-DQB1*05:01	0.0	0.084686644	0.27496597	0.16067964
DRB3*02:02	0.0	0.0	0.27414194	0.17647678
DRB3*01:01	0.0	0.084686644	0.30284193	0.26299363
DRB4*01:03	0.0	0.44218066	0.27718005	0.35696483
DRB1*03:01	0.0	0.24420671	0.27389187	0.13628782
DRB1*14:54	0.0	0.6461442	0.27786902	0.39241654
DRB1*04:01	0.0	0.14476721	0.2877123	0.30227566
DQA1*05:01-DQB1*03:03	0.0	0.084686644	0.27388257	0.2375406
DRB5*01:01	0.0	0.6263277	0.37013397	0.34043473
DQA1*05:01-DQB1*03:02	0.0	0.29969713	0.27532902	0.27358687
DRB1*09:01	0.0	0.55829746	0.27613354	0.32565594
DPA1*02:01-DPB1*01:01	0.0	0.0	0.2848883	0.26483163
DRB1*11:01	0.0	0.25285476	0.27753663	0.2768665
DRB1*07:01	0.0	0.16908492	0.27532634	0.2774244
DRB4*01:03	0.0	0.24081676	0.2784716	0.31153515
DRB1*04:05	0.0	0.3978885	0.27432773	0.25032285
DRB3*01:01	0.0	0.16589291	0.27347356	0.1373026
DRB3*01:01	0.0	0.5326849	0.2742933	0.12751408
DQA1*03:03-DQB1*04:02	0.0	0.42076442	0.27339342	0.2538489
DRB1*11:01	0.0	0.084686644	0.27508426	0.1660464
DQA1*02:01-DQB1*03:01	0.0	0.6887833	0.28637958	0.31004024
DRB1*13:01	0.0	0.084686644	0.27760813	0.25858772
DRB1*11:01	0.0	0.55675703	0.2781381	0.35022658
DRB3*03:01	0.0	0.4671618	0.3362879	0.39356065
DQA1*01:02-DQB1*05:01	0.0	0.5326849	0.27621332	0.23456463
DRB1*15:01	0.0	0.4327308	0.27813828	0.214634
DRB1*08:01	0.0	0.37767655	0.27597433	0.10727917
DRB5*01:01	0.0	0.6185565	0.34701073	0.34728152
DRB4*01:03	0.0	0.53939843	0.2800377	0.37802717
DRB1*14:54	0.0	0.640305	0.30596897	0.40908995
DRB1*14:54	0.0	0.084686644	0.27869913	0.34699342
DRB1*15:01	0.0	0.16484194	0.2777059	0.18784419
DRB1*04:01	0.0	0.52004963	0.4028773	0.4546327
DRB1*01:01	0.0	0.5165235	0.3331553	0.42862397
DRB1*04:01	0.0	0.0	0.31278306	0.32765004
DQA1*02:01-DQB1*03:03	0.0	0.464309	0.27328855	0.292742
DRB1*15:01	0.0	0.78905463	0.31125492	0.3980338
DPA1*02:01-DPB1*01:01	0.0	0.1353674	0.27468935	0.29061335
DRB1*12:01	0.0	0.0	0.27440435	0.22036345
DRB1*07:01	1.0	0.83439964	0.2800376	0.3960379
DRB1*11:01	0.0	0.0	0.27655247	0.2814191
DQA1*06:01-DQB1*04:02	0.0	0.6384378	0.27364227	0.2287499
DRB1*15:01	0.0	0.25901368	0.27581352	0.12812188
DRB1*09:01	0.0	0.0	0.27377203	0.23759021
DRB1*09:01	0.0	0.0	0.27373126	0.23936325
DPA1*01:03-DPB1*03:01	0.0	0.18767253	0.28292406	0.26871705
DRB3*03:01	0.0	0.3569649	0.32233772	0.30051664
DRB3*02:02	0.0	0.084686644	0.2905185	0.32367343
DQA1*05:01-DQB1*04:02	0.0	0.5459561	0.27367646	0.27389842
DRB3*03:01	0.0	0.59048915	0.3421587	0.38498995
DQA1*01:02-DQB1*05:01	0.0	0.46980685	0.2800252	0.23380893
DRB1*13:01	0.0	0.4942345	0.28038752	0.24686891
DQA1*01:02-DQB1*05:01	0.0	0.63132477	0.71809185	0.63829494
DQA1*01:03-DQB1*06:03	0.0	0.59271634	0.27426082	0.21756606
DRB1*12:01	0.0	0.062348805	0.27780032	0.18215978
DRB1*12:01	0.0	0.0	0.27935562	0.1269428
DRB1*04:04	0.0	0.22485873	0.27425689	0.1779845
DRB1*13:02	0.0	0.4086205	0.32852378	0.42170522
DPA1*02:01-DPB1*01:01	0.0	0.0	0.27334732	0.08780133
DRB3*01:01	0.0	0.16980174	0.27355364	0.18394056
DRB1*04:01	0.0	0.0	0.32969376	0.3720379
DRB3	0.0	0.084686644	0.30358708	0.3095794
DRB5*01:01	0.0	0.7118975	0.36722207	0.3316853
DQA1*02:01-DQB1*03:01	0.0	0.3559156	0.27756262	0.27395192
DRB3*02:02	0.0	0.084686644	0.27931467	0.3520667
DRB1*07:01	0.0	0.62796354	0.2784023	0.35453454
DQA1*01:02-DQB1*05:01	0.0	0.58618957	0.4481983	0.43438017
DRB4*01:01	0.0	0.0	0.28786173	0.18611689
DRB1*08:01	0.0	0.17102854	0.27682132	0.10433621
DRB1*04:04	0.0	0.4060425	0.27506414	0.24157849
DRB1*09:01	0.0	0.02062367	0.2738639	0.20789921
DRB1*03:01	0.0	0.14056459	0.2742503	0.16510059
DRB1*03:01	0.0	0.0	0.27857015	0.27635765
DRB1*01:01	0.0	0.44320342	0.4391922	0.36296025
DQA1*05:01-DQB1*04:02	0.0	0.084686644	0.27369013	0.2819013
DRB4*01:01	0.0	0.084686644	0.3645552	0.23735622
DRB1*14:54	0.0	0.39064884	0.27864578	0.35506105
DRB3*03:01	0.0	0.2052727	0.3289818	0.3801397
DRB1*03:01	0.0	0.0	0.27403778	0.1995863
DQA1*02:01-DQB1*03:01	0.0	0.6502526	0.4233413	0.43202972
DPA1*01:03-DPB1*02:01	0.0	0.0	0.2760874	0.15009575
DQA1*01:02-DQB1*06:02	0.0	0.027889106	0.27554175	0.10962587
DQA1*06:01-DQB1*04:02	0.0	0.084686644	0.27424353	0.18340498
DRB1*04:01	0.0	0.21141833	0.27650046	0.30941394
DQA1*03:03-DQB1*04:02	0.0	0.2916789	0.27386063	0.1888596
DRB1*04:01	0.0	0.40985903	0.28485224	0.43295205
DRB1*07:01	0.0	0.29749924	0.2920139	0.35804856
DQA1*01:02-DQB1*05:01	0.0	0.31668997	0.27505285	0.2448698
DQA1*02:01-DQB1*03:03	0.0	0.26392615	0.28411013	0.2892424
DRB3*01:01	0.0	0.0	0.41353408	0.3166932
DRB3*03:01	0.0	0.39373848	0.4315818	0.4929987
DRB1*04:05	0.0	0.5303597	0.274096	0.18437955
DPB1*14:01	0.0	0.29749924	0.28429675	0.32464483
DRB1*11:01	0.0	0.7871874	0.3016514	0.42255065
DRB1*04:05	0.0	0.5010838	0.28050402	0.28399986
DRB1*03:01	0.0	0.0	0.27395388	0.1537055
DRB1*14:54	0.0	0.29875547	0.2851549	0.36558396
DRB1*15:01	0.0	0.2528833	0.27626818	0.23180544
DRB5*01:01	0.0	0.4015189	0.34999707	0.349124
DRB1*12:01	0.0	0.0	0.27742562	0.26555607
DRB1*13:01	1.0	0.85125035	0.36315873	0.4494859
DQA1*05:01-DQB1*03:02	0.0	0.3165195	0.27798223	0.17861828
DRB1*07:01	0.0	0.084686644	0.27803776	0.267333
DRB1*13:01	1.0	0.87187403	0.7240412	0.6284762
DRB1*03:01	0.0	0.77837855	0.28583708	0.3098818
DRB1*07:01	0.0	0.58831435	0.66283536	0.6266578
DRB1*08:02	0.0	0.27339295	0.27453592	0.26985693
DRB1*12:01	0.0	0.048315525	0.2761274	0.14718786
DQA1*05:01-DQB1*03:02	0.0	0.084686644	0.27348757	0.2584611
DRB1*11:01	0.0	0.6796851	0.2969188	0.34294993
DRB1*03:01	0.0	0.68565	0.2900967	0.3897717
DRB1*04:01	0.0	0.21051238	0.27904546	0.3399507
DRB1*04:01	0.0	0.0	0.27649644	0.29063827
DQA1*02:01-DQB1*03:01	0.0	0.43173805	0.39572176	0.45902038
DQA1*05:01-DQB1*04:02	0.0	0.084686644	0.27392328	0.2237315
DRB1*04:04	0.0	0.084686644	0.27465346	0.25695556
DRB5*01:01	0.0	0.6441565	0.35459086	0.32026356
DRB1*04:01	0.0	0.24129349	0.27623394	0.26795986
DRB1*04:01	0.0	0.14870343	0.2749073	0.25143585
DRB1*12:01	0.0	0.45002177	0.28842303	0.35424978
DRB3*01:01	0.0	0.084686644	0.36018744	0.4412995
DRB1*11:01	0.0	0.33300763	0.275804	0.28663
DRB1*11:01	0.0	0.0	0.27536204	0.20555922
DQA1*05:01-DQB1*04:02	0.0	0.37934187	0.31056258	0.37003
DRB1*15:01	0.0	0.0	0.27643818	0.12791337
DRB1*11:01	0.0	0.6768411	0.6888057	0.6078656
DQA1*05:01-DQB1*03:02	0.0	0.084686644	0.27685672	0.15909621
DQA1*05:01-DQB1*03:01	0.0	0.0	0.27349275	0.27016014
DRB3*01:01	0.0	0.0	0.27347356	0.1503829
DRB1*11:01	0.0	0.6614014	0.28923538	0.28783515
DQA1*05:01-DQB1*02:01	0.0	0.5326849	0.29708862	0.26174363
DRB1*12:01	0.0	0.084686644	0.27474365	0.11470065
DRB1*15:01	0.0	0.0	0.30843464	0.3664685
DQA1*05:01-DQB1*03:02	0.0	0.22617362	0.2791242	0.14409742
DRB1*07:01	0.0	0.3888931	0.27671105	0.2990854
DRB1*13:01	0.0	0.47855613	0.28365293	0.23819068
DRB5*01:01	0.0	0.3242111	0.3488439	0.27252853
DRB4*01:03	0.0	0.20363475	0.2983289	0.27645215
DQA1*05:01-DQB1*02:01	0.0	0.3800165	0.27368	0.187312
DRB1*13:01	0.0	0.22462738	0.2788317	0.21672949
DQA1*01:02-DQB1*05:01	0.0	0.50150293	0.278414	0.30876178
DRB1*13:01	0.0	0.23689681	0.28398705	0.25946563
DRB1*07:01	0.0	0.7629388	0.5068176	0.34270298
DRB1*09:01	0.0	0.7629388	0.7247159	0.65272593
DRB1*12:01	0.0	0.29749924	0.27470183	0.2586719
DQA1*01:03-DQB1*06:03	0.0	0.084686644	0.27426562	0.1472653
DRB1*13:02	0.0	0.084686644	0.31842962	0.32278115
DRB1*13:01	0.0	0.19651803	0.28369117	0.21993136
DRB1*07:01	0.0	0.45496538	0.3047926	0.43525743
DRB3*03:01	0.0	0.32677597	0.32486987	0.33937916
DQA1*03:03-DQB1*04:02	1.0	0.83439964	0.68494445	0.59437597
DRB1*04:01	0.0	0.084686644	0.2739313	0.22188553
DRB1*09:01	0.0	0.6714029	0.72241336	0.64788336
DQA1*02:01-DQB1*03:03	0.0	0.5185219	0.2736375	0.23402284
DRB1*09:01	0.0	0.53209805	0.27742124	0.3944571
DRB3*02:02	0.0	0.084686644	0.27666378	0.32126343
DRB1*03:01	0.0	0.6366076	0.31803757	0.44779217
DRB1*14:54	0.0	0.6796851	0.72217435	0.6514036
DRB1*12:01	0.0	0.20026577	0.7089328	0.603247
DPA1*02:01-DPB1*01:01	0.0	0.0	0.2735159	0.16697031
DRB1*01:01	0.0	0.0	0.3037807	0.37655008
DRB1*03:01	0.0	0.0	0.2747911	0.17963642
DQA1*05:01-DQB1*02:01	0.0	0.49231294	0.3110987	0.4398449
DRB3*01:01	0.0	0.20202532	0.49245283	0.4234717
DRB1*11:01	1.0	0.85125035	0.72432876	0.6405302
DRB1*11:01	0.0	0.7629388	0.72306734	0.6266505
DRB1*04:05	0.0	0.0	0.27343196	0.12798099
DRB3*01:01	0.0	0.27573657	0.2740199	0.21345939
DRB1*15:01	0.0	0.21821722	0.37947842	0.4402309
DRB3*01:01	0.0	0.22406197	0.27483028	0.11839484
DPA1*01:03-DPB1*04:01	0.0	0.0	0.2764282	0.081296004
DQA1*02:01-DQB1*03:03	0.0	0.69202656	0.30460754	0.4138962
DPA1*03:01-DPB1*04:02	0.0	0.0	0.2737229	0.12731658
DRB3*02:02	0.0	0.5820812	0.27548668	0.23686045
DRB1*13:01	0.0	0.521603	0.27954346	0.3000219
DRB4*01:01	0.0	0.7437481	0.39243114	0.35327917
DQA1*05:01-DQB1*03:02	0.0	0.084686644	0.27764156	0.16391602
DRB1*03:01	0.0	0.0	0.2743501	0.2262002
DRB1*01:01	0.0	0.0	0.3378756	0.38117784
DRB1*03:01	0.0	0.02062367	0.2787745	0.17292751
DRB1*13:01	0.0	0.403826	0.28072184	0.23648015
DRB1*11:01	0.0	0.15952006	0.29546496	0.25212896
DRB4*01:01	1.0	0.91531336	0.2747666	0.26824188
DRB3*02:02	0.0	0.68565	0.40130517	0.30161613
DRB4*01:03	0.0	0.20977609	0.2782208	0.32368225
DRB1*09:01	0.0	0.084686644	0.27495027	0.28985673
DRB4*01:01	0.0	0.0	0.2749057	0.09216925
DRB1*11:01	1.0	0.8201525	0.28770047	0.3087523
DRB1*03:01	0.0	0.050994743	0.57543117	0.51651484
DRB1*04:01	0.0	0.0	0.28255862	0.32946393
DRB4*01:01	0.0	0.0	0.27379268	0.11753607
DRB1*15:01	1.0	0.8375329	0.39587057	0.44283903
DRB1*08:01	0.0	0.51505256	0.27371708	0.20801872
DRB1*01:01	0.0	0.3077519	0.31174767	0.40834668
DRB1*03:01	0.0	0.10818503	0.27529997	0.20889872
DRB4*01:03	0.0	0.084686644	0.2769728	0.32551667
DRB1*07:01	0.0	0.02062367	0.4694271	0.47391084
DRB1*08:01	0.0	0.6545521	0.46666792	0.4713856
DRB3*01:01	0.0	0.28169414	0.27379987	0.17817393
DRB1*09:01	0.0	0.44086346	0.31570476	0.38330305
DRB4*01:01	1.0	0.80897367	0.27550304	0.22516619
DQA1*05:01-DQB1*04:02	0.0	0.5544935	0.29867056	0.3186021
DRB1*12:01	0.0	0.22283836	0.31159753	0.303117
DRB1*04:01	0.0	0.29749924	0.2739854	0.16586468
DRB5*01:01	0.0	0.084686644	0.34918436	0.31500793
DRB1*08:01	0.0	0.5253324	0.27468187	0.20622683
DRB1*08:01	0.0	0.22572616	0.27341992	0.23422886
DQB1*05:01	0.0	0.0	0.2750153	0.20132898
DRB4*01:01	0.0	0.36156222	0.27363488	0.24783069
DRB1*08:02	0.0	0.521603	0.67398435	0.5761987
DQA1*02:01-DQB1*03:01	0.0	0.6185565	0.35161078	0.48290914
DRB4*01:03	0.0	0.5350701	0.27874485	0.38407996
DRB1*13:01	0.0	0.44218066	0.28132793	0.29781002
DRB4*01:01	0.0	0.351088	0.27384943	0.1862573
DQA1*01:02-DQB1*05:01	0.0	0.084686644	0.7232419	0.6337495
DRB1*04:04	0.0	0.6887833	0.28484088	0.3746969
DQA1*02:01-DQB1*04:02	0.0	0.3509231	0.32030165	0.46646634
DRB1*07:01	0.0	0.084686644	0.28015172	0.337926
DRB1*01:01	0.0	0.0	0.27711624	0.19793656
DRB1*08:01	0.0	0.2659404	0.33108282	0.32193696
DRB4*01:03	0.0	0.47888446	0.2801659	0.34427792
DRB1*07:01	0.0	0.5292186	0.27576593	0.303017
DRB1*13:02	0.0	0.084686644	0.27542228	0.1676898
DRB1*14:54	1.0	0.83439964	0.41329005	0.4954824
DRB1*03:01	0.0	0.42882225	0.5233017	0.4577989
DQA1*05:01-DQB1*03:02	0.0	0.084686644	0.27391693	0.20133665
DRB4*01:01	0.0	0.084686644	0.27365237	0.1380407
DRB1*03:01	0.0	0.026588537	0.27398476	0.14280127
DRB5*01:01	0.0	0.72312444	0.34010345	0.26140186
DRB3*01:01	0.0	0.29749924	0.2795567	0.24119571
DQA1*02:01-DQB1*03:03	0.0	0.6296289	0.6870049	0.6105214
DRB1*04:04	0.0	0.54067326	0.32236663	0.47990143
DRB1*03:01	0.0	0.084686644	0.27392146	0.1180208
DRB3*01:01	0.0	0.0	0.27348548	0.16567837
DRB1*04:05	0.0	0.51554024	0.2771273	0.09245613
DRB4*01:01	0.0	0.0	0.27561674	0.11313156
DRB5*01:01	1.0	1.0	0.7228535	0.6605216
DRB5*01:01	0.0	0.0	0.3423699	0.3197958
DQA1*02:01-DQB1*03:01	0.0	0.70250076	0.27992392	0.2972827
DRB1*01:01	1.0	1.0	0.2784252	0.23323816
DRB1*15:01	0.0	0.36495084	0.27465177	0.20572528
DRB3*01:01	0.0	0.14962251	0.27367523	0.17914781
DRB1*11:01	0.0	0.6441565	0.7245621	0.6272243
DQA1*06:01-DQB1*04:02	0.0	0.45295608	0.27341792	0.19966076
DRB1*04:05	0.0	0.24753717	0.27356595	0.17360672
DQA1*03:03-DQB1*04:02	0.0	0.46154162	0.27338204	0.14865586
DRB1*13:02	1.0	0.8924977	0.7233951	0.6403704
DRB3*01:01	0.0	0.6263277	0.2734659	0.18077907
DQA1*05:01-DQB1*03:02	1.0	0.8476255	0.2801071	0.07863155
DRB1*09:01	0.0	0.06848512	0.2764458	0.38643825
DRB4*01:01	0.0	0.0	0.27437147	0.15289095
DRB1*13:02	0.0	0.19363458	0.28184763	0.2816961
DRB1*09:01	0.0	0.41885513	0.27437446	0.31793836
DQB1*03:02	0.0	0.29198313	0.28078753	0.24975367
DRB1*08:01	0.0	0.59271634	0.2803509	0.24166186
DPB1*05:01	0.0	0.29749924	0.2744987	0.24785817
DQA1*05:01-DQB1*04:02	0.0	0.30117592	0.27391872	0.21558458
DQA1*05:01-DQB1*03:03	0.0	0.42544052	0.273969	0.19784315
DRB3*02:02	0.0	0.0	0.2738884	0.14852326
DRB4*01:01	0.0	0.084686644	0.27392066	0.13340105
DRB1*09:01	0.0	0.084686644	0.2821086	0.33562794
DRB5*01:01	0.0	0.0	0.34630117	0.3643673
DRB1*08:01	0.0	0.15634559	0.5994917	0.45002863
DRB1*15:01	0.0	0.72312444	0.27507985	0.24887967
DRB1*04:01	0.0	0.0	0.27572605	0.22280777
DRB3*01:01	0.0	0.084686644	0.27351448	0.16989893
DRB1*04:01	0.0	0.08841624	0.27564085	0.24949472
DRB1*14:54	0.0	0.55829746	0.32778886	0.40560055
DPA1*01:03-DPB1*04:01	0.0	0.0	0.27370685	0.09927756
DRB1*13:01	1.0	0.93593705	0.29743823	0.32604736
DRB1*14:54	0.0	0.30759713	0.29962644	0.44974065
DQA1*03:01-DQB1*03:02	0.0	0.076959535	0.41914815	0.37820506
DQA1*02:01-DQB1*03:03	0.0	0.4864194	0.27520987	0.21684015
DQA1*05:01-DQB1*03:02	0.0	0.23979631	0.2809541	0.15900928
DRB1*03:01	0.0	0.45026276	0.40128118	0.35246927
DRB1*15:01	1.0	0.8984626	0.29200658	0.33669147
DRB1*15:01	0.0	0.464309	0.37478423	0.39158475
DQA1*02:01-DQB1*03:01	0.0	0.351088	0.2789407	0.30659628
DRB1*15:01	0.0	0.36568236	0.2776792	0.30689022
DRB1*04:01	0.0	0.053787023	0.27417356	0.120754816
DRB4*01:03	0.0	0.71431553	0.41949853	0.49227542
DRB1*11:01	0.0	0.36495084	0.31122229	0.36138254
DQB1*04:02	0.0	0.29749924	0.28008223	0.34903547
DRB1*03:01	0.0	0.0	0.27396747	0.11789735
DRB1*14:54	0.0	0.54663813	0.5073521	0.53160983
DRB1*07:01	0.0	0.47222328	0.7201336	0.612165
DRB1*04:01	0.0	0.45992014	0.27399772	0.14969325
DRB3*01:01	0.0	0.0	0.27347186	0.16121444
DRB1*04:01	0.0	0.31887692	0.27577075	0.33510822
DRB1*11:01	0.0	0.69887584	0.32007074	0.39360672
DRB3*03:01	0.0	0.46487257	0.35658392	0.39082927
DRB1*13:02	0.0	0.46832806	0.3305897	0.41357172
DRB1*04:01	0.0	0.46154162	0.30996588	0.3951457
DRB1*01:01	0.0	0.0	0.33245495	0.3620256
DRB1*08:02	0.0	0.084686644	0.29988936	0.38940287
DRB1*04:01	0.0	0.6073399	0.27603114	0.277842
DRB3*02:02	0.0	0.47855613	0.2751804	0.28127357
DQA1*06:01-DQB1*04:02	0.0	0.084686644	0.27400783	0.17553666
DQA1*02:01-DQB1*04:02	0.0	0.33918083	0.27511898	0.31528136
DQA1*02:01-DQB1*04:02	0.0	0.18335316	0.2752749	0.22022018
DRB1*15:01	0.0	0.11073455	0.2748652	0.19709238
DRB1*07:01	0.0	0.3230462	0.33590722	0.4926161
DRB1*09:01	0.0	0.674082	0.2751967	0.34121516
DRB5*01:01	0.0	0.0	0.33499387	0.2191667
DRB1*15:01	0.0	0.0	0.27445757	0.15425137
DRB1*03:01	0.0	0.7969252	0.72405034	0.6158353
DRB1*07:01	0.0	0.6796851	0.45998916	0.43951932
DQA1*02:01-DQB1*03:03	0.0	0.27027747	0.30046186	0.32854152
DPA1*01:03-DPB1*04:01	0.0	0.0	0.27590525	0.11746648
DQA1*05:01-DQB1*03:02	0.0	0.3520836	0.27523035	0.23719521
DRB1*15:01	0.0	0.5841126	0.2796164	0.32122082
DRB5*01:01	0.0	0.4657244	0.34637806	0.36514235
DQA1*05:01-DQB1*02:01	0.0	0.4775781	0.31069866	0.39399645
DRB1*04:01	0.0	0.1903442	0.2739658	0.23030184
DRB1*09:01	0.0	0.42920575	0.27497557	0.32722443
DRB1*11:01	0.0	0.082071446	0.28402916	0.32936078
DQA1*02:01-DQB1*03:01	0.0	0.43935007	0.27893922	0.29206157
DRB5*01:01	0.0	0.084686644	0.33670244	0.2692933
DQA1*02:01-DQB1*04:02	0.0	0.1543799	0.27391762	0.31363323
DQA1*05:01-DQB1*03:02	0.0	0.084686644	0.27636373	0.19230118
DRB1*15:01	0.0	0.0	0.274591	0.18767379
DRB1*07:01	0.0	0.3503483	0.27506518	0.1948176
DQA1*05:01-DQB1*03:02	0.0	0.47161323	0.27380437	0.23510422
DQA1*01:01-DQB1*05:01	0.0	0.0	0.27380288	0.118443705
DRB3*02:02	0.0	0.084686644	0.47466573	0.36607733
DQA1*01:03-DQB1*06:03	0.0	0.3760407	0.28169012	0.24872059
DRB4*01:03	0.0	0.084686644	0.27809867	0.34270233
DRB1*07:01	0.0	0.28793725	0.2789961	0.34791103
DRB1*03:01	0.0	0.0	0.3055268	0.36834785
DRB1*13:01	0.0	0.33889112	0.2767863	0.19323336
DRB5*01:01	0.0	0.7969252	0.42316252	0.37496966
DRB1*07:01	0.0	0.16865978	0.27705544	0.27743417
DQA1*01:03-DQB1*06:03	0.0	0.16234592	0.2741476	0.14713892
DRB1*07:01	0.0	0.050313637	0.28279325	0.3115703
DRB1*13:01	0.0	0.35436368	0.27709255	0.23692058
DQA1*02:01-DQB1*04:02	0.0	0.084686644	0.2740617	0.23779488
DRB1*13:01	0.0	0.63132477	0.3532574	0.43935147
DRB1*07:01	0.0	0.20535792	0.33330372	0.37371418
DRB1*07:01	0.0	0.31646273	0.2752353	0.27674505
DRB1*11:01	0.0	0.3156156	0.2892945	0.32343885
DQA1*01:02-DQB1*06:02	0.0	0.21815845	0.2739535	0.13641676
DRB1*15:01	0.0	0.3780072	0.27865246	0.26065975
DQA1*01:02-DQB1*05:01	0.0	0.5614576	0.27498028	0.2158772
DQA1*02:01-DQB1*03:01	0.0	0.521603	0.28009495	0.34040308
DRB1*04:01	0.0	0.0	0.2745797	0.124576665
DRB1*03:01	0.0	0.15623528	0.27514237	0.27847356
DRB1*15:01	0.0	0.0	0.27421048	0.15513977
DQA1*05:01-DQB1*03:02	0.0	0.19184943	0.27717045	0.17816195
DRB1*11:01	0.0	0.5689894	0.27600914	0.3223074
DQA1*05:01-DQB1*03:02	0.0	0.084686644	0.27786127	0.12161237
DRB1*15:01	0.0	0.12980473	0.27615824	0.22347197
DPA1*01:03-DPB1*02:01	0.0	0.0	0.2793241	0.21005583
DQA1*02:01-DQB1*04:02	0.0	0.6502526	0.70022285	0.6227925
DPA1*01:03-DPB1*02:01	0.0	0.0	0.27552584	0.17703712
DRB1*09:01	0.0	0.7278651	0.2759728	0.3514432
DQA1*06:01-DQB1*04:02	0.0	0.18907732	0.2742287	0.18326503
DRB3*01:01	0.0	0.0	0.2745734	0.09169393
DRB1*13:01	0.0	0.084686644	0.2826869	0.34101254
DQA1*02:01-DQB1*03:03	0.0	0.084686644	0.27721113	0.1602219
DQA1*02:01-DQB1*03:03	0.0	0.3155594	0.2732913	0.2651393
DRB1*03:01	0.0	0.0	0.27510598	0.15289082
DRB1*04:04	0.0	0.4261814	0.29680738	0.4023601
DRB1*09:01	0.0	0.5606573	0.28549737	0.30110013
DRB1*11:01	1.0	0.93593705	0.27910832	0.3091495
DRB1*07:01	0.0	0.36876768	0.27680963	0.34328544
DRB1*03:01	0.0	0.4457879	0.2737576	0.23265907
DPA1*01:03-DPB1*04:01	0.0	0.0	0.31386003	0.26095706
DRB5*01:01	0.0	0.38729215	0.33599138	0.29822928
DQA1*02:01-DQB1*04:02	0.0	0.084686644	0.34574553	0.4682331
DQA1*05:01-DQB1*03:02	0.0	0.16467708	0.27840355	0.17076442
DRB3*03:01	0.0	0.6887833	0.51350343	0.4376747
DRB1*15:01	0.0	0.3644727	0.27534848	0.35181943
DRB3*01:01	0.0	0.5841126	0.273829	0.19458686
DPA1*01:03-DPB1*04:01	0.0	0.0	0.28828025	0.17868835
DRB1*04:04	0.0	0.3959912	0.27591786	0.32115412
DRB1*14:54	0.0	0.44064572	0.27803904	0.37163493
DRB1*04:04	0.0	0.36987334	0.27399448	0.30506536
DRB1*13:01	0.0	0.30103177	0.2780024	0.26383325
DQA1*05:01-DQB1*04:02	0.0	0.26008645	0.274382	0.31128538
DRB1*03:01	0.0	0.029518086	0.45610732	0.32048735
DRB1*04:04	0.0	0.084686644	0.27607968	0.32167736
DRB1*13:01	0.0	0.0	0.2809004	0.31744617
DRB1*04:01	0.0	0.0	0.2742861	0.2058236
DRB1*04:01	0.0	0.4874962	0.27426878	0.16111991
DRB1*07:01	0.0	0.69887584	0.30610794	0.4397853
DRB1*04:05	0.0	0.0	0.27812755	0.1732085
DRB1*13:01	0.0	0.084686644	0.27636075	0.17073673
DRB1*13:01	0.0	0.7062737	0.36115462	0.37425637
DRB3*01:01	0.0	0.084686644	0.2757412	0.19429553
DRB4*01:01	0.0	0.0	0.2750125	0.25723708
DQA1*02:01-DQB1*04:02	0.0	0.3587406	0.27793804	0.27367795
DQA1*02:01-DQB1*03:03	0.0	0.084686644	0.2751449	0.19747454
DRB1*15:01	0.0	0.17446733	0.2780845	0.375642
DRB1*08:01	0.0	0.71861506	0.61924475	0.5793529
DRB1*12:01	0.0	0.0	0.31591153	0.39728296
DRB1*07:01	0.0	0.4234332	0.7240105	0.63777715
DRB5*01:01	1.0	0.83439964	0.40235353	0.40493932
DPB1*04:01	0.0	0.0	0.3391397	0.3017489
DRB1*11:01	0.0	0.3983002	0.29890352	0.3895886
DQA1*02:01-DQB1*03:01	0.0	0.084686644	0.27701795	0.25777477
DQA1*05:01-DQB1*02:01	0.0	0.0	0.27504435	0.3125643
DQA1*05:01-DQB1*02:01	0.0	0.0	0.27943623	0.21875973
DRB3*01:01	0.0	0.30785522	0.2738428	0.109584995
DRB3*01:01	0.0	0.48395464	0.2733942	0.1845462
DPA1*01:03-DPB1*02:01	0.0	0.0	0.31091538	0.3888864
DRB1*11:01	0.0	0.21229647	0.27550653	0.19284377
DQA1*01:01-DQB1*05:01	0.0	0.0	0.27413407	0.13166133
DRB5*01:01	0.0	0.56812155	0.34814563	0.2962839
DRB1*04:01	0.0	0.02062367	0.27419928	0.13362682
DRB1*03:01	0.0	0.47565255	0.48567393	0.4190378
DRB3*01:01	0.0	0.084686644	0.2739053	0.22031488
DRB1*04:04	0.0	0.42581022	0.27428532	0.2976102
DRB1*09:01	0.0	0.7437481	0.29203236	0.42927617
DPA1*01:03-DPB1*03:01	0.0	0.0	0.27395067	0.19852123
DRB1*01:01	0.0	0.21270175	0.61750466	0.52595824
DRB1*13:02	1.0	0.9757514	0.29155192	0.19474214
DRB1*15:01	0.0	0.34517473	0.2782732	0.2621431
DQA1*05:01-DQB1*04:02	0.0	0.28510585	0.27386928	0.20718919
DQA1*05:01-DQB1*03:02	0.0	0.084686644	0.27405378	0.21048668
DRB1*07:01	0.0	0.69202656	0.39344126	0.44096732
DRB1*11:01	0.0	0.6662669	0.6473649	0.60223365
DQA1*06:01-DQB1*04:02	0.0	0.5375186	0.29794455	0.3388673
DPA1*01:03-DPB1*04:01	0.0	0.5771899	0.31227893	0.36777845
DRB1*04:01	0.0	0.013553474	0.31292188	0.37696287
DRB1*13:01	0.0	0.3780072	0.2808698	0.2681687
DQA1*01:02-DQB1*05:01	1.0	0.8078111	0.61616445	0.5923067
DRB1*15:01	0.0	0.4570193	0.29086018	0.32836992
DQA1*05:01-DQB1*04:02	0.0	0.31646273	0.2759537	0.23653722
DRB1*04:01	0.0	0.27325067	0.27404788	0.19560662
DRB1*03:01	0.0	0.0	0.27455553	0.2452067
DQA1*03:01-DQB1*03:02	0.0	0.23452868	0.27484858	0.22495581
DRB1*04:04	0.0	0.21481192	0.27413875	0.18867928
DRB4*01:03	0.0	0.72312444	0.3096383	0.4323442
DRB1*03:01	0.0	0.13349923	0.2737266	0.1959539
DRB1*09:01	0.0	0.084686644	0.27412054	0.26213372
DRB4*01:03	1.0	0.8201525	0.7224633	0.6679676
DPA1*02:01-DPB1*05:01	0.0	0.0	0.2739915	0.102647565
DRB5*01:01	0.0	0.5508399	0.34827843	0.35424677
DRB3*03:01	1.0	0.93593705	0.7109795	0.672159
DRB1*03:01	1.0	0.8630652	0.7243698	0.6020443
DRB1*04:01	0.0	0.0	0.2787424	0.19479392
DRB1*04:01	0.0	0.0	0.27384013	0.21075474
DQA1*03:03-DQB1*04:02	0.0	0.31754705	0.31765124	0.40556884
DRB1*04:05	0.0	0.34824398	0.27408218	0.13910146
DRB1*11:01	0.0	0.63305235	0.45097482	0.4488857
DRB1*11:01	1.0	0.8201525	0.5155723	0.5043033
DQA1*05:01-DQB1*04:02	0.0	0.51953757	0.5594712	0.51871985
DRB1*03:01	0.0	0.31058303	0.2743549	0.108302735
DRB1*08:01	0.0	0.34205434	0.28885013	0.38714376
DRB1*13:01	0.0	0.34800422	0.3318057	0.39935714
DRB4*01:03	0.0	0.32734865	0.2817246	0.30263013
DRB1*07:01	0.0	0.45445895	0.33229598	0.4141692
DRB1*15:01	0.0	0.56986547	0.28892875	0.4020823
DPA1*02:01-DPB1*05:01	0.0	0.0	0.27419916	0.24211001
DRB1*13:02	0.0	0.0	0.27724728	0.17107888
DRB1*11:01	0.0	0.0	0.27640638	0.21767016
DRB1*07:01	0.0	0.7703366	0.7208138	0.62409294
DRB1*10:01	0.0	0.051956147	0.27367714	0.103940584
DQA1*02:01-DQB1*04:02	0.0	0.084686644	0.27736	0.22328815
DRB1*04:05	0.0	0.48535502	0.29739654	0.28256196
DRB3*03:01	1.0	0.93593705	0.648136	0.6326397
DRB1*01:01	0.0	0.024828564	0.4272542	0.33629006
DRB1*04:01	0.0	0.0	0.27409455	0.21031447
DRB1*01:01	0.0	0.10647289	0.35597	0.35018247
DRB1*03:01	0.0	0.11384292	0.50060743	0.25194043
DRB4*01:03	0.0	0.49384698	0.28023365	0.32002032
DQA1*02:01-DQB1*03:03	0.0	0.084686644	0.27720925	0.10384225
DRB1*01:01	0.0	0.5614576	0.39331234	0.42256606
DRB1*13:02	0.0	0.2669642	0.27851713	0.28835154
DRB1*15:01	0.0	0.0	0.27491552	0.1487164
DRB1*03:01	0.0	0.1076325	0.27660134	0.29795456
DRB5*01:01	0.0	0.26590756	0.37082228	0.34113583
DRB1*03:03	0.0	0.47161323	0.27972016	0.27037057
DRB1*03:01	0.0	0.0	0.2739179	0.22560598
DQA1*05:01-DQB1*03:02	0.0	0.49942595	0.36120713	0.37793627
DRB1*01:01	0.0	0.07718083	0.27801463	0.20139575
DRB1*08:01	0.0	0.7062737	0.6657966	0.60702795
DRB3*01:01	0.0	0.084686644	0.48152387	0.21789294
DRB1*09:01	0.0	0.17596878	0.27404585	0.2867548
DRB1*08:01	0.0	0.16738464	0.27337006	0.1630979
DRB4*01:01	0.0	0.0	0.27656817	0.09394527
DQA1*03:01-DQB1*03:02	0.0	0.049211536	0.27451184	0.099582665
DRB5*01:01	0.0	0.084686644	0.34080544	0.35267523
DQA1*01:03-DQB1*06:03	0.0	0.084686644	0.2739152	0.26144478
DRB1*03:01	0.0	0.084686644	0.27514222	0.2356251
DRB1*01:01	0.0	0.24078673	0.28815034	0.31667668
DRB3*01:01	0.0	0.0	0.27427825	0.22973366
DRB1*01:01	0.0	0.0	0.27771097	0.19102404
DRB3*03:01	0.0	0.6366076	0.32445794	0.33573845
DRB1*08:01	0.0	0.44954166	0.27545673	0.14699998
DQA1*05:01-DQB1*04:02	0.0	0.43660355	0.28882313	0.39425468
DQA1*02:01-DQB1*03:03	0.0	0.084686644	0.42462766	0.43219554
DRB4*01:01	0.0	0.33618307	0.36032513	0.2603385
DPA1*02:01-DPB1*01:01	0.0	0.3963945	0.4210087	0.3089906
DPA1*01:03-DPB1*02:01	0.0	0.44351694	0.27635732	0.35220695
DQA1*05:01-DQB1*03:02	0.0	0.4190271	0.27640224	0.2719329
DRB1*09:01	0.0	0.0	0.7210099	0.64743227
DRB1*03:01	1.0	0.9689021	0.7241709	0.6102291
DRB1*04:05	0.0	0.3920521	0.27343366	0.15839018
DQA1*02:01-DQB1*03:03	0.0	0.084686644	0.27371764	0.17833893
DQA1*05:01-DQB1*04:02	0.0	0.084686644	0.2737868	0.23484041
DRB1*01:01	0.0	0.6502526	0.427472	0.45175737
DRB1*13:01	0.0	0.40739837	0.27820393	0.36374786
DRB1*11:01	0.0	0.34864494	0.29393482	0.40516108
DRB1*11:01	0.0	0.66380215	0.42241713	0.4597723
DQA1*05:01-DQB1*03:03	0.0	0.26650044	0.27618673	0.13193047
DRB1*03:01	0.0	0.0	0.27462536	0.2568007
DRB1*11:01	0.0	0.084686644	0.27621326	0.2375068
DQA1*05:01-DQB1*03:02	0.0	0.4236139	0.27366924	0.21147308
DQA1*06:01-DQB1*04:02	0.0	0.35283738	0.27356267	0.20937186
DRB1*07:01	0.0	0.43977994	0.32108104	0.39043343
DQA1*05:01-DQB1*03:03	0.0	0.68261945	0.6700811	0.61265916
DRB1*11:01	0.0	0.7969252	0.49797732	0.29396725
DRB1*08:02	0.0	0.0	0.27394396	0.19305262
DRB1*03:01	0.0	0.0	0.30322006	0.41344488
DRB5*01:01	0.0	0.7871874	0.35787225	0.31139517
DRB4*01:03	0.0	0.5053634	0.2847605	0.35714763
DRB3*03:01	0.0	0.7871874	0.40500462	0.42937887
DRB1*01:01	1.0	1.0	0.7213477	0.6546264
DRB1*15:01	0.0	0.5332755	0.72193444	0.6022614
DRB3*02:02	0.0	0.24086682	0.2738567	0.19495353
DQA1*06:01-DQB1*04:02	0.0	0.28632626	0.27359292	0.21474406
DRB4*01:03	0.0	0.36466363	0.27868333	0.35151708
DQA1*01:01-DQB1*05:01	0.0	0.0	0.2742056	0.14759395
DRB1*09:01	0.0	0.58618957	0.33785984	0.4445628
DRB1*07:01	0.0	0.084686644	0.2749304	0.21587588
DRB1*15:01	1.0	0.9911911	0.2791013	0.28048256
DRB1*13:01	0.0	0.4713097	0.28294826	0.36435044
DPA1*01:03-DPB1*04:01	0.0	0.36591458	0.29278934	0.3217522
DRB1*07:01	0.0	0.31306505	0.27511948	0.29622197
DRB1*03:01	0.0	0.59271634	0.7246675	0.61951476
DRB1*11:01	0.0	0.591596	0.41283527	0.38636303
DRB4*01:03	0.0	0.5369004	0.28094226	0.3804015
DRB4*01:01	0.0	0.59271634	0.29109663	0.27880967
DRB1*03:01	0.0	0.55907744	0.31991887	0.34728396
DRB4*01:01	0.0	0.0	0.27443492	0.06617298
DRB1*11:01	0.0	0.084686644	0.27594778	0.19977233
DQA1*05:01-DQB1*03:02	0.0	0.32941404	0.27721703	0.18041545
DQA1*01:02-DQB1*05:01	0.0	0.6714029	0.28787193	0.27475873
DRB1*07:01	0.0	0.26959157	0.27826378	0.26260412
DRB3*01:01	0.0	0.17467509	0.6738259	0.54752976
DRB3*03:01	0.0	0.7328622	0.709802	0.63375545
DQA1*02:01-DQB1*03:03	0.0	0.084686644	0.2746218	0.21825325
DRB3*01:01	0.0	0.5639006	0.47398445	0.38723055
DQA1*03:03-DQB1*04:02	0.0	0.23464565	0.27332348	0.19526878
DRB1*07:01	0.0	0.7278651	0.34100333	0.45597082
DRB5*01:01	0.0	0.11902178	0.35714287	0.40738755
DPA1*01:03-DPB1*02:01	0.0	0.2469737	0.27491236	0.20957285
DRB1*03:01	0.0	0.31835425	0.30848384	0.3172518
DPA1*02:01-DPB1*05:01	0.0	0.0	0.3308372	0.29978925
DQA1*01:02-DQB1*05:01	0.0	0.71431553	0.27897346	0.345509
DRB1*07:01	0.0	0.12867472	0.29939607	0.35813498
DRB1*13:01	0.0	0.084686644	0.27684042	0.24337396
DRB1*08:02	0.0	0.0	0.27487686	0.14028819
DRB4*01:03	0.0	0.47790295	0.2795959	0.40958303
DRB1*14:54	0.0	0.738145	0.7220374	0.65120554
DRB1*11:01	0.0	0.02062367	0.27736557	0.24808648
DQA1*03:03-DQB1*04:02	0.0	0.084686644	0.27336445	0.21177438
DRB3*02:02	0.0	0.14217734	0.32420012	0.3485906
DRB1*13:02	0.0	0.59616107	0.2958992	0.29732606
DRB1*15:01	0.0	0.17593157	0.29608732	0.4315641
DRB1*04:04	0.0	0.7560895	0.7245221	0.64629203
DRB1*04:01	0.0	0.0	0.27401575	0.26824027
DRB1*14:54	0.0	0.24412885	0.27854654	0.3225547
DRB1*15:01	1.0	0.80112696	0.72180283	0.6099605
DRB1*14:54	0.0	0.6141892	0.48505798	0.5063375
DRB1*12:01	0.0	0.0	0.27368504	0.20939393
DRB4*01:03	0.0	0.60473627	0.2818896	0.4082882
DRB1*08:01	0.0	0.084686644	0.27412397	0.13876912
DRB3*01:01	0.0	0.29749924	0.2735244	0.15403706
DRB1*07:01	0.0	0.4250723	0.27555358	0.25929168
DRB1*07:01	0.0	0.1640424	0.2762392	0.297482
DRB1*11:01	0.0	0.0	0.27403918	0.097373806
DRB1*09:01	0.0	0.53814095	0.32816306	0.42035708
DQA1*01:01-DQB1*05:01	0.0	0.0	0.28308508	0.12952778
DQA1*03:03-DQB1*04:02	0.0	0.25950256	0.27364475	0.20513499
DRB1*11:01	0.0	0.49779728	0.40727535	0.44691825
DQA1*05:01-DQB1*03:03	0.0	0.084686644	0.2752728	0.12092113
DRB1*09:01	0.0	0.28185004	0.27647382	0.32745892
DRB1*07:01	0.0	0.7969252	0.281999	0.3864221
DRB1*04:01	0.0	0.063694015	0.3265479	0.3376913
DRB1*11:01	0.0	0.32683942	0.27526906	0.2549155
DRB1*07:01	0.0	0.41498607	0.27581784	0.35008895
DRB1*01:01	0.0	0.0	0.3156008	0.19022527
DRB4*01:03	0.0	0.34880581	0.27688128	0.27770603
DRB1*04:04	0.0	0.35241786	0.2861933	0.4282899
DRB1*04:01	0.0	0.01897162	0.2742498	0.26415074
DRB1*14:54	0.0	0.6296289	0.29529172	0.37798023
DRB1*15:01	0.0	0.5781477	0.45371363	0.461523
DRB3*02:02	0.0	0.0	0.27423558	0.16681527
DRB1*14:54	0.0	0.2709685	0.33116686	0.45894825
DRB1*04:01	0.0	0.52004963	0.27386504	0.19021122
DRB1*04:04	1.0	0.8201525	0.7245307	0.6416834
DRB1*08:01	0.0	0.43536296	0.27426976	0.19019598
DQA1*01:02-DQB1*05:01	0.0	0.399268	0.27888763	0.26284927
DRB1*04:01	1.0	0.9456748	0.7242467	0.63771456
DRB1*13:02	0.0	0.0	0.27978146	0.21731754
DRB1*14:54	0.0	0.084686644	0.27848777	0.30137727
DRB1*08:02	0.0	0.25654814	0.2750166	0.24093884
DRB1*09:01	0.0	0.53209805	0.28317678	0.4381675
DRB3*01:01	0.0	0.084686644	0.273725	0.14195985
DQB1*03:02	0.0	0.05839202	0.2742969	0.16845044
DRB1*03:01	0.0	0.13403365	0.33447647	0.40214026
DRB1*07:01	0.0	0.084686644	0.27568462	0.26008835
DRB1*08:01	0.0	0.084686644	0.28032857	0.09710999
DRB1*04:01	0.0	0.17913674	0.27654004	0.24868268
DRB1*04:01	0.0	0.0	0.368584	0.37077084
DRB1*03:01	0.0	0.5356762	0.7043515	0.55291075
DQA1*05:01-DQB1*02:01	0.0	0.0	0.27388424	0.20676652
DRB1*15:01	0.0	0.6714029	0.2991852	0.31714398
DRB1*04:05	0.0	0.45420676	0.32500938	0.40028024
DRB3*02:02	1.0	0.8984626	0.7247	0.6311663
DRB1*09:01	0.0	0.68261945	0.27829084	0.39026627
DRB1*03:01	0.0	0.0	0.32989296	0.35691804
DRB1*14:54	1.0	0.8078111	0.7218945	0.64658356
DRB4*01:03	0.0	0.63305235	0.38754478	0.48296753
DRB1*04:01	0.0	0.0	0.2745502	0.18616515
DRB3*01:01	0.0	0.084686644	0.27395326	0.091447204
DRB1*13:02	0.0	0.0	0.27401185	0.050802786
DQA1*01:02-DQB1*05:01	0.0	0.49346107	0.32294187	0.32703584
DRB1*09:01	0.0	0.37945396	0.2736984	0.26658964
DRB1*01:01	0.0	0.0	0.27802256	0.25738853
DRB1*08:02	0.0	0.60473627	0.327134	0.30824912
DRB3*03:01	0.0	0.3838176	0.32898542	0.32839411
DRB1*11:01	0.0	0.012807347	0.3067275	0.20195836
DQA1*05:01-DQB1*04:02	0.0	0.084686644	0.27428207	0.22571205
DRB1*03:03	0.0	0.13823415	0.27839437	0.2745309
DQA1*05:01-DQB1*04:02	0.0	0.71020716	0.7205908	0.63263434
DQA1*01:04-DQB1*05:03	0.0	0.0	0.27727258	0.2346573
DRB1*03:01	0.0	0.45806366	0.27409643	0.186429
DQA1*05:01-DQB1*02:01	0.0	0.14407317	0.3037704	0.4074987
DRB4*01:03	0.0	0.24673325	0.27594927	0.26949364
DQB1*03:02	0.0	0.39816278	0.2744098	0.1974221
DRB1*03:01	0.0	0.69202656	0.27388927	0.14784658
DQA1*05:01-DQB1*03:02	0.0	0.41664842	0.29229948	0.38907903
DRB1*04:01	0.0	0.0	0.2748244	0.2178171
DRB1*01:01	0.0	0.0	0.72197706	0.55796593
DQA1*03:01-DQB1*03:02	0.0	0.09655396	0.36636275	0.34674203
DRB3*02:02	0.0	0.084686644	0.27409565	0.19777611
DQA1*05:01-DQB1*03:01	0.0	0.15975922	0.27373382	0.2746943
DRB1*03:01	0.0	0.34502006	0.27394632	0.19116548
DRB1*11:01	0.0	0.0	0.27576357	0.18815762
DRB4*01:03	0.0	0.3977517	0.27495968	0.23180437
DQA1*03:01-DQB1*03:02	0.0	0.040585425	0.2778082	0.19772813
DQA1*06:01-DQB1*04:02	0.0	0.084686644	0.27344918	0.22245419
DQA1*03:03-DQB1*04:02	0.0	0.49384698	0.27332318	0.22169726
DRB3*01:01	0.0	0.084686644	0.27352026	0.21066417
DRB5*01:01	0.0	0.5707499	0.34454903	0.35313475
DQA1*02:01-DQB1*03:03	0.0	0.084686644	0.36014012	0.38415056
DRB1*01:01	0.0	0.56986547	0.72293866	0.62439734
DQA1*03:03-DQB1*04:02	0.0	0.24179798	0.682293	0.6131111
DRB3*02:02	0.0	0.38393527	0.27560827	0.3006219
DRB1*09:01	0.0	0.5286533	0.27502525	0.3124012
DRB1*15:01	0.0	0.38704827	0.70941377	0.60367435
DRB1*09:01	0.0	0.47725436	0.27405345	0.25282508
DRB1*09:01	0.0	0.084686644	0.274014	0.27841648
DRB3*02:02	0.0	0.51031184	0.42495248	0.33378613
DRB1*13:02	0.0	0.0	0.27438208	0.16107123
DRB5*01:01	0.0	0.5338698	0.35268918	0.34690794
DRB1*01:01	0.0	0.71861506	0.2899827	0.3923704
DRB1*07:01	0.0	0.7437481	0.3412594	0.45633423
DRB1*14:54	0.0	0.3230462	0.27803278	0.32403085
DRB1*07:01	0.0	0.7278651	0.28926766	0.3736721
DRB3*01:01	0.0	0.070790075	0.27481452	0.17482305
DRB1*04:05	0.0	0.084686644	0.2981823	0.21443488
DRB1*03:01	0.0	0.084686644	0.27489278	0.11011719
DQA1*05:01-DQB1*03:03	0.0	0.084686644	0.2735452	0.1645453
DRB1*09:01	0.0	0.5242514	0.27412477	0.25854236
DRB1*01:01	0.0	0.0	0.2780611	0.1740647
DRB4*01:03	0.0	0.7969252	0.4037	0.43052366
DQA1*01:01-DQB1*05:01	0.0	0.0	0.2734092	0.122536115
DRB1*07:01	0.0	0.60096335	0.28063935	0.33405173
DRB1*04:01	0.0	0.6185565	0.27409548	0.21715671
DRB1*03:01	0.0	0.18405466	0.28062397	0.30418587
DPA1*01:03-DPB1*04:01	0.0	0.0	0.27547428	0.17391782
DRB1*15:01	0.0	0.2495781	0.28311554	0.39954922
DPB1*02:01	0.0	0.0	0.27405083	0.19525784
DRB5*01:01	0.0	0.40877444	0.41555032	0.4414689
DRB5*01:01	0.0	0.42749238	0.3378609	0.29773623
DRB1*11:01	1.0	0.93593705	0.72194886	0.6335803
DRB1*13:01	0.0	0.63132477	0.2794667	0.26655737
DRB1*08:02	0.0	0.110447094	0.27431083	0.18025404
DRB1*15:01	0.0	0.7990022	0.27503976	0.16778892
DRB1*13:02	1.0	0.9565607	0.72068846	0.61644286
DQA1*05:01-DQB1*04:02	0.0	0.30968234	0.27412573	0.31433606
DRB4*01:03	0.0	0.49901608	0.32263768	0.37742147
DRB1*07:01	0.0	0.0132969795	0.27664846	0.2735466
DRB1*12:01	0.0	0.0	0.279376	0.07188857
DRB1*04:01	0.0	0.084686644	0.27429184	0.1295921
DRB1*13:01	0.0	0.51312697	0.28312892	0.34160855
DRB1*07:01	0.0	0.74971294	0.28857046	0.38630587
DRB1*15:01	0.0	0.0	0.28376865	0.2750411
DRB1*04:05	0.0	0.2674971	0.3580351	0.3397724
DQA1*02:01-DQB1*04:02	0.0	0.47822896	0.27452	0.3029493
DQA1*02:01-DQB1*03:03	0.0	0.3561768	0.27441382	0.22965053
DRB1*09:01	0.0	0.4998376	0.38007253	0.46933627
DRB1*15:01	0.0	0.084686644	0.2751752	0.20604183
DQA1*02:01-DQB1*03:03	0.0	0.084686644	0.2744572	0.19191821
DRB3*01:01	0.0	0.084686644	0.27352262	0.13698554
DQA1*02:01-DQB1*03:01	0.0	0.58108205	0.27624854	0.25038874
DRB1*07:01	0.0	0.49820176	0.3855417	0.2871058
DQA1*05:01-DQB1*03:02	0.0	0.6231404	0.70073396	0.618077
DRB1*03:01	0.0	0.0	0.2749584	0.15412751
DRB1*11:01	0.0	0.5375186	0.27612257	0.28218627
DRB3*03:01	0.0	0.5791155	0.3422639	0.36940467
DRB1*13:01	0.0	0.12871936	0.27746034	0.2211113
DQA1*06:01-DQB1*04:02	0.0	0.084686644	0.27385852	0.15948576
DQA1*02:01-DQB1*04:02	0.0	0.23434182	0.27517834	0.31281573
DRB1*01:01	0.0	0.738145	0.37981844	0.44882575
DRB4*01:03	0.0	0.31165397	0.27713755	0.32242352
DRB5*01:01	0.0	0.7703366	0.4216554	0.446647
DRB1*04:04	0.0	0.0	0.2739284	0.26306796
DRB3*03:01	1.0	0.8201525	0.32408765	0.31220955
DRB1*13:01	0.0	0.54663813	0.31206152	0.39239183
DPA1*02:01-DPB1*05:01	0.0	0.0	0.27507734	0.19423282
DRB1*09:01	0.0	0.30083993	0.27413929	0.3255132
DRB1*04:05	0.0	0.58009356	0.27324542	0.22941568
DRB1*14:54	0.0	0.474078	0.2775161	0.35164297
DRB1*01:01	0.0	0.40574387	0.27623463	0.19591704
DRB1*03:01	1.0	0.93593705	0.72450644	0.60673183
DQA1*01:01-DQB1*05:01	0.0	0.0	0.2736238	0.07806655
DRB4*01:03	0.0	0.084686644	0.32050398	0.49277025
DQA1*02:01-DQB1*03:01	0.0	0.19952637	0.7248604	0.63459224
DRB1*13:02	0.0	0.0	0.31490022	0.31281382
DQA1*05:01-DQB1*03:02	0.0	0.3098935	0.27476627	0.26997468
DRB1*01:01	0.0	0.0	0.27743608	0.21700874
DRB1*07:01	0.0	0.28706628	0.2785544	0.2995994
DRB1*11:01	0.0	0.52004963	0.31706083	0.36466068
DRB1*07:01	0.0	0.084686644	0.27618876	0.2671755
DRB3*01:01	0.0	0.549418	0.29818904	0.3269112
DRB1*04:05	0.0	0.33745593	0.41970015	0.42082313
DRB1*11:01	0.0	0.2639583	0.30168027	0.2999493
DRB3*01:01	0.0	0.0	0.27735648	0.29031143
DRB1*03:01	0.0	0.6461442	0.27895012	0.25006223
DRB1*07:01	0.0	0.4829181	0.44800037	0.46480557
DRB1*13:01	0.0	0.15659678	0.2772347	0.17609043
DRB1*13:02	1.0	0.8868946	0.27540866	0.22126293
DRB1*03:02	0.0	0.013939555	0.28196624	0.32202163
DQA1*01:02-DQB1*05:01	0.0	0.35275334	0.27696845	0.26487476
DRB1*03:01	0.0	0.45965263	0.30873883	0.39604962
DQA1*05:01-DQB1*03:02	0.0	0.084686644	0.2754133	0.2351079
DQA1*02:01-DQB1*03:01	0.0	0.21526638	0.33840185	0.38646653
DRB1*07:01	0.0	0.2687413	0.28200385	0.31408015
DRB4*01:01	0.0	0.36156222	0.2830875	0.2533633
DRB1*04:01	0.0	0.084686644	0.275359	0.23886031
DRB1*03:01	0.0	0.0	0.2737837	0.2593963
DQA1*02:01-DQB1*03:03	0.0	0.60866976	0.27402207	0.29463774
DQA1*05:01-DQB1*03:02	0.0	0.3152789	0.27401537	0.24024609
DRB1*03:01	0.0	0.6687992	0.27383605	0.21377309
DRB1*13:01	0.0	0.27746898	0.27875927	0.29102984
DRB1*01:01	1.0	0.89543205	0.27952144	0.12196786
DRB3*02:02	0.0	0.39761508	0.3392459	0.42952967
DRB3*03:01	0.0	0.084686644	0.44764033	0.4883369
DRB1*04:04	0.0	0.17452839	0.27790257	0.34342068
DRB1*03:01	0.0	0.0	0.27646387	0.19233204
DRB1*04:04	0.0	0.3152229	0.27777207	0.3058833
DRB1*07:01	0.0	0.6263277	0.3616985	0.4469617
DRB4*01:01	0.0	0.3624911	0.3408319	0.3009047
DQA1*05:01-DQB1*03:03	0.0	0.33287203	0.2807374	0.35867482
DRB1*11:01	0.0	0.24412885	0.28386977	0.2930633
DRB1*07:01	0.0	0.0	0.27815464	0.33410096
DRB4*01:01	0.0	0.0	0.27390704	0.1484915
DQA1*02:01-DQB1*03:03	0.0	0.084686644	0.31336075	0.3116543
DRB1*04:01	0.0	0.72312444	0.33398533	0.44548094
DPB1*04:01	0.0	0.0	0.27395388	0.24620025
DQA1*05:01-DQB1*04:02	0.0	0.37243655	0.27365768	0.3223169
DQA1*06:01-DQB1*04:02	0.0	0.47888446	0.2837791	0.3443719
DRB3*03:01	0.0	0.36767507	0.33767024	0.3857596
DPA1*01:03-DPB1*04:01	0.0	0.18014373	0.3135399	0.33310002
DPB1*04:02	0.0	0.16937329	0.27510485	0.22118205
DRB1*08:01	0.0	0.640305	0.27973062	0.26761186
DRB5*01:01	0.0	0.18395992	0.41803518	0.3954446
DQA1*02:01-DQB1*04:02	0.0	0.34904766	0.27487195	0.27229938
DRB1*03:03	0.0	0.17511661	0.37884185	0.4637717
DRB1*04:05	0.0	0.0881328	0.27433652	0.1465773
DRB1*11:01	0.0	0.5707499	0.34834394	0.3902225
DRB1*03:01	0.0	0.30530617	0.27498302	0.2609923
DRB1*01:01	0.0	0.74971294	0.45678425	0.49338692
DQA1*01:02-DQB1*05:01	1.0	0.8078111	0.72080827	0.6302551
DRB1*08:01	0.0	0.52642614	0.27387574	0.23761976
DQA1*02:01-DQB1*04:02	0.0	0.084686644	0.27363253	0.21431944
DRB1*15:01	0.0	0.37658277	0.29392374	0.36989695
DRB1*11:01	0.0	0.58939534	0.28584406	0.3446936
DRB1*08:02	1.0	0.8476255	0.72334564	0.6459457
DQA1*05:01-DQB1*04:02	0.0	0.39439535	0.2791476	0.30791718
DRB5*01:01	0.0	0.6296289	0.5333471	0.5740072
DRB1*04:01	1.0	0.8935937	0.2847798	0.30596805
DQA1*02:01-DQB1*03:03	0.0	0.2626179	0.27510783	0.2597948
DPA1*02:01-DPB1*05:01	0.0	0.0	0.273946	0.118917175
DRB1*09:01	0.0	0.23706487	0.27371377	0.21797341
DRB1*03:01	0.0	0.6141892	0.27401012	0.2425619
DQA1*05:01-DQB1*03:02	0.0	0.084686644	0.35305324	0.40366113
DRB1*04:04	0.0	0.26322186	0.27603072	0.33154398
DRB1*11:01	0.0	0.084686644	0.27473778	0.11114059
DRB1*04:04	0.0	0.084686644	0.2738633	0.22366849
DRB3*02:02	0.0	0.084686644	0.27529114	0.20517531
DRB3*01:01	0.0	0.084686644	0.27513185	0.30744135
DRB1*07:01	0.0	0.5508399	0.2869853	0.4238884
DRB4*01:03	0.0	0.46181467	0.27689406	0.26947635
DRB4*01:03	1.0	0.8984626	0.7228697	0.6610232
DRB1*08:02	0.0	0.0	0.27531666	0.14288753
DQA1*03:03-DQB1*04:02	0.0	0.60346144	0.6785507	0.60611326
DRB1*07:01	0.0	0.0	0.27695653	0.2673304
DRB1*08:02	0.0	0.0	0.27403167	0.18116438
DRB3*02:02	0.0	0.084686644	0.27389792	0.22958882
DRB1*04:04	0.0	0.45521963	0.42420447	0.48705846
DRB1*04:04	0.0	0.71431553	0.4096747	0.4887104
DRB1*04:05	0.0	0.110697806	0.27386862	0.09878386
DRB1*03:01	0.0	0.084686644	0.2810973	0.37063646
DQA1*02:01-DQB1*04:02	0.0	0.2950819	0.2905739	0.29003435
DPA1*01:03-DPB1*02:01	0.0	0.0	0.279275	0.22855702
DQA1*05:01-DQB1*02:01	0.0	0.2742514	0.31532693	0.39323002
DRB1*15:01	0.0	0.0	0.34433648	0.3747993
DRB4*01:03	0.0	0.3437918	0.27919954	0.33016527
DRB1*04:04	0.0	0.43786103	0.39197835	0.44241315
DRB1*04:04	0.0	0.43892217	0.31506908	0.41990584
DQA1*01:02-DQB1*05:01	0.0	0.30790693	0.27620548	0.2574166
DRB4*01:03	0.0	0.084686644	0.2764583	0.29679036
DQA1*03:03-DQB1*04:02	0.0	0.4677431	0.29416108	0.2639045
DPA1*02:01-DPB1*05:01	0.0	0.0	0.27411103	0.082447894
DRB1*04:05	0.0	0.6231404	0.4003914	0.38438535
DRB1*04:05	0.0	0.25681555	0.27342692	0.2348958
DRB1*13:01	0.0	0.71431553	0.5005529	0.3083016
DQA1*06:01-DQB1*04:02	0.0	0.084686644	0.27440533	0.17923436
DRB1*03:01	0.0	0.38346553	0.2739997	0.25165296
DRB1*04:01	0.0	0.0	0.27405792	0.15765393
DRB1*04:04	0.0	0.0	0.27448454	0.2959666
DRB1*13:01	0.0	0.6887833	0.72425234	0.6167828
DRB3*01:01	0.0	0.6714029	0.30998144	0.42546868
DRB1*07:01	0.0	0.21687478	0.27686337	0.27199477
DPA1*02:01-DPB1*01:01	0.0	0.0	0.28482366	0.25222525
DRB1*15:01	0.0	0.2158567	0.34836736	0.43921524
DRB1*09:01	0.0	0.7629388	0.27544993	0.318067
DQA1*01:01-DQB1*05:01	0.0	0.0	0.27426744	0.1880569
DRB1*11:01	0.0	0.69202656	0.2836647	0.2681936
DRB1*03:01	0.0	0.33731362	0.27384463	0.19318917
DRB3*02:02	0.0	0.38815075	0.27374816	0.17002556
DRB1*07:01	0.0	0.0	0.2769514	0.29288906
DQA1*03:01-DQB1*03:02	0.0	0.084686644	0.27331877	0.18734562
DRB5*01:01	0.0	0.0	0.3440539	0.31873387
DRB1*01:01	0.0	0.44624886	0.27887264	0.24300022
DRB1*08:01	0.0	0.6073399	0.36788854	0.3515715
DRB3*03:01	1.0	0.83439964	0.42170626	0.4749441
DRB1*03:01	0.0	0.0010858584	0.27388784	0.19503926
DRB1*07:01	0.0	0.15166964	0.2836116	0.36533618
DQA1*05:01-DQB1*03:03	0.0	0.53446805	0.27414635	0.21725988
DRB1*14:54	0.0	0.15214781	0.28291693	0.31566814
DRB1*08:02	1.0	0.9911911	0.6976494	0.60029536
DRB1*15:01	0.0	0.6384378	0.28132686	0.22660269
DRB3*01:01	0.0	0.24444066	0.30582327	0.26364055
DRB1*14:54	1.0	0.8078111	0.44572318	0.5284724
DRB1*03:01	0.0	0.0	0.2740078	0.14228216
DRB1*08:02	0.0	0.5375186	0.2751226	0.10435816
DRB1*04:05	0.0	0.5689894	0.37115914	0.37519324
DRB5*01:01	0.0	0.31311977	0.35173392	0.23176906
DRB1*07:01	1.0	0.8201525	0.7233299	0.6634559
DRB3*02:02	0.0	0.0	0.27687323	0.24825124
DPA1*01:03-DPB1*04:02	0.0	0.08750179	0.27389842	0.19704175
DQA1*02:01-DQB1*03:01	0.0	0.7871874	0.28049493	0.28458887
DRB4*01:03	0.0	0.53814095	0.2920395	0.37670803
DRB1*07:01	0.0	0.30806223	0.27689984	0.3025946
DRB1*04:01	0.0	0.6887833	0.27419636	0.18810558
DRB3*01:01	0.0	0.084686644	0.2736749	0.19835618
DQA1*02:01-DQB1*04:02	0.0	0.19017042	0.2735023	0.18308388
DQA1*03:03-DQB1*04:02	0.0	0.084686644	0.27443486	0.19305745
DRB1*08:02	0.0	0.3813807	0.29910696	0.38914195
DQA1*06:01-DQB1*04:02	0.0	0.084686644	0.27368733	0.17397662
DQA1*03:03-DQB1*04:02	0.0	0.3242728	0.42759934	0.4450199
DRB1*15:01	0.0	0.72312444	0.27465495	0.15789863
DRB3*01:01	0.0	0.084686644	0.30442598	0.3647434
DRB5*01:01	0.0	0.43293062	0.4388035	0.42452145
DRB1*08:02	0.0	0.0	0.27391055	0.18968853
DRB1*15:01	0.0	0.10630925	0.27534872	0.27399576
DRB1*09:01	0.0	0.3637128	0.28063887	0.40356514
DRB1*07:01	0.0	0.32310715	0.33412313	0.39407367
DQB1*05:01	0.0	0.36156222	0.29841542	0.3558365
DRB1*04:01	0.0	0.79795784	0.27429748	0.22269957
DQA1*01:02-DQB1*05:01	0.0	0.50150293	0.2808275	0.276484
DQA1*06:01-DQB1*04:02	0.0	0.33423725	0.6814509	0.5987132
DRB1*14:54	0.0	0.68565	0.71952486	0.6432015
DQA1*05:01-DQB1*03:03	0.0	0.2402678	0.27500838	0.18606491
DRB1*07:01	0.0	0.58009356	0.29017246	0.39416838
DRB3*02:02	0.0	0.3274125	0.2737866	0.19955572
DRB5*01:01	0.0	0.084686644	0.341914	0.36318156
DRB1*11:01	0.0	0.0	0.28562814	0.23197891
DRB1*04:04	0.0	0.32268137	0.2740799	0.20243375
DRB1*04:05	0.0	0.3673793	0.27360675	0.15337959
DRB1*03:01	0.0	0.0	0.6837667	0.5547046
DRB1*09:01	0.0	0.23499747	0.2756969	0.30096644
DRB1*15:01	0.0	0.29749924	0.33387527	0.3189619
DRB1*15:01	0.0	0.08688452	0.28331238	0.3510531
DQA1*01:02-DQB1*05:01	0.0	0.69887584	0.7209479	0.63410264
DRB3*02:02	1.0	1.0	0.7246429	0.6038664
DRB1*15:01	1.0	0.85125035	0.31308165	0.45255828
DRB1*08:01	0.0	0.41384	0.32173175	0.3382368
DRB1*04:01	0.0	0.30795866	0.32153898	0.43721253
DRB1*14:54	0.0	0.738145	0.36063156	0.43727705
DRB1*11:01	0.0	0.40479472	0.29809818	0.33723158
DQA1*01:01-DQB1*05:01	0.0	0.0	0.313927	0.101923846
DQA1*05:01-DQB1*04:02	0.0	0.36428213	0.3091526	0.45444733
DRB1*07:01	0.0	0.0	0.27644596	0.18708038
DQA1*01:02-DQB1*05:01	0.0	0.44906402	0.2746556	0.22648719
DRB1*03:01	0.0	0.084686644	0.27444413	0.14354862
DQA1*05:01-DQB1*04:02	0.0	0.084686644	0.27401942	0.27055058
DRB4*01:01	0.0	0.084686644	0.4904442	0.46954665
DRB1*03:01	0.0	0.0	0.4098811	0.28870183
DRB1*03:01	0.0	0.016114322	0.27436635	0.16776724
DRB1*15:01	0.0	0.55228406	0.27679917	0.30098724
DRB1*03:01	0.0	0.084686644	0.37344807	0.35794708
DRB5*01:01	0.0	0.18059918	0.35951662	0.30484438
DRB5*01:01	0.0	0.02062367	0.34550095	0.17794214
DPA1*01:03-DPB1*02:01	0.0	0.0	0.2778684	0.15648091
DQA1*01:02-DQB1*06:02	0.0	0.0	0.27773735	0.12241095
DRB1*04:01	0.0	0.598531	0.27542663	0.3197627
DRB3*03:01	0.0	0.29176572	0.33271003	0.34873927
DQA1*05:01-DQB1*02:01	0.0	0.0	0.2753416	0.2971422
DRB1*04:01	0.0	0.2609537	0.32485324	0.3831402
DRB1*04:04	0.0	0.65906143	0.2785534	0.17388386
DQA1*02:01-DQB1*03:03	0.0	0.084686644	0.4830203	0.2812118
DRB1*12:01	0.0	0.0	0.27391917	0.11627273
DRB1*11:01	0.0	0.20518756	0.29264843	0.37777245
DRB4*01:03	0.0	0.6953878	0.7242265	0.64007634
DRB3*01:01	0.0	0.31969586	0.2735348	0.15052146
DQA1*06:01-DQB1*04:02	0.0	0.33046433	0.27356103	0.22081313
DRB1*08:01	0.0	0.5753037	0.3482244	0.37806112
DQA1*01:02-DQB1*06:02	1.0	0.93593705	0.27456582	0.18498474
DQA1*03:03-DQB1*04:02	0.0	0.47161323	0.6768613	0.58355
DRB1*03:01	0.0	0.0	0.27396104	0.2048729
DQA1*05:01-DQB1*04:02	0.0	0.084686644	0.2763274	0.25995812
DRB1*08:01	0.0	0.22431284	0.27366427	0.23745091
DQA1*01:03-DQB1*06:03	0.0	0.084686644	0.2751241	0.24558783
DRB1*03:01	0.0	0.0	0.27382275	0.15213203
DRB1*07:01	0.0	0.0	0.27736077	0.21312663
DRB3*01:01	0.0	0.4822335	0.6006107	0.48305106
DRB1*13:02	0.0	0.037204035	0.31375	0.43767518
DRB1*13:02	0.0	0.0	0.27593157	0.19703335
DPB1*02:01	0.0	0.75221103	0.560737	0.5234917
DRB1*08:01	0.0	0.6348129	0.27446654	0.12935609
DRB1*07:01	0.0	0.0	0.28141525	0.21733093
DRB1*13:02	0.0	0.0	0.28107253	0.22566494
DRB1*07:01	0.0	0.74971294	0.72411734	0.6560092
DRB3*01:01	0.0	0.084686644	0.27470285	0.130796
DQA1*05:01-DQB1*02:01	0.0	0.0	0.2736724	0.17890316
DRB3*03:01	0.0	0.36305293	0.32415757	0.33357888
DPA1*02:01-DPB1*14:01	0.0	0.0	0.42887536	0.40892005
DRB1*07:01	0.0	0.17204562	0.27874318	0.23256056
DRB1*04:01	0.0	0.25913566	0.27477345	0.34657413
DRB1*04:01	0.0	0.084686644	0.2743088	0.14046499
DPA1*03:01-DPB1*04:02	0.0	0.0	0.2767017	0.20757225
DRB1*01:01	0.0	0.41017127	0.39555994	0.3392786
DRB1*08:01	0.0	0.084686644	0.2742396	0.15380733
DRB1*15:01	0.0	0.084686644	0.27463973	0.21827969
DRB1*03:01	0.0	0.52587765	0.2877478	0.36436996
DRB1*15:01	0.0	0.0	0.32878727	0.3624267
DRB1*03:01	0.0	0.28466237	0.4629965	0.32284835
DRB4*01:01	0.0	0.18626103	0.27457756	0.1661988
DQA1*05:01-DQB1*03:03	0.0	0.084686644	0.27391204	0.20614015
DRB1*04:01	0.0	0.23530346	0.27389413	0.21198404
DRB1*01:01	0.0	0.38058248	0.38259125	0.24861711
DRB1*03:01	0.0	0.0	0.27401745	0.18658997
DRB3*02:02	0.0	0.084686644	0.27382267	0.19536376
DQA1*05:01-DQB1*04:02	0.0	0.084686644	0.27450037	0.3449525
DRB1*04:01	0.0	0.10660753	0.27597275	0.26433542
DRB1*07:01	0.0	0.307237	0.31278795	0.40385637
DRB3*02:02	0.0	0.43849626	0.27407816	0.22490841
DRB1*13:01	0.0	0.084686644	0.2769144	0.17012495
DRB1*11:01	0.0	0.7629388	0.35712558	0.44298512
DRB1*08:02	0.0	0.084686644	0.27414435	0.20740347
DRB5*01:01	0.0	0.0	0.3479236	0.34468365
DRB1*03:01	0.0	0.02062367	0.37357652	0.41735953
DRB1*15:01	0.0	0.07110472	0.2747413	0.24531484
DRB1*07:01	0.0	0.2361086	0.27678442	0.24927062
DRB1*03:01	0.0	0.49462363	0.2762778	0.25353372
DRB1*01:01	0.0	0.12450104	0.2826699	0.25903273
DRB1*15:01	0.0	0.5480176	0.27560458	0.20361139
DRB1*04:01	0.0	0.6567793	0.27407846	0.15962416
DRB1*08:02	0.0	0.53628623	0.34672934	0.41481352
DRB1*11:01	0.0	0.084686644	0.28827316	0.2336945
DRB3*02:02	0.0	0.0	0.27414078	0.12839916
DRB1*03:01	0.0	0.5606573	0.3161012	0.35346434
DRB3*03:01	0.0	0.084686644	0.32364866	0.2764856
DQA1*05:01-DQB1*02:01	0.0	0.24258544	0.27576897	0.31284252
DQA1*05:01-DQB1*03:02	0.0	0.084686644	0.3355551	0.32812542
DRB1*03:01	0.0	0.7703366	0.27618062	0.25489843
DPA1*02:01-DPB1*01:01	0.0	0.0	0.28328973	0.22041368
DRB5*01:01	0.0	0.084686644	0.34030545	0.29507184
DRB1*07:01	0.0	0.48189306	0.27830765	0.36620292
DRB3*01:01	0.0	0.27403602	0.27385134	0.12876953
DRB1*01:01	0.0	0.14874962	0.2810201	0.2670882
DRB1*08:02	0.0	0.0	0.27560407	0.14438346
DRB3*01:01	0.0	0.0	0.69482094	0.6060719
DPB1*04:02	0.0	0.0	0.2756603	0.24456346
DRB1*03:01	0.0	0.2161437	0.27380857	0.2191349
DQA1*02:01-DQB1*04:02	0.0	0.50192404	0.4750365	0.4492756
DRB1*15:01	0.0	0.3560026	0.30588776	0.37020323
DRB1*04:01	0.0	0.26640135	0.27958474	0.26687205
DRB1*11:01	0.0	0.3057396	0.27989912	0.30477446
DQA1*03:03-DQB1*04:02	0.0	0.27584618	0.27428362	0.22364032
DRB1*07:01	0.0	0.3983002	0.27505958	0.23021908
DRB1*01:01	0.0	0.0	0.27752432	0.17909406
DPA1*01:03-DPB1*02:01	0.0	0.0	0.27748972	0.17838487
DQA1*03:01-DQB1*03:02	0.0	0.5997392	0.27337393	0.13584548
DRB1*08:01	0.0	0.084686644	0.27753174	0.102909885
DRB5*01:01	0.0	0.084686644	0.35051662	0.33246854
DQA1*05:01-DQB1*04:02	0.0	0.48189306	0.2776852	0.38459563
DQA1*02:01-DQB1*04:02	0.0	0.5165235	0.2735494	0.20673953
DRB5*01:01	0.0	0.53209805	0.4165258	0.48102766
DRB1*13:02	0.0	0.059079524	0.44796622	0.38595632
DRB1*08:01	0.0	0.3520836	0.28320795	0.38756323
DRB1*13:01	0.0	0.44954166	0.2827398	0.36738026
DRB1*07:01	0.0	0.3498584	0.27840766	0.25728106
DRB1*07:01	0.0	0.7560895	0.3510213	0.40481335
DRB1*08:01	0.0	0.50150293	0.27553388	0.19586468
DRB1*01:01	0.0	0.084686644	0.28024396	0.27453285
DRB1*13:01	0.0	0.20020123	0.27853495	0.27415654
DRB1*12:01	0.0	0.02062367	0.30594534	0.28809363
DQA1*02:01-DQB1*03:03	0.0	0.41222697	0.6827415	0.5932477
DQA1*01:02-DQB1*05:01	0.0	0.58831435	0.27501222	0.19749025
DRB1*07:01	0.0	0.64221066	0.39097208	0.4893229
DRB1*04:05	0.0	0.24281532	0.27571145	0.16410603
DRB1*08:01	0.0	0.084686644	0.27568185	0.15256356
DRB1*11:01	0.0	0.16218545	0.27752617	0.19880399
DRB4*01:03	0.0	0.5938504	0.2991385	0.39827588
DRB3*03:01	1.0	0.93593705	0.43001544	0.5006618
DQA1*03:03-DQB1*04:02	0.0	0.084686644	0.2750056	0.170294
DQA1*03:03-DQB1*04:02	0.0	0.42525622	0.27421892	0.16402218
DRB3*03:01	0.0	0.084686644	0.3468178	0.30558765
DPA1*01:03-DPB1*04:01	0.0	0.27515414	0.2781631	0.22324266
DRB1*13:01	0.0	0.084686644	0.27847672	0.2829864
DRB4*01:01	0.0	0.029673401	0.27808	0.20437197
DRB1*04:01	0.0	0.0	0.27750492	0.23059914
DRB1*07:01	0.0	0.32359615	0.27571887	0.2821577
DRB1*03:01	0.0	0.4654396	0.44407037	0.3951003
DRB1*04:04	0.0	0.71431553	0.27683425	0.40978688
DRB3*03:01	0.0	0.7560895	0.41087323	0.5086382
DPA1*03:01-DPB1*04:02	0.0	0.0	0.2738487	0.14261168
DRB1*04:01	0.0	0.11116434	0.27404115	0.13484098
DRB1*04:04	0.0	0.084686644	0.2737853	0.16400638
DRB1*01:01	0.0	0.07303985	0.27704084	0.18626356
DRB1*14:54	0.0	0.30017158	0.27641654	0.2727629
DRB1*03:01	1.0	0.87187403	0.72337437	0.6097929
DRB1*07:01	0.0	0.3379557	0.298856	0.3178901
DRB1*15:01	0.0	0.4185122	0.27537942	0.17733404
DRB1*04:01	0.0	0.0	0.27416822	0.16640791
DRB1*03:01	0.0	0.4882211	0.27443287	0.21488258
DQA1*02:01-DQB1*03:03	0.0	0.084686644	0.27861032	0.12680262
DQA1*01:02-DQB1*05:01	0.0	0.4114309	0.27473733	0.20905025
DRB3*02:02	0.0	0.0	0.27380347	0.24476069
DRB1*04:01	0.0	0.084686644	0.2744284	0.15453376
DRB1*14:54	0.0	0.71861506	0.28676066	0.38785657
DRB3*01:01	0.0	0.084686644	0.27382287	0.07151506
DRB1*01:01	1.0	0.90785867	0.7245861	0.63586587
DRB1*08:02	0.0	0.084686644	0.27453658	0.1390041
DRB1*13:01	0.0	0.64817554	0.2799779	0.29797035
DRB1*13:01	0.0	0.68565	0.7231939	0.5910986
DRB1*11:01	0.0	0.2992251	0.27721545	0.2852678
DRB4*01:03	0.0	0.4181705	0.28329164	0.42146304
DQA1*05:01-DQB1*04:02	0.0	0.2862853	0.2735906	0.2281495
DQA1*02:01-DQB1*03:01	0.0	0.32564116	0.5008916	0.5504782
DQA1*02:01-DQB1*03:03	0.0	0.084686644	0.27563214	0.1738614
DQA1*05:01-DQB1*03:02	0.0	0.2646035	0.275302	0.17722656
DQA1*05:01-DQB1*04:02	0.0	0.084686644	0.2741015	0.18781492
DRB1*13:01	0.0	0.084686644	0.27851003	0.27005205
DRB1*13:01	0.0	0.0	0.28046194	0.31209177
DRB1*15:01	0.0	0.39452732	0.27568707	0.23337036
DQA1*02:01-DQB1*04:02	0.0	0.40166143	0.27369598	0.20899197
DQA1*05:01-DQB1*03:02	0.0	0.51031184	0.27479234	0.19069558
DRB1*11:01	0.0	0.02062367	0.27564514	0.19024746
DRB1*11:01	0.0	0.02062367	0.2781596	0.27706754
DRB1*03:01	0.0	0.0	0.2738877	0.12334406
DRB1*09:01	0.0	0.56986547	0.28018183	0.35829595
DRB1*03:01	0.0	0.6366076	0.3304782	0.37894988
DQA1*01:01-DQB1*05:01	0.0	0.0	0.31978062	0.3155149
DRB1*03:01	0.0	0.0	0.27395892	0.19058125
DRB1*15:01	0.0	0.30012402	0.27553153	0.20882377
DRB3*02:02	0.0	0.0	0.2740952	0.11613999
DRB1*15:01	0.0	0.72312444	0.2750759	0.18400759
DRB1*15:01	0.0	0.26483038	0.27656135	0.36549354
DRB1*01:01	0.0	0.69887584	0.2834728	0.31008843
DQB1*03:01	0.0	0.19069275	0.27825615	0.20682885
DRB1*15:01	0.0	0.24144454	0.27622148	0.17612332
DPA1*03:01-DPB1*04:02	0.0	0.0	0.27410856	0.1552043
DQA1*02:01-DQB1*04:02	0.0	0.29115966	0.2757776	0.2868467
DQA1*02:01-DQB1*04:02	0.0	0.5530147	0.46257254	0.48118418
DRB3*03:01	0.0	0.084686644	0.3374679	0.37270886
DRB1*15:01	0.0	0.31154633	0.27691883	0.27684018
DQA1*05:01-DQB1*03:03	0.0	0.084686644	0.55980736	0.57382023
DQA1*02:01-DQB1*04:02	0.0	0.084686644	0.2740597	0.25298053
DRB1*09:01	0.0	0.084686644	0.2737954	0.25017542
DRB1*01:01	0.0	0.18856402	0.27755082	0.28726178
DRB1*04:01	0.0	0.414166	0.2738872	0.18252788
DRB4*01:01	0.0	0.08399606	0.27530393	0.14198971
DRB1*12:01	0.0	0.0	0.27505141	0.2572477
DRB1*04:04	1.0	0.8201525	0.27837396	0.34692192
DRB3*03:01	0.0	0.40589306	0.317583	0.27077296
DRB3*01:01	0.0	0.4015189	0.6971247	0.6248848
DRB1*04:01	0.0	0.0	0.2738036	0.20184074
DRB1*01:01	0.0	0.598531	0.28223088	0.26308775
DRB5*01:01	1.0	1.0	0.7042021	0.651118
DPB1*02:01	0.0	0.0	0.27623516	0.22411561
DRB1*01:01	0.0	0.10774512	0.3682868	0.42419004
DRB1*03:01	0.0	0.31230256	0.27413198	0.13173676
DRB1*11:01	0.0	0.5743748	0.27934894	0.26007128
DRB5*01:01	0.0	0.084686644	0.33977145	0.23607916
DRB4*01:01	0.0	0.2864082	0.36622304	0.37595123
DRB1*01:01	0.0	0.3504302	0.29179096	0.37696314
DRB1*14:54	0.0	0.084686644	0.33533388	0.4488083
DRB3*02:02	0.0	0.2563999	0.50835973	0.5114029
DPA1*01:03-DPB1*02:01	0.0	0.2224067	0.44655028	0.39374232
DRB1*09:01	0.0	0.7437481	0.34008595	0.46917838
DRB4*01:03	0.0	0.6662669	0.48882815	0.52353495
DRB3*02:02	0.0	0.43393633	0.27400872	0.1739251
DRB1*04:05	0.0	0.0	0.3352035	0.2925394
DQA1*01:02-DQB1*05:01	0.0	0.084686644	0.7201492	0.62422055
DRB1*13:01	0.0	0.47855613	0.28158522	0.37240008
DQA1*01:03-DQB1*06:03	0.0	0.4570193	0.28039744	0.2518497
DRB1*11:01	0.0	0.0	0.3253158	0.3757426
DRB1*04:04	0.0	0.39001796	0.27646562	0.30712086
DRB1*11:01	0.0	0.4325314	0.27664897	0.31350833
DRB1*07:01	0.0	0.02062367	0.27739197	0.21163581
DQA1*03:03-DQB1*04:02	0.0	0.084686644	0.30338398	0.41220915
DQA1*02:01-DQB1*04:02	0.0	0.72312444	0.32109484	0.4606596
DRB1*11:01	0.0	0.42488876	0.72145605	0.6463371
DQA1*01:03-DQB1*06:03	0.0	0.084686644	0.2740699	0.16864261
DRB1*13:02	0.0	0.20435728	0.39527592	0.3952138
DRB1*04:05	0.0	0.5689894	0.61978227	0.4386071
DQA1*05:01-DQB1*03:02	0.0	0.084686644	0.27570245	0.1833969
DPA1*01:03-DPB1*04:01	0.0	0.0	0.27482948	0.15562831
DRB3*01:01	0.0	0.6366076	0.27445078	0.15052755
DRB1*11:01	1.0	0.8255907	0.51613486	0.49362722
DRB1*13:02	0.0	0.0	0.30524728	0.303676
DRB5*01:01	0.0	0.674082	0.4425476	0.4490834
DRB1*04:04	0.0	0.7560895	0.72463244	0.65242964
DRB1*09:01	0.0	0.28076407	0.27380374	0.21791494
DRB3*02:02	0.0	0.69887584	0.445002	0.39392716
DRB1*07:01	0.0	0.16162069	0.3546486	0.3867026
DQA1*02:01-DQB1*03:03	0.0	0.3609175	0.27582216	0.19040392
DQA1*05:01-DQB1*03:02	0.0	0.7344156	0.2757516	0.12755808
DRB1*04:04	0.0	0.4183412	0.28113633	0.36251456
DRB1*01:01	1.0	0.98314923	0.5045951	0.51950985
DRB3*01:01	0.0	0.0	0.68840015	0.5914932
DQA1*02:01-DQB1*04:02	0.0	0.084686644	0.27385926	0.25070855
DRB1*08:02	0.0	0.71861506	0.2752558	0.2746829
DRB3*02:02	0.0	0.52587765	0.27413505	0.24182665
DRB1*01:01	0.0	0.40574387	0.27797732	0.21584208
DRB1*15:01	0.0	0.18172792	0.27543238	0.19536391
DRB1*08:02	0.0	0.0	0.27435088	0.14383665
DRB1*01:01	0.0	0.27712765	0.2821258	0.2525148
DRB1*08:01	0.0	0.084686644	0.27467787	0.13647822
DRB1*01:01	0.0	0.58831435	0.6815512	0.6204637
DRB1*14:54	0.0	0.738145	0.48358992	0.5706088
DRB1*09:01	0.0	0.25762248	0.4497236	0.52267736
DRB1*07:01	0.0	0.29220107	0.28233588	0.31045544
DRB1*09:01	0.0	0.71861506	0.5220063	0.510228
DRB4*01:03	0.0	0.4805438	0.2756771	0.241678
DRB1*04:04	0.0	0.40877444	0.27609763	0.23352256
DRB1*07:01	0.0	0.50192404	0.36747134	0.3801136
DRB1*04:01	0.0	0.0	0.2888226	0.1891561
DQA1*01:02-DQB1*05:01	0.0	0.084686644	0.27581605	0.2095125
DRB4*01:03	0.0	0.49501443	0.72306615	0.5882262
DRB1*04:05	0.0	0.60866976	0.29088074	0.30232856
DRB4*01:01	0.0	0.22892691	0.714054	0.622428
DRB3*02:02	0.0	0.084686644	0.2852793	0.2502117
DRB5*01:01	0.0	0.084686644	0.33627197	0.2681297
DRB1*09:01	0.0	0.0	0.27384716	0.19486572
DRB1*08:01	0.0	0.30045742	0.678926	0.6039935
DRB1*04:05	0.0	0.7328622	0.67208505	0.5866121
DQA1*05:01-DQB1*03:01	0.0	0.28103438	0.43912727	0.3757781
DQA1*01:02-DQB1*05:01	0.0	0.084686644	0.27717716	0.23512644
DRB1*01:01	0.0	0.0	0.27979767	0.26353565
DRB1*13:01	0.0	0.30591157	0.27841365	0.2333022
DQA1*05:01-DQB1*04:02	0.0	0.598531	0.30180764	0.4402389
DRB3*03:01	0.0	0.71431553	0.5016162	0.51640505
DRB1*12:01	0.0	0.0	0.27570772	0.18393019
DRB3*03:01	0.0	0.6796851	0.48031282	0.47903973
DRB3*01:01	0.0	0.2325395	0.28717023	0.2927176
DRB1*08:01	0.0	0.30480468	0.27589515	0.15714255
DRB3*01:01	0.0	0.2313572	0.28378475	0.29808417
DRB1*11:01	0.0	0.0	0.6243632	0.5747337
DRB5*01:01	0.0	0.68261945	0.42058423	0.4884279
DQA1*05:01-DQB1*04:02	0.0	0.7703366	0.27432236	0.33546513
DRB4*01:03	0.0	0.58831435	0.72361076	0.6516098
DRB1*09:01	0.0	0.48535502	0.27390134	0.34520182
DRB4*01:01	0.0	0.18121433	0.27353656	0.17946802
DRB1*04:01	0.0	0.16471003	0.27436644	0.35957688
DRB4*01:03	0.0	0.6887833	0.27841443	0.34851456
DRB1*08:01	0.0	0.65237737	0.27351508	0.2726319
DRB3*01:01	0.0	0.5639006	0.27882984	0.23193772
DQA1*02:01-DQB1*03:01	0.0	0.502347	0.2774411	0.26734537
DQA1*05:01-DQB1*04:02	0.0	0.54003364	0.71805316	0.6083223
DQA1*06:01-DQB1*04:02	0.0	0.084686644	0.30130586	0.29152018
DRB1*13:01	0.0	0.4097033	0.2793156	0.3003983
DRB1*08:02	0.0	0.0	0.2781043	0.3366868
DRB1*09:01	0.0	0.71861506	0.27412295	0.32594806
DRB1*04:01	0.0	0.084686644	0.27408507	0.28330535
DQA1*05:01-DQB1*04:02	0.0	0.64221066	0.27380693	0.3487559
DQA1*03:01-DQB1*03:02	0.0	0.084686644	0.27394897	0.16242516
DQA1*02:01-DQB1*04:02	0.0	0.45521963	0.2734002	0.2290791
DRB1*15:01	1.0	0.85125035	0.7217513	0.6143767
DQA1*03:03-DQB1*04:02	0.0	0.084686644	0.27332947	0.19294913
DRB1*03:01	0.0	0.18630265	0.27586272	0.3241223
DRB1*13:01	0.0	0.5552419	0.7222196	0.62040085
DRB1*13:01	0.0	0.32551593	0.30307886	0.42574415
DRB1*03:01	0.0	0.0	0.28021643	0.33823955
DRB1*07:01	0.0	0.084686644	0.27737996	0.30922312
DRB5*01:01	1.0	0.8078111	0.70987195	0.657791
DQA1*02:01-DQB1*03:03	0.0	0.54067326	0.27607647	0.1357016
DQA1*05:01-DQB1*03:02	0.0	0.24681333	0.2831028	0.29907623
DQA1*01:01-DQB1*05:01	0.0	0.0	0.39866278	0.3612811
DRB1*03:01	0.0	0.0	0.27389798	0.22674522
DQA1*01:02-DQB1*05:01	0.0	0.5205645	0.27482697	0.22253454
DRB5*01:01	1.0	0.93593705	0.7075122	0.66942954
DRB1*07:01	0.0	0.72312444	0.27928042	0.31791413
DRB1*15:01	0.0	0.71020716	0.3187646	0.4206305
DRB3*02:02	0.0	0.084686644	0.27378333	0.21972957
DQA1*01:02-DQB1*05:01	0.0	0.084686644	0.27506006	0.16162822
DPA1*02:01-DPB1*05:01	0.0	0.0	0.27384117	0.1182927
DRB1*15:01	0.0	0.4005274	0.27577987	0.20386004
DRB5*01:01	0.0	0.084686644	0.3326556	0.23740092
DRB1*08:01	0.0	0.084686644	0.27324784	0.18889976
DRB1*11:01	0.0	0.5544935	0.7151596	0.52239996
DQA1*06:01-DQB1*04:02	0.0	0.084686644	0.27449724	0.11494701
DRB1*03:01	0.0	0.4969936	0.27396637	0.16750161
DRB1*01:01	0.0	0.4734556	0.45236012	0.409163
DRB1*09:01	0.0	0.610019	0.2740425	0.2998436
DRB1*13:02	0.0	0.0	0.27386907	0.06665721
DQA1*05:01-DQB1*04:02	0.0	0.084686644	0.71894705	0.6426545
DQA1*02:01-DQB1*03:03	0.0	0.084686644	0.27360088	0.18898317
DRB3*02:02	0.0	0.65906143	0.2956845	0.35835978
DRB5*01:01	0.0	0.084686644	0.3545722	0.2294479
DQA1*03:03-DQB1*04:02	0.0	0.21110931	0.28053424	0.32191604
DRB1*01:01	0.0	0.49269408	0.296407	0.4005653
DRB3*03:01	0.0	0.32225755	0.4227217	0.5138065
DRB1*08:01	0.0	0.084686644	0.2747364	0.14394408
DRB1*15:01	0.0	0.39912912	0.37646836	0.43295693
DPA1*02:01-DPB1*01:01	0.0	0.20207469	0.2765751	0.27292076
DRB1*04:01	0.0	0.16206795	0.2797832	0.24087465
DQA1*02:01-DQB1*03:01	0.0	0.61707765	0.27810198	0.29121286
DRB1*08:01	0.0	0.0	0.2761532	0.14472593
DRB1*08:02	0.0	0.7062737	0.29212907	0.37085408
DRB1*13:01	0.0	0.71861506	0.4196966	0.47449803
DQA1*01:01-DQB1*05:01	0.0	0.07034155	0.28244206	0.20278412
DQA1*06:01-DQB1*04:02	0.0	0.30801043	0.27326366	0.2737435
DRB5*01:01	0.0	0.0	0.655341	0.5630396
DRB1*15:01	0.0	0.0	0.27446032	0.16398233
DRB1*09:01	0.0	0.32786068	0.27557555	0.39908236
DRB5*01:01	0.0	0.5332755	0.35534307	0.33671042
DQA1*05:01-DQB1*03:03	0.0	0.49779728	0.2743991	0.15889028
DRB4*01:03	0.0	0.49501443	0.72171825	0.6382089
DRB4*01:01	0.0	0.084686644	0.27373728	0.15586206
DQA1*02:01-DQB1*03:01	0.0	0.50066656	0.27859595	0.3082187
DRB1*07:01	0.0	0.43173805	0.27959082	0.3349132
DRB1*03:01	0.0	0.0	0.2739666	0.16059941
DQB1*03:01	0.0	0.118234515	0.28469664	0.31986797
DRB4*01:03	0.0	0.65906143	0.27797508	0.35412818
DRB1*11:01	0.0	0.6127781	0.2840723	0.3637342
DQA1*05:01-DQB1*03:03	0.0	0.6796851	0.6708278	0.6284164
DRB1*07:01	0.0	0.36504674	0.27646187	0.26328236
DRB5*01:01	0.0	0.77837855	0.5029242	0.54333466
DRB1*11:01	0.0	0.02062367	0.2759039	0.22660676
DRB1*13:02	0.0	0.38753664	0.7233263	0.6321276
DQA1*03:01-DQB1*03:01	0.0	0.084686644	0.27591172	0.25411496
DRB1*08:01	0.0	0.20739232	0.29530194	0.37897822
DRB1*11:01	0.0	0.71020716	0.3445035	0.4175917
DRB1*11:01	0.0	0.44532922	0.49516365	0.535986
DQA1*05:01-DQB1*03:02	0.0	0.5537511	0.29328626	0.43843323
DRB1*09:01	0.0	0.39954638	0.274616	0.36634415
DRB1*04:01	0.0	0.35359737	0.27608556	0.29924527
DRB1*14:54	0.0	0.24485804	0.27588877	0.22053207
DRB1*03:01	0.0	0.0	0.2745812	0.11434119
DRB1*09:01	0.0	0.25228637	0.2948896	0.4160336
DRB1*07:01	0.0	0.0	0.37467784	0.4234318
DQA1*05:01-DQB1*03:02	0.0	0.26626942	0.31236443	0.39298385
DPA1*02:01-DPB1*05:01	0.0	0.0	0.28032026	0.15332283
DRB1*01:01	0.0	0.39400068	0.28692257	0.23196878
DQA1*01:03-DQB1*06:03	0.0	0.084686644	0.27443162	0.15878932
DRB3*02:02	0.0	0.30677605	0.27437866	0.26145434
DPA1*01:03-DPB1*02:01	0.0	0.0	0.27500066	0.11432845
DRB1*07:01	0.0	0.7629388	0.28052485	0.40584403
DRB1*09:01	0.0	0.60346144	0.27614716	0.34499556
DRB5*01:01	0.0	0.47252983	0.3359465	0.23914504
DRB1*08:02	0.0	0.0	0.27446184	0.16399011
DRB1*08:01	0.0	0.6567793	0.6734075	0.60969305
DQA1*06:01-DQB1*04:02	0.0	0.32722107	0.49162805	0.43243688
DRB1*11:01	0.0	0.16244233	0.27653414	0.19206642
DRB4*01:03	0.0	0.6231404	0.36316302	0.48154998
DRB1*11:01	0.0	0.0	0.35237134	0.44786787
DRB1*11:01	1.0	0.83439964	0.27676213	0.27619112
DQA1*06:01-DQB1*04:02	0.0	0.084686644	0.2740721	0.23841344
DRB1*07:01	0.0	0.084686644	0.28649554	0.43789238
DRB3*01:01	0.0	0.23922877	0.27489817	0.16985458
DRB1*08:01	0.0	0.49269408	0.2734044	0.16267027
DRB1*15:01	0.0	0.02062367	0.27680483	0.24633065
DRB1*04:04	0.0	0.47921395	0.7246267	0.66153365
DRB1*07:01	0.0	0.16601537	0.27972814	0.34196144
DRB1*04:05	0.0	0.51902837	0.4276869	0.41138208
DRB1*07:01	0.0	0.5350701	0.32678774	0.3705759
DRB3*01:01	0.0	0.55829746	0.29568022	0.30008063
DRB1*03:01	0.0	0.006508679	0.35428867	0.3510039
DRB1*04:01	0.0	0.7703366	0.27445832	0.23658553
DQA1*01:02-DQB1*05:01	0.0	0.4497814	0.279814	0.29523295
DRB1*11:01	0.0	0.0	0.27444893	0.14395472
DRB4*01:03	1.0	0.8201525	0.40455648	0.37752596
DQA1*06:01-DQB1*04:02	0.0	0.70250076	0.27334538	0.23791449
DQA1*02:01-DQB1*04:02	0.0	0.084686644	0.34015375	0.37920105
DRB1*04:01	0.0	0.7969252	0.7224685	0.6299379
DRB3*03:01	0.0	0.7278651	0.3901778	0.47072217
DRB3*01:01	0.0	0.29749924	0.27364793	0.1569082
DRB1*03:01	0.0	0.48395464	0.4517545	0.4664538
DRB1*14:54	0.0	0.30926153	0.28520307	0.31804785
DRB3*01:01	0.0	0.40266526	0.2733748	0.20102185
DRB1*07:01	0.0	0.58831435	0.46271855	0.50909203
DRB1*09:01	0.0	0.549418	0.27528062	0.29175335
DPA1*02:01-DPB1*05:01	0.0	0.0	0.2745079	0.10513576
DRB4*01:03	0.0	0.44835213	0.27633083	0.26115522
DRB1*11:01	0.0	0.4077024	0.28012088	0.3983223
DRB3*01:01	0.0	0.43999562	0.47036627	0.4839335
DRB1*14:54	0.0	0.28923813	0.27689558	0.31892216
DRB1*07:01	0.0	0.5221266	0.27720332	0.34979302
DRB1*04:05	0.0	0.0	0.27676007	0.064918734
DRB1*08:01	0.0	0.591596	0.40726787	0.4072643
DRB1*08:01	0.0	0.64817554	0.66385025	0.6120097
DQA1*06:01-DQB1*04:02	0.0	0.084686644	0.27431092	0.14277796
DRB3*01:01	0.0	0.20835607	0.27342767	0.16043243
DRB1*04:04	0.0	0.39612544	0.27703175	0.22010335
DRB1*07:01	0.0	0.32064077	0.32958665	0.3719052
DRB1*15:01	0.0	0.220519	0.27502322	0.1787998
DRB1*07:01	0.0	0.40426508	0.3661697	0.47461504
DRB4*01:01	0.0	0.0	0.27381212	0.18426365
DQA1*02:01-DQB1*03:03	0.0	0.3978885	0.2749742	0.2312614
DRB1*11:01	0.0	0.02062367	0.2757893	0.25960088
DRB1*04:01	0.0	0.0	0.27400258	0.13267918
DRB1*07:01	0.0	0.4893192	0.27911276	0.33834764
DRB1*15:01	0.0	0.4185122	0.380078	0.39333257
DQA1*02:01-DQB1*04:02	0.0	0.084686644	0.2743229	0.30371898
DRB1*13:02	0.0	0.0	0.2874121	0.25818595
DRB1*01:01	1.0	0.8175489	0.72080576	0.6379376
DQA1*06:01-DQB1*04:02	0.0	0.4954069	0.2903335	0.3071484
DRB1*09:01	0.0	0.13484113	0.27608183	0.31219637
DQA1*05:01-DQB1*02:01	0.0	0.3838176	0.277857	0.33754385
DRB1*03:01	0.0	0.0	0.27389553	0.15551266
DQA1*06:01-DQB1*04:02	0.0	0.084686644	0.27390093	0.19477543
DQA1*02:01-DQB1*04:02	0.0	0.63132477	0.29164374	0.3453489
DRB5*01:01	0.0	0.0	0.34400892	0.27600664
DRB1*07:01	0.0	0.74971294	0.31535766	0.49740756
DQA1*03:03-DQB1*04:02	0.0	0.084686644	0.27332827	0.23380755
DQA1*06:01-DQB1*04:02	0.0	0.084686644	0.27446866	0.12398865
DQA1*05:01-DQB1*04:02	0.0	0.084686644	0.27442953	0.24643534
DRB1*08:02	0.0	0.52697796	0.43212676	0.45437208
DRB1*09:01	0.0	0.45624372	0.283607	0.3891238
DQA1*02:01-DQB1*04:02	0.0	0.41482148	0.27436364	0.23498148
DQA1*05:01-DQB1*03:02	0.0	0.084686644	0.4058612	0.43623775
DQA1*01:01-DQB1*05:01	0.0	0.0	0.2931891	0.18220091
DRB1*08:02	0.0	0.71020716	0.31149393	0.42098716
DRB1*07:01	0.0	0.31262857	0.28548583	0.39866224
DRB5*01:01	0.0	0.77837855	0.351565	0.39281896
DQA1*06:01-DQB1*04:02	0.0	0.30545714	0.27349755	0.23332214
DRB1*14:54	0.0	0.4766103	0.27818948	0.37308648
DRB5*01:01	0.0	0.62796354	0.4454702	0.49423823
DQA1*02:01-DQB1*03:03	0.0	0.38680506	0.27923712	0.2891894
DRB1*03:01	0.0	0.084686644	0.29209486	0.34545428
DRB3*03:01	1.0	0.8078111	0.34321827	0.47977644
DRB1*13:02	1.0	0.91168845	0.72404134	0.6366275
DRB1*03:01	0.0	0.43017152	0.2741166	0.25809276
DPA1*02:01-DPB1*05:01	0.0	0.0	0.27376503	0.13371944
DRB1*14:54	0.0	0.084686644	0.27609086	0.23293793
DRB1*15:01	0.0	0.64221066	0.378231	0.4014777
DQA1*02:01-DQB1*03:03	0.0	0.084686644	0.27621436	0.17273705
DQA1*05:01-DQB1*03:02	0.0	0.084686644	0.27690807	0.22279027
DQA1*05:01-DQB1*04:02	0.0	0.084686644	0.27655578	0.27129257
DQA1*05:01-DQB1*02:01	0.0	0.38839754	0.443567	0.41203576
DRB3*01:01	0.0	0.084686644	0.27340934	0.17302008
DRB1*14:54	0.0	0.7969252	0.2943364	0.42911103
DRB1*12:01	0.0	0.0	0.30208692	0.36813414
DQA1*06:01-DQB1*04:02	0.0	0.5036277	0.6947694	0.6088391
DRB1*15:01	0.0	0.30199704	0.2753561	0.2877659
DRB1*04:04	0.0	0.610019	0.49277052	0.54739845
DRB1*13:02	0.0	0.5387676	0.32527772	0.41543514
DPA1*02:01-DPB1*05:01	0.0	0.0	0.28039086	0.14880106
DRB4*01:01	0.0	0.0	0.27402434	0.12905294
DRB1*08:02	0.0	0.17553554	0.27422336	0.2732554
DRB1*07:01	1.0	0.85125035	0.3374531	0.4258805
DRB1*11:01	0.0	0.47070563	0.27584374	0.2838885
DRB1*09:01	0.0	0.738145	0.27526128	0.31772065
DRB1*03:01	0.0	0.0	0.27414003	0.13525286
DQA1*02:01-DQB1*04:02	0.0	0.6687992	0.50147295	0.50882244
DRB1*03:01	0.0	0.5606573	0.27402863	0.30997705
DRB1*04:01	0.0	0.012531741	0.2819466	0.2719003
DRB5*01:01	0.0	0.63132477	0.34373072	0.27925926
DRB1*04:01	0.0	0.48326233	0.2753659	0.10979491
DRB1*09:01	0.0	0.084686644	0.27365994	0.27106076
DQA1*05:01-DQB1*03:03	0.0	0.19845991	0.27646458	0.16305405
DRB1*03:01	0.0	0.0	0.273897	0.18107647
DRB3*02:02	0.0	0.0	0.27759048	0.30907333
DQA1*01:01-DQB1*05:01	0.0	0.0	0.2733246	0.13376099
DRB1*08:01	0.0	0.084686644	0.27380028	0.18418951
DRB1*03:01	0.0	0.6502526	0.7243369	0.62839705
DRB4*01:01	0.0	0.084686644	0.27598706	0.10677347
DPB1*02:01	0.0	0.0	0.27980542	0.26354218
DRB1*09:01	0.0	0.16360721	0.27463138	0.31953758
DRB1*14:54	0.0	0.084686644	0.27775696	0.32820344
DQA1*02:01-DQB1*03:01	0.0	0.35125318	0.7249942	0.6496518
DRB1*04:04	0.0	0.58108205	0.4212656	0.48411056
DRB1*03:01	0.0	0.084686644	0.2790079	0.10362668
DQA1*05:01-DQB1*03:02	0.0	0.48968816	0.31185314	0.40240586
DRB1*04:01	0.0	0.0	0.37666607	0.35217157
DRB5*01:01	0.0	0.39899045	0.34227076	0.3146729
DRB1*15:01	0.0	0.0	0.2766603	0.18374296
DPA1*02:01-DPB1*14:01	0.0	0.43075585	0.28167075	0.31543088
DRB1*13:01	0.0	0.15288909	0.27780122	0.2477754
DRB1*01:01	0.0	0.1957157	0.27952272	0.24684031
DRB1*03:01	0.0	0.3402021	0.27467996	0.25257504
DRB3*02:02	0.0	0.36659524	0.27374223	0.18296337
DRB1*10:01	0.0	0.11657535	0.27331513	0.12474499
DRB1*08:01	0.0	0.13755205	0.27341816	0.20067394
DRB1*11:01	0.0	0.24314837	0.27783772	0.25450206
DQA1*03:03-DQB1*04:02	0.0	0.33932605	0.27347285	0.18057162
DQA1*05:01-DQB1*03:03	0.0	0.34872535	0.27328244	0.21494272
DQA1*01:01-DQB1*05:01	0.0	0.41634318	0.27764824	0.2595971
DRB1*09:01	0.0	0.71020716	0.33015102	0.46211025
DRB1*11:01	1.0	0.83439964	0.7231753	0.6543739
DRB1*13:02	0.0	0.20119025	0.42378324	0.4408738
DRB1*09:01	0.0	0.63305235	0.32666424	0.45374587
DQA1*05:01-DQB1*03:01	0.0	0.28346363	0.40500915	0.41503197
DRB1*08:02	0.0	0.084686644	0.27402326	0.20618212
DQA1*01:02-DQB1*05:01	0.0	0.48257518	0.2750143	0.27774754
DRB1*04:04	0.0	0.69887584	0.7246294	0.62786037
DQA1*02:01-DQB1*02:02	0.0	0.0	0.3301026	0.36523375
DRB3*03:01	1.0	0.8984626	0.34854674	0.3952725
DRB1*11:01	0.0	0.33990917	0.2776047	0.31253177
DRB1*04:01	0.0	0.084686644	0.2742124	0.1539535
DRB3*01:01	0.0	0.11239721	0.2734359	0.26302433
DRB1*03:01	1.0	1.0	0.7246329	0.5977214
DRB4*01:01	0.0	0.0	0.27596956	0.03489745
DPA1*01:03-DPB1*04:01	0.0	0.0	0.27364442	0.09724914
DQA1*02:01-DQB1*03:03	0.0	0.084686644	0.4741028	0.3981005
DRB3*01:01	0.0	0.5053634	0.27353173	0.22165227
DQA1*02:01-DQB1*03:01	0.0	0.5716429	0.59201413	0.6145811
DRB1*15:01	0.0	0.5040586	0.42348242	0.45541883
DQA1*03:01-DQB1*03:02	0.0	0.0	0.27399644	0.13677049
DRB1*01:01	0.0	0.12276147	0.3299057	0.47938702
DRB5*01:01	1.0	1.0	0.41757637	0.44515228
DRB5*01:01	0.0	0.40397212	0.35307956	0.34773317
DRB1*14:54	0.0	0.55829746	0.46183833	0.47018927
DQA1*03:03-DQB1*04:02	0.0	0.1999114	0.2736763	0.14248209
DQA1*05:01-DQB1*03:02	0.0	0.5356762	0.27463585	0.20489629
DRB1*04:01	0.0	0.0	0.27407816	0.33103794
DRB1*11:01	0.0	0.4640285	0.55724424	0.503969
DRB1*07:01	0.0	0.68565	0.2830575	0.36134738
DRB3*01:01	0.0	0.4775781	0.27335942	0.21384966
DQA1*05:01-DQB1*03:03	0.0	0.47100717	0.27707395	0.256471
DRB1*14:54	0.0	0.7969252	0.28383413	0.39017504
DRB3*01:01	0.0	0.5247903	0.48102033	0.49291146
DQA1*05:01-DQB1*04:02	0.0	0.084686644	0.2736094	0.26942402
DRB3*01:01	0.0	0.0	0.6261313	0.5447212
DRB1*07:01	1.0	0.8078111	0.479562	0.44083315
DRB1*07:01	0.0	0.69887584	0.28026432	0.33297107
DRB3*02:02	0.0	0.084686644	0.2737421	0.1433411
DQA1*01:01-DQB1*05:01	0.0	0.0	0.5747506	0.49645507
DRB1*03:01	0.0	0.6384378	0.32104802	0.3772828
DRB1*14:54	0.0	0.6502526	0.3318061	0.4588633
DRB1*14:54	0.0	0.42824996	0.34158713	0.44405147
DRB1*03:01	1.0	0.8078111	0.27392545	0.21686731
DRB1*07:01	0.0	0.4554746	0.34522653	0.42091653
DRB1*12:01	0.0	0.0	0.31001797	0.29024982
DQA1*03:01-DQB1*03:02	0.0	0.0	0.3014237	0.3598156
DRB1*13:01	0.0	0.0	0.27585202	0.16875386
DRB1*07:01	0.0	0.6231404	0.32705766	0.41394487
DRB1*08:02	0.0	0.0	0.27486208	0.13140345
DRB4*01:03	0.0	0.31483185	0.28213456	0.33039737
DRB1*11:01	0.0	0.2278114	0.27791357	0.20754331
DRB1*12:01	0.0	0.0	0.2743491	0.1713785
DRB1*11:01	1.0	1.0	0.72325546	0.6285095
DPA1*02:01-DPB1*05:01	0.0	0.0	0.27422246	0.11679524
DQA1*02:01-DQB1*03:03	0.0	0.41158956	0.27474767	0.2036971
DRB1*08:01	0.0	0.34929013	0.27482027	0.15918666
DQA1*05:01-DQB1*03:02	0.0	0.39452732	0.69170886	0.6208828
DRB3*02:02	0.0	0.0	0.2737497	0.14547199
DQA1*02:01-DQB1*03:03	0.0	0.084686644	0.27627188	0.19172007
DRB3*02:02	0.0	0.40664265	0.3418235	0.3897887
DRB1*13:01	0.0	0.0	0.2791086	0.29633322
DQA1*05:01-DQB1*03:01	0.0	0.0	0.27403316	0.21043877
DQA1*05:01-DQB1*03:03	0.0	0.084686644	0.27613673	0.14968412
DQA1*01:01-DQB1*05:01	0.0	0.0	0.2733971	0.102340914
DRB1*11:01	1.0	0.83439964	0.32999045	0.45013848
DRB1*14:54	0.0	0.2996025	0.27943495	0.37398717
DRB4*01:03	0.0	0.38500103	0.27790755	0.3276912
DRB1*07:01	0.0	0.31812292	0.27567652	0.25351807
DRB1*07:01	0.0	0.084686644	0.2766159	0.3290489
DRB5*01:01	0.0	0.0	0.35393572	0.32609618
DQA1*02:01-DQB1*03:01	0.0	0.36137757	0.28345284	0.32658902
DRB1*09:01	0.0	0.2478607	0.3214309	0.49523845
DRB1*03:01	0.0	0.0	0.27666405	0.23670769
DRB1*08:01	0.0	0.2637015	0.27362695	0.1119486
DRB3*02:02	0.0	0.44262394	0.2754247	0.22777818
DRB3*03:01	0.0	0.26779822	0.3598178	0.39643693
DRB1*07:01	0.0	0.061871015	0.27894768	0.43148658
DRB1*07:01	0.0	0.4815539	0.4883344	0.51824033
DRB1*11:01	1.0	0.85125035	0.65926856	0.5158765
DQA1*01:01-DQB1*05:01	0.0	0.0	0.27334583	0.08892194
DQA1*05:01-DQB1*03:03	0.0	0.40095103	0.27417722	0.24130866
DRB1*07:01	0.0	0.7900025	0.28148124	0.32878602
DQA1*05:01-DQB1*04:02	0.0	0.23542143	0.27393907	0.22425024
DRB1*15:01	0.0	0.7278651	0.72326183	0.60803455
DRB1*01:01	0.0	0.39982867	0.39821225	0.3287905
DRB1*04:04	0.0	0.44671214	0.27405638	0.23818707
DRB1*09:01	0.0	0.49043053	0.27412698	0.32403758
DRB1*13:01	0.0	0.084686644	0.27823976	0.1896913
DRB1*11:01	0.0	0.41648084	0.50043416	0.42706922
DRB1*04:04	0.0	0.47790295	0.27444276	0.2647512
DRB1*07:01	0.0	0.71861506	0.34020242	0.3459552
DRB1*08:01	0.0	0.3127375	0.4663342	0.4499511
DRB5*01:01	1.0	0.8078111	0.3971485	0.3722293
DRB1*08:01	0.0	0.41531616	0.3040859	0.30393848
DRB1*11:01	0.0	0.11042877	0.2771031	0.17418368
DRB1*01:01	1.0	0.8673647	0.38925523	0.44954368
DRB3*01:01	0.0	0.22796372	0.2737211	0.18558446
DQA1*02:01-DQB1*03:03	0.0	0.47693178	0.2764505	0.2031344
DQA1*02:01-DQB1*03:01	0.0	0.43017152	0.2779038	0.33832738
DRB1*03:01	0.0	0.5247903	0.31654802	0.40633872
DRB1*11:01	0.0	0.084686644	0.27833304	0.263448
DRB1*11:01	0.0	0.1537241	0.28045624	0.24035953
DRB1*04:05	0.0	0.10243829	0.2738578	0.115217365
DRB1*07:01	0.0	0.7703366	0.2816614	0.4153846
DQA1*02:01-DQB1*03:01	0.0	0.084686644	0.2827567	0.24450839
DQA1*02:01-DQB1*03:01	0.0	0.5426191	0.27715623	0.32222822
DQA1*02:01-DQB1*04:02	0.0	0.41270792	0.64619434	0.52452886
DRB1*08:01	0.0	0.17094624	0.27821583	0.07339895
DRB3*03:01	0.0	0.7560895	0.41625032	0.44432753
DRB3*03:01	0.0	0.63305235	0.41235194	0.46533263
DRB1*04:04	0.0	0.7871874	0.27792028	0.35438177
DQA1*02:01-DQB1*03:03	0.0	0.084686644	0.6772571	0.5931516
DPB1*04:02	0.0	0.24818537	0.3064574	0.37635338
DPA1*01:03-DPB1*03:01	0.0	0.0712165	0.27437365	0.34255767
DRB1*15:01	0.0	0.0	0.27482134	0.19132735
DRB1*13:01	0.0	0.50624365	0.5596311	0.5127377
DQA1*01:02-DQB1*05:01	0.0	0.44930252	0.28177384	0.27558225
DQA1*06:01-DQB1*04:02	0.0	0.30455494	0.34683263	0.3208039
DRB1*04:01	0.0	0.74971294	0.27660656	0.2534838
DRB1*11:01	0.0	0.084686644	0.5033621	0.52479637
DRB1*14:54	0.0	0.7328622	0.28259632	0.4415318
DQA1*02:01-DQB1*03:01	0.0	0.60473627	0.2783842	0.27096778
DQA1*02:01-DQB1*03:01	0.0	0.3874143	0.7247065	0.6429402
DRB1*03:01	0.0	0.17796293	0.27446398	0.26094973
DQB1*03:01	0.0	0.24423267	0.2789737	0.3149144
DRB1*04:01	0.0	0.30941913	0.27431807	0.23817274
DRB1*08:01	0.0	0.6502526	0.456152	0.36132148
DQA1*01:02-DQB1*05:01	0.0	0.084686644	0.2742552	0.20867433
DQA1*01:02-DQB1*05:01	0.0	0.5338698	0.27659068	0.26005507
DRB1*11:01	1.0	0.83439964	0.2782268	0.3231427
DQA1*02:01-DQB1*03:01	0.0	0.2542913	0.27745652	0.27007014
DRB1*04:01	0.0	0.0	0.27605405	0.22831926
DQA1*01:02-DQB1*06:02	0.0	0.30175477	0.2742745	0.17268437
DPA1*01:03-DPB1*02:01	0.0	0.0	0.28382003	0.33243942
DRB1*11:01	0.0	0.0	0.31010303	0.38218233
DRB1*01:01	0.0	0.4276812	0.2773457	0.21893519
DRB1*03:01	0.0	0.5647295	0.27380455	0.16893919
DQA1*05:01-DQB1*03:02	0.0	0.084686644	0.27466688	0.22316973
DRB1*03:01	1.0	1.0	0.7247446	0.62562233
DRB1*01:01	0.0	0.33233154	0.373561	0.46667647
DRB1*03:01	0.0	0.0	0.27473313	0.1425513
DRB1*03:01	0.0	0.43618816	0.33262333	0.4118347
DRB1*07:01	0.0	0.1835415	0.2788174	0.40478164
DRB1*15:01	0.0	0.0	0.27862558	0.235395
DRB1*07:01	0.0	0.39282662	0.50216216	0.5656194
DRB1*03:01	0.0	0.084686644	0.7240828	0.59803087
DRB1*04:04	0.0	0.4737663	0.42905146	0.4424483
DRB1*12:01	0.0	0.0	0.27631742	0.109711595
DRB1*15:01	0.0	0.62158704	0.29546967	0.36961585
DRB1*03:01	1.0	0.8630652	0.72379506	0.6040417
DRB3*01:01	0.0	0.43454504	0.3587467	0.3558032
DPA1*01:03-DPB1*04:01	0.0	0.0	0.49565476	0.21470903
DRB1*03:01	0.0	0.28099573	0.27399772	0.1804235
DRB1*04:01	0.0	0.559864	0.2744495	0.21624498
DQA1*05:01-DQB1*04:02	0.0	0.61138827	0.71903247	0.6175627
DRB3*02:02	0.0	0.0	0.27685356	0.20930973
DQA1*05:01-DQB1*04:02	0.0	0.36466363	0.3019264	0.39140734
DRB1*15:01	1.0	0.87187403	0.27706468	0.24509573
DRB3*03:01	0.0	0.60346144	0.37045175	0.4285078
DRB1*08:02	0.0	0.0	0.2739826	0.17810261
DRB1*11:01	0.0	0.29749924	0.28468227	0.37273344
DRB1*01:01	0.0	0.1758324	0.3255479	0.45009243
DRB5*01:01	0.0	0.02062367	0.47726837	0.5437874
DQA1*01:02-DQB1*06:02	0.0	0.56556594	0.27356595	0.21288088
DRB1*13:01	0.0	0.0	0.2798189	0.25344598
DRB3*01:01	0.0	0.45496538	0.27438506	0.15838522
DRB3*02:02	0.0	0.084686644	0.27771613	0.21999633
DRB4*01:01	0.0	0.33206245	0.27402973	0.16075575
DRB1*01:01	1.0	0.91718054	0.28031597	0.25259173
DRB1*08:01	0.0	0.549418	0.32097206	0.35122004
DQA1*05:01-DQB1*04:02	0.0	0.29004458	0.27373928	0.2666893
DQA1*02:01-DQB1*03:03	0.0	0.5117087	0.68252885	0.6306596
DQA1*02:01-DQB1*03:03	0.0	0.3519169	0.27368513	0.22968951
DRB1*13:01	1.0	0.87187403	0.4333967	0.4793883
DRB1*11:01	0.0	0.3653929	0.28370428	0.3263826
DQA1*05:01-DQB1*03:02	0.0	0.22961162	0.27837586	0.12167489
DPA1*01:03-DPB1*04:01	0.0	0.0	0.27387765	0.13918167
DQA1*05:01-DQB1*03:02	0.0	0.46487257	0.29224122	0.33097887
DQA1*02:01-DQB1*03:01	0.0	0.1591987	0.44148806	0.44106266
DRB1*13:02	0.0	0.6323575	0.28027698	0.2441754
DRB1*04:04	0.0	0.56986547	0.7244549	0.6359882
DPA1*02:01-DPB1*05:01	0.0	0.0	0.27386007	0.08650747
DRB3*02:02	0.0	0.6502526	0.2738711	0.2120672
DRB5*01:01	0.0	0.0	0.3423298	0.32761386
DRB1*03:01	0.0	0.29749924	0.2740442	0.22063455
DRB1*04:01	0.0	0.5872459	0.2913189	0.26664126
DRB3*01:01	0.0	0.26486284	0.27355057	0.2042185
DRB1*04:04	0.0	0.576242	0.27875376	0.3111398
DRB1*03:01	0.0	0.0	0.2763286	0.2559083
DRB1*13:01	0.0	0.29146218	0.27850783	0.32484752
DRB4*01:01	0.0	0.1996866	0.4141845	0.37263775
DRB1*11:01	0.0	0.5480176	0.27753693	0.30809355
DRB1*13:02	0.0	0.30821776	0.48553368	0.44434056
DRB3*02:02	0.0	0.14901803	0.27493846	0.27303624
DRB1*01:01	1.0	1.0	0.5627148	0.5500981
DQA1*02:01-DQB1*03:01	0.0	0.49346107	0.3061691	0.40800375
DRB1*04:01	0.0	0.27746898	0.27952537	0.35768324
DQA1*02:01-DQB1*03:03	0.0	0.3348582	0.27357218	0.18064316
DQA1*02:01-DQB1*03:03	0.0	0.23406224	0.27363253	0.20866366
DRB1*04:05	0.0	0.04721221	0.2742775	0.1263714
DRB4*01:03	0.0	0.48500293	0.31628543	0.44862878
DQA1*01:03-DQB1*06:03	0.0	0.084686644	0.2734024	0.12208959
DQA1*02:01-DQB1*03:01	0.0	0.28885856	0.27771965	0.30089083
DQA1*03:03-DQB1*04:02	0.0	0.22936808	0.27353102	0.21937343
DRB1*09:01	0.0	0.0	0.2752146	0.24792267
DRB1*04:01	0.0	0.33731362	0.27376297	0.22780277
DRB5*01:01	0.0	0.7629388	0.37396213	0.35525018
DRB1*03:01	0.0	0.6662669	0.2757521	0.20396689
DRB3*02:02	1.0	0.87187403	0.7235267	0.6438951
DRB1*13:02	0.0	0.0	0.27496594	0.20633641
DRB1*03:01	0.0	0.118314266	0.42346868	0.41373095
DRB1*04:01	0.0	0.51505256	0.27393553	0.2093979
DRB1*15:01	0.0	0.36698645	0.2747673	0.15283109
DQA1*01:02-DQB1*06:02	0.0	0.0788663	0.46740526	0.34827164
DQA1*06:01-DQB1*04:02	0.0	0.66380215	0.27526584	0.2768431
DRB1*04:05	0.0	0.43373433	0.2951794	0.42273068
DRB1*04:04	0.0	0.21262793	0.27412078	0.29605275
DRB1*04:01	0.0	0.0	0.27394864	0.188674
DRB5*01:01	1.0	0.93593705	0.7076916	0.65933985
DQA1*02:01-DQB1*03:03	0.0	0.3434113	0.29347807	0.3555896
DRB1*15:02	0.0	0.050453924	0.27905223	0.23240176
DQA1*02:01-DQB1*03:03	0.0	0.32754034	0.2753437	0.20215449
DRB4*01:03	0.0	0.084686644	0.27681434	0.34049696
DRB4*01:03	0.0	0.084686644	0.27576706	0.28548855
DRB1*07:01	1.0	0.8984626	0.7242337	0.642039
DRB1*04:05	0.0	0.39282662	0.2735998	0.07080012
DRB1*11:01	0.0	0.42655408	0.27626622	0.30053723
DRB1*11:01	0.0	0.26955742	0.27633342	0.28207433
DRB3*01:01	0.0	0.16475397	0.27382317	0.28296053
DPA1*02:01-DPB1*01:01	0.0	0.0	0.27400774	0.02161522
DRB1*03:01	0.0	0.71861506	0.2745129	0.21273297
DRB1*13:01	0.0	0.084686644	0.27786052	0.24242869
DRB1*07:01	0.0	0.5830913	0.38062152	0.4943272
DRB3*01:01	0.0	0.48257518	0.27398482	0.17323488
DQA1*02:01-DQB1*04:02	0.0	0.45420676	0.29668427	0.4150987
DPB1*04:02	0.0	0.36156222	0.27393875	0.25648075
DRB1*07:01	0.0	0.084686644	0.27899507	0.19650832
DQA1*01:02-DQB1*05:01	0.0	0.3579373	0.2754919	0.22406834
DRB1*04:05	0.0	0.38393527	0.29041734	0.2743381
DRB1*08:01	0.0	0.19563891	0.27371967	0.18508233
DRB1*13:01	0.0	0.7062737	0.36882502	0.45137542
DQA1*01:01-DQB1*05:01	0.0	0.0	0.27409533	0.14822945
DRB1*04:01	0.0	0.20826805	0.31342632	0.20964548
DRB1*11:01	0.0	0.5743748	0.2779328	0.24843633
DRB1*08:01	0.0	0.40095103	0.35830364	0.33133432
DRB1*11:01	0.0	0.5791155	0.36867875	0.4170448
DQA1*02:01-DQB1*03:03	0.0	0.58939534	0.33929133	0.33312255
DRB1*14:54	0.0	0.084686644	0.27754512	0.29317027
DRB1*07:01	0.0	0.084686644	0.27487928	0.18252699
DRB1*04:03	0.0	0.18014373	0.28889582	0.16920087
DQA1*02:01-DQB1*03:03	0.0	0.24823959	0.27329677	0.24937086
DRB1*03:01	0.0	0.0	0.27430663	0.13347423
DRB3*02:02	0.0	0.0	0.2740217	0.14300579
DRB1*08:01	0.0	0.39816278	0.37039012	0.30779958
DRB1*03:01	0.0	0.6073399	0.2802362	0.25605583
DQA1*02:01-DQB1*03:01	0.0	0.77837855	0.2762884	0.21537036
DQA1*05:01-DQB1*04:02	0.0	0.4795446	0.27408686	0.27551535
DRB5*01:01	0.0	0.0	0.3402576	0.23696128
DRB1*07:01	0.0	0.084686644	0.2775331	0.30232674
DPB1*04:02	0.0	0.084686644	0.4931055	0.49731308
DPB1*04:01	0.0	0.0	0.27471867	0.16934022
DRB5*01:01	0.0	0.29472247	0.34759054	0.37553376
DRB1*07:01	1.0	0.9456748	0.49900907	0.5434352
DRB1*12:01	0.0	0.14551656	0.33279765	0.38477635
DQA1*05:01-DQB1*04:02	0.0	0.24240704	0.27411738	0.22359662
DRB1*01:01	0.0	0.21284957	0.28230974	0.3300576
DRB3*02:02	0.0	0.084686644	0.2739276	0.12742893
DRB3*02:02	0.0	0.0	0.27426618	0.23581389
DQA1*02:01-DQB1*03:03	0.0	0.598531	0.286762	0.35282922
DQA1*01:02-DQB1*05:01	0.0	0.65237737	0.2758218	0.26146442
DRB1*11:01	0.0	0.42824996	0.3201038	0.36385506
DRB1*03:01	0.0	0.0	0.34142673	0.37015814
DPA1*03:01-DPB1*04:02	0.0	0.0	0.27443844	0.1780934
DRB1*07:01	0.0	0.37867212	0.27750888	0.28908357
DRB3*01:01	0.0	0.24604213	0.27384782	0.18984455
DRB1*09:01	0.0	0.49231294	0.27587894	0.32636964
DRB1*01:01	0.0	0.1659931	0.27841622	0.18683371
DRB3*01:01	0.0	0.0	0.68314844	0.5890421
DQA1*02:01-DQB1*04:02	0.0	0.24742956	0.2752475	0.29356578
DQA1*02:01-DQB1*03:03	0.0	0.18142469	0.27683672	0.15476641
DPA1*02:01-DPB1*05:01	0.0	0.0	0.27390498	0.16396675
DRB1*14:54	0.0	0.7629388	0.33320588	0.48108056
DRB1*01:01	0.0	0.0	0.27921876	0.15510212
DRB1*09:01	0.0	0.3891419	0.27790585	0.29524535
DQA1*06:01-DQB1*04:02	0.0	0.49155536	0.69245386	0.6178646
DRB1*03:01	0.0	0.064062975	0.27398655	0.22411391
DQA1*03:03-DQB1*04:02	0.0	0.33788416	0.5468384	0.5294272
DRB3*01:01	0.0	0.56307906	0.3569297	0.36686414
DRB1*01:01	0.0	0.0	0.2782967	0.21060547
DRB3*02:02	0.0	0.35133588	0.29348028	0.3198427
DRB1*12:01	0.0	0.0	0.2742456	0.12196701
DRB1*04:01	0.0	0.02536437	0.27390903	0.16795051
DRB1*03:01	0.0	0.22750752	0.27387622	0.17066726
DRB1*01:01	0.0	0.0	0.27827653	0.22658685
DQA1*02:01-DQB1*03:01	0.0	0.25397334	0.2775816	0.17093071
DRB1*03:01	0.0	0.34945214	0.32727224	0.32627207
DRB1*04:01	0.0	0.1469194	0.7236661	0.64052486
DRB4*01:03	0.0	0.3076487	0.2769136	0.3195722
DRB1*04:01	0.0	0.0	0.36115694	0.38217393
DRB3*02:02	0.0	0.62796354	0.7247671	0.6337546
DRB1*14:54	0.0	0.71431553	0.3651793	0.4439926
DQA1*06:01-DQB1*04:02	0.0	0.58514524	0.2737069	0.24693611
DRB1*14:54	0.0	0.7437481	0.27960926	0.3678761
DRB3*02:02	0.0	0.0	0.3141955	0.2765562
DQA1*03:01-DQB1*03:02	0.0	0.3963945	0.28066817	0.20005411
DRB1*13:01	1.0	0.83439964	0.48365277	0.535189
DRB3*03:01	0.0	0.6200593	0.3304659	0.32598853
DRB1*09:01	0.0	0.46208853	0.27432495	0.36291528
DRB1*13:01	0.0	0.084686644	0.27851048	0.1831619
DRB1*14:54	0.0	0.32064077	0.27820942	0.3641069
DRB1*13:01	0.0	0.084686644	0.27820632	0.2230711
DRB1*13:01	1.0	0.93593705	0.6274733	0.6004837
DRB5*01:01	0.0	0.61562216	0.47553384	0.47914368
DRB1*03:01	0.0	0.0	0.27487963	0.24292234
DRB5*01:01	0.0	0.71020716	0.38636357	0.3918302
DQA1*06:01-DQB1*04:02	0.0	0.084686644	0.27375835	0.2668491
DRB1*11:01	0.0	0.40223372	0.27474537	0.1978792
DRB5*01:01	1.0	0.93593705	0.34801546	0.35083067
DRB1*13:02	0.0	0.19387522	0.3770761	0.44095415
DRB1*12:01	0.0	0.7328622	0.61302906	0.5511082
DQA1*02:01-DQB1*03:01	0.0	0.084686644	0.27683765	0.25284877
DQA1*01:02-DQB1*06:02	0.0	0.0	0.2915442	0.24929193
DRB1*15:01	0.0	0.10105438	0.27525207	0.19964716
DRB1*09:01	0.0	0.1629798	0.27472863	0.2980286
DRB1*04:05	0.0	0.60096335	0.3568286	0.31683815
DRB5*01:01	0.0	0.65906143	0.41186842	0.35993356
DRB1*01:01	1.0	0.88084483	0.28056493	0.2394645
DQA1*01:01-DQB1*05:01	0.0	0.0	0.27490422	0.15409504
DRB1*11:01	0.0	0.62158704	0.32884246	0.42217672
DRB1*15:01	0.0	0.28579542	0.30150977	0.43064874
DRB4*01:01	0.0	0.61138827	0.6438136	0.59281325
DRB1*01:01	0.0	0.43598118	0.3050583	0.39412588
DRB1*07:01	0.0	0.2927701	0.27702448	0.26742914
DQA1*05:01-DQB1*03:02	0.0	0.4747046	0.29805148	0.38324374
DRB3*02:02	0.0	0.084686644	0.276187	0.34582895
DQA1*05:01-DQB1*03:02	0.0	0.084686644	0.27598327	0.23336557
DRB3*01:01	0.0	0.34138325	0.47470808	0.43880033
DRB3*03:01	0.0	0.48257518	0.346726	0.29871517
DRB1*15:01	0.0	0.0	0.28826666	0.30459833
DRB1*14:54	0.0	0.640305	0.27725685	0.31530726
DPA1*03:01-DPB1*04:02	0.0	0.0	0.2740429	0.15886275
DRB1*04:04	0.0	0.6200593	0.28614065	0.4314242
DRB1*01:01	0.0	0.5308201	0.28137124	0.31625107
DRB3*03:01	0.0	0.71431553	0.3785143	0.35145363
DRB1*01:01	1.0	0.9509576	0.27945524	0.27414238
DRB1*03:01	0.0	0.6714029	0.4664557	0.4057086
DPA1*02:01-DPB1*01:01	0.0	0.10341782	0.27435917	0.18288803
DRB1*14:54	0.0	0.674082	0.28048077	0.44397685
DRB1*08:02	0.0	0.36045974	0.33551386	0.40204206
DRB1*09:01	0.0	0.6662669	0.5080147	0.5539951
DRB1*13:02	0.0	0.0	0.27620968	0.23476902
DRB1*04:01	0.0	0.60866976	0.38191456	0.4173048
DQA1*05:01-DQB1*04:02	0.0	0.49901608	0.30891505	0.4206227
DRB1*11:01	0.0	0.4864194	0.28745052	0.2952791
DRB3*03:01	0.0	0.47010547	0.3323049	0.35241014
DRB3*03:01	0.0	0.63132477	0.70988363	0.6717022
DRB5*01:01	0.0	0.09439361	0.4275939	0.32214332
DRB3*03:01	1.0	0.85125035	0.45645046	0.4583974
DRB3*02:02	0.0	0.62472034	0.28110224	0.25525656
DRB1*03:01	0.0	0.40877444	0.2737709	0.23210795
DRB5*01:01	0.0	0.58108205	0.3477943	0.37842017
DQA1*01:02-DQB1*05:01	0.0	0.37844995	0.33330444	0.28394735
DRB3*01:01	0.0	0.084686644	0.699147	0.60171324
DRB1*07:01	0.0	0.51360464	0.2839001	0.32743415
DRB1*11:01	0.0	0.6714029	0.31995597	0.44271687
DRB1*04:04	0.0	0.46487257	0.3023053	0.42177042
DQA1*03:01-DQB1*03:02	0.0	0.084686644	0.27373582	0.15595044
DRB1*11:01	0.0	0.0	0.27540377	0.22768128
DRB1*01:01	0.0	0.38444236	0.50454354	0.40786463
DRB1*07:01	0.0	0.42920575	0.32820076	0.39521626
DRB1*13:01	0.0	0.28915364	0.27943623	0.2475406
DQA1*02:01-DQB1*03:01	1.0	0.87187403	0.27962106	0.32470232
DRB1*11:01	0.0	0.429784	0.27780485	0.25265902
DRB1*03:03	0.0	0.55155915	0.28114572	0.2189233
DRB1*04:05	0.0	0.60220397	0.27558357	0.22490028
DRB1*11:01	1.0	0.83136904	0.27828324	0.2654588
DRB1*13:02	0.0	0.11740121	0.27493468	0.1991283
DRB5*01:01	0.0	0.084686644	0.42640033	0.42595628
DQA1*05:01-DQB1*03:03	0.0	0.3035134	0.32155547	0.37010688
DQA1*01:02-DQB1*05:01	0.0	0.3189352	0.27519938	0.21516278
DRB1*08:01	0.0	0.4547118	0.2732771	0.22244987
DQA1*01:03-DQB1*06:03	0.0	0.31192368	0.27349177	0.23508638
DRB4*01:03	0.0	0.4417395	0.28247443	0.30029398
DRB1*13:01	0.0	0.084686644	0.2859747	0.2918032
DQA1*01:02-DQB1*05:01	0.0	0.5997392	0.34496802	0.316138
DQA1*01:02-DQB1*05:01	0.0	0.22483768	0.28199622	0.28517944
DRB3*02:02	0.0	0.084686644	0.27592787	0.21502945
DRB1*08:02	0.0	0.6614014	0.3679903	0.4303893
DRB1*14:54	0.0	0.71861506	0.33757526	0.5058703
DRB1*11:01	0.0	0.31612295	0.2751894	0.24342552
DQA1*01:01-DQB1*05:01	0.0	0.0	0.27471402	0.12048709
DQA1*02:01-DQB1*04:02	0.0	0.084686644	0.27957332	0.31840795
DRB1*07:01	1.0	1.0	0.7224535	0.6589542
DRB3*01:01	0.0	0.51312697	0.3990055	0.44596663
DRB3*03:01	0.0	0.4750195	0.324039	0.35468602
DRB1*07:01	0.0	0.49080396	0.32463887	0.486202
DRB4*01:01	0.0	0.084686644	0.2737663	0.15188736
DQA1*05:01-DQB1*04:02	0.0	0.69887584	0.72164696	0.64245695
DRB1*08:01	0.0	0.1780898	0.27566296	0.1403915
DQA1*02:01-DQB1*04:02	1.0	0.85125035	0.27543944	0.28608772
DRB1*01:01	1.0	1.0	0.72352356	0.60949093
DRB3*01:01	0.0	0.1706295	0.4375051	0.3928274
DRB1*03:01	0.0	0.0	0.27662075	0.2441503
DRB1*03:01	0.0	0.3869266	0.721663	0.6239884
DRB1*03:01	0.0	0.084686644	0.3138772	0.42633134
DRB4*01:03	0.0	0.60096335	0.27995327	0.34087515
DRB1*07:01	0.0	0.42217818	0.34883127	0.46112844
DQA1*05:01-DQB1*04:02	0.0	0.59271634	0.27985296	0.3038193
DRB1*07:01	0.0	0.53209805	0.2885305	0.43138093
DRB1*14:54	0.0	0.6073399	0.2785106	0.34528992
DRB1*08:01	0.0	0.19255936	0.27353945	0.1498795
DRB1*11:01	0.0	0.15992595	0.27679598	0.2879033
DRB1*11:01	0.0	0.4185122	0.28068084	0.34900498
DRB3*02:02	1.0	0.83439964	0.2751058	0.29535618
DRB1*01:01	0.0	0.64221066	0.27940887	0.21925941
DRB1*07:01	1.0	0.90483916	0.7220079	0.64143157
DRB1*11:01	0.0	0.084686644	0.2783127	0.22994839
DQA1*02:01-DQB1*03:01	0.0	0.084686644	0.27592108	0.18479905
DQA1*05:01-DQB1*03:03	0.0	0.56641	0.29510885	0.31748575
DRB1*09:01	0.0	0.6200593	0.27473894	0.27633825
DRB1*04:01	0.0	0.0	0.27416492	0.21393615
DRB1*15:01	0.0	0.1727619	0.36287355	0.45581394
DRB1*15:01	0.0	0.77837855	0.44686335	0.48273593
DRB3*01:01	0.0	0.64221066	0.27400184	0.14196396
DRB1*04:01	0.0	0.65906143	0.27415368	0.1816337
DRB1*15:01	0.0	0.71861506	0.32911578	0.43185055
DQA1*05:01-DQB1*02:01	0.0	0.0	0.27438658	0.108549304
DRB3*01:01	0.0	0.084686644	0.27377006	0.16259399
DQA1*01:01-DQB1*05:01	0.0	0.0	0.2949962	0.2147959
DQA1*05:01-DQB1*03:03	0.0	0.22540787	0.27911562	0.11504439
DQA1*02:01-DQB1*03:01	0.0	0.7328622	0.27747256	0.2863518
DRB1*03:01	0.0	0.6614014	0.72430974	0.6051383
DPA1*01:03-DPB1*04:01	0.0	0.0	0.28246987	0.1947014
DRB1*12:01	0.0	0.0	0.40844566	0.31789127
DQA1*05:01-DQB1*03:03	0.0	0.084686644	0.3488807	0.39589113
DRB1*13:01	1.0	0.85125035	0.27834067	0.33344063
DQB1*03:01	0.0	0.1215485	0.27536935	0.13164392
DRB1*07:01	0.0	0.29268232	0.3242181	0.46233463
DQA1*06:01-DQB1*04:02	0.0	0.084686644	0.2738506	0.115858264
DPB1*04:02	0.0	0.0	0.27412817	0.2699056
DRB1*04:01	0.0	0.072313465	0.28218046	0.3073052
DRB1*15:01	0.0	0.44858882	0.3158187	0.4755501
DRB5*01:01	0.0	0.4343417	0.34113055	0.2884217
DQA1*02:01-DQB1*03:01	0.0	0.21467979	0.36353275	0.38316327
DRB1*09:01	0.0	0.5210823	0.274039	0.28360403
DRB1*04:05	0.0	0.084686644	0.27367976	0.1858091
DPA1*03:01-DPB1*04:02	0.0	0.19776618	0.2749453	0.26023924
DQA1*05:01-DQB1*03:01	0.0	0.610019	0.2735857	0.17763907
DQA1*05:01-DQB1*03:02	0.0	0.4680351	0.27451766	0.34163415
DPA1*03:01-DPB1*04:02	0.0	0.738145	0.27531323	0.3057987
DRB1*14:54	0.0	0.674082	0.30740464	0.44508797
DQA1*05:01-DQB1*03:02	0.0	0.27855435	0.27593783	0.18123642
DRB3*01:01	0.0	0.71861506	0.28187314	0.31608665
DRB5*01:01	0.0	0.7629388	0.3445061	0.36044022
DQA1*06:01-DQB1*04:02	0.0	0.42217818	0.27608302	0.28285098
DRB1*11:01	0.0	0.0	0.2752761	0.27098945
DQA1*02:01-DQB1*03:03	0.0	0.51312697	0.27414888	0.24273193
DRB3*01:01	0.0	0.058426797	0.28608713	0.26524797
DRB1*09:01	0.0	0.3896415	0.27466127	0.27479485
DRB1*11:01	0.0	0.11984961	0.2769334	0.29359254
DRB1*15:01	0.0	0.0	0.2764506	0.2066645
DRB1*07:01	0.0	0.37712803	0.27547306	0.26204655
DRB1*13:02	0.0	0.38939136	0.27685863	0.28016996
DRB1*11:01	0.0	0.084686644	0.2778035	0.2832165
DRB4*01:01	0.0	0.0	0.27449018	0.28491533
DRB1*03:01	0.0	0.51603055	0.7223201	0.63269114
DQA1*05:01-DQB1*03:02	0.0	0.45420676	0.37712818	0.41182417
DPA1*03:01-DPB1*04:02	0.0	0.0	0.27972582	0.27166045
DRB3*01:01	0.0	0.47822896	0.27353644	0.17393059
DRB1*13:02	0.0	0.74971294	0.33594325	0.3049456
DRB5*01:01	0.0	0.084686644	0.34203064	0.22857997
DRB3*02:02	0.0	0.42920575	0.29398808	0.4124789
DRB1*04:04	0.0	0.084686644	0.277683	0.22460546
DRB1*03:01	0.0	0.084686644	0.2738947	0.26480973
DRB1*08:02	0.0	0.22772446	0.30758175	0.43677047
DRB1*09:01	0.0	0.4759707	0.27593574	0.38917512
DRB1*09:01	0.0	0.25702408	0.28024295	0.39346427
DRB1*08:01	0.0	0.576242	0.28262174	0.31818843
DRB1*04:04	0.0	0.30832162	0.27515078	0.26697898
DPA1*03:01-DPB1*04:02	0.0	0.0	0.27477798	0.19146709
DQA1*05:01-DQB1*04:02	0.0	0.44741145	0.27378377	0.2190003
DRB3*02:02	0.0	0.4106416	0.27656904	0.24594128
DRB1*09:01	0.0	0.0	0.2750438	0.3002143
DRB1*08:01	0.0	0.084686644	0.28889734	0.29485506
DRB1*13:01	0.0	0.7437481	0.280882	0.33883408
DRB1*04:05	0.0	0.0	0.54764295	0.51153845
DRB1*11:01	0.0	0.45780146	0.27485675	0.22183847
DRB1*07:01	0.0	0.1667536	0.2793866	0.3025971
DQA1*01:01-DQB1*05:01	0.0	0.3390278	0.32958513	0.41034794
DRB1*07:01	0.0	0.50802964	0.28056747	0.2413871
DQA1*02:01-DQB1*03:03	0.0	0.43373433	0.273702	0.25511953
DRB1*07:01	0.0	0.7871874	0.3301214	0.44364345
DQA1*02:01-DQB1*04:02	0.0	0.084686644	0.27517322	0.22947325
DQA1*01:02-DQB1*05:01	0.0	0.473146	0.27730128	0.28584343
DRB1*11:01	0.0	0.41095653	0.27738255	0.20984918
DRB1*01:01	0.0	0.50470895	0.34934455	0.42036462
DRB1*07:01	0.0	0.7278651	0.36046955	0.4808647
DQA1*02:01-DQB1*04:02	0.0	0.4998376	0.2750842	0.27707958
DRB5*01:01	0.0	0.591596	0.41460302	0.41439804
DRB1*01:01	0.0	0.49926648	0.35464752	0.41134953
DQA1*05:01-DQB1*03:02	0.0	0.2931661	0.2753629	0.27703968
DRB1*10:01	0.0	0.0	0.27361643	0.18140033
DRB3*02:02	0.0	0.40411848	0.2772316	0.33539772
DQA1*01:02-DQB1*05:01	0.0	0.3438681	0.27462286	0.23363917
DRB1*07:01	0.0	0.4900586	0.38149402	0.44266713
DQA1*05:01-DQB1*03:02	0.0	0.084686644	0.279349	0.27938408
DQA1*03:03-DQB1*04:02	0.0	0.5872459	0.6902878	0.6077414
DRB5*01:01	1.0	0.87187403	0.71104175	0.6758004
DRB3*01:01	0.0	0.084686644	0.27643183	0.08512706
DQA1*02:01-DQB1*04:02	0.0	0.084686644	0.2801302	0.31872994
DRB1*07:01	0.0	0.028079268	0.27839634	0.27687532
DQA1*06:01-DQB1*04:02	0.0	0.27328622	0.2735356	0.1954063
DQA1*02:01-DQB1*04:02	0.0	0.5552419	0.7033728	0.65107536
DRB1*01:01	0.0	0.0	0.2827543	0.22858384
DRB1*07:01	0.0	0.28616259	0.27633303	0.3105501
DQA1*05:01-DQB1*04:02	0.0	0.63132477	0.27510273	0.26278573
DQA1*02:01-DQB1*03:01	0.0	0.236753	0.2797725	0.31218415
DRB1*04:01	1.0	0.92301977	0.72288966	0.633335
DRB3*01:01	0.0	0.084686644	0.27365023	0.13226002
DQA1*05:01-DQB1*03:02	0.0	0.084686644	0.6868965	0.6260924
DQA1*05:01-DQB1*04:02	0.0	0.084686644	0.27380484	0.2828411
DRB1*13:01	0.0	0.738145	0.48961815	0.49910113
DRB1*08:02	0.0	0.084686644	0.27394053	0.24065526
DRB1*11:01	0.0	0.35918993	0.2750802	0.25494814
DRB1*13:01	0.0	0.25466847	0.28232223	0.27589294
DRB1*09:01	0.0	0.15772039	0.2737171	0.25763893
DRB1*13:02	0.0	0.58009356	0.4520542	0.4484183
DPA1*01:03-DPB1*04:01	0.0	0.44419238	0.4114107	0.34916854
DRB1*03:01	0.0	0.3410125	0.30380905	0.38074943
DQA1*01:02-DQB1*06:02	0.0	0.0	0.27880275	0.051545136
DPA1*01:03-DPB1*04:01	0.0	0.0	0.32321507	0.30996674
DRB4*01:01	0.0	0.0	0.274029	0.13932207
DRB1*13:01	0.0	0.4015189	0.28042272	0.21615338
DRB1*08:01	0.0	0.55829746	0.27412796	0.13709676
DRB3*01:01	0.0	0.5145674	0.27333248	0.22542913
DRB1*09:01	0.0	0.60473627	0.27460256	0.36550328
DQA1*05:01-DQB1*04:02	0.0	0.29485708	0.27385497	0.21819434
DQA1*05:01-DQB1*02:01	0.0	0.0	0.27383548	0.14030495
DRB4*01:03	0.0	0.66380215	0.2945021	0.38797432
DRB1*01:01	0.0	0.45965263	0.28859827	0.354733
DQA1*01:03-DQB1*06:03	0.0	0.084686644	0.27474824	0.16316894
DRB1*03:01	0.0	0.61707765	0.274121	0.29307884
DQA1*01:03-DQB1*06:03	0.0	0.084686644	0.27427852	0.112809144
DRB1*07:01	0.0	0.63715285	0.5857172	0.5707616
DRB1*08:02	0.0	0.26786524	0.27714032	0.24405682
DRB1*04:01	0.0	0.5089358	0.3363663	0.3372141
DRB3*02:02	0.0	0.77837855	0.27683026	0.27526593
DQA1*03:03-DQB1*04:02	0.0	0.5771899	0.2734008	0.24250448
DQA1*05:01-DQB1*02:01	0.0	0.0	0.27657652	0.26397282
DRB1*07:01	0.0	0.0	0.27820563	0.31119338
DRB1*01:01	0.0	0.0	0.37757722	0.32907748
DQA1*06:01-DQB1*04:02	0.0	0.31777698	0.2750275	0.26096624
DQA1*02:01-DQB1*04:02	0.0	0.084686644	0.2738434	0.24951918
DRB1*03:01	0.0	0.41614658	0.2739629	0.17017165
DRB5*01:01	1.0	0.85125035	0.45239294	0.45284587
DRB4*01:01	0.0	0.09480516	0.27463695	0.13931227
DQA1*02:01-DQB1*04:02	0.0	0.38926655	0.3805714	0.46047726
DRB1*11:01	0.0	0.3781177	0.28030163	0.27612767
DRB1*04:01	0.0	0.0	0.61973494	0.55817664
DRB1*04:04	0.0	0.43743998	0.28300166	0.337115
DQA1*05:01-DQB1*03:03	0.0	0.17952275	0.3613649	0.37867308
DRB1*08:01	0.0	0.6441565	0.32333586	0.39752132
DRB1*11:01	0.0	0.3983002	0.2747252	0.20703237
DRB3*03:01	0.0	0.60346144	0.3527029	0.40385607
DQA1*05:01-DQB1*04:02	0.0	0.084686644	0.27548498	0.19612965
DQA1*02:01-DQB1*04:02	0.0	0.29025796	0.2746448	0.3427096
DRB1*11:01	1.0	0.9757514	0.7219469	0.62221426
DRB1*11:01	0.0	0.21886623	0.2760514	0.27857423
DRB1*13:01	0.0	0.7560895	0.37040517	0.44055095
DRB1*01:01	0.0	0.0	0.27685675	0.1586971
DRB1*14:54	0.0	0.6060289	0.27984276	0.38284945
DRB1*07:01	0.0	0.6796851	0.27784142	0.4187782
DQA1*02:01-DQB1*03:01	0.0	0.084686644	0.28017834	0.28921276
DRB1*15:01	0.0	0.0	0.28865537	0.30171585
DRB1*07:01	0.0	0.0	0.27529076	0.17146838
DRB1*14:54	0.0	0.70250076	0.6936634	0.62713116
DRB1*07:01	0.0	0.4097033	0.2812144	0.4196951
DPA1*02:01-DPB1*05:01	0.0	0.0	0.2738089	0.082769565
DRB1*07:01	0.0	0.084686644	0.27596068	0.17555934
DPA1*02:01-DPB1*05:01	0.0	0.0	0.2739101	0.11765741
DRB1*11:01	0.0	0.084686644	0.27564326	0.2178587
DRB1*07:01	0.0	0.21874788	0.28707257	0.3207889
DRB1*01:01	0.0	0.7871874	0.446533	0.3268366
DRB4*01:01	0.0	0.37140274	0.33576438	0.35367697
DQA1*05:01-DQB1*04:02	0.0	0.4380723	0.28437194	0.34451184
DRB1*15:01	0.0	0.0	0.29906854	0.22366682
DQA1*03:01-DQB1*03:02	0.0	0.0	0.27334812	0.16332096
DQA1*02:01-DQB1*03:01	0.0	0.38876897	0.40666866	0.3393764
DQA1*05:01-DQB1*03:02	0.0	0.41335312	0.27770588	0.24018595
DRB3*03:01	0.0	0.34310803	0.33046445	0.3797362
DRB3*02:02	0.0	0.48677695	0.72159815	0.63237125
DRB1*07:01	0.0	0.02062367	0.275807	0.19033578
DRB1*03:01	0.0	0.48500293	0.27437752	0.1978218
DRB1*03:01	0.0	0.4205892	0.29723775	0.3714428
DPA1*02:01-DPB1*14:01	0.0	0.0	0.27844572	0.16944796
DRB1*15:01	0.0	0.71861506	0.3942811	0.45914444
DQA1*05:01-DQB1*03:02	0.0	0.49619684	0.27899167	0.17975602
DPA1*01:03-DPB1*04:01	0.0	0.0	0.27360108	0.07727348
DRB1*07:01	0.0	0.71431553	0.35190985	0.3762419
DPA1*01:03-DPB1*02:01	0.0	0.0	0.2763587	0.21306363
DRB1*01:02	0.0	0.46985495	0.7226565	0.64151347
DRB3*02:02	0.0	0.5606573	0.2811239	0.27000648
DRB1*04:01	0.0	0.33918083	0.2760302	0.3084514
DQA1*06:01-DQB1*04:02	0.0	0.084686644	0.2735422	0.24896055
DRB1*03:01	0.0	0.0	0.27493227	0.11707194
DPA1*02:01-DPB1*01:01	0.0	0.0	0.2733821	0.13433808
DQA1*05:01-DQB1*04:02	0.0	0.084686644	0.27378166	0.25585404
DRB1*14:54	0.0	0.33541372	0.27701628	0.26013714
DRB1*03:01	0.0	0.22242722	0.2762639	0.20000193
DRB3*01:01	0.0	0.084686644	0.27399555	0.079853505
DRB1*07:01	0.0	0.6296289	0.27869278	0.32052648
DRB1*09:01	0.0	0.62158704	0.27568865	0.35668513
DQA1*06:01-DQB1*04:02	0.0	0.3464216	0.6940591	0.61740184
DQA1*01:02-DQB1*05:01	0.0	0.3627716	0.27519548	0.22859567
DRB1*03:01	0.0	0.48968816	0.7247249	0.6166436
DRB5*01:01	0.0	0.61562216	0.49205506	0.47764173
DRB3*02:02	0.0	0.0	0.27449447	0.20130171
DRB1*13:01	0.0	0.0	0.30940542	0.23253818
DRB1*11:01	0.0	0.674082	0.27989239	0.3632279
DRB1*13:02	0.0	0.0	0.27867866	0.21640757
DRB1*01:01	1.0	0.81194574	0.58298033	0.54398996
DRB1*04:01	0.0	0.0	0.2742513	0.072012335
DRB3*01:01	0.0	0.7437481	0.6880507	0.5432468
DQA1*01:03-DQB1*06:03	0.0	0.084686644	0.27389923	0.13685398
DRB3*01:01	0.0	0.4331309	0.36374354	0.4084658
DRB1*07:01	0.0	0.4657244	0.3215727	0.44810072
DRB1*11:01	0.0	0.0	0.27702892	0.23770648
DRB1*01:01	0.0	0.35784847	0.28311807	0.29514673
DRB1*13:01	0.0	0.1603022	0.37779784	0.47558153
DRB4*01:03	0.0	0.5830913	0.38975385	0.5195951
DRB4*01:03	0.0	0.56226474	0.30662322	0.4422751
DQB1*03:02	0.0	0.0	0.27408513	0.12087299
DRB1*03:01	0.0	0.0	0.28918213	0.17742823
DRB3*02:02	0.0	0.084686644	0.27374688	0.16801119
DRB4*01:03	0.0	0.36018616	0.2760816	0.20083757
DRB1*01:01	0.0	0.28015372	0.2777984	0.22184837
DRB1*03:01	0.0	0.20595668	0.2738484	0.17113337
DRB1*14:54	0.0	0.5716429	0.3268818	0.44337255
DQA1*05:01-DQB1*04:02	0.0	0.3561768	0.27361494	0.31900024
DPA1*01:03-DPB1*02:01	0.0	0.0	0.27417916	0.10312194
DRB1*14:54	0.0	0.60473627	0.28110877	0.3794509
DRB1*01:01	0.0	0.086941324	0.27594078	0.13537312
DRB1*07:01	0.0	0.549418	0.4821784	0.5394378
DRB1*04:01	0.0	0.0	0.27419952	0.1954519
DRB1*08:02	0.0	0.68565	0.33056408	0.44628626
DQA1*01:03-DQB1*06:03	0.0	0.084686644	0.36056542	0.39519516
DQA1*01:02-DQB1*05:01	0.0	0.33072877	0.27534497	0.24621859
DRB5*01:01	0.0	0.084686644	0.33688447	0.30641127
DRB5	0.0	0.0	0.2756899	0.27727455
DRB1*07:01	1.0	0.9757514	0.7209567	0.6647104
DRB5*01:01	0.0	0.74971294	0.38754857	0.4403064
DRB1*07:01	0.0	0.2282691	0.2767039	0.37420207
DQA1*02:01-DQB1*02:02	0.0	0.0	0.27433175	0.19163257
DRB3*01:01	0.0	0.27190962	0.2763623	0.20830533
DRB1*01:01	0.0	0.6073399	0.29632244	0.34045637
DRB1*09:01	0.0	0.0	0.2738723	0.21089642
DQA1*02:01-DQB1*03:01	0.0	0.41614658	0.27923906	0.2633086
DRB3*01:01	0.0	0.084686644	0.2738588	0.17238387
DRB3*01:01	0.0	0.084686644	0.31329125	0.40587243
DRB3*01:01	0.0	0.084686644	0.27329192	0.19341911
DRB1*11:01	0.0	0.7560895	0.46918377	0.48947036
DRB1*04:05	0.0	0.0	0.2763464	0.20059621
DRB1*04:04	0.0	0.5053634	0.2756513	0.31685132
DRB1*08:02	0.0	0.79795784	0.33604348	0.42190152
DQA1*02:01-DQB1*03:03	0.0	0.46950918	0.36357275	0.36845464
DQA1*02:01-DQB1*03:01	0.0	0.46072733	0.3340226	0.43896368
DRB1*04:05	0.0	0.0	0.27510855	0.13871339
DRB4*01:03	0.0	0.37443328	0.30149323	0.4127171
DRB1*13:01	0.0	0.7703366	0.33847934	0.48114508
DRB1*15:01	0.0	0.0	0.2752953	0.19292659
DQA1*02:01-DQB1*04:02	0.0	0.6231404	0.27874178	0.35194758
DRB1*03:01	1.0	0.87187403	0.72477597	0.62913674
DRB1*07:01	0.0	0.45074666	0.276081	0.27149358
DRB1*07:01	0.0	0.6796851	0.3276089	0.41634187
DQA1*01:02-DQB1*05:01	0.0	0.084686644	0.2740982	0.19408855
DRB1*15:01	0.0	0.24064173	0.30562067	0.2822966
DQA1*02:01-DQB1*02:02	0.0	0.0	0.34556985	0.3034558
DQA1*05:01-DQB1*03:02	0.0	0.50624365	0.2760193	0.21726644
DQA1*01:02-DQB1*05:01	0.0	0.29012987	0.2745286	0.14093247
DQA1*02:01-DQB1*04:02	0.0	0.084686644	0.27478758	0.25951582
DRB1*04:04	0.0	0.3695705	0.2771567	0.35077295
DRB3*02:02	0.0	0.33781263	0.42199117	0.39568323
DQA1*01:03-DQB1*06:03	0.0	0.084686644	0.28692377	0.27527794
DRB1*04:04	0.0	0.53446805	0.30196685	0.29430073
DRB1*08:02	0.0	0.56556594	0.27635413	0.36838973
DQB1*03:02	0.0	0.16555972	0.27446428	0.17325422
DRB1*13:02	0.0	0.49860802	0.28794205	0.2851534
DRB1*04:01	0.0	0.0	0.27625105	0.22462234
DRB1*07:01	0.0	0.1717488	0.27668267	0.28299928
DQA1*03:03-DQB1*04:02	0.0	0.4671618	0.37377122	0.37236333
DQA1*01:01-DQB1*05:01	0.0	0.0	0.35171258	0.31721243
DRB4*01:01	0.0	0.47100717	0.27917382	0.33185393
DRB1*03:01	0.0	0.084686644	0.27382967	0.14506504
DQA1*02:01-DQB1*03:03	0.0	0.48535502	0.68003905	0.61639726
DRB1*15:01	0.0	0.49820176	0.718179	0.6360249
DQA1*01:02-DQB1*05:01	0.0	0.084686644	0.2741699	0.1914062
DQA1*02:01-DQB1*04:02	0.0	0.6796851	0.29955515	0.4068569
DQA1*02:01-DQB1*03:01	0.0	0.69887584	0.3239294	0.46497047
DRB4*01:03	0.0	0.69887584	0.27940363	0.37650764
DRB1*08:01	0.0	0.0	0.30477437	0.2939538
DRB1*09:01	0.0	0.0	0.2745097	0.29653788
DQA1*02:01-DQB1*03:01	0.0	0.084686644	0.27818906	0.30162925
DRB3*03:01	0.0	0.36064258	0.33028036	0.39015645
DRB1*04:01	0.0	0.39452732	0.27394179	0.2528268
DRB3*01:01	0.0	0.17444292	0.27473518	0.14436744
DRB1*09:01	0.0	0.48087928	0.283603	0.3382792
DRB1*07:01	1.0	0.9565607	0.50184387	0.45459703
DRB1*08:01	0.0	0.084686644	0.27467623	0.19233784
DRB3*02:02	0.0	0.27713472	0.27419618	0.17572242
DRB5*01:01	0.0	0.7560895	0.36336115	0.39344358
DQA1*05:01-DQB1*02:01	0.0	0.6348129	0.2736644	0.16917108
DQA1*05:01-DQB1*03:03	0.0	0.5743748	0.27487147	0.272968
DPA1*01:03-DPB1*04:01	0.0	0.0	0.28531456	0.14685932
DRB3*02:02	0.0	0.39816278	0.27385888	0.21922293
DRB1*11:01	0.0	0.41614658	0.37490636	0.38293478
DRB3*01:01	0.0	0.19275257	0.27363384	0.18568893
DQA1*05:01-DQB1*03:02	0.0	0.29936644	0.31481332	0.4245966
DQA1*01:01-DQB1*05:01	0.0	0.0	0.31172758	0.20250611
DRB1*15:02	0.0	0.2865312	0.27740046	0.20608576
DRB4*01:01	0.0	0.15775095	0.27462304	0.23057948
DRB1*14:54	0.0	0.27236623	0.28207284	0.37387547
DPB1*04:02	0.0	0.0	0.5621842	0.53897375
DRB1*13:01	0.0	0.5997392	0.287656	0.31611124
DQA1*01:02-DQB1*05:01	0.0	0.084686644	0.2746633	0.21120927
DQA1*02:01-DQB1*04:02	0.0	0.084686644	0.27397388	0.2612485
DRB3*03:01	0.0	0.39102945	0.42742378	0.4751374
DRB1*04:01	0.0	0.05265516	0.3101565	0.3565485
DQA1*06:01-DQB1*04:02	0.0	0.58514524	0.69024783	0.6266671
DRB1*04:01	0.0	0.55764174	0.27561983	0.27851042
DRB1*01:01	0.0	0.0	0.27990702	0.20633405
DRB1*09:01	0.0	0.0	0.27470374	0.115501866
DRB1*08:03	0.0	0.0	0.2738822	0.21588999
DQA1*02:01-DQB1*04:02	0.0	0.23457545	0.27352247	0.3104387
DRB1*13:01	0.0	0.084686644	0.28318107	0.21436788
DRB1*08:01	0.0	0.3155032	0.27650204	0.3252433
DRB1*08:02	0.0	0.11482372	0.2741218	0.21315272
DRB4*01:01	0.0	0.0	0.27903533	0.015797328
DQA1*05:01-DQB1*03:03	0.0	0.27261302	0.2737474	0.23454535
DRB1*03:01	0.0	0.084686644	0.2738895	0.12990522
DRB3*01:01	0.0	0.3462648	0.27613342	0.22800986
DRB1*07:01	0.0	0.51360464	0.27730232	0.37096295
DQA1*01:03-DQB1*06:03	0.0	0.24192454	0.5375325	0.4612288
DQA1*05:01-DQB1*03:02	0.0	0.33152667	0.27613372	0.302101
DQA1*01:01-DQB1*05:01	0.0	0.0	0.27401167	0.17600456
DRB1*04:04	0.0	0.46629667	0.27575746	0.2846051
DRB1*12:01	0.0	0.0	0.3151269	0.1341548
DRB1*04:01	0.0	0.7629388	0.3606606	0.42162168
DRB1*11:01	0.0	0.7969252	0.3758485	0.3545648
DRB1*04:01	0.0	0.048141092	0.27384743	0.21831422
DQA1*02:01-DQB1*03:01	0.0	0.084686644	0.2802976	0.26361057
DQA1*05:01-DQB1*04:02	0.0	0.74971294	0.72176117	0.6289532
DQA1*02:01-DQB1*03:01	0.0	0.17903407	0.2790915	0.27105978
DRB1*15:01	0.0	0.0	0.27676544	0.16679834
DQA1*06:01-DQB1*04:02	0.0	0.084686644	0.27443844	0.15584669
DQA1*05:01-DQB1*04:02	0.0	0.2431997	0.27512872	0.17321175
DQA1*05:01-DQB1*03:02	0.0	0.44532922	0.2816483	0.24871516
DQA1*05:01-DQB1*03:03	0.0	0.084686644	0.27455136	0.13725284
DQA1*05:01-DQB1*04:02	0.0	0.69887584	0.7223595	0.6418366
DRB1*07:01	1.0	0.87187403	0.72114295	0.657224
DRB1*09:01	0.0	0.0	0.2749091	0.3012027
DRB3*02:02	0.0	0.084686644	0.3397298	0.40076938
DRB3*01:01	0.0	0.084686644	0.27347142	0.16299373
DRB1*04:01	0.0	0.42997757	0.28931025	0.28598398
DRB1*03:01	0.0	0.084686644	0.27392244	0.19026586
DQA1*02:01-DQB1*03:01	0.0	0.084686644	0.27556008	0.1904667
DRB1*11:01	1.0	1.0	0.72277457	0.6470346
DRB5*01:01	0.0	0.2507689	0.36560932	0.34533757
DRB5*01:01	0.0	0.7278651	0.44004613	0.42400238
DQA1*03:01-DQB1*03:02	0.0	0.0	0.3333271	0.38710114
DRB1*09:01	0.0	0.0	0.27398273	0.26587313
DRB3*02:02	0.0	0.0	0.27398413	0.09137192
DRB1*04:04	0.0	0.0	0.276314	0.28211752
DRB3*03:01	0.0	0.33555314	0.31856996	0.27679402
DRB3*01:01	0.0	0.084686644	0.27360728	0.25376734
DRB1*11:01	0.0	0.4380723	0.35388783	0.42719927
DRB1*03:01	0.0	0.084686644	0.27482054	0.106889494
DPA1*03:01-DPB1*04:02	0.0	0.0	0.27376154	0.07825024
DRB1*04:01	0.0	0.06540354	0.27374855	0.23530056
DRB1*11:01	0.0	0.064062975	0.27563033	0.2529335
DQA1*02:01-DQB1*04:02	0.0	0.22473247	0.27361047	0.22471312
DRB5*01:01	0.0	0.0	0.40260053	0.24137351
DRB1*15:01	1.0	0.87187403	0.27604	0.25777084
DQA1*02:01-DQB1*03:01	0.0	0.44694465	0.280392	0.2675172
DRB1*03:01	0.0	0.0	0.2743682	0.22853819
DRB1*13:02	0.0	0.6200593	0.2771421	0.2556674
DRB1*12:01	0.0	0.16420612	0.27374408	0.24876937
DRB1*15:01	0.0	0.5203582	0.2761216	0.24925488
DRB1*01:01	0.0	0.47855613	0.27924275	0.2674259
DRB4*01:03	0.0	0.6887833	0.48977685	0.48611784
DRB1*14:54	0.0	0.69202656	0.7211782	0.6409753
DPA1*02:01-DPB1*05:01	0.0	0.0	0.3148231	0.26071426
DQA1*02:01-DQB1*03:01	0.0	0.5639006	0.47945014	0.41559756
DRB3*01:01	0.0	0.084686644	0.27391148	0.15919465
DRB5*01:01	0.0	0.084686644	0.33629283	0.28525165
DRB1*12:01	0.0	0.2731796	0.2740653	0.29295158
DPA1*01:03-DPB1*03:01	0.0	0.0	0.27396384	0.20967567
DRB1*01:01	0.0	0.5544935	0.2799591	0.15559238
DRB1*08:01	0.0	0.30074415	0.2734873	0.1623998
DRB4*01:03	0.0	0.40529776	0.29686725	0.38838646
DRB3*02:02	0.0	0.0	0.2747482	0.20691194
DQA1*02:01-DQB1*04:02	0.0	0.084686644	0.27650622	0.27951586
DRB3*02:02	0.0	0.7703366	0.2741542	0.170536
DRB4*01:01	0.0	0.0	0.27394426	0.19548786
DRB1*03:01	0.0	0.34235418	0.2740058	0.17273447
DRB3*02:02	0.0	0.4351578	0.2738443	0.16410756
DRB4*01:03	0.0	0.5544935	0.28095287	0.35482985
DRB1*13:01	0.0	0.39802554	0.278033	0.23272839
DQA1*02:01-DQB1*04:02	0.0	0.084686644	0.27416584	0.25766855
DRB3*01:01	0.0	0.33954427	0.37723354	0.25643238
DRB1*09:01	0.0	0.02062367	0.27402997	0.2350041
DPA1*02:01-DPB1*14:01	0.0	0.0	0.352917	0.41582212
DQA1*05:01-DQB1*04:02	0.0	0.64817554	0.43280363	0.47240466
DRB1*04:05	0.0	0.36156222	0.2733416	0.24715143
DQA1*01:02-DQB1*05:01	1.0	0.8201525	0.72230685	0.6142465
DQA1*02:01-DQB1*03:03	0.0	0.084686644	0.2734765	0.19627057
DRB1*14:54	0.0	0.32256007	0.28389153	0.39550513
DRB1*11:01	0.0	0.0	0.27619877	0.20098518
DRB1*13:02	0.0	0.0	0.27661374	0.24522129
DRB1*13:01	0.0	0.738145	0.2832226	0.37319157
DRB3*01:01	0.0	0.14855574	0.30365247	0.33818987
DRB1*04:01	0.0	0.084686644	0.30445623	0.27108067
DRB1*08:01	0.0	0.084686644	0.29283524	0.34357882
DRB1*07:01	0.0	0.55907744	0.27768293	0.32309502
DQA1*05:01-DQB1*04:02	0.0	0.084686644	0.27383047	0.16054982
DRB1*15:01	0.0	0.0	0.2870811	0.27613252
DRB5*01:01	0.0	0.0	0.3430179	0.26449537
DRB1*11:01	0.0	0.0	0.27521288	0.23069906
DQA1*05:01-DQB1*03:02	0.0	0.473146	0.6917048	0.62082994
DRB1*14:54	0.0	0.38656247	0.27650514	0.32086954
DQA1*01:02-DQB1*05:01	0.0	0.44351694	0.40472296	0.43271455
DRB1*13:02	1.0	0.8842155	0.72411317	0.65493506
DRB1*11:01	0.0	0.20073496	0.29387888	0.32302317
DQA1*03:03-DQB1*04:02	0.0	0.2504628	0.27470946	0.19317764
DRB1*13:02	0.0	0.7871874	0.35852644	0.36244088
DRB1*07:01	0.0	0.0	0.27764216	0.25386196
DQA1*02:01-DQB1*03:03	0.0	0.084686644	0.27586877	0.1256473
DRB1*07:01	0.0	0.23832302	0.27910775	0.33255693
DRB1*08:01	0.0	0.084686644	0.27332342	0.20587406
DRB3*03:01	0.0	0.084686644	0.33349907	0.35405365
DRB1*08:02	0.0	0.3021427	0.27420732	0.213855
DRB3*02:02	0.0	0.0	0.27395853	0.13320655
DRB1*04:01	0.0	0.44247892	0.27372304	0.2332774
DRB5*01:01	0.0	0.27131593	0.36212742	0.21919586
DRB1*14:54	0.0	0.16159944	0.27775812	0.24765134
DRB1*13:01	0.0	0.7278651	0.7227747	0.6342404
DRB3*02:02	0.0	0.0	0.27669054	0.15285745
DRB3*01:01	0.0	0.084686644	0.2740992	0.2561301
DRB1*04:05	0.0	0.10370122	0.30579782	0.15153381
DRB1*01:01	0.0	0.0	0.27740166	0.13974087
DPA1*02:01-DPB1*05:01	0.0	0.0	0.2737942	0.15119097
DQA1*03:03-DQB1*04:02	0.0	0.3501847	0.27330482	0.22404781
DQA1*05:01-DQB1*03:03	0.0	0.23406224	0.27338555	0.20321293
DRB1*12:01	0.0	0.36018616	0.34730116	0.36881626
DRB1*08:02	0.0	0.20723556	0.29431814	0.332484
DRB1*09:01	0.0	0.36018616	0.27809936	0.38253897
DRB1*01:01	1.0	1.0	0.4984714	0.5121035
DRB1*03:01	0.0	0.0020276671	0.2739544	0.18484634
DRB1*07:01	0.0	0.0	0.33550632	0.29027295
DRB5*01:01	0.0	0.6296289	0.70367324	0.63925314
DRB1*03:01	0.0	0.0	0.2751235	0.23280254
DRB3*03:01	1.0	0.93593705	0.70809066	0.667088
DRB1*03:01	0.0	0.71861506	0.27429125	0.20914674
DRB3*02:02	0.0	0.0	0.28348443	0.29517108
DRB1*13:01	0.0	0.45806366	0.3363185	0.43795386
DQA1*01:02-DQB1*05:01	0.0	0.60473627	0.27522302	0.2067311
DRB1*15:01	0.0	0.049814798	0.27636153	0.23685205
DQA1*01:03-DQB1*06:03	0.0	0.10287048	0.27533975	0.08051289
DRB1*14:54	0.0	0.5707499	0.2797295	0.40223503
DRB1*04:01	0.0	0.33314344	0.2795443	0.37056485
DRB1*01:01	0.0	0.33011085	0.36448902	0.42075026
DRB1*04:05	0.0	0.41664842	0.3338006	0.31989676
DQB1*03:01	0.0	0.29749924	0.2766744	0.22251303
DRB1*01:01	0.0	0.4230729	0.27892333	0.27465573
DRB1*11:01	0.0	0.084686644	0.2772076	0.26085752
DRB1*13:01	0.0	0.71861506	0.2937242	0.24898162
DRB1*08:02	0.0	0.115195826	0.29648927	0.3876698
DRB1*04:01	0.0	0.084686644	0.27394825	0.20558731
DRB1*07:01	0.0	0.4370208	0.28006023	0.32025725
DRB5*01:01	0.0	0.19630134	0.3576146	0.30301583
DQA1*02:01-DQB1*04:02	0.0	0.3668885	0.2758222	0.29807708
DRB1*04:04	0.0	0.084686644	0.27548206	0.27145445
DRB1*04:01	0.0	0.7948938	0.7235668	0.5865339
DQA1*03:03-DQB1*04:02	0.0	0.20551153	0.46784925	0.40057206
DQA1*05:01-DQB1*04:02	0.0	0.3548781	0.27366906	0.28002268
DRB1*01:01	0.0	0.0	0.27871686	0.21085542
DRB1*04:04	0.0	0.21702942	0.29604447	0.32480502
DQA1*05:01-DQB1*02:01	0.0	0.0	0.27523762	0.22221807
DQA1*05:01-DQB1*03:02	0.0	0.7629388	0.28277805	0.07474082
DRB1*03:01	0.0	0.0	0.28299427	0.29949033
DPA1*03:01-DPB1*04:02	0.0	0.0	0.2844122	0.28332898
DQA1*05:01-DQB1*03:03	0.0	0.2661706	0.27509356	0.18235382
DRB1*14:54	1.0	0.83439964	0.43753695	0.48662686
DRB1*03:01	0.0	0.20747952	0.28456625	0.2981959
DRB1*08:01	0.0	0.084686644	0.27684575	0.070080996
DRB3*01:01	0.0	0.30127215	0.2733163	0.25065762
DQA1*02:01-DQB1*03:01	0.0	0.084686644	0.5535344	0.51209074
DQA1*06:01-DQB1*04:02	0.0	0.25104803	0.4080907	0.37417668
DQA1*05:01-DQB1*03:02	0.0	0.084686644	0.27715033	0.120365895
DRB4*01:03	0.0	0.68261945	0.33238286	0.36940813
DQA1*01:01-DQB1*05:01	0.0	0.0	0.2735663	0.07970583
DRB1*04:04	0.0	0.38230148	0.2746833	0.29971868
DRB1*13:01	0.0	0.0	0.28070846	0.21018226
DRB3*03:01	0.0	0.70250076	0.47670454	0.45003146
DRB1*09:01	0.0	0.47565255	0.2789127	0.28700545
DRB1*07:01	0.0	0.0	0.2748525	0.18140931
DRB1*14:54	0.0	0.6796851	0.27758557	0.30191272
DRB1*12:01	0.0	0.120951355	0.27408004	0.24969366
DRB1*04:01	0.0	0.0	0.2743414	0.18407464
