HLA	label	affinity	cls_prob	reg_yhat
DRB1*13:02	0.0	0.0	0.3122522	0.26859125
DRB4*01:03	0.0	0.7629388	0.38025212	0.39190686
DRB1*04:01	0.0	0.0	0.28271896	0.20611085
DRB1*08:02	0.0	0.0	0.28239924	0.21151789
DRB1*11:01	0.0	0.084686644	0.38133255	0.39578766
DRB4*01:01	0.0	0.084686644	0.30798095	0.273862
DQA1*03:03-DQB1*04:02	0.0	0.3023373	0.28671774	0.21148777
DRB1*01:01	0.0	0.3927748	0.5442125	0.527735
DRB4*01:01	0.0	0.0	0.28281662	0.22610992
DRB1*14:54	0.0	0.3066739	0.4499355	0.34745124
DQB1*03:02	0.0	0.4614296	0.28268456	0.20642878
DPA1*01:03-DPB1*04:01	0.0	0.5231829	0.4312885	0.43341258
DRB1*04:01	0.0	0.39452732	0.28892633	0.24499445
DQA1*01:02-DQB1*05:01	0.0	0.30941913	0.3172972	0.32161954
DRB1*13:02	0.0	0.19476807	0.43099117	0.45017982
DRB1*03:01	0.0	0.19614686	0.3110912	0.31090796
DRB5*01:01	0.0	0.5253324	0.3718671	0.366272
DRB1*08:02	0.0	0.35359737	0.5941715	0.59524405
DRB5*01:01	0.0	0.33913177	0.3936674	0.4014758
DRB1*01:01	0.0	0.182991	0.3547388	0.3000018
DQA1*05:01-DQB1*04:02	0.0	0.5432769	0.28300637	0.22478744
DRB1*13:01	0.0	0.084686644	0.30707136	0.24697882
DRB1*11:01	0.0	0.084686644	0.38785592	0.3878293
DRB1*03:01	0.0	0.16959305	0.28386822	0.22884247
DRB1*15:01	0.0	0.37007582	0.32917833	0.28426394
DQA1*01:02-DQB1*06:02	0.0	0.0	0.28273517	0.25602865
DRB1*01:01	0.0	0.42093995	0.39006272	0.3834265
DRB3*02:02	0.0	0.0	0.28823435	0.23370999
DRB1*01:01	1.0	0.874214	0.7104231	0.6459954
DRB1*03:01	0.0	0.35740563	0.28503203	0.21370846
DQA1*05:01-DQB1*03:03	0.0	0.36728096	0.2829882	0.24788138
DRB1*13:02	0.0	0.0	0.3517736	0.3248469
DRB1*15:01	1.0	0.93142766	0.34310365	0.34283045
DQA1*02:01-DQB1*03:01	0.0	0.29852152	0.31383055	0.3208237
DQA1*01:01-DQB1*05:01	0.0	0.0	0.5987627	0.4856252
DRB1*04:04	0.0	0.3684684	0.31652588	0.35732216
DQA1*05:01-DQB1*04:02	0.0	0.5689894	0.2916629	0.27767435
DRB5*01:01	0.0	0.28095707	0.36846116	0.36607385
DRB1*11:01	0.0	0.084686644	0.7035689	0.66779214
DQA1*06:01-DQB1*04:02	0.0	0.29021525	0.28396288	0.20991893
DQA1*01:01-DQB1*05:01	0.0	0.0	0.28354827	0.24038437
DRB1*11:01	0.0	0.14874962	0.47492802	0.5452763
DRB1*04:05	0.0	0.35937026	0.28543627	0.20996036
DRB1*11:01	0.0	0.7969252	0.7054754	0.6726402
DQA1*01:02-DQB1*05:01	0.0	0.084686644	0.31086925	0.30570573
DRB5*01:01	0.0	0.084686644	0.35125002	0.31742227
DRB5*01:01	0.0	0.084686644	0.34990177	0.30650097
DRB3*02:02	0.0	0.084686644	0.28598246	0.25200048
DRB3*03:01	1.0	0.8984626	0.70007056	0.6856438
DRB1*11:01	0.0	0.79641455	0.7103419	0.6371557
DRB1*15:01	0.0	0.6502526	0.32682446	0.30199525
DRB3*01:01	0.0	0.53209805	0.3438856	0.39766338
DRB5*01:01	0.0	0.55829746	0.3511725	0.30333596
DRB1*13:01	0.0	0.7278651	0.3588956	0.3693998
DRB1*13:02	1.0	0.9911911	0.5425628	0.56077677
DQA1*02:01-DQB1*03:03	0.0	0.28390136	0.28538066	0.22312568
DRB1*14:54	0.0	0.71861506	0.37088737	0.36175272
DRB1*03:01	0.0	0.0	0.284432	0.23608781
DRB1*03:01	0.0	0.0	0.28703445	0.25946695
DRB1*07:01	1.0	0.8328719	0.68116933	0.64202195
DQA1*01:02-DQB1*05:01	0.0	0.25873986	0.3020491	0.28690782
DRB1*07:01	0.0	0.5606573	0.3335341	0.3265091
DRB3*01:01	0.0	0.25947192	0.33457178	0.30816084
DRB3*03:01	0.0	0.33253384	0.324811	0.23565307
DRB4*01:03	0.0	0.7703366	0.711902	0.6625461
DRB3*01:01	0.0	0.24210201	0.28292203	0.20999105
DRB3*02:02	0.0	0.0	0.28223523	0.20729102
DRB1*11:01	0.0	0.72312444	0.6887551	0.62350607
DRB5*01:01	0.0	0.084686644	0.35548723	0.3006749
DQA1*02:01-DQB1*04:02	0.0	0.38729215	0.292784	0.20629701
DRB3*02:02	0.0	0.5487152	0.28262338	0.21426204
DPA1*01:03-DPB1*02:01	0.0	0.63132477	0.61835635	0.53037286
DRB1*09:01	0.0	0.43095148	0.28231272	0.22081132
DRB3*01:01	0.0	0.0	0.28351122	0.24583986
DRB3*02:02	0.0	0.71431553	0.28461874	0.23326787
DRB1*04:01	0.0	0.4713097	0.65625703	0.47307813
DQA1*03:03-DQB1*04:02	0.0	0.084686644	0.29227114	0.20689704
DQA1*03:02-DQB1*04:01	0.0	0.0	0.28525472	0.23072845
DRB3*02:02	0.0	0.68565	0.5703871	0.50851643
DRB1*07:01	0.0	0.084686644	0.29556924	0.23139855
DRB1*04:05	0.0	0.13606572	0.2860238	0.26559395
DRB1*04:04	0.0	0.77837855	0.5323538	0.52227956
DQA1*01:01-DQB1*05:01	0.0	0.0	0.30243644	0.3102269
DRB4*01:03	0.0	0.084686644	0.333222	0.29536507
DRB1*15:01	0.0	0.41498607	0.6889287	0.62767184
DQA1*03:03-DQB1*04:02	0.0	0.22320995	0.28350362	0.24907246
DRB5*01:01	0.0	0.084686644	0.3657955	0.3198738
DQA1*05:01-DQB1*02:01	0.0	0.2944091	0.28287363	0.21422519
DRB1*11:01	1.0	0.93142766	0.7130008	0.6477725
DQA1*02:01-DQB1*04:02	0.0	0.084686644	0.28407443	0.24343392
DRB1*09:01	0.0	0.070171885	0.28299096	0.2334158
DRB1*13:02	0.0	0.0	0.32905617	0.30480424
DQA1*05:01-DQB1*03:02	0.0	0.47693178	0.31091323	0.37023765
DRB1*09:01	0.0	0.64817554	0.6088982	0.51928705
DRB1*15:01	0.0	0.28224102	0.34104937	0.31807494
DRB1*07:01	0.0	0.084686644	0.30512735	0.27942598
DRB5*01:01	0.0	0.1370621	0.36828876	0.32035893
DRB1*03:01	0.0	0.26151553	0.2864135	0.24033836
DQA1*05:01-DQB1*03:02	0.0	0.322318	0.6058825	0.51509356
DQA1*03:03-DQB1*04:02	0.0	0.38839754	0.28566584	0.21876812
DQA1*05:01-DQB1*03:02	0.0	0.084686644	0.28416646	0.25562936
DQA1*01:02-DQB1*05:01	0.0	0.084686644	0.3092171	0.25656417
DRB1*03:01	0.0	0.62472034	0.2844036	0.23536944
DRB1*04:01	0.0	0.7278651	0.28371412	0.21738462
DQA1*02:01-DQB1*04:02	0.0	0.45420676	0.28264046	0.24186501
DRB3*01:01	0.0	0.084686644	0.5342776	0.43253553
DQA1*02:01-DQB1*04:02	0.0	0.24423267	0.287722	0.21936718
DRB3*02:02	0.0	0.0	0.305032	0.269723
DRB1*11:01	0.0	0.51312697	0.3726308	0.36807367
DRB3*03:01	0.0	0.4432929	0.3950936	0.407012
DRB1*15:01	0.0	0.41400284	0.31656146	0.28539047
DRB1*03:01	0.0	0.0	0.6655054	0.56466913
DQA1*03:03-DQB1*04:02	0.0	0.084686644	0.28639328	0.2146955
DRB1*03:01	0.0	0.0	0.28453028	0.24351716
DQA1*05:01-DQB1*02:01	0.0	0.002434798	0.282719	0.21972573
DQA1*05:01-DQB1*03:03	0.0	0.31794977	0.6090619	0.45088133
DRB1*03:01	0.0	0.41158956	0.29578206	0.27781367
DRB1*15:01	0.0	0.16822515	0.70161927	0.6417118
DQA1*01:02-DQB1*05:01	0.0	0.77837855	0.3138351	0.3183456
DRB1*14:54	0.0	0.45496538	0.3243711	0.30372208
DRB4*01:01	0.0	0.54131734	0.3209113	0.3203246
DRB1*12:01	0.0	0.32274207	0.3555677	0.32009304
DRB1*01:01	0.0	0.12450104	0.34667674	0.30006295
DPA1*03:01-DPB1*04:02	0.0	0.0	0.28597227	0.21694042
DPA1*01:03-DPB1*02:01	0.0	0.0	0.2966947	0.2648215
DRB1*03:01	0.0	0.6502526	0.3377812	0.30517495
DQA1*05:01-DQB1*03:02	0.0	0.25922725	0.28317958	0.22650078
DRB1*13:01	0.0	0.474078	0.32672793	0.3355201
DRB1*04:01	0.0	0.49155536	0.31961724	0.2944916
DRB5*01:01	0.0	0.19314022	0.5198086	0.6028509
DRB1*07:01	0.0	0.37379807	0.36424306	0.36052138
DRB1*04:05	0.0	0.14874962	0.29619208	0.2535629
DRB1*04:01	0.0	0.084686644	0.43481296	0.4220898
DRB1*15:01	0.0	0.14874962	0.32579175	0.2694261
DRB1*04:03	0.0	0.27219033	0.30856892	0.2729279
DRB3*01:01	0.0	0.39612544	0.64197534	0.52905005
DQA1*05:01-DQB1*03:03	0.0	0.33423725	0.28264064	0.21356289
DQA1*06:01-DQB1*04:02	0.0	0.42076442	0.29887074	0.2934781
DRB1*03:01	0.0	0.0	0.29100582	0.2463018
DRB4*01:03	0.0	0.2369448	0.33043453	0.2890061
DRB1*08:01	0.0	0.6796851	0.28570792	0.22140585
DQA1*02:01-DQB1*03:03	0.0	0.3674778	0.28398928	0.2208945
DRB1*07:01	0.0	0.084686644	0.29951286	0.24598357
DRB1*15:01	0.0	0.26630238	0.34675643	0.3180796
DQA1*05:01-DQB1*03:02	0.0	0.591596	0.6870562	0.54096353
DQA1*02:01-DQB1*04:02	0.0	0.4747046	0.28697243	0.24075802
DRB1*04:06	0.0	0.0	0.2833635	0.20769545
DRB1*03:01	0.0	0.45345432	0.28990653	0.26702845
DRB3*03:01	0.0	0.084686644	0.7141655	0.5763106
DRB1*04:01	0.0	0.7871874	0.35312706	0.3199494
DRB4*01:03	0.0	0.5253324	0.34664294	0.31542224
DRB1*14:54	1.0	0.87187403	0.71248454	0.6463051
DRB4*01:01	0.0	0.0	0.29683608	0.2746302
DRB5*01:01	0.0	0.7871874	0.4517455	0.46877763
DRB1*13:01	0.0	0.0	0.32319006	0.2974089
DRB3*03:01	0.0	0.54196596	0.36940888	0.34809956
DRB1*04:04	0.0	0.084686644	0.2878411	0.24007669
DRB1*12:01	0.0	0.549418	0.3530329	0.35948467
DRB1*03:01	0.0	0.0	0.2823141	0.21387878
DRB1*04:01	0.0	0.51360464	0.321832	0.31823897
DQA1*03:01-DQB1*03:02	0.0	0.0	0.28313145	0.224841
DRB4*01:01	0.0	0.084686644	0.2887178	0.23174693
DRB1*11:01	1.0	0.8924977	0.7130767	0.642663
DQA1*05:01-DQB1*03:02	0.0	0.25852743	0.28327298	0.24295765
DRB1*14:54	0.0	0.6263277	0.3901835	0.42816004
DRB1*04:04	0.0	0.22329272	0.3111977	0.3427732
DQA1*01:03-DQB1*06:03	0.0	0.1643592	0.28402713	0.23289579
DPA1*01:03-DPB1*04:01	0.0	0.14858341	0.29601654	0.32724825
DRB3*01:01	0.0	0.17613022	0.28339785	0.25420845
DRB1*01:01	0.0	0.0	0.35078147	0.30593508
DRB1*01:01	0.0	0.1431204	0.37870765	0.37846437
DQA1*02:01-DQB1*03:03	0.0	0.5647295	0.28782374	0.24857745
DRB4*01:01	1.0	0.9509576	0.2886366	0.27858528
DRB1*04:04	0.0	0.5552419	0.3076189	0.30819494
DRB5*01:01	0.0	0.4343417	0.43041727	0.3997236
DRB1*13:01	0.0	0.610019	0.7054013	0.6287652
DRB1*04:05	0.0	0.084686644	0.28504026	0.21577924
DRB3*03:01	0.0	0.17259426	0.32702693	0.2461325
DQA1*01:01-DQB1*05:01	0.0	0.0	0.2819503	0.21695913
DRB1*03:01	0.0	0.0	0.32290295	0.29887128
DRB1*11:01	0.0	0.34093854	0.34516	0.3021481
DRB3*02:02	0.0	0.43056068	0.29799074	0.26874408
DRB3*02:02	0.0	0.084686644	0.28555238	0.2420594
DRB1*14:54	0.0	0.084686644	0.29105976	0.21429428
DQA1*02:01-DQB1*03:03	0.0	0.084686644	0.29616922	0.20547181
DRB1*09:01	0.0	0.084686644	0.29378313	0.27920032
DRB1*07:01	1.0	0.8201525	0.33755273	0.3396201
DQA1*01:02-DQB1*05:01	0.0	0.084686644	0.3127404	0.31686544
DRB5*01:01	0.0	0.0	0.33566263	0.263583
DRB1*04:01	1.0	1.0	0.6628918	0.6364082
DRB1*13:02	0.0	0.7703366	0.4073534	0.37919772
DRB3*01:01	0.0	0.28422102	0.55782706	0.4914527
DQA1*01:02-DQB1*05:01	0.0	0.084686644	0.7132418	0.6478225
DQA1*01:02-DQB1*05:01	0.0	0.27915868	0.29611975	0.25043797
DRB1*03:01	0.0	0.054617725	0.2876669	0.23663886
DRB1*15:01	0.0	0.29494697	0.31942478	0.26941025
DQA1*03:01-DQB1*03:02	0.0	0.4081603	0.28939697	0.29048157
DRB1*14:54	1.0	0.8078111	0.7120783	0.578639
DRB1*13:01	0.0	0.0	0.32036775	0.26788443
DQA1*03:02-DQB1*04:01	0.0	0.0	0.28237745	0.20830739
DRB1*08:02	0.0	0.0	0.294526	0.2639582
DRB1*07:01	0.0	0.084686644	0.28816843	0.21142659
DRB1*13:02	0.0	0.3087904	0.30615366	0.24973886
DQA1*05:01-DQB1*04:02	0.0	0.63305235	0.2846254	0.26342693
DRB1*08:01	0.0	0.32183567	0.286185	0.2139909
DQA1*03:01-DQB1*03:02	0.0	0.11699391	0.3722163	0.27623898
DRB1*15:01	0.0	0.084686644	0.3076853	0.23462012
DQA1*03:03-DQB1*04:02	0.0	0.084686644	0.2840638	0.22231625
DRB1*04:01	0.0	0.29671696	0.28542292	0.23117255
DQA1*05:01-DQB1*03:03	0.0	0.084686644	0.28749797	0.20686568
DRB1*07:01	0.0	0.37889484	0.2945425	0.23191825
DRB1*15:01	0.0	0.36036846	0.41340274	0.43048975
DRB1*04:04	0.0	0.50150293	0.29222456	0.25261223
DRB1*09:01	0.0	0.33287203	0.6464536	0.57456684
DRB1*13:01	0.0	0.0	0.3027771	0.23969774
DRB1*01:01	0.0	0.51031184	0.3619983	0.34293604
DRB1*03:01	0.0	0.69887584	0.68991506	0.5181229
DRB1*03:01	0.0	0.1419023	0.4551004	0.49440753
DPA1*01:03-DPB1*02:01	0.0	0.0	0.37267074	0.32030985
DQA1*02:01-DQB1*04:02	0.0	0.38311478	0.29087654	0.20900889
DRB1*13:01	0.0	0.32728484	0.32772648	0.31720614
DRB3	0.0	0.0	0.4462376	0.3595056
DQA1*02:01-DQB1*03:01	0.0	0.48430276	0.2946939	0.26692277
DRB1*07:01	0.0	0.70250076	0.42697304	0.4618082
DRB1*09:01	0.0	0.59048915	0.28997076	0.29626113
DRB3*01:01	0.0	0.6687992	0.33224738	0.3032236
DRB1*08:02	1.0	0.8078111	0.7022703	0.57030165
DRB1*08:02	0.0	0.20970456	0.29308614	0.29288116
DRB1*08:02	0.0	0.52978736	0.282956	0.20905718
DRB1*04:04	0.0	0.084686644	0.2933283	0.23677535
DRB1*04:01	0.0	0.35775974	0.31315327	0.35212585
DRB1*07:01	0.0	0.37734705	0.32148647	0.3136302
DRB1*08:01	0.0	0.44419238	0.4218015	0.39413452
DRB1*01:01	0.0	0.59271634	0.38335016	0.38517782
DQA1*02:01-DQB1*04:02	0.0	0.084686644	0.2834792	0.22866528
DRB3*01:01	0.0	0.5117087	0.29783672	0.34427017
DRB5*01:01	0.0	0.084686644	0.3172654	0.23004182
DRB1*03:01	0.0	0.084686644	0.6543787	0.5545526
DRB1*03:01	0.0	0.31388906	0.2836162	0.22470313
DRB1*13:01	0.0	0.38926655	0.3128681	0.26938656
DRB4*01:03	0.0	0.56812155	0.4484752	0.395418
DQA1*01:02-DQB1*05:01	0.0	0.38765913	0.29089156	0.23268795
DRB1*07:01	0.0	0.18446182	0.4468707	0.3446354
DRB3*01:01	0.0	0.15232056	0.39312705	0.39352944
DRB3*01:01	0.0	0.02062367	0.65704316	0.54715276
DRB4*01:01	0.0	0.24813119	0.2850084	0.24817365
DQA1*05:01-DQB1*03:03	0.0	0.46291497	0.28533527	0.27777243
DRB1*08:01	0.0	0.16129194	0.29357162	0.20704813
DRB3*03:01	0.0	0.47040507	0.35682842	0.32210484
DRB1*04:04	0.0	0.65906143	0.32408348	0.3160749
DQA1*02:01-DQB1*03:03	0.0	0.084686644	0.29849938	0.20457476
DRB3*01:01	0.0	0.31946114	0.28208065	0.22093642
DRB5*01:01	0.0	0.0	0.38604614	0.3564239
DRB1*04:01	0.0	0.3932163	0.2883712	0.24385148
DQA1*02:01-DQB1*04:02	0.0	0.17072324	0.28375238	0.232939
DRB1*07:01	0.0	0.0	0.29698023	0.23140612
DRB1*04:01	0.0	0.0	0.29524362	0.2787796
DRB1*08:02	0.0	0.6263277	0.6833448	0.61172664
DRB1*08:01	0.0	0.3091042	0.28479838	0.21966532
DRB1*11:01	0.0	0.4846522	0.5950361	0.59200096
DRB1*07:01	0.0	0.40709534	0.6641399	0.62530726
DRB3*02:02	0.0	0.084686644	0.284884	0.23569283
DRB1*01:01	0.0	0.6073399	0.40883586	0.4132282
DRB5	0.0	0.0	0.28254607	0.21969613
DRB4*01:03	0.0	0.71431553	0.33623	0.2965799
DRB1*04:04	0.0	0.3319953	0.2877033	0.24156117
DRB1*07:01	0.0	0.25864875	0.30773714	0.2657978
DRB1*10:01	0.0	0.21394709	0.35815746	0.43190536
DRB1*11:01	0.0	0.35402232	0.4151394	0.4960463
DRB1*03:01	0.0	0.77837855	0.28345317	0.23475847
DRB1*08:02	0.0	0.18149053	0.28506446	0.23455414
DRB1*09:01	0.0	0.0	0.53329754	0.47311968
DRB1*13:01	1.0	0.83439964	0.54562765	0.5409775
DRB3*02:02	0.0	0.7969252	0.70544904	0.5800093
DRB3*03:01	0.0	0.22829095	0.36202136	0.3318408
DRB1*14:54	0.0	0.5286533	0.63520575	0.58006907
DQA1*05:01-DQB1*03:03	0.0	0.33465075	0.32282966	0.35054323
DQA1*03:03-DQB1*04:02	0.0	0.084686644	0.28615606	0.20695283
DRB1*13:01	0.0	0.0	0.30315113	0.24360858
DRB4*01:03	0.0	0.26528582	0.32937756	0.273861
DRB1*01:01	0.0	0.6127781	0.54036444	0.5818655
DRB1*11:01	0.0	0.084686644	0.36829224	0.36724642
DRB3*01:01	0.0	0.084686644	0.28414947	0.21202117
DQA1*03:01-DQB1*03:02	0.0	0.3152789	0.29842573	0.30561054
DRB1*09:01	0.0	0.33983606	0.2820294	0.23328295
DRB1*04:05	0.0	0.21249889	0.6667206	0.57570994
DRB1*11:01	0.0	0.43849626	0.39058858	0.44799575
DRB5*01:01	0.0	0.1975152	0.700499	0.6502373
DRB5*01:01	0.0	0.42749238	0.39810348	0.4588343
DRB3*01:01	0.0	0.30400792	0.6847523	0.57364494
DRB1*04:01	0.0	0.0	0.37657428	0.35434926
DQA1*02:01-DQB1*03:01	1.0	0.83439964	0.304574	0.27867496
DQA1*05:01-DQB1*03:02	0.0	0.24977091	0.6942488	0.55732644
DRB3*02:02	1.0	0.8078111	0.6851607	0.6077775
DRB3*02:02	0.0	0.084686644	0.28359333	0.22111578
DRB1*13:02	0.0	0.0	0.36858514	0.34352043
DRB3*01:01	0.0	0.0	0.28355134	0.23691857
DRB4*01:01	0.0	0.084686644	0.28936762	0.2337477
DRB1*07:01	1.0	0.9082004	0.70267755	0.56481683
DRB1*03:01	0.0	0.4457879	0.29280767	0.26136103
DRB1*08:01	0.0	0.49779728	0.6447223	0.54665136
DQA1*05:01-DQB1*03:02	0.0	0.24694695	0.28403044	0.20712918
DRB1*01:01	0.0	0.0	0.34204045	0.2756413
DRB1*08:01	0.0	0.52587765	0.49187526	0.44544324
DRB1*11:01	0.0	0.46459037	0.3426608	0.30265328
DPA1*01:03-DPB1*02:01	0.0	0.054808173	0.32648638	0.3289559
DQA1*05:01-DQB1*03:03	0.0	0.27537212	0.2829501	0.22287111
DRB1*04:01	0.0	0.0	0.2847448	0.2271666
DRB5*01:01	0.0	0.65237737	0.35421705	0.31751493
DRB1*03:01	1.0	1.0	0.5060037	0.567804
DRB1*04:01	0.0	0.2546394	0.29669654	0.2609736
DRB1*07:01	0.0	0.20052433	0.30550006	0.26423448
DRB1*13:01	0.0	0.18906303	0.39597765	0.43547475
DRB4*01:03	0.0	0.36698645	0.32306555	0.26203567
DRB4*01:01	1.0	0.93593705	0.31443816	0.32614517
DRB3*03:01	1.0	0.93593705	0.7106243	0.6184243
DRB1*09:01	0.0	0.70250076	0.34094375	0.3384289
DRB1*07:01	0.0	0.23371395	0.31069964	0.28764302
DRB1*11:01	0.0	0.5938504	0.7095327	0.628072
DRB1*03:01	0.0	0.23258528	0.29547468	0.304003
DQA1*01:03-DQB1*06:03	0.0	0.27526307	0.28422713	0.24146017
DRB3*01:01	0.0	0.084686644	0.5368413	0.5476467
DRB3*01:01	0.0	0.5126518	0.282444	0.25921634
DRB1*04:04	0.0	0.0	0.30662736	0.2854719
DRB1*08:02	0.0	0.6296289	0.7054255	0.6135561
DRB1*03:01	0.0	0.34824398	0.28827044	0.2565866
DRB1*03:01	0.0	0.0	0.282559	0.21373306
DRB1*03:01	0.0	0.084686644	0.2862647	0.26116464
DPA1*03:01-DPB1*04:02	0.0	0.0	0.33464518	0.2954266
DRB1*03:01	0.0	0.084686644	0.38627958	0.40165332
DRB3*02:02	0.0	0.084686644	0.6345688	0.5463743
DRB1*15:01	1.0	0.91531336	0.7110067	0.61336195
DQA1*01:03-DQB1*06:03	0.0	0.10287048	0.28480372	0.22666942
DRB1*07:01	0.0	0.24056682	0.31389594	0.2813953
DRB4*01:03	0.0	0.77837855	0.6365954	0.6063602
DRB1*07:01	0.0	0.4572793	0.34810573	0.32871315
DRB1*04:04	0.0	0.6441565	0.7003472	0.61190057
DQA1*02:01-DQB1*03:03	0.0	0.559864	0.28267235	0.27202213
DRB4*01:03	0.0	0.2608293	0.3760834	0.43034226
DRB3*03:01	0.0	0.084686644	0.34162134	0.28280616
DRB4*01:03	0.0	0.68565	0.3565276	0.375006
DRB1*04:04	0.0	0.3874143	0.28696543	0.2429083
DRB1*07:01	0.0	0.2882712	0.2963033	0.23487127
DRB1*03:01	0.0	0.7871874	0.68866605	0.6068027
DQA1*02:01-DQB1*04:02	0.0	0.5185219	0.28381312	0.23046724
DRB1*08:01	0.0	0.28797892	0.29186797	0.26619732
DQA1*05:01-DQB1*04:02	0.0	0.19054736	0.28210548	0.22191063
DRB3*01:01	0.0	0.084686644	0.2903707	0.19998275
DRB1*14:54	0.0	0.5771899	0.3207319	0.30604553
DQA1*01:02-DQB1*05:01	0.0	0.5725446	0.45573467	0.45643848
DRB3*03:01	1.0	0.87187403	0.59235203	0.5908726
DRB1*01:01	0.0	0.0	0.32805565	0.248281
DQA1*03:03-DQB1*04:02	0.0	0.084686644	0.3061931	0.19692609
DRB1*04:04	0.0	0.7328622	0.7109107	0.62692535
DRB4*01:01	0.0	0.084686644	0.2837828	0.25570023
DRB3*01:01	0.0	0.084686644	0.2833122	0.21842773
DPA1*01:03-DPB1*04:01	0.0	0.0	0.28397143	0.24142775
DRB3*01:01	0.0	0.24527732	0.28300193	0.25834745
DRB1*14:54	0.0	0.084686644	0.30644128	0.26187247
DRB1*08:01	0.0	0.42806	0.3049542	0.28175804
DRB1*13:01	0.0	0.6200593	0.3805638	0.34070146
DRB1*01:01	0.0	0.2311541	0.3952326	0.3672763
DQA1*05:01-DQB1*03:02	0.0	0.43577465	0.28201464	0.23960121
DRB1*07:01	0.0	0.0	0.3021564	0.2611484
DRB1*04:01	0.0	0.34548488	0.2889993	0.2485556
DRB1*13:01	0.0	0.084686644	0.29356098	0.21802065
DRB3*02:02	0.0	0.084686644	0.29205796	0.28569883
DQA1*03:03-DQB1*04:02	0.0	0.41749093	0.29297715	0.2083072
DRB1*03:01	0.0	0.53151494	0.28658345	0.2389566
DRB1*15:01	0.0	0.092282616	0.44339192	0.43005258
DRB5*01:01	0.0	0.04944795	0.42093253	0.4138533
DRB3*03:01	0.0	0.71431553	0.37112328	0.31814963
DQA1*05:01-DQB1*03:02	0.0	0.084686644	0.28231794	0.21456978
DRB1*03:01	0.0	0.0	0.2930324	0.28493273
DRB4*01:01	0.0	0.084686644	0.28977215	0.20336701
DQA1*05:01-DQB1*03:03	0.0	0.29285794	0.2813289	0.2217004
DQA1*05:01-DQB1*04:02	0.0	0.3102111	0.289	0.26986668
DQA1*02:01-DQB1*03:01	0.0	0.49659437	0.32195705	0.29269645
DRB1*11:01	0.0	0.015894528	0.37065297	0.36628932
DRB1*04:01	0.0	0.0	0.28591445	0.23480663
DQA1*06:01-DQB1*04:02	0.0	0.3897668	0.3383164	0.3016613
DRB1*11:01	0.0	0.0	0.47183037	0.51572394
DRB1*07:01	0.0	0.084686644	0.32835767	0.3588404
DQA1*01:02-DQB1*05:01	0.0	0.69202656	0.3107531	0.29429433
DRB1*01:01	0.0	0.0	0.3352662	0.2568124
DRB1*01:01	0.0	0.3653351	0.65966123	0.6289282
DPA1*02:01-DPB1*14:01	0.0	0.5647295	0.34935758	0.39268878
DRB1*04:01	0.0	0.37027872	0.29054174	0.2533645
DRB4*01:03	0.0	0.7328622	0.7092913	0.62104803
DRB1*13:01	0.0	0.0	0.3421082	0.2973442
DPA1*01:03-DPB1*04:01	0.0	0.0	0.37157965	0.26058182
DRB1*03:01	0.0	0.6887833	0.3498343	0.38315326
DRB4*01:03	0.0	0.084686644	0.3219238	0.26658192
DRB1*08:01	0.0	0.3336204	0.28191537	0.26518106
DRB1*11:01	0.0	0.084686644	0.33491254	0.275931
DRB1*07:01	0.0	0.1840682	0.3293359	0.349702
DRB3*01:01	0.0	0.0	0.28380919	0.25994688
DRB1*01:01	0.0	0.3945009	0.3570406	0.32760125
DRB1*07:01	0.0	0.0	0.30861712	0.2836457
DRB1*01:01	0.0	0.62796354	0.42286316	0.4745865
DQA1*01:01-DQB1*05:01	0.0	0.30747455	0.56582224	0.59008527
DRB1*13:02	1.0	1.0	0.710111	0.5651387
DPB1*04:02	0.0	0.20062149	0.30331624	0.294895
DRB1*04:04	0.0	0.55012625	0.58117104	0.5438028
DQA1*05:01-DQB1*03:03	0.0	0.26847088	0.28165203	0.23857263
DQA1*02:01-DQB1*03:01	0.0	0.28995934	0.6543293	0.5594531
DRB1*11:01	0.0	0.68261945	0.68100363	0.5607813
DRB1*12:01	0.0	0.0	0.28259814	0.24069794
DRB1*08:02	0.0	0.4795446	0.33049572	0.2917771
DPB1*04:01	0.0	0.0	0.2862394	0.26421404
DQA1*05:01-DQB1*03:01	0.0	0.4671618	0.64550185	0.55431694
DRB1*08:01	0.0	0.37593263	0.28726465	0.214526
DQA1*03:01-DQB1*03:02	0.0	0.38632053	0.7057449	0.6389525
DRB1*14:54	0.0	0.6502526	0.29994687	0.23362723
DRB5*01:01	0.0	0.5938504	0.35618928	0.3125969
DQA1*01:02-DQB1*05:01	0.0	0.084686644	0.30834332	0.28509045
DRB3*01:01	0.0	0.264087	0.6062415	0.4903562
DRB3*02:02	0.0	0.43999562	0.29977524	0.25920546
DRB1*03:01	0.0	0.79795784	0.45880395	0.37371674
DRB3*02:02	0.0	0.084686644	0.28506246	0.2349619
DRB3*02:02	0.0	0.38172492	0.30399865	0.31211242
DRB1*08:01	0.0	0.4343417	0.29107818	0.27850395
DRB1*03:01	0.0	0.0	0.28184807	0.21387601
DQA1*05:01-DQB1*04:02	1.0	0.83439964	0.68606615	0.51236415
DRB5*01:01	0.0	0.6662669	0.35731977	0.30501834
DRB1*04:01	0.0	0.0	0.33335608	0.28904253
DRB1*11:01	0.0	0.39720643	0.39606166	0.42171547
DRB4*01:01	0.0	0.0	0.282782	0.22891378
DQA1*05:01-DQB1*03:02	0.0	0.3345817	0.2821553	0.21849295
DRB1*11:01	0.0	0.084686644	0.3406693	0.28301233
DRB1*03:01	0.0	0.0	0.2851385	0.24404785
DRB1*09:01	0.0	0.4795446	0.2881208	0.26912233
DRB1*07:01	1.0	0.83136904	0.33039704	0.3105685
DQA1*05:01-DQB1*03:03	0.0	0.42325288	0.6496435	0.51100713
DRB3*01:01	0.0	0.330795	0.29448572	0.30307838
DRB1*13:02	0.0	0.44419238	0.43346626	0.4489569
DRB1*08:01	0.0	0.084686644	0.2859966	0.21329413
DRB1*04:04	0.0	0.4020903	0.29790547	0.28561568
DRB4*01:03	1.0	0.87187403	0.7121011	0.6371265
DRB1*08:02	0.0	0.084686644	0.282299	0.21174851
DRB3*01:01	0.0	0.0	0.5317462	0.48183256
DQA1*01:02-DQB1*05:01	0.0	0.48430276	0.5016711	0.47291818
DRB3*01:01	0.0	0.04907941	0.28466484	0.24543592
DRB4*01:03	0.0	0.084686644	0.33679911	0.29348093
DPA1*01:03-DPB1*03:01	0.0	0.0	0.3048169	0.2707993
DRB3*03:01	0.0	0.6545521	0.41802534	0.38115108
DRB1*08:01	0.0	0.32501668	0.28989097	0.20854285
DRB1*15:01	0.0	0.51554024	0.69172955	0.5853282
DQA1*03:01-DQB1*03:02	0.0	0.22244772	0.30954224	0.29759046
DRB1*09:01	0.0	0.06431842	0.28300804	0.2179008
DRB1*11:01	0.0	0.39612544	0.3486636	0.29381454
DRB1*09:01	0.0	0.27991968	0.61410785	0.5281148
DRB1*09:01	0.0	0.62796354	0.2842159	0.20973305
DQA1*01:02-DQB1*06:02	0.0	0.2700025	0.28318194	0.26060647
DRB1*11:01	0.0	0.084686644	0.3431928	0.30673116
DRB1*07:01	0.0	0.09289672	0.39682436	0.37801766
DRB1*11:01	0.0	0.42692825	0.3434785	0.2928689
DRB1*14:54	0.0	0.7969252	0.7113607	0.652834
DRB3*02:02	0.0	0.0	0.2849286	0.23008986
DRB1*11:01	0.0	0.15952006	0.3280401	0.26160544
DPA1*02:01-DPB1*01:01	0.0	0.072795734	0.3102772	0.25966454
DRB1*07:01	0.0	0.1897374	0.30045912	0.23894991
DRB3*03:01	0.0	0.49155536	0.37784514	0.3864749
DRB5*01:01	1.0	0.85125035	0.39279616	0.39334786
DRB1*15:01	0.0	0.50985086	0.37048742	0.40841025
DRB1*08:01	0.0	0.29329848	0.28430668	0.21387675
DRB1*09:01	0.0	0.4092377	0.2828371	0.24238607
DRB1*03:01	0.0	0.6687992	0.33939552	0.31247687
DRB1*15:01	0.0	0.34556258	0.34971434	0.3227547
DRB4*01:01	0.0	0.084686644	0.28418303	0.20725039
DRB1*13:01	0.0	0.40166143	0.41771448	0.4181823
DRB1*11:01	0.0	0.041230015	0.33672023	0.25296235
DQA1*05:01-DQB1*03:03	0.0	0.3477651	0.28229126	0.2214893
DRB1*04:01	0.0	0.49193338	0.6493031	0.56298476
DRB1*11:01	0.0	0.6296289	0.35311642	0.30186248
DRB3*02:02	0.0	0.7328622	0.6477627	0.54901934
DRB3*02:02	0.0	0.4798765	0.29803473	0.3127593
DRB1*11:01	0.0	0.084686644	0.34378877	0.3115127
DRB3*01:01	0.0	0.0	0.28900632	0.20885938
DQA1*01:01-DQB1*05:01	0.0	0.0	0.30760694	0.25184032
DQA1*05:01-DQB1*04:02	0.0	0.44306937	0.556195	0.43832082
DRB1*14:54	0.0	0.17220034	0.30358368	0.24260698
DQA1*02:01-DQB1*03:03	0.0	0.2996025	0.33890206	0.36048663
DRB1*08:01	0.0	0.41664842	0.28196374	0.22991078
DRB1*07:01	0.0	0.37550178	0.31745523	0.28433985
DRB1*15:01	0.0	0.084686644	0.6921731	0.6312501
DRB5*01:01	0.0	0.084686644	0.35412607	0.26709074
DRB1*13:01	0.0	0.116295196	0.6718951	0.5353127
DRB1*13:02	0.0	0.08146697	0.3115011	0.2641267
DRB1*11:01	0.0	0.7437481	0.3652297	0.3594691
DRB1*01:01	0.0	0.0	0.39667478	0.3462587
DRB1*08:02	0.0	0.13815995	0.46713772	0.37809676
DRB1*13:02	0.0	0.0	0.29351988	0.21341965
DQA1*02:01-DQB1*03:01	0.0	0.25780275	0.33329034	0.2725357
DRB1*03:01	0.0	0.6141892	0.28809166	0.25777164
DRB4*01:01	0.0	0.084686644	0.28235117	0.23238237
DRB3*01:01	0.0	0.22534433	0.29713422	0.31239492
DPB1*04:01	0.0	0.5841126	0.28416193	0.23839678
DQA1*05:01-DQB1*03:02	0.0	0.27691254	0.6992948	0.57169414
DRB4*01:03	0.0	0.4370208	0.60249364	0.60430026
DQA1*01:02-DQB1*05:01	0.0	0.6614014	0.31817752	0.3469885
DRB1*09:01	0.0	0.36856806	0.2840029	0.22564754
DQA1*03:03-DQB1*04:02	0.0	0.084686644	0.28814194	0.21239479
DRB1*03:01	0.0	0.084686644	0.28321537	0.2255728
DRB1*15:01	0.0	0.42129207	0.35655358	0.2598831
DRB3*02:02	0.0	0.0	0.28225473	0.20839374
DQA1*03:03-DQB1*04:02	0.0	0.27443123	0.28621054	0.21528333
DRB1*08:01	0.0	0.37171167	0.28694123	0.21726558
DRB1*13:01	0.0	0.738145	0.7133768	0.5720673
DRB1*09:01	0.0	0.6366076	0.28309447	0.21714962
DRB1*12:01	0.0	0.0	0.28333277	0.21096268
DRB1*14:54	0.0	0.65906143	0.71132845	0.5614103
DRB1*04:04	0.0	0.5997392	0.30119303	0.31457955
DQA1*05:01-DQB1*03:03	0.0	0.084686644	0.28982416	0.2044375
DQA1*02:01-DQB1*03:01	1.0	0.8078111	0.29619458	0.27337658
DQA1*02:01-DQB1*03:03	0.0	0.51701903	0.4832223	0.4556426
DRB1*12:01	0.0	0.0	0.2849507	0.217596
DRB3*03:01	0.0	0.69202656	0.35668126	0.3288453
DRB1*08:01	0.0	0.5707499	0.28279546	0.2432949
DRB1*03:01	0.0	0.4005274	0.28724065	0.24774736
DQA1*03:01-DQB1*03:02	0.0	0.084686644	0.2833255	0.22551382
DQA1*05:01-DQB1*03:03	0.0	0.26823488	0.28424987	0.20738845
DRB1*11:01	0.0	0.7328622	0.69770086	0.6425533
DRB1*03:01	0.0	0.34064326	0.2835585	0.2273065
DQA1*02:01-DQB1*04:02	0.0	0.39153937	0.28917375	0.21059899
DRB1*07:01	0.0	0.084686644	0.29969856	0.24943128
DRB1*08:01	0.0	0.20564827	0.28481582	0.22913262
DRB3*02:02	0.0	0.5292186	0.7069547	0.6361893
DRB1*01:01	0.0	0.0	0.32700783	0.2468876
DRB1*08:01	0.0	0.53209805	0.5929845	0.42436197
DRB1*04:04	0.0	0.35166746	0.3072665	0.28439647
DRB3*01:01	0.0	0.0	0.29782584	0.29753768
DQA1*05:01-DQB1*02:01	0.0	0.30465475	0.42016038	0.37930715
DRB3*01:01	0.0	0.23079412	0.3652932	0.40112016
DRB3*01:01	0.0	0.25391564	0.28253347	0.24949448
DRB1*11:01	0.0	0.55675703	0.3385581	0.28834298
DRB1*07:01	0.0	0.74971294	0.3176155	0.28231508
DPB1*04:01	0.0	0.12308997	0.3162065	0.26907384
DRB1*08:02	0.0	0.0	0.46470878	0.52890795
DRB1*03:01	0.0	0.60346144	0.28653774	0.25909293
DRB5*01:01	0.0	0.7969252	0.7133898	0.66159433
DRB1*08:02	0.0	0.3811519	0.35951605	0.4264538
DQA1*05:01-DQB1*03:01	0.0	0.0	0.30506355	0.2836251
DQA1*05:01-DQB1*03:02	0.0	0.59048915	0.6942272	0.56788
DRB1*03:01	0.0	0.6545521	0.28369862	0.21731123
DRB1*11:01	0.0	0.7871874	0.6951388	0.61522233
DRB1*03:01	0.0	0.36916822	0.34157252	0.35195065
DQA1*06:01-DQB1*04:02	0.0	0.084686644	0.28267655	0.2565958
DRB4*01:03	0.0	0.69202656	0.3685574	0.36572856
DQA1*02:01-DQB1*03:03	0.0	0.084686644	0.2847974	0.22808746
DRB1*11:04	0.0	0.017667692	0.2821229	0.23688579
DRB1*07:01	0.0	0.09297757	0.38329297	0.32323188
DRB1*15:01	0.0	0.66380215	0.71361387	0.65830433
DRB1*07:01	0.0	0.29749924	0.32718194	0.28092968
DQA1*05:01-DQB1*03:02	0.0	0.27034634	0.28342855	0.24974093
DRB1*03:01	0.0	0.29880232	0.5162895	0.4537992
DRB5*01:01	0.0	0.084686644	0.7151398	0.67689675
DRB1*03:03	0.0	0.0	0.3823862	0.44179314
DRB1*09:01	0.0	0.55907744	0.30266365	0.34360933
DRB3*01:01	0.0	0.29575968	0.69089043	0.5911072
DRB1*04:03	0.0	0.16162069	0.2943996	0.23518379
DRB1*13:02	0.0	0.0	0.38310158	0.36226153
DRB1*04:05	0.0	0.54663813	0.6008245	0.5746076
DRB1*08:02	0.0	0.3877818	0.31507075	0.31046084
DRB4*01:03	0.0	0.35722908	0.36515856	0.3576703
DRB1*08:01	0.0	0.5112407	0.28642252	0.21634221
DQA1*05:01-DQB1*02:01	0.0	0.37181488	0.28440756	0.24563122
DRB1*08:01	0.0	0.4775781	0.28401113	0.23001926
DRB4*01:03	0.0	0.2805715	0.3501872	0.34907395
DQA1*02:01-DQB1*03:03	0.0	0.084686644	0.29286298	0.20711413
DRB1*03:01	1.0	1.0	0.69411767	0.5193399
DQA1*03:01-DQB1*03:02	0.0	0.0	0.2905495	0.2636472
DRB1*13:01	0.0	0.084686644	0.31432515	0.27208537
DRB3*01:01	0.0	0.29749924	0.28343847	0.23731685
DQA1*05:01-DQB1*03:03	0.0	0.084686644	0.2825552	0.20956397
DRB1*01:01	0.0	0.0	0.391166	0.4046889
DRB1*13:01	0.0	0.3464216	0.33020097	0.3320533
DRB1*10:01	0.0	0.15645602	0.28240037	0.20866266
DRB1*03:01	0.0	0.0	0.28418106	0.21924885
DQA1*02:01-DQB1*03:01	0.0	0.5084816	0.7106074	0.62876636
DRB1*12:01	0.0	0.27414364	0.28236857	0.22276257
DPA1*01:03-DPB1*02:01	0.0	0.0	0.28665638	0.22147563
DRB1*15:01	0.0	0.1733269	0.3380704	0.31342167
DPB1*04:02	0.0	0.19931848	0.2925564	0.272118
DRB1*07:01	0.0	0.0702944	0.46659586	0.43389848
DQA1*01:02-DQB1*06:02	0.0	0.0	0.28303456	0.22004211
DRB1*07:01	0.0	0.5672618	0.70721656	0.5464244
DQA1*02:01-DQB1*03:03	0.0	0.26366943	0.6285785	0.50852597
DRB3*02:02	0.0	0.084686644	0.32756212	0.29793328
DQB1*03:01	0.0	0.09389706	0.28312537	0.23528887
DRB3*01:01	0.0	0.35309002	0.6320355	0.5053628
DRB1*14:54	0.0	0.5093922	0.67824197	0.61716485
DRB1*04:04	0.0	0.24233069	0.29189426	0.2465753
DRB1*09:01	0.0	0.37306246	0.2819008	0.23336992
DRB1*13:02	0.0	0.0	0.3992572	0.3412736
DQA1*01:01-DQB1*05:01	0.0	0.3075303	0.5042007	0.51864094
DQB1*04:02	0.0	0.0	0.28367633	0.23416212
DRB1*07:01	1.0	0.8651899	0.7057683	0.62131524
DRB1*09:01	0.0	0.63305235	0.28824356	0.25712016
DRB1*03:01	0.0	0.0	0.6387995	0.52733207
DRB1*01:01	0.0	0.0	0.38722998	0.41301206
DQA1*05:01-DQB1*03:02	0.0	0.084686644	0.28719285	0.20664538
DRB1*13:02	0.0	0.26574352	0.31914267	0.27997556
DRB1*07:01	0.0	0.5332755	0.3097212	0.29134202
DRB1*09:01	1.0	0.85125035	0.29605445	0.27996972
DRB1*14:54	0.0	0.69202656	0.372482	0.39950052
DRB1*03:01	0.0	0.59271634	0.28610945	0.25523296
DQA1*05:01-DQB1*03:02	0.0	0.15791409	0.2825449	0.22041413
DRB1*01:01	0.0	0.18002938	0.68948203	0.5691318
DPA1*01:03-DPB1*04:01	0.0	0.0	0.28343183	0.23258586
DRB5*01:01	0.0	0.084686644	0.38418436	0.33782628
DQA1*01:01-DQB1*05:01	0.0	0.0	0.2886258	0.2300622
DRB1*12:01	0.0	0.0	0.2902534	0.2546523
DRB1*09:01	0.0	0.084686644	0.2827646	0.22018118
DRB1*04:04	0.0	0.42562518	0.29242563	0.24624765
DQA1*01:02-DQB1*06:02	0.0	0.68565	0.29256064	0.27277339
DRB1*08:02	0.0	0.0	0.3046655	0.3220036
DQA1*03:03-DQB1*04:02	0.0	0.3237802	0.28357005	0.27279067
DQA1*02:01-DQB1*04:02	0.0	0.084686644	0.2831231	0.22902504
DRB1*03:01	0.0	0.5326849	0.29344025	0.29957372
DQA1*03:03-DQB1*04:02	0.0	0.084686644	0.2829949	0.23897637
DRB5*01:01	0.0	0.56986547	0.7138747	0.68210745
DQA1*01:02-DQB1*05:01	0.0	0.084686644	0.29288656	0.23329577
DRB3*01:01	0.0	0.4060425	0.28496993	0.20744999
DRB1*11:01	0.0	0.74971294	0.41646996	0.43403518
DRB1*13:01	0.0	0.52978736	0.32861707	0.30197293
DQA1*05:01-DQB1*04:02	0.0	0.61707765	0.31508556	0.3264596
DRB3*03:01	0.0	0.5791155	0.37289557	0.36056903
DRB1*07:01	0.0	0.7871874	0.31480008	0.2958813
DRB1*01:01	0.0	0.6567793	0.45615688	0.4806703
DRB1*04:01	0.0	0.6887833	0.29796252	0.29130703
DRB4	0.0	0.0	0.30864626	0.31745324
DQA1*05:01-DQB1*03:02	0.0	0.43743998	0.32034445	0.31370872
DRB1*04:04	0.0	0.5210823	0.28486502	0.22261964
DQA1*05:01-DQB1*02:01	0.0	0.0	0.28441262	0.22455055
DQA1*06:01-DQB1*04:02	0.0	0.474078	0.28479064	0.20790906
DQA1*02:01-DQB1*04:02	0.0	0.40529776	0.3078036	0.27640757
DRB1*13:02	0.0	0.0	0.3131919	0.2621077
DRB1*01:01	0.0	0.06938925	0.43788636	0.4240162
DRB1*07:01	1.0	0.8896537	0.53573745	0.5486275
DQA1*05:01-DQB1*03:03	0.0	0.45521963	0.30479857	0.3602772
DRB1*09:01	0.0	0.084686644	0.28462538	0.2646639
DRB1*07:01	0.0	0.65906143	0.32583544	0.31988087
DQA1*05:01-DQB1*02:01	0.0	0.7278651	0.2862054	0.26112288
DQA1*02:01-DQB1*03:01	0.0	0.29927218	0.29383308	0.24975093
DRB1*11:01	0.0	0.084686644	0.35117316	0.29221082
DRB1*15:01	0.0	0.70250076	0.37410444	0.41545796
DRB5*01:01	0.0	0.084686644	0.35791567	0.30109888
DRB1*01:01	0.0	0.3081659	0.37979603	0.34967938
DQA1*05:01-DQB1*04:02	0.0	0.3098935	0.28423113	0.20858273
DRB1*08:01	0.0	0.0	0.28413066	0.21990046
DRB1*08:02	0.0	0.41631356	0.6410778	0.59307736
DRB1*03:01	0.0	0.28099573	0.2865446	0.24212468
DRB1*11:01	0.0	0.6662669	0.37988988	0.37470448
DPA1*02:01-DPB1*05:01	0.0	0.0	0.28430712	0.20709664
DRB1*03:01	0.0	0.35026646	0.30071038	0.31477702
DRB1*08:01	0.0	0.22770275	0.29134694	0.20751712
DRB1*04:04	0.0	0.16249593	0.28584328	0.21625215
DPA1*03:01-DPB1*04:02	0.0	0.0	0.29091895	0.2367998
DQA1*05:01-DQB1*03:03	0.0	0.084686644	0.2843082	0.25668153
DQA1*02:01-DQB1*04:02	0.0	0.49779728	0.29150894	0.2708112
DRB4*01:03	0.0	0.084686644	0.36412063	0.36877802
DRB1*08:02	0.0	0.36156222	0.70612776	0.60115975
DRB1*13:01	0.0	0.77837855	0.427364	0.51000077
DRB1*14:54	0.0	0.084686644	0.30484655	0.25252855
DRB1*07:01	0.0	0.43095148	0.6035634	0.6151196
DRB1*01:01	0.0	0.0	0.36204696	0.32873458
DRB1*11:01	0.0	0.0	0.3686926	0.34957072
DRB1*04:01	0.0	0.557524	0.2951287	0.27289984
DRB1*03:01	1.0	0.87187403	0.41579556	0.35271758
DRB5*01:01	0.0	0.0	0.69280607	0.62918353
DQA1*05:01-DQB1*03:02	0.0	0.299508	0.35372773	0.33187908
DRB5*01:01	0.0	0.5707499	0.34650663	0.2994634
DRB4*01:01	0.0	0.39192367	0.49655196	0.5533839
DRB5*01:01	0.0	0.5185219	0.37596235	0.37970057
DPB1*03:01	0.0	0.0	0.28781927	0.25827238
DRB1*11:01	0.0	0.084686644	0.34316063	0.28403795
DQA1*02:01-DQB1*03:01	0.0	0.3462648	0.690705	0.5805067
DRB1*14:54	0.0	0.2963511	0.3058135	0.25439706
DRB1*04:01	0.0	0.576242	0.28899112	0.2514469
DRB1*01:01	0.0	0.02062367	0.3406587	0.26769757
DRB1*01:01	0.0	0.29227865	0.3399913	0.265426
DQA1*02:01-DQB1*04:02	0.0	0.084686644	0.28566897	0.21536198
DQA1*05:01-DQB1*03:02	0.0	0.084686644	0.28481928	0.24255481
DRB1*03:01	0.0	0.0	0.2822504	0.2130574
DRB1*14:54	0.0	0.084686644	0.29700273	0.23392916
DRB1*14:54	0.0	0.29241952	0.31213617	0.27098417
DRB1*09:01	0.0	0.0	0.292661	0.20108324
DRB1*09:01	0.0	0.35241786	0.28477174	0.22864273
DQA1*03:01-DQB1*03:02	0.0	0.0	0.3101665	0.32126886
DRB1*07:01	0.0	0.084686644	0.31892928	0.28495833
DQA1*01:03-DQB1*06:03	0.0	0.084686644	0.45719668	0.483394
DRB5*01:01	0.0	0.0	0.35166818	0.30306545
DRB3*03:01	1.0	0.8078111	0.4337787	0.46913934
DRB1*15:01	0.0	0.084686644	0.308236	0.23640536
DRB1*03:01	0.0	0.0	0.2872774	0.25732452
DRB1*04:03	0.0	0.023438813	0.34491268	0.32440737
DRB1*04:05	0.0	0.3353441	0.28185606	0.2365935
DRB3*01:01	0.0	0.0	0.28314382	0.23388834
DRB5*01:01	1.0	0.8984626	0.6293384	0.6135496
DRB3*01:01	1.0	0.8255907	0.28221896	0.22198917
DQA1*03:03-DQB1*04:02	0.0	0.40559492	0.41223228	0.4160923
DRB1*04:01	0.0	0.0	0.28619987	0.22406071
DQA1*01:02-DQB1*06:02	0.0	0.0	0.28246135	0.2291824
DRB1*07:01	0.0	0.63305235	0.7111935	0.56790096
DRB1*07:01	1.0	0.8984626	0.71174705	0.63273925
DRB1*08:01	0.0	0.5820812	0.49675098	0.413941
DRB5*01:01	0.0	0.3299377	0.42263412	0.33086202
DRB3*01:01	0.0	0.084686644	0.5463269	0.42845255
DQA1*02:01-DQB1*03:03	0.0	0.25316888	0.29890072	0.3385815
DRB3*03:01	0.0	0.43454504	0.35098448	0.31457555
DRB1*09:01	0.0	0.7062737	0.6825848	0.5441863
DPA1*01:03-DPB1*02:01	0.0	0.0	0.28660125	0.22742337
DRB1*04:01	0.0	0.38311478	0.29170766	0.26236516
DRB1*03:01	0.0	0.0	0.5160732	0.512444
DPA1*03:01-DPB1*04:02	0.0	0.0	0.29316673	0.25126576
DRB1*08:01	0.0	0.5487152	0.2828734	0.22429438
DQA1*05:01-DQB1*03:03	0.0	0.319227	0.2819137	0.22407204
DQA1*01:01-DQB1*05:01	0.0	0.0	0.28362748	0.24008828
DQA1*02:01-DQB1*03:03	0.0	0.59048915	0.28452688	0.2256461
DRB1*03:01	0.0	0.30899948	0.28180596	0.20854703
DRB5*01:01	0.0	0.084686644	0.34397066	0.27347764
DRB3*03:01	0.0	0.20353438	0.35098204	0.29669148
DQA1*01:02-DQB1*05:01	0.0	0.12576085	0.2919979	0.22236677
DRB1*03:01	0.0	0.29749924	0.70249873	0.5837697
DRB3*01:01	0.0	0.0	0.29382145	0.28570044
DRB1*08:01	0.0	0.27414364	0.282481	0.24509948
DRB1*11:01	0.0	0.0	0.41238233	0.37904063
DRB1*03:01	0.0	0.02062367	0.28220952	0.20821159
DRB3*02:02	0.0	0.13412039	0.39397874	0.37272117
DQA1*01:02-DQB1*05:01	0.0	0.33688805	0.2976669	0.2645471
DRB1*01:01	0.0	0.40160438	0.35512033	0.31046218
DRB1*01:01	0.0	0.7166658	0.71194255	0.6548326
DQA1*03:03-DQB1*04:02	0.0	0.4380723	0.28264853	0.25085944
DRB1*04:05	0.0	0.1812406	0.28154543	0.22214763
DRB5*01:01	0.0	0.58108205	0.71314454	0.6164828
DRB1*09:01	0.0	0.40939265	0.337256	0.30898547
DRB4*01:03	0.0	0.5002512	0.6436877	0.6259239
DRB3*02:02	0.0	0.084686644	0.30174094	0.27800733
DQA1*02:01-DQB1*04:02	0.0	0.70250076	0.28861493	0.29501683
DRB1*13:01	0.0	0.64817554	0.31290254	0.27858192
DRB1*07:01	0.0	0.41937196	0.30873248	0.2925614
DQA1*02:01-DQB1*04:02	0.0	0.084686644	0.28407472	0.21710548
DRB1*08:02	0.0	0.5689894	0.30173585	0.31495395
DRB3*01:01	0.0	0.0	0.2914926	0.2951548
DRB1*03:01	0.0	0.0	0.2864576	0.2515394
DQA1*05:01-DQB1*02:01	1.0	0.8078111	0.282537	0.22223146
DRB5*01:01	1.0	0.8078111	0.6073377	0.57798934
DRB1*15:01	0.0	0.5350701	0.32139754	0.28468096
DQA1*01:01-DQB1*05:01	0.0	0.0	0.2824104	0.21148975
DRB1*13:01	0.0	0.60346144	0.341254	0.31231984
DQA1*02:01-DQB1*03:03	0.0	0.084686644	0.2936608	0.20605892
DQA1*03:03-DQB1*04:02	0.0	0.084686644	0.2826014	0.27982444
DRB1*13:01	0.0	0.7703366	0.6906368	0.5945525
DRB1*01:01	0.0	0.65237737	0.35245955	0.31361642
DQA1*03:01-DQB1*03:02	0.0	0.21993816	0.3092459	0.31855917
DQA1*01:02-DQB1*05:01	0.0	0.5949985	0.31163156	0.28210157
DRB1*04:05	0.0	0.2004273	0.28347465	0.23955359
DRB3*01:01	0.0	0.7278651	0.6298463	0.5457113
DQA1*05:01-DQB1*03:02	0.0	0.17455283	0.2812954	0.22472984
DRB4*01:03	0.0	0.49346107	0.36496958	0.35352385
DRB1*09:01	0.0	0.084686644	0.28294063	0.22551166
DRB1*09:01	0.0	0.084686644	0.2829847	0.23380661
DRB1*09:01	1.0	0.87187403	0.285175	0.26679918
DRB3*01:01	0.0	0.1693271	0.28459957	0.26156625
DRB1*14:54	0.0	0.34280574	0.31431204	0.27553025
DPA1*01:03-DPB1*04:01	0.0	0.0	0.28636473	0.24580035
DRB1*13:02	0.0	0.5375186	0.5065931	0.4377318
DRB1*01:01	0.0	0.3588303	0.45204782	0.47666514
DPB1*05:01	0.0	0.29749924	0.70327884	0.5630512
DQA1*02:01-DQB1*04:02	0.0	0.084686644	0.49964383	0.40672773
DRB1*04:05	0.0	0.23018982	0.3592119	0.35157162
DRB1*09:01	0.0	0.6953878	0.34729683	0.32692906
DRB3*02:02	0.0	0.0	0.2825525	0.2105671
DQA1*05:01-DQB1*03:03	0.0	0.34713045	0.6297338	0.55491346
DRB1*08:01	0.0	0.37475252	0.2859238	0.21925788
DQA1*02:01-DQB1*03:03	0.0	0.2967628	0.29165915	0.20766771
DQA1*01:02-DQB1*05:01	0.0	0.084686644	0.30589086	0.26716194
DRB1*04:01	0.0	0.3579373	0.2952628	0.2843495
DRB1*11:01	0.0	0.7328622	0.4058849	0.47576067
DPA1*02:01-DPB1*05:01	0.0	0.0	0.28883544	0.24758704
DQA1*05:01-DQB1*04:02	0.0	0.50192404	0.29542574	0.29813755
DRB1*11:01	0.0	0.3708901	0.71452665	0.6684368
DQA1*03:03-DQB1*04:02	0.0	0.31623608	0.2845022	0.23695853
DRB1*07:01	0.0	0.28681895	0.29631177	0.23597246
DRB1*01:01	0.0	0.5487152	0.34973267	0.29984075
DRB1*08:01	0.0	0.35829347	0.62620187	0.5432496
DRB1*07:01	0.0	0.49580103	0.33233938	0.3522484
DRB1*03:01	0.0	0.60096335	0.47754887	0.468224
DQA1*05:01-DQB1*03:02	0.0	0.46208853	0.281456	0.2200419
DRB1*01:01	1.0	0.8984626	0.71459264	0.5815361
DQA1*01:02-DQB1*06:02	0.0	0.0	0.3061191	0.27151608
DRB1*08:01	0.0	0.48121598	0.28334773	0.22668785
DRB4*01:03	0.0	0.7278651	0.35666907	0.35083732
DRB5*01:01	1.0	0.8078111	0.70698583	0.66238415
DRB1*07:01	0.0	0.28204533	0.31810248	0.3306728
DRB1*03:01	0.0	0.0	0.2854253	0.24253887
DRB1*07:01	0.0	0.084686644	0.3135577	0.3176735
DRB1*09:01	0.0	0.084686644	0.2831918	0.23928376
DQA1*03:03-DQB1*04:02	0.0	0.084686644	0.2861499	0.2110479
DRB1*13:01	0.0	0.39001796	0.31441736	0.28196806
DRB1*04:01	0.0	0.5672618	0.31033698	0.32222903
DRB1*08:01	0.0	0.0	0.29631236	0.2078496
DRB4*01:03	0.0	0.71861506	0.71365416	0.61832416
DRB1*13:01	0.0	0.084686644	0.3068461	0.24573268
DQA1*01:02-DQB1*05:01	0.0	0.084686644	0.43947554	0.49645638
DQA1*01:02-DQB1*05:01	0.0	0.084686644	0.41012266	0.4363495
DRB3*02:02	0.0	0.34912843	0.28741908	0.23863988
DQA1*05:01-DQB1*04:02	0.0	0.084686644	0.2827357	0.22916682
DRB1*04:04	0.0	0.7560895	0.29988226	0.2633754
DQA1*02:01-DQB1*03:03	0.0	0.46291497	0.56345963	0.4930755
DRB1*12:01	0.0	0.0	0.2822273	0.21846433
DPA1*01:03-DPB1*02:01	0.0	0.0	0.29232502	0.26806113
DPA1*02:01-DPB1*05:01	0.0	0.23288338	0.3265252	0.39651296
DRB1*07:01	0.0	0.6231404	0.7091231	0.6268322
DRB1*15:01	0.0	0.0	0.3297521	0.28433672
DPA1*03:01-DPB1*04:02	0.0	0.0	0.29154682	0.22254662
DRB1*08:02	1.0	0.8078111	0.710637	0.6115903
DRB1*03:01	0.0	0.399268	0.30056825	0.29942417
DRB1*14:54	0.0	0.4942345	0.30859384	0.26439294
DPA1*02:01-DPB1*05:01	0.0	0.0	0.52339756	0.50927615
DRB5*01:01	0.0	0.6887833	0.7067134	0.6579935
DQA1*05:01-DQB1*04:02	0.0	0.34697244	0.2828694	0.21661937
DRB1*07:01	1.0	0.80112696	0.7048422	0.6218355
DRB4*01:01	1.0	0.8842155	0.41373187	0.39659232
DRB1*04:01	0.0	0.0	0.29455194	0.28973553
DRB1*15:01	0.0	0.3716086	0.33289853	0.3198656
DRB3*03:01	1.0	0.93593705	0.3752184	0.36406556
DRB3*02:02	0.0	0.32921845	0.284798	0.23829047
DRB1*09:01	0.0	0.7278651	0.2817906	0.21930239
DQA1*02:01-DQB1*03:01	0.0	0.32322916	0.29034534	0.24915613
DRB1*09:01	0.0	0.7871874	0.5047416	0.50762784
DQA1*02:01-DQB1*04:02	0.0	0.58939534	0.6137544	0.4654783
DRB1*04:04	0.0	0.084686644	0.29673457	0.28181773
DRB1*03:01	0.0	0.45624372	0.47081867	0.45767123
DRB1*04:01	0.0	0.22356227	0.3324611	0.42340726
DRB4*01:03	0.0	0.59048915	0.34445664	0.3204987
DQA1*02:01-DQB1*03:01	0.0	0.46629667	0.29168212	0.2519291
DQA1*02:01-DQB1*03:03	0.0	0.084686644	0.28340393	0.23654206
DRB1*04:05	0.0	0.0	0.28455016	0.20846607
DRB1*07:01	0.0	0.64817554	0.32037947	0.3042216
DRB1*13:01	0.0	0.36466363	0.30187672	0.23186842
DRB4*01:03	0.0	0.084686644	0.37387106	0.43547884
DQA1*02:01-DQB1*03:03	0.0	0.36543146	0.28781706	0.21388307
DRB3*03:01	0.0	0.55012625	0.35379007	0.3127632
DRB1*09:01	0.0	0.5480176	0.6101543	0.5113142
DRB5*01:01	0.0	0.58939534	0.38388166	0.35554373
DRB1*07:01	0.0	0.5432769	0.3145276	0.30092096
DRB3*01:01	0.0	0.5707499	0.2841067	0.22540367
DRB1*08:02	0.0	0.0	0.3278801	0.3415992
DQA1*05:01-DQB1*03:03	0.0	0.084686644	0.28598464	0.2067659
DRB5*01:01	0.0	0.084686644	0.56999934	0.54768443
DRB4*01:03	0.0	0.7328622	0.7075181	0.65767944
DQA1*01:02-DQB1*05:01	0.0	0.3125198	0.29822055	0.26462543
DRB1*11:01	0.0	0.42711592	0.34453025	0.32473892
DRB1*11:04	0.0	0.0	0.2818919	0.22653747
DQA1*01:02-DQB1*05:01	0.0	0.27396435	0.3986336	0.3642687
DRB1*08:02	0.0	0.309314	0.5084039	0.56786823
DRB3*02:02	0.0	0.084686644	0.28354785	0.21798924
DRB1*04:04	0.0	0.20122285	0.2867046	0.22769772
DQA1*05:01-DQB1*03:01	0.0	0.0	0.28243336	0.2435298
DRB1*07:01	0.0	0.4185122	0.32203922	0.326701
DRB1*09:01	0.0	0.13745385	0.28260887	0.2104071
DQA1*02:01-DQB1*04:02	0.0	0.6073399	0.67310476	0.567268
DRB1*03:01	0.0	0.106379345	0.5115596	0.42644057
DRB4*01:03	0.0	0.43373433	0.33665866	0.3082695
DQA1*02:01-DQB1*03:01	1.0	0.87187403	0.30543882	0.30955988
DRB5*01:01	0.0	0.6060289	0.65284497	0.61409473
DPA1*02:01-DPB1*01:01	0.0	0.0	0.549401	0.53929245
DRB1*11:01	0.0	0.5938504	0.3564242	0.34626845
DRB1*13:02	0.0	0.0	0.38491866	0.47224653
DPA1*02:01-DPB1*01:01	0.0	0.31246543	0.71225125	0.6573367
DPA1*02:01-DPB1*05:01	0.0	0.0	0.28308034	0.21714063
DRB1*07:01	0.0	0.0	0.37987754	0.3833104
DRB1*03:01	0.0	0.38230148	0.2899354	0.2397958
DQA1*05:01-DQB1*03:02	0.0	0.31394425	0.67714185	0.5112021
DRB1*03:01	0.0	0.45395526	0.69331294	0.56800157
DRB4*01:01	0.0	0.0	0.6934266	0.59542537
DRB1*03:01	0.0	0.054617725	0.3240634	0.2757423
DQA1*05:01-DQB1*03:02	0.0	0.2718046	0.28194687	0.22887047
DRB1*13:01	0.0	0.12871936	0.31565034	0.26128048
DQA1*05:01-DQB1*03:03	0.0	0.46832806	0.2821841	0.22031902
DRB4*01:01	0.0	0.4025212	0.2996364	0.32801235
DRB4*01:03	0.0	0.29749924	0.3353854	0.30475995
DRB1*13:02	0.0	0.084686644	0.38952595	0.42959774
DRB5*01:01	0.0	0.02062367	0.4336642	0.4236226
DRB1*08:01	0.0	0.084686644	0.29585505	0.20553608
DRB1*08:02	1.0	0.93593705	0.710227	0.6045741
DRB1*03:01	0.0	0.39518985	0.28823537	0.27798408
DRB1*13:01	1.0	0.8078111	0.32092437	0.283067
DRB3*02:02	0.0	0.0	0.28477463	0.2187391
DRB1*01:01	0.0	0.47010547	0.3475988	0.30847716
DRB1*04:05	0.0	0.37038034	0.57086253	0.54906297
DRB1*01:01	0.0	0.084686644	0.33137843	0.25924295
DRB1*09:01	0.0	0.56307906	0.31070086	0.28529093
DQA1*02:01-DQB1*04:02	0.0	0.19021383	0.28203803	0.24407211
DRB4*01:03	0.0	0.084686644	0.3337283	0.305342
DRB1*04:01	0.0	0.0	0.28296098	0.21113278
DQA1*02:01-DQB1*03:03	0.0	0.084686644	0.29082087	0.20902066
DRB1*08:02	0.0	0.44130045	0.28741336	0.25676402
DRB1*13:02	0.0	0.103860304	0.33100954	0.32835013
DQA1*01:04-DQB1*05:03	0.0	0.0	0.33997667	0.31631774
DRB1*07:01	0.0	0.084686644	0.35023683	0.34720254
DRB1*09:01	0.0	0.42730397	0.29577023	0.32794455
DRB3*02:02	0.0	0.084686644	0.33552146	0.3606633
DRB1*11:01	0.0	0.7703366	0.52467364	0.49800175
DRB1*04:01	0.0	0.15166964	0.3515975	0.2864389
DRB3*01:01	0.0	0.084686644	0.28294167	0.22134587
DRB1*15:01	0.0	0.4728374	0.3509491	0.36005598
DRB1*07:01	0.0	0.43723017	0.31548342	0.23085159
DRB1*08:02	0.0	0.02062367	0.28618687	0.2145971
DQA1*05:01-DQB1*03:03	0.0	0.37285337	0.28372607	0.25462174
DQA1*02:01-DQB1*03:03	0.0	0.4686219	0.67193186	0.5646026
DQA1*05:01-DQB1*03:03	0.0	0.28084123	0.28105178	0.22425617
DRB1*07:01	0.0	0.33731362	0.30865386	0.2807896
DRB1*15:01	0.0	0.36156222	0.39014903	0.40676272
DRB1*01:01	1.0	1.0	0.44435343	0.48387742
DQA1*03:03-DQB1*04:02	0.0	0.084686644	0.29857865	0.20620306
DRB1*03:01	0.0	0.0	0.48167992	0.3801464
DRB1*08:02	0.0	0.107319094	0.3839691	0.3500535
DRB1*03:01	1.0	0.8188415	0.5060039	0.39373347
DRB1*01:01	0.0	0.0	0.37311694	0.3337909
DRB1*01:01	0.0	0.31675696	0.4122733	0.4237746
DRB4*01:03	0.0	0.084686644	0.32616404	0.27759215
DRB1*03:01	0.0	0.0	0.29258707	0.2314515
DRB1*04:01	0.0	0.36934903	0.6933277	0.5710606
DRB1*01:01	0.0	0.34855348	0.35764763	0.3293346
DRB1*01:01	0.0	0.07843772	0.4673299	0.55581546
DRB1*01:01	1.0	0.9509576	0.37240198	0.3846297
DRB1*15:01	0.0	0.50985086	0.4527975	0.40854633
DRB1*08:02	0.0	0.40166143	0.50603217	0.47673273
DRB1*01:01	0.0	0.6701745	0.4788509	0.4691945
DRB1*08:01	0.0	0.56556594	0.28510654	0.20935564
DQA1*03:03-DQB1*04:02	0.0	0.37140274	0.28739575	0.29994175
DRB1*04:04	1.0	0.93593705	0.7090081	0.590372
DRB1*04:01	0.0	0.16109104	0.47797465	0.36463505
DRB5*01:01	0.0	0.47100717	0.34711766	0.28024855
DRB3*01:01	0.0	0.5508399	0.64275455	0.46107584
DRB1*03:01	0.0	0.0	0.2834911	0.21318358
DRB1*11:01	0.0	0.084686644	0.38101384	0.32838058
DRB1*11:01	0.0	0.084686644	0.34522822	0.29360813
DRB3*01:01	0.0	0.2539445	0.28168523	0.23038207
DRB3*01:01	0.0	0.0	0.2819968	0.22741078
DQA1*02:01-DQB1*04:02	0.0	0.40739837	0.28227517	0.25341523
DRB1*13:01	0.0	0.5725446	0.3519784	0.37302393
DRB1*11:01	0.0	0.43393633	0.34150514	0.30038914
DRB1*13:02	0.0	0.08399606	0.63280475	0.56321865
DRB1*11:01	0.0	0.23854251	0.36392757	0.34660178
DRB1*13:01	0.0	0.5242514	0.37585595	0.41132572
DRB1*03:01	1.0	1.0	0.29835838	0.29314345
DRB1*04:04	0.0	0.16124961	0.2824499	0.20921555
DQA1*02:01-DQB1*03:03	0.0	0.084686644	0.28341547	0.22098787
DRB3*03:01	0.0	0.084686644	0.36588258	0.33716786
DRB3*03:01	0.0	0.084686644	0.7148661	0.63560176
DQA1*05:01-DQB1*03:02	0.0	0.29941362	0.28272069	0.2448592
DRB3*01:01	0.0	0.0	0.2821442	0.21491757
DQA1*05:01-DQB1*02:01	0.0	0.0	0.40345022	0.44220322
DPA1*01:03-DPB1*02:01	0.0	0.0	0.28866154	0.24263795
DRB1*09:01	0.0	0.7437481	0.31699824	0.29702413
DRB1*11:01	0.0	0.36640024	0.4177264	0.46966428
DRB1*08:02	0.0	0.14486735	0.29784328	0.27679205
DRB1*04:01	0.0	0.7629388	0.4961316	0.5566183
DRB1*14:54	0.0	0.4331309	0.3102211	0.27484238
DRB1*01:01	0.0	0.042053778	0.7057572	0.6356584
DRB3*01:01	0.0	0.0	0.28727403	0.25774288
DRB1*08:02	0.0	0.0	0.28243744	0.20868428
DRB1*11:01	1.0	0.93593705	0.69875216	0.68189347
DRB1*07:01	0.0	0.5075799	0.32288125	0.2980654
DRB4*01:03	0.0	0.5058025	0.38995016	0.4192114
DRB1*04:01	0.0	0.5280915	0.3068498	0.26416177
DRB1*03:01	0.0	0.48020953	0.7034917	0.57395625
DRB3*01:01	0.0	0.0	0.2977691	0.3068986
DRB1*08:01	0.0	0.0	0.29110363	0.20576853
DRB5*01:01	1.0	0.87187403	0.41283333	0.48176396
DRB5*01:01	0.0	0.0	0.3999089	0.406113
DRB1*01:01	0.0	0.6567793	0.6735107	0.6068512
DRB1*03:01	0.0	0.6384378	0.28497058	0.24101157
DRB1*07:01	0.0	0.22923551	0.42943212	0.48609605
DRB3*01:01	0.0	0.3239031	0.28359637	0.21889934
DRB1*09:01	0.0	0.66380215	0.28467572	0.21440856
DQA1*01:02-DQB1*05:01	0.0	0.6263277	0.63705695	0.55653185
DRB1*14:54	0.0	0.576242	0.5630898	0.55399513
DRB1*12:01	0.0	0.087921984	0.28302953	0.24268478
DQA1*02:01-DQB1*03:03	0.0	0.38668367	0.28415093	0.22741953
DRB1*04:01	0.0	0.3645681	0.29091802	0.24838722
DRB3*01:01	0.0	0.22314791	0.28479663	0.26669472
DRB1*11:01	0.0	0.0	0.47125253	0.49155694
DQA1*02:01-DQB1*03:03	0.0	0.26483038	0.28405005	0.23149505
DRB4*01:01	0.0	0.0	0.2824554	0.21780598
DPB1*04:01	0.0	0.0	0.3006442	0.2767055
DRB1*04:01	0.0	0.7629388	0.2918814	0.2729171
DQA1*05:01-DQB1*04:02	0.0	0.5089358	0.3086575	0.27388304
DRB1*09:01	0.0	0.22673066	0.2857649	0.20788804
DRB1*07:01	0.0	0.3240262	0.30799416	0.27043134
DRB1*11:01	0.0	0.35402232	0.35276547	0.33494115
DRB3*02:02	0.0	0.51031184	0.2943679	0.29167002
DRB1*15:01	0.0	0.11073455	0.31188703	0.24696624
DRB1*07:01	0.0	0.084686644	0.29898173	0.24057645
DRB1*11:01	0.0	0.4060425	0.3798471	0.3556307
DQA1*02:01-DQB1*04:02	0.0	0.5221266	0.6565871	0.48290664
DRB1*03:01	0.0	0.60473627	0.28907147	0.23790914
DRB5*01:01	0.0	0.26315808	0.71095467	0.62976104
DRB1*03:01	0.0	0.0	0.2824168	0.20970021
DRB1*13:01	0.0	0.77837855	0.3416263	0.33674577
DRB4*01:01	0.0	0.52978736	0.28500113	0.25703964
DRB4*01:03	1.0	0.93593705	0.7082891	0.67960364
DRB5*01:01	0.0	0.0	0.33651888	0.27033487
DRB1*15:01	0.0	0.54003364	0.34217712	0.35683683
DRB3*03:01	0.0	0.28239787	0.35302207	0.3333779
DQA1*05:01-DQB1*04:02	0.0	0.51953757	0.28180802	0.21961965
DRB4*01:03	0.0	0.084686644	0.38055927	0.3614962
DRB1*07:01	0.0	0.084686644	0.29690203	0.2357243
DRB1*03:01	0.0	0.4759707	0.28483015	0.24223287
DPA1*02:01-DPB1*05:01	0.0	0.0	0.28365433	0.21920551
DRB1*11:01	0.0	0.6348129	0.39052084	0.45273158
DRB3*03:01	0.0	0.56641	0.35942554	0.34339958
DRB5*01:01	0.0	0.084686644	0.353553	0.31550914
DRB3*02:02	0.0	0.084686644	0.28274512	0.20998079
DRB3*03:01	0.0	0.6662669	0.41405976	0.37093574
DRB5*01:01	0.0	0.61562216	0.38531944	0.3824305
DQA1*06:01-DQB1*04:02	0.0	0.084686644	0.28267413	0.21568426
DRB1*04:04	0.0	0.5309355	0.2955677	0.29873213
DQB1*03:02	0.0	0.7560895	0.31389394	0.29947442
DRB1*01:01	0.0	0.39452732	0.3535545	0.33603346
DRB4*01:01	0.0	0.50985086	0.28469074	0.23775233
DRB1*03:01	0.0	0.18681747	0.32780334	0.28068438
DRB1*11:01	0.0	0.0	0.49953017	0.332371
DQA1*01:03-DQB1*06:03	0.0	0.40846685	0.3029973	0.2869261
DRB1*14:54	0.0	0.47822896	0.33111066	0.3367438
DQA1*01:02-DQB1*05:01	0.0	0.43849626	0.29071185	0.22732884
DRB1*01:01	0.0	0.0	0.35246745	0.3282342
DRB1*13:02	0.0	0.3416809	0.33946192	0.33796963
DRB1*07:01	1.0	0.8078111	0.7113023	0.6424638
DRB1*08:02	0.0	0.17899561	0.28427994	0.22736563
DRB1*03:01	0.0	0.71431553	0.31260857	0.32109967
DRB1*15:01	0.0	0.7871874	0.33798698	0.32951146
DRB1*03:01	0.0	0.0	0.2850493	0.2201803
DRB3*01:01	0.0	0.71020716	0.28530985	0.26296738
DQA1*03:03-DQB1*04:02	0.0	0.084686644	0.2832694	0.22481489
DRB5*01:01	1.0	0.8201525	0.39087713	0.37834278
DRB1*13:02	0.0	0.0	0.37933934	0.32594913
DRB4*01:03	0.0	0.27702355	0.32115582	0.2551192
DQA1*01:02-DQB1*06:02	0.0	0.0	0.29814804	0.19666886
DRB1*08:01	0.0	0.15623528	0.29104817	0.20855926
DRB1*04:01	0.0	0.17419915	0.32266784	0.3021321
DRB1*03:01	0.0	0.0	0.2871559	0.27419978
DQA1*02:01-DQB1*03:01	0.0	0.59048915	0.3154076	0.3324827
DRB1*03:03	0.0	0.0	0.44148448	0.4531871
DRB1*08:02	0.0	0.59733844	0.29467872	0.29774415
DRB1*13:01	0.0	0.32396463	0.30802464	0.25906152
DRB5*01:01	0.0	0.0	0.38186148	0.3508354
DPB1*04:01	0.0	0.0	0.38781482	0.31318063
DRB4*01:01	0.0	0.067905225	0.6305177	0.5080855
DQA1*01:01-DQB1*05:01	0.0	0.0	0.2839026	0.22668026
DRB1*04:01	0.0	0.0	0.4866924	0.46637204
DRB5*01:01	0.0	0.0	0.35889482	0.31944963
DRB1*03:01	0.0	0.23343627	0.2867294	0.24676408
DRB1*11:01	0.0	0.5010838	0.37002233	0.33171663
DRB1*04:01	0.0	0.0	0.287574	0.24775356
DRB1*04:01	0.0	0.5938504	0.47047085	0.43812555
DRB3*03:01	0.0	0.61138827	0.34593162	0.29900286
DRB3*02:02	0.0	0.084686644	0.3862466	0.41167125
DQA1*01:03-DQB1*06:03	0.0	0.084686644	0.28299293	0.22877768
DQB1*03:02	0.0	0.36156222	0.701708	0.6014041
DQA1*03:01-DQB1*03:02	0.0	0.0	0.2830278	0.21496779
DRB3*01:01	0.0	0.084686644	0.28305677	0.21200235
DRB4*01:01	0.0	0.5286533	0.5802078	0.5867725
DRB1*11:01	1.0	0.9565607	0.70249194	0.6688253
DRB3*02:02	0.0	0.084686644	0.29309484	0.26796678
DRB3*01:01	0.0	0.0	0.2838066	0.2098764
DQB1*03:02	0.0	0.19111568	0.5612277	0.5834085
DRB4*01:01	0.0	0.118234515	0.28359637	0.24808612
DRB1*03:01	0.0	0.087178394	0.5747132	0.5317333
DQA1*02:01-DQB1*03:01	0.0	0.37647408	0.28351173	0.20941415
DRB1*11:01	0.0	0.49739456	0.70664674	0.6543704
DPA1*02:01-DPB1*05:01	0.0	0.0	0.28266832	0.22247489
DRB1*07:01	0.0	0.4747046	0.48307282	0.56696975
DRB1*15:02	0.0	0.020254716	0.28895506	0.20279126
DRB1*07:01	0.0	0.23424853	0.30230704	0.27091807
DRB1*07:01	0.0	0.084686644	0.3040325	0.25639293
DRB1*07:01	1.0	0.83439964	0.70209134	0.55554396
DRB1*11:01	0.0	0.084686644	0.65928936	0.6083289
DRB3*02:02	0.0	0.084686644	0.29807302	0.29355794
DRB1*10:01	0.0	0.0	0.2884295	0.2074688
DRB1*13:02	1.0	0.8673647	0.6487734	0.58332354
DRB1*08:01	0.0	0.17050077	0.2863671	0.21124204
DPA1*02:01-DPB1*05:01	0.0	0.0	0.28323236	0.22372366
DRB1*07:01	0.0	0.23441184	0.32474515	0.34262425
DQA1*02:01-DQB1*03:01	0.0	0.53209805	0.70502776	0.6179474
DRB4*01:03	0.0	0.47010547	0.36822218	0.371588
DRB1*04:01	0.0	0.26290348	0.29932666	0.29528734
DRB1*04:01	0.0	0.0	0.29010746	0.25292492
DQA1*01:01-DQB1*05:01	0.0	0.0	0.28539526	0.24416824
DRB3*02:02	0.0	0.084686644	0.3021793	0.29779577
DQA1*05:01-DQB1*03:02	0.0	0.26366943	0.39189002	0.3726712
DRB1*15:01	0.0	0.0	0.3685431	0.40324622
DQA1*03:03-DQB1*04:02	0.0	0.084686644	0.28408116	0.3103473
DRB1*03:01	0.0	0.0	0.29783764	0.26825756
DRB1*03:01	0.0	0.0	0.29903126	0.30321127
DQA1*05:01-DQB1*04:02	0.0	0.2970383	0.28308952	0.21370697
DRB1*04:04	0.0	0.55829746	0.28963748	0.2506931
DPA1*01:03-DPB1*03:01	0.0	0.18347418	0.32374427	0.2760725
DRB1*07:01	0.0	0.49193338	0.40429926	0.37834197
DRB1*08:02	0.0	0.36082578	0.29338923	0.2859278
DPA1*01:03-DPB1*02:01	0.0	0.0	0.33066434	0.36029422
DRB1*13:02	0.0	0.0	0.31553212	0.25736964
DRB1*15:02	0.0	0.072771356	0.28218213	0.21426117
DRB1*13:02	0.0	0.0	0.2985496	0.22718187
DRB1*04:01	0.0	0.10032906	0.28854415	0.24721423
DRB4*01:03	0.0	0.5387676	0.347251	0.33234993
DRB5*01:01	1.0	0.83439964	0.3800406	0.34727862
DRB3*03:01	0.0	0.2636374	0.3544981	0.31067103
DRB1*04:01	0.0	0.35292152	0.29811272	0.30833238
DRB5*01:01	0.0	0.31806517	0.3376407	0.26661822
DRB1*07:01	0.0	0.084686644	0.31986445	0.31915122
DRB3*02:02	0.0	0.20812736	0.2827889	0.20680963
DRB1*09:01	0.0	0.71431553	0.32375726	0.3412538
DRB1*11:01	0.0	0.25328338	0.33935717	0.30003262
DPA1*02:01-DPB1*05:01	0.0	0.0	0.2833713	0.23221299
DRB3*01:01	0.0	0.16458929	0.67147565	0.50114286
DRB1*01:01	0.0	0.0	0.37801796	0.3634488
DRB1*04:01	0.0	0.0	0.28252336	0.2068943
DRB1*11:01	0.0	0.3014649	0.71345574	0.63656765
DRB5*01:01	0.0	0.084686644	0.33473897	0.25017738
DQA1*05:01-DQB1*02:01	0.0	0.4900586	0.28177676	0.22039486
DRB5*01:01	0.0	0.46347007	0.35737947	0.32752445
DRB1*13:01	1.0	0.8078111	0.3311946	0.3193745
DRB1*11:01	0.0	0.5010838	0.41612852	0.36220765
DRB4*01:03	0.0	0.7328622	0.35334036	0.3228914
DRB3*01:01	0.0	0.0	0.28767678	0.20729211
DQB1*03:01	0.0	0.29749924	0.31016228	0.32307595
DRB3*01:01	0.0	0.0	0.28339696	0.21053165
DQA1*05:01-DQB1*02:01	0.0	0.0	0.2969913	0.29389924
DQA1*05:01-DQB1*02:01	0.0	0.08417971	0.2949287	0.26471016
DRB1*04:04	0.0	0.02062367	0.28935498	0.2443845
DRB3*03:01	0.0	0.084686644	0.3484742	0.2884477
DRB1*04:01	0.0	0.082575954	0.29680988	0.29022294
DRB1*13:02	0.0	0.49384698	0.34250987	0.32503754
DRB1*04:01	0.0	0.6231404	0.431094	0.445624
DRB1*13:01	0.0	0.5350701	0.3106236	0.24521872
DPA1*02:01-DPB1*05:01	0.0	0.0	0.28401795	0.2129578
DQA1*02:01-DQB1*04:02	0.0	0.48430276	0.28865644	0.21225126
DRB1*03:01	0.0	0.591596	0.2976363	0.28809202
DQA1*02:01-DQB1*03:03	0.0	0.4911789	0.28458735	0.21332397
DRB1*11:01	0.0	0.71431553	0.4245035	0.45558667
DRB1*11:01	0.0	0.49860802	0.69244474	0.63039744
DRB1*01:01	0.0	0.3838176	0.627986	0.6513786
DRB3*02:02	0.0	0.0	0.28248894	0.20996448
DRB4*01:03	0.0	0.56307906	0.44521305	0.47516572
DRB4*01:03	0.0	0.5997392	0.71237504	0.59811455
DRB1*03:01	0.0	0.576242	0.70678973	0.61035705
DRB1*13:01	0.0	0.58618957	0.3076171	0.262381
DRB5*01:01	1.0	0.8139818	0.40189746	0.38417286
DRB1*15:01	1.0	0.87690365	0.71367955	0.6102729
DRB1*03:01	0.0	0.3544492	0.37754667	0.39293745
DRB1*13:01	0.0	0.42093995	0.29114482	0.21145101
DRB5*01:01	0.0	0.44624886	0.35658225	0.30842337
DRB1*04:05	0.0	0.5205645	0.6484652	0.5590632
DRB1*01:01	0.0	0.0	0.3655684	0.34139317
DRB4*01:01	0.0	0.25377157	0.29653674	0.30338675
DRB1*11:01	0.0	0.6200593	0.7141339	0.6786692
DRB1*12:01	0.0	0.0	0.2827029	0.22768797
DQA1*05:01-DQB1*04:02	0.0	0.084686644	0.28290057	0.21421137
DRB1*03:01	0.0	0.3623978	0.31579173	0.26432672
DRB1*04:04	0.0	0.70250076	0.57621425	0.53345144
DRB1*09:01	0.0	0.32099763	0.679428	0.59688085
DPA1*01:03-DPB1*04:01	0.0	0.5359807	0.425509	0.38672104
DRB1*11:01	0.0	0.10574457	0.33847618	0.30594385
DRB3*01:01	0.0	0.40664265	0.28331953	0.24606532
DRB5*01:01	0.0	0.5938504	0.39179358	0.40303573
DRB1*03:03	0.0	0.0	0.3165384	0.29051894
DRB1*04:01	0.0	0.084686644	0.28600353	0.20969231
DQA1*01:02-DQB1*05:01	0.0	0.084686644	0.29500544	0.2489474
DRB3*02:02	0.0	0.033240125	0.5646658	0.5475647
DRB1*07:01	0.0	0.5332755	0.71095043	0.6570569
DQA1*02:01-DQB1*03:03	0.0	0.084686644	0.28296074	0.2185648
DPA1*01:03-DPB1*02:01	0.0	0.0	0.35530117	0.30531985
DRB5	0.0	0.0	0.2848902	0.24669051
DRB1*03:01	0.0	0.060438067	0.30408767	0.25486538
DRB1*04:04	0.0	0.19919078	0.47393164	0.39217845
DRB1*15:01	0.0	0.42599562	0.54122305	0.52535295
DRB1*15:01	0.0	0.30894718	0.31332523	0.2583696
DRB1*03:01	0.0	0.084686644	0.2874304	0.26819903
DRB1*03:01	0.0	0.71020716	0.32328027	0.30726045
DRB3*02:02	0.0	0.7629388	0.46160498	0.48568895
DRB1*03:01	0.0	0.69887584	0.28375372	0.23849607
DPA1*01:03-DPB1*02:01	0.0	0.0	0.2874751	0.21584114
DRB1*08:01	0.0	0.084686644	0.3085573	0.19427133
DRB1*04:01	0.0	0.084686644	0.2854049	0.22667809
DRB1*07:01	0.0	0.58108205	0.29612613	0.23889801
DQA1*02:01-DQB1*04:02	0.0	0.3142761	0.28304756	0.25477323
DRB1*07:01	0.0	0.22561994	0.30339456	0.2596795
DRB5*01:01	0.0	0.10261205	0.35218337	0.29226848
DQA1*01:01-DQB1*05:01	0.0	0.0	0.28490198	0.24686703
DRB1*11:01	0.0	0.084686644	0.32885605	0.2576405
DRB1*08:02	0.0	0.48121598	0.30177876	0.32057804
DRB3*01:01	0.0	0.084686644	0.28204107	0.22062935
DRB1*04:01	0.0	0.084686644	0.2873009	0.24540628
DRB1*04:05	0.0	0.09557659	0.28214756	0.23378289
DRB1*08:02	0.0	0.53814095	0.29887936	0.2904662
DRB1*15:01	0.0	0.37778664	0.33168975	0.30286938
DRB3*02:02	0.0	0.7278651	0.3127763	0.31107834
DQA1*02:01-DQB1*03:03	0.0	0.59048915	0.29928428	0.24058516
DRB1*09:01	0.0	0.69202656	0.53969693	0.50940955
DRB1*04:04	0.0	0.0	0.29053834	0.25791118
DRB1*15:01	0.0	0.0	0.31174046	0.2478641
DQA1*05:01-DQB1*03:02	0.0	0.26067403	0.28210178	0.23691429
DQA1*05:01-DQB1*03:02	0.0	0.4734556	0.66499853	0.52271855
DQB1*05:01	0.0	0.0	0.32772577	0.3230703
DRB1*04:05	0.0	0.34864494	0.28217325	0.23385526
DRB1*07:01	0.0	0.084686644	0.30551836	0.2639393
DRB1*09:01	0.0	0.14057305	0.6099429	0.5678272
DRB1*12:01	0.0	0.0	0.28406504	0.21963292
DQA1*05:01-DQB1*03:02	0.0	0.28362256	0.28212306	0.22269362
DRB3*01:01	0.0	0.0	0.63629115	0.4457703
DRB3*02:02	0.0	0.084686644	0.2828311	0.21392286
DQA1*05:01-DQB1*03:03	0.0	0.34571818	0.2850215	0.26430717
DRB4*01:03	0.0	0.084686644	0.31699553	0.24836117
DQA1*05:01-DQB1*04:02	0.0	0.084686644	0.28268257	0.21087264
DQA1*05:01-DQB1*03:02	0.0	0.32335132	0.2869904	0.26667863
DRB1*13:01	0.0	0.084686644	0.31128746	0.27356556
DQA1*01:03-DQB1*06:03	0.0	0.18683143	0.2837685	0.22270586
DQA1*05:01-DQB1*03:03	0.0	0.084686644	0.28199995	0.21422622
DQA1*01:02-DQB1*05:01	0.0	0.084686644	0.28991285	0.22794347
DQA1*03:01-DQB1*03:02	0.0	0.0	0.28359777	0.22534165
DRB1*13:01	0.0	0.6185565	0.36802995	0.39263183
DRB1*03:01	0.0	0.097648054	0.2867122	0.24378762
DRB1*08:01	0.0	0.47693178	0.6552146	0.47739154
DRB1*03:01	0.0	0.0	0.28328001	0.21445009
DQA1*02:01-DQB1*04:02	0.0	0.15318921	0.28433886	0.22452942
DRB1*07:01	0.0	0.049615383	0.32126406	0.30174574
DRB1*13:02	0.0	0.36000422	0.32769495	0.29990423
DRB1*04:01	0.0	0.380401	0.6289412	0.5079153
DPA1*02:01-DPB1*05:01	0.0	0.0	0.2840662	0.24328601
DRB1*08:01	0.0	0.3130104	0.28377792	0.2254774
DRB4*01:01	0.0	0.0	0.2871497	0.2056239
DRB1*13:01	0.0	0.7328622	0.3292731	0.32883745
DQA1*05:01-DQB1*03:02	0.0	0.4488261	0.28174835	0.23433895
DPA1*01:03-DPB1*04:01	0.0	0.0	0.28304747	0.210357
DQA1*01:01-DQB1*05:01	0.0	0.20915215	0.29382446	0.32438383
DRB1*04:04	0.0	0.68261945	0.3048034	0.32081124
DRB3*01:01	0.0	0.084686644	0.28247392	0.23491971
DPA1*02:01-DPB1*05:01	0.0	0.0	0.29331654	0.27587035
DRB1*13:02	0.0	0.0	0.302584	0.23473765
DRB1*15:01	0.0	0.48430276	0.3669624	0.35407043
DRB1*08:01	0.0	0.084686644	0.30027738	0.20412596
DQA1*05:01-DQB1*04:02	0.0	0.3509231	0.28367016	0.26105344
DPA1*01:03-DPB1*04:01	0.0	0.3017064	0.35581437	0.39640784
DRB5*01:01	0.0	0.084686644	0.3223171	0.23657481
DRB1*04:04	0.0	0.60220397	0.37513915	0.379358
DRB1*03:01	0.0	0.0	0.28865114	0.26985067
DRB1*15:01	0.0	0.33403116	0.50579	0.4217345
DQA1*01:02-DQB1*06:02	0.0	0.0	0.28385076	0.21055846
DQA1*05:01-DQB1*04:02	0.0	0.58108205	0.70331395	0.6080575
DRB1*07:01	0.0	0.22974473	0.44576272	0.5074265
DRB5*01:01	0.0	0.084686644	0.34908292	0.2979495
DRB1*11:01	0.0	0.5614576	0.47868204	0.5030371
DQA1*06:01-DQB1*04:02	0.0	0.32915333	0.28845972	0.27888525
DRB4*01:03	0.0	0.5426191	0.3424215	0.32672232
DRB3*01:01	0.0	0.5356762	0.28235558	0.2127032
DRB1*01:01	0.0	0.0	0.32544154	0.24958014
DRB1*11:01	0.0	0.7629388	0.38290313	0.4004023
DRB1*04:04	0.0	0.35233417	0.33068666	0.31789953
DRB3*01:01	0.0	0.084686644	0.28409564	0.20820832
DRB1*04:04	0.0	0.5672618	0.36892524	0.39805004
DRB1*15:01	0.0	0.0	0.31198975	0.26135385
DRB1*03:01	0.0	0.35522264	0.2835655	0.22777636
DQA1*01:02-DQB1*05:01	0.0	0.59048915	0.7120802	0.64143413
DRB1*03:01	0.0	0.3573173	0.3296501	0.2783574
DRB5*01:01	1.0	1.0	0.70764923	0.67718285
DRB1*03:01	0.0	0.15550655	0.28363883	0.20703425
DRB4*01:03	0.0	0.084686644	0.3276052	0.28438973
DRB1*07:01	0.0	0.52642614	0.3019453	0.25393355
DQA1*06:01-DQB1*04:02	0.0	0.32683942	0.2821566	0.22150016
DRB1*08:01	0.0	0.38876897	0.28265777	0.23128879
DQA1*02:01-DQB1*02:02	0.0	0.5145674	0.30190095	0.2712296
DRB1*15:01	0.0	0.13345222	0.38651252	0.39153442
DRB5*01:01	0.0	0.5938504	0.3945362	0.3855629
DRB3*03:01	0.0	0.46236318	0.40156817	0.4174493
DRB1*03:01	0.0	0.52587765	0.6363463	0.5177598
DRB1*13:02	0.0	0.0	0.3021589	0.23413496
DQA1*02:01-DQB1*03:01	0.0	0.084686644	0.29454792	0.26505172
DRB1*11:01	1.0	0.9689021	0.71324784	0.64734435
DQA1*02:01-DQB1*04:02	0.0	0.51408476	0.2864861	0.21620446
DRB1*14:54	0.0	0.6768411	0.38698083	0.3823534
DRB3*03:01	0.0	0.6887833	0.4336956	0.4509582
DPA1*02:01-DPB1*14:01	0.0	0.21513359	0.2885996	0.22950302
DQA1*06:01-DQB1*04:02	0.0	0.45965263	0.67162067	0.52186024
DQA1*05:01-DQB1*03:03	0.0	0.22943443	0.6317538	0.561969
DRB5*01:01	0.0	0.084686644	0.712732	0.6534894
DPA1*01:03-DPB1*04:01	0.0	0.46263868	0.28448674	0.24538778
DRB1*07:01	1.0	0.82843477	0.6980347	0.6329142
DQA1*02:01-DQB1*03:03	0.0	0.49193338	0.3366036	0.3491357
DRB1*13:02	1.0	0.84077615	0.42389748	0.4573958
DRB1*13:02	1.0	0.8044086	0.7087153	0.65520644
DRB1*07:01	0.0	0.0	0.35888082	0.3401607
DRB1*15:01	0.0	0.0	0.32015625	0.2554814
DRB3*02:02	0.0	0.0	0.28475922	0.23366319
DQA1*05:01-DQB1*03:03	0.0	0.084686644	0.317817	0.33866012
DRB1*03:01	1.0	0.85125035	0.7077032	0.595987
DQA1*02:01-DQB1*04:02	0.0	0.5508399	0.43711954	0.39031675
DRB1*13:01	0.0	0.084686644	0.6120245	0.6215737
DRB1*13:02	0.0	0.047564086	0.71333665	0.6474071
DRB1*04:04	0.0	0.7703366	0.31127858	0.22949846
DQA1*02:01-DQB1*03:01	0.0	0.42599562	0.63460857	0.55215913
DRB1*13:01	0.0	0.084686644	0.35827252	0.33674437
DRB1*04:01	0.0	0.5949985	0.31488118	0.37725478
DRB1*09:01	0.0	0.52642614	0.28418168	0.23602018
DRB1*08:01	0.0	0.43454504	0.28768152	0.21136293
DRB1*03:01	0.0	0.055898253	0.3777294	0.34279114
DRB1*11:01	1.0	0.9757514	0.711662	0.64539766
DRB3*01:01	0.0	0.084686644	0.39278662	0.35752147
DQA1*05:01-DQB1*03:02	0.0	0.084686644	0.28285724	0.2359942
DRB3*03:01	0.0	0.4864194	0.4825122	0.39205196
DRB1*11:01	0.0	0.2718046	0.35672364	0.3452254
DRB1*08:01	0.0	0.0	0.6616804	0.5363217
DQB1*02:01	0.0	0.0	0.29601356	0.2832996
DRB1*01:01	0.0	0.0	0.3306614	0.24864106
DRB1*14:54	0.0	0.6185565	0.30972892	0.27741376
DRB1*04:01	0.0	0.6348129	0.48526976	0.49991596
DQA1*01:01-DQB1*05:01	0.0	0.17460172	0.28341717	0.23821892
DQA1*05:01-DQB1*04:02	0.0	0.4290138	0.2876168	0.2058031
DRB1*07:01	0.0	0.3433354	0.3173653	0.32495677
DRB3*01:01	0.0	0.6887833	0.2840327	0.21237965
DRB1*15:01	0.0	0.02062367	0.32003617	0.27110553
DRB1*14:54	0.0	0.71020716	0.667231	0.596486
DRB3*02:02	0.0	0.084686644	0.31624907	0.2560731
DRB1*13:01	0.0	0.5716429	0.33670646	0.34215054
DQA1*03:03-DQB1*04:02	0.0	0.084686644	0.28242898	0.26349252
DRB1*01:01	0.0	0.16944556	0.3743036	0.3849823
DQA1*01:02-DQB1*05:01	0.0	0.0963021	0.28816321	0.22168632
DQA1*05:01-DQB1*03:02	0.0	0.084686644	0.28762525	0.2523085
DRB3*03:01	0.0	0.29927218	0.34554633	0.28954625
DQA1*01:01-DQB1*05:01	0.0	0.0	0.287739	0.24558723
DRB1*09:01	0.0	0.084686644	0.28961062	0.2060965
DQA1*02:01-DQB1*04:02	0.0	0.39064884	0.2827188	0.274248
DRB1*11:01	0.0	0.59271634	0.4169197	0.39753062
DRB3*02:02	0.0	0.54067326	0.28374198	0.22566314
DRB1*04:04	0.0	0.26079822	0.29539967	0.27695206
DRB1*13:02	0.0	0.7437481	0.7126773	0.6508914
DRB1*04:01	0.0	0.7871874	0.6998939	0.5571719
DRB1*04:01	0.0	0.7328622	0.2823901	0.20871355
DQA1*05:01-DQB1*02:01	0.0	0.0	0.28221756	0.22216384
DRB1*01:01	0.0	0.26843712	0.32193765	0.23922962
DRB1*04:04	0.0	0.084686644	0.67415005	0.53224313
DRB1*13:01	0.0	0.77837855	0.6290362	0.5886029
DRB1*01:01	0.0	0.29454327	0.5055853	0.5746155
DRB1*08:01	0.0	0.4325314	0.28390896	0.2228539
DRB1*15:01	1.0	0.9040212	0.7076646	0.5939588
DRB1*04:04	0.0	0.30400792	0.2828891	0.21064347
DRB1*09:01	0.0	0.5286533	0.28441995	0.23558344
DRB1*04:04	0.0	0.54196596	0.2971512	0.2927954
DRB1*04:04	0.0	0.65237737	0.3825912	0.41317967
DRB4*01:01	0.0	0.0686093	0.31414232	0.38179743
DRB1*01:02	0.0	0.0	0.6937592	0.5284966
DQA1*01:03-DQB1*06:03	0.0	0.35784847	0.286527	0.24719948
DRB3*02:02	0.0	0.084686644	0.28616595	0.2367824
DRB5*01:01	1.0	0.8201525	0.37092042	0.36588803
DRB5*01:01	0.0	0.0	0.348637	0.28899547
DRB1*01:01	0.0	0.5044915	0.59723794	0.5791054
DRB1*04:01	0.0	0.19844408	0.69007057	0.60697293
DRB4*01:03	0.0	0.44441864	0.43038866	0.44053662
DRB1*11:01	0.0	0.42235643	0.7151428	0.6582507
DRB1*09:01	0.0	0.5221266	0.59042084	0.5036361
DRB1*14:54	0.0	0.5231829	0.31250086	0.29706448
DRB1*07:01	0.0	0.04721221	0.2939986	0.22913268
DRB1*11:01	0.0	0.11948526	0.71267223	0.66559166
DQA1*02:01-DQB1*03:01	0.0	0.2782912	0.28451702	0.21248128
DRB1*13:01	0.0	0.7062737	0.31582972	0.2917797
DRB3*03:01	0.0	0.28338423	0.35528636	0.32135546
DQA1*01:03-DQB1*06:03	0.0	0.084686644	0.28319997	0.2258936
DRB3*02:02	0.0	0.63132477	0.28340316	0.22082432
DRB1*11:01	0.0	0.45045602	0.37101045	0.35827234
DQA1*05:01-DQB1*04:02	0.0	0.3010798	0.28481302	0.26880676
DRB1*07:01	0.0	0.6614014	0.71180815	0.6428052
DRB1*08:01	0.0	0.1820719	0.2841699	0.22212887
DRB1*11:01	0.0	0.39192367	0.65559405	0.6253734
DRB1*04:01	0.0	0.084686644	0.2947821	0.25678676
DRB5*01:01	0.0	0.084686644	0.37031832	0.36439577
DQB1*03:01	0.0	0.15290843	0.28448886	0.24153697
DRB1*13:01	1.0	0.8984626	0.7119489	0.6211618
DRB1*07:01	1.0	0.8125518	0.63549876	0.61902356
DQB1*03:02	0.0	0.19105722	0.6272515	0.6018304
DRB1*01:01	0.0	0.0	0.36198103	0.34587258
DPB1*04:02	0.0	0.084686644	0.28251696	0.20691091
DRB1*08:01	0.0	0.084686644	0.30112052	0.20375481
DRB1*11:01	0.0	0.49739456	0.69119966	0.6900982
DRB1*01:01	0.0	0.2971303	0.70101255	0.7013364
DRB1*04:01	0.0	0.0	0.28935418	0.25598323
DPA1*02:01-DPB1*14:01	0.0	0.18916315	0.29493937	0.25959322
DRB4*01:03	0.0	0.7871874	0.694578	0.63639283
DRB1*04:05	0.0	0.5716429	0.2850539	0.27478397
DRB3*02:02	0.0	0.29749924	0.29328474	0.303148
DPA1*02:01-DPB1*01:01	0.0	0.0	0.29646993	0.23451138
DQA1*05:01-DQB1*04:02	0.0	0.37934187	0.2821957	0.22476628
DRB1*01:01	0.0	0.0	0.3501493	0.30769697
DRB1*09:01	0.0	0.46263868	0.66953117	0.53899765
DRB1*11:01	0.0	0.46629667	0.36053288	0.333121
DRB1*01:01	0.0	0.4380723	0.3687947	0.34589058
DRB1*01:01	1.0	0.8984626	0.3891173	0.3867477
DRB1*03:01	0.0	0.33874658	0.6918117	0.59457904
DRB1*08:01	0.0	0.084686644	0.29329568	0.20714569
DQA1*05:01-DQB1*04:02	0.0	0.49384698	0.28448573	0.2755073
DRB5*01:01	0.0	0.02062367	0.36244053	0.3540133
DRB1*04:01	0.0	0.55907744	0.30369666	0.30438775
DQA1*02:01-DQB1*03:03	0.0	0.30984065	0.28374422	0.22758996
DQA1*03:03-DQB1*04:02	0.0	0.084686644	0.28323004	0.24870521
DRB1*07:01	0.0	0.28064847	0.34980857	0.23314376
DQA1*02:01-DQB1*03:01	0.0	0.35051215	0.29397458	0.25103799
DRB5*01:01	0.0	0.4775781	0.37196058	0.35482433
DRB1*04:04	0.0	0.23267691	0.28637475	0.23408128
DRB3*02:02	0.0	0.0	0.29119137	0.2767348
DRB1*09:01	0.0	0.0	0.2845059	0.21183226
DRB1*14:54	0.0	0.7062737	0.7084521	0.642863
DQA1*02:01-DQB1*04:02	0.0	0.31993118	0.28265837	0.23527423
DRB1*11:01	0.0	0.19046023	0.35829562	0.35140377
DRB3*01:01	0.0	0.084686644	0.28671178	0.20646164
DRB3*02:02	0.0	0.0	0.29243228	0.24080305
DRB1*11:01	0.0	0.0	0.3538182	0.32502317
DRB3*02:02	0.0	0.084686644	0.28758723	0.24329063
DRB1*11:01	0.0	0.4631921	0.36305174	0.34048077
DQA1*02:01-DQB1*03:03	0.0	0.277246	0.282854	0.24289438
DRB1*04:01	0.0	0.1325636	0.28676534	0.2348709
DQA1*05:01-DQB1*03:02	0.0	0.47252983	0.29615402	0.26911247
DRB1*07:01	0.0	0.4190271	0.41133878	0.47724926
DQB1*03:02	0.0	0.22448047	0.2877421	0.25811327
DPA1*01:03-DPB1*02:01	0.0	0.44441864	0.71115863	0.65206265
DQA1*06:01-DQB1*04:02	0.0	0.084686644	0.28201565	0.23275383
DQA1*05:01-DQB1*03:02	0.0	0.2690805	0.2866371	0.2068815
DQA1*02:01-DQB1*03:01	0.0	0.084686644	0.30578333	0.2801355
DQA1*05:01-DQB1*02:01	1.0	0.91718054	0.6917712	0.5809847
DQA1*05:01-DQB1*03:02	0.0	0.28902707	0.28222647	0.21010318
DRB1*03:01	0.0	0.0	0.38135666	0.3206811
DQA1*02:01-DQB1*04:02	0.0	0.3996859	0.5284351	0.43288654
DRB5*01:01	0.0	0.0	0.34016588	0.28480428
DRB1*03:01	0.0	0.0	0.35925072	0.3318039
DRB3*03:01	0.0	0.6662669	0.69963413	0.6661303
DRB1*04:05	0.0	0.0	0.2823476	0.22303878
DRB1*08:01	0.0	0.44240203	0.29180685	0.26776373
DRB1*07:01	0.0	0.30064848	0.31626773	0.31745392
DRB1*11:01	0.0	0.6953878	0.36330497	0.3631183
DRB1*14:54	0.0	0.32915333	0.31907403	0.31328374
DRB3*02:02	0.0	0.084686644	0.2846106	0.23095866
DRB1*15:01	1.0	0.82420087	0.37011623	0.35835165
DQA1*02:01-DQB1*03:03	0.0	0.4015189	0.28291652	0.2885503
DQA1*02:01-DQB1*04:02	0.0	0.7328622	0.2828379	0.22832184
DRB1*04:04	0.0	0.62158704	0.34732088	0.3634289
DRB1*09:01	0.0	0.7871874	0.28267977	0.23507424
DRB1*07:01	0.0	0.29749924	0.31749305	0.29926497
DPB1*01:01	0.0	0.29749924	0.3221524	0.33108795
DRB1*15:01	0.0	0.42146862	0.5642701	0.4965034
DQA1*01:02-DQB1*05:01	0.0	0.4015189	0.71310425	0.62521017
DRB1*11:01	1.0	0.87187403	0.6961251	0.6776092
DRB1*11:01	0.0	0.37833908	0.36987114	0.3673363
DRB3*02:02	0.0	0.0	0.2892995	0.27992815
DRB1*13:01	0.0	0.084686644	0.29484823	0.21372736
DQA1*06:01-DQB1*04:02	0.0	0.42041433	0.28437546	0.26399854
DRB1*09:01	0.0	0.6567793	0.28368747	0.21290268
DRB1*15:01	1.0	0.87187403	0.37417838	0.36900607
DRB5*01:01	0.0	0.37767655	0.37511533	0.3697287
DRB1*09:01	1.0	0.8201525	0.69206506	0.57142186
DRB1*07:01	0.0	0.7278651	0.7119921	0.5661715
DRB5*01:01	1.0	0.87187403	0.46720928	0.49851102
DRB5*01:01	0.0	0.3994071	0.35358483	0.3079742
DRB5*01:01	0.0	0.53939843	0.35070243	0.28614783
DPA1*01:03-DPB1*04:01	0.0	0.0	0.28295994	0.22427927
DPA1*02:01-DPB1*14:01	0.0	0.31870237	0.6995982	0.5680374
DRB1*04:04	0.0	0.56556594	0.36698323	0.35228443
DQA1*06:01-DQB1*04:02	0.0	0.084686644	0.28328487	0.22303729
DRB1*15:01	0.0	0.4178301	0.3222191	0.26831582
DQA1*05:01-DQB1*04:02	0.0	0.28869036	0.28244078	0.22138007
DRB1*03:01	0.0	0.62158704	0.28573662	0.2443519
DRB5*01:01	0.0	0.70250076	0.343519	0.28051996
DRB1*07:01	0.0	0.1815037	0.29518238	0.22943416
DRB4*01:03	0.0	0.60866976	0.36899146	0.37723067
DRB1*07:01	0.0	0.7629388	0.5196498	0.5871079
DRB1*09:01	0.0	0.0	0.28637958	0.20661218
DRB1*15:01	0.0	0.32539085	0.3312993	0.29239374
DRB1*08:01	0.0	0.084686644	0.6342169	0.50732094
DRB4*01:01	0.0	0.4325314	0.4882972	0.45214304
DRB1*15:01	0.0	0.7703366	0.37163	0.3570048
DRB1*11:01	0.0	0.084686644	0.34085563	0.29521474
DQA1*05:01-DQB1*03:02	0.0	0.4325314	0.28319633	0.23172139
DRB1*13:01	1.0	0.85125035	0.70983136	0.6561361
DRB1*13:01	0.0	0.084686644	0.29436496	0.21818985
DQB1*03:01	0.0	0.0	0.28954652	0.245931
DQA1*03:01-DQB1*03:02	0.0	0.084686644	0.2819206	0.2080534
DRB1*04:05	0.0	0.0	0.28276008	0.21493153
DQB1*03:02	0.0	0.14826107	0.29607272	0.30480194
DRB1*15:01	0.0	0.53628623	0.6981403	0.6032595
DRB1*04:05	0.0	0.15038134	0.28676987	0.2890545
DRB3*02:02	1.0	0.83439964	0.29692265	0.29199278
DQB1*03:02	0.0	0.0	0.29250264	0.2708006
DRB1*13:01	0.0	0.2189452	0.30927658	0.2710004
DRB3*01:01	0.0	0.59616107	0.28226674	0.21066013
DRB1*09:01	0.0	0.0	0.6986506	0.58444965
DRB1*13:01	0.0	0.3235349	0.3207479	0.30111268
DQA1*02:01-DQB1*04:02	0.0	0.20154956	0.3169821	0.3249889
DRB1*04:04	0.0	0.6073399	0.29124728	0.26711366
DRB1*09:01	0.0	0.56641	0.6495884	0.5467541
DRB4*01:01	0.0	0.52753305	0.2842564	0.24865356
DRB1*08:02	0.0	0.32004908	0.39423752	0.3733629
DRB1*04:01	0.0	0.7560895	0.33684227	0.28874582
DQA1*06:01-DQB1*04:02	0.0	0.69887584	0.69362384	0.5739635
DRB1*04:01	0.0	0.3303324	0.66795164	0.5887543
DRB3*01:01	0.0	0.084686644	0.2838141	0.25366902
DRB1*04:01	1.0	1.0	0.29130998	0.24038756
DRB1*04:01	0.0	0.0	0.29051298	0.2597574
DRB1*11:01	1.0	0.9565607	0.7014217	0.64838874
DRB1*07:01	0.0	0.5639006	0.7118669	0.657108
DRB1*13:01	0.0	0.084686644	0.30978942	0.274302
DRB3*01:01	0.0	0.3792299	0.2840644	0.25510633
DRB3*02:02	0.0	0.13360901	0.5879508	0.5091375
DRB3*02:02	0.0	0.0	0.28509128	0.23676711
DRB1*01:01	0.0	0.13182187	0.4801774	0.50908023
DRB1*03:01	0.0	0.036189485	0.28231508	0.21121734
DRB1*11:01	0.0	0.084686644	0.34497976	0.2945673
DRB1*04:01	0.0	0.21062064	0.29633313	0.29680166
DQA1*02:01-DQB1*04:02	0.0	0.084686644	0.29449797	0.27208212
DRB1*07:01	0.0	0.084686644	0.3098102	0.2659158
DRB1*13:01	1.0	0.8984626	0.70351636	0.56579334
DRB1*13:02	0.0	0.0	0.30493674	0.23876898
DRB1*15:01	0.0	0.5938504	0.5552532	0.6155732
DRB1*04:01	0.0	0.12455082	0.2866085	0.22938779
DRB1*01:01	0.0	0.42655408	0.7142853	0.6397569
DRB5*01:01	0.0	0.30984065	0.3714187	0.3655072
DRB1*03:01	0.0	0.084686644	0.28888503	0.27326906
DRB4*01:01	0.0	0.084686644	0.28236002	0.21704736
DRB1*07:01	0.0	0.4114309	0.32439867	0.3181046
DRB1*07:01	0.0	0.473146	0.3149717	0.30793506
DRB1*04:01	0.0	0.21183807	0.40545925	0.4824559
DRB3*01:01	0.0	0.44240203	0.28304398	0.21879306
DRB1*07:01	0.0	0.22039853	0.46861026	0.46567607
DRB3*01:01	0.0	0.0	0.28639516	0.2185193
DRB3*02:02	0.0	0.084686644	0.2840877	0.22839396
DRB1*01:01	0.0	0.26315808	0.4357921	0.43767324
DQA1*03:03-DQB1*04:02	0.0	0.084686644	0.28177252	0.25929627
DRB1*13:02	0.0	0.277246	0.68774384	0.5828678
DQA1*02:01-DQB1*04:02	0.0	0.2912892	0.28216285	0.23653048
DRB4*01:03	0.0	0.6768411	0.67951584	0.6176089
DRB1*03:01	0.0	0.31975463	0.33531052	0.3354754
DRB1*07:01	0.0	0.19449475	0.32299012	0.27228597
DRB3*03:01	0.0	0.5707499	0.41397074	0.45109516
DRB4*01:03	0.0	0.591596	0.59397364	0.5477232
DRB1*01:01	0.0	0.0	0.3290391	0.26869446
DRB4*01:01	0.0	0.02062367	0.28224385	0.22563203
DRB1*13:02	0.0	0.0	0.335398	0.3234199
DRB1*11:01	0.0	0.549418	0.426677	0.44258603
DRB1*13:02	0.0	0.0	0.33281073	0.30595386
DRB1*11:01	0.0	0.42674097	0.34024972	0.29450142
DRB1*08:02	0.0	0.5356762	0.70589167	0.594653
DPA1*02:01-DPB1*05:01	0.0	0.0	0.28310263	0.22085705
DRB1*14:54	0.0	0.6545521	0.33843395	0.33963907
DRB1*14:54	0.0	0.5480176	0.37203386	0.4022051
DRB1*04:01	0.0	0.54663813	0.2837996	0.21618795
DRB1*11:01	0.0	0.4667571	0.53170395	0.5577457
DRB4*01:03	0.0	0.2630307	0.3426933	0.30872855
DRB1*04:01	0.0	0.4759707	0.2822078	0.20667645
DRB1*01:01	0.0	0.0	0.32628012	0.23821405
DRB1*13:01	0.0	0.0	0.7105868	0.62747043
DRB1*07:01	0.0	0.0	0.3067754	0.27037966
DRB1*03:01	0.0	0.38989228	0.2848971	0.24581842
DRB1*11:01	1.0	0.9509576	0.41879037	0.45287204
DRB4*01:03	0.0	0.28060997	0.31618428	0.24114206
DRB1*04:04	0.0	0.0	0.2909926	0.26026365
DQA1*01:03-DQB1*06:03	0.0	0.084686644	0.29678926	0.29174587
DRB3*01:01	0.0	0.084686644	0.28588828	0.23641247
DRB1*12:01	0.0	0.0	0.28272083	0.25297752
DRB1*07:01	0.0	0.0	0.29605263	0.22989976
DRB1*12:01	0.0	0.4325314	0.28630427	0.27238196
DRB1*11:01	0.0	0.0	0.31819668	0.23268628
DQA1*02:01-DQB1*03:01	0.0	0.33000335	0.28903168	0.2248317
DQA1*05:01-DQB1*03:02	0.0	0.3859588	0.35093635	0.33046412
DRB1*13:01	0.0	0.4261814	0.3557499	0.4027065
DQA1*05:01-DQB1*04:02	0.0	0.3156156	0.28422052	0.26515308
DRB1*11:01	0.0	0.26925054	0.41270345	0.43237358
DRB1*13:02	0.0	0.0	0.31418878	0.25154394
DRB1*11:01	0.0	0.60866976	0.70987695	0.6558558
DRB1*09:01	0.0	0.0	0.28955868	0.25321114
DQB1*05:01	0.0	0.36156222	0.3241163	0.31084722
DPB1*04:02	0.0	0.0	0.28282726	0.21503532
DRB1*11:01	0.0	0.77837855	0.699449	0.6456851
DQA1*05:01-DQB1*03:02	0.0	0.1605014	0.7013457	0.6079255
DRB1*07:01	0.0	0.7871874	0.63328564	0.57760763
DRB3*02:02	0.0	0.7437481	0.513746	0.51933116
DRB3*01:01	0.0	0.28526765	0.28341335	0.26454014
DQA1*01:01-DQB1*05:01	0.0	0.0	0.4450663	0.26448473
DRB1*09:01	0.0	0.084686644	0.2832181	0.22789408
DQA1*05:01-DQB1*03:03	0.0	0.26201785	0.28191116	0.21860087
DRB1*01:01	0.0	0.40010568	0.71307176	0.6433176
DRB1*09:01	0.0	0.610019	0.29414058	0.28653032
DRB1*01:01	0.0	0.0	0.33591825	0.2624115
DQA1*01:02-DQB1*05:01	0.0	0.084686644	0.28696558	0.21637407
DPA1*02:01-DPB1*14:01	0.0	0.0	0.48669395	0.51026595
DRB1*08:02	0.0	0.0	0.28778332	0.2540706
DRB1*11:01	0.0	0.084686644	0.34159365	0.30078512
DRB1*09:01	0.0	0.5639006	0.5487723	0.457027
DRB3*02:02	0.0	0.56307906	0.48233587	0.47516543
DRB1*03:01	1.0	0.85125035	0.2864782	0.24709646
DQA1*02:01-DQB1*03:01	0.0	0.49942595	0.29738075	0.2729435
DRB1*13:01	0.0	0.6768411	0.66886395	0.619823
DRB1*15:01	0.0	0.46487257	0.3069208	0.22748464
DQA1*05:01-DQB1*03:02	0.0	0.084686644	0.28285173	0.20754369
DQA1*02:01-DQB1*04:02	0.0	0.084686644	0.28738606	0.21406911
DRB1*04:04	0.0	0.71861506	0.28904533	0.24558814
DRB1*04:04	0.0	0.398852	0.4434672	0.4866522
DRB1*13:01	0.0	0.084686644	0.29629904	0.22229128
DRB1*08:02	0.0	0.0	0.29888463	0.2907086
DRB1*07:01	0.0	0.0	0.30217832	0.24959543
DRB1*11:01	0.0	0.0	0.3417128	0.2730255
DRB1*04:05	0.0	0.16916557	0.47905403	0.44442993
DQA1*02:01-DQB1*03:03	0.0	0.48257518	0.2860952	0.26332596
DRB1*03:01	0.0	0.7560895	0.70377785	0.5745597
DRB1*07:01	0.0	0.0	0.295824	0.23187888
DRB1*03:01	0.0	0.052538484	0.283245	0.22326152
DRB1*08:01	0.0	0.3588303	0.28326154	0.22978303
DRB1*11:01	0.0	0.0	0.30833662	0.22008933
DQA1*03:03-DQB1*04:02	0.0	0.084686644	0.2887884	0.2736895
DRB1*14:54	0.0	0.738145	0.56475717	0.5773319
DRB1*09:01	0.0	0.7328622	0.2896461	0.25342807
DQA1*01:02-DQB1*05:01	0.0	0.51360464	0.30946368	0.2644441
DRB1*03:01	0.0	0.084686644	0.29002437	0.23669806
DQA1*06:01-DQB1*04:02	0.0	0.30770028	0.28465408	0.24805255
DRB1*13:01	0.0	0.6768411	0.30667585	0.25131002
DRB1*07:01	0.0	0.084686644	0.29720968	0.22781798
DRB1*11:01	0.0	0.13683434	0.35781452	0.34276313
DQA1*01:02-DQB1*05:01	0.0	0.33206245	0.3104868	0.2653921
DRB1*13:01	0.0	0.084686644	0.3348046	0.33623654
DQA1*02:01-DQB1*03:03	0.0	0.23942578	0.2833932	0.21616335
DQA1*02:01-DQB1*03:03	0.0	0.2613904	0.28420913	0.22544508
DRB1*04:04	1.0	0.85125035	0.7105969	0.6045354
DRB1*01:01	0.0	0.084686644	0.4269754	0.40255046
DRB1*04:04	0.0	0.5672618	0.2963133	0.2935462
DQA1*03:03-DQB1*04:02	0.0	0.5053634	0.28364986	0.2180612
DQA1*02:01-DQB1*04:02	1.0	0.85125035	0.31802464	0.2715379
DRB1*01:01	0.0	0.0	0.68635553	0.64135975
DQA1*05:01-DQB1*02:01	0.0	0.3708901	0.2915739	0.26015818
DPA1*02:01-DPB1*01:01	0.0	0.0	0.30342546	0.28010333
DRB1*09:01	0.0	0.39064884	0.28307816	0.21868326
DRB3*01:01	0.0	0.15868272	0.670395	0.5904609
DRB1*15:01	0.0	0.6768411	0.48452216	0.5196546
DRB1*08:01	0.0	0.5938504	0.28718084	0.29840314
DPA1*02:01-DPB1*01:01	0.0	0.0	0.3324579	0.34601188
DQA1*05:01-DQB1*04:02	0.0	0.4882211	0.28230578	0.2376308
DQA1*02:01-DQB1*03:01	0.0	0.3857184	0.2965423	0.2567612
DRB1*01:01	0.0	0.02062367	0.32967496	0.24782461
DQA1*02:01-DQB1*04:02	0.0	0.084686644	0.65294266	0.5545503
DQA1*02:01-DQB1*04:02	0.0	0.084686644	0.29007003	0.20942378
DRB4*01:03	0.0	0.59271634	0.41198435	0.4399297
DRB5*01:01	0.0	0.084686644	0.33597615	0.26261973
DRB3*03:01	1.0	0.87187403	0.5585566	0.58307874
DRB1*04:01	0.0	0.35892007	0.29698852	0.24643789
DRB1*08:01	0.0	0.20407096	0.28656703	0.25736013
DRB1*07:01	0.0	0.7871874	0.33590645	0.34663463
DRB1*11:01	0.0	0.17510432	0.36970708	0.31079978
DRB1*08:01	0.0	0.084686644	0.28736198	0.21695219
DQA1*01:01-DQB1*05:01	0.0	0.0	0.28400224	0.2437776
DRB1*13:02	0.0	0.0	0.70616126	0.636202
DRB3*03:01	1.0	0.87187403	0.44898367	0.379753
DQA1*06:01-DQB1*04:02	0.0	0.2894073	0.282132	0.21758875
DRB1*03:01	0.0	0.7328622	0.29919735	0.28667796
DRB1*09:01	0.0	0.31355858	0.28323948	0.22047493
DRB1*07:01	0.0	0.7959039	0.71174806	0.6505064
DRB1*04:01	0.0	0.56556594	0.29633123	0.29418564
DRB4*01:03	0.0	0.084686644	0.32104227	0.26323918
DQA1*05:01-DQB1*03:03	0.0	0.38876897	0.28633156	0.281753
DRB1*09:01	0.0	0.31600997	0.28331336	0.24576472
DRB1*04:05	0.0	0.5647295	0.59077305	0.50001526
DQA1*03:03-DQB1*04:02	0.0	0.5185219	0.28533134	0.21404797
DQA1*06:01-DQB1*04:02	0.0	0.24598917	0.28411794	0.274454
DRB1*01:01	0.0	0.07840318	0.36347842	0.34681624
DQA1*06:01-DQB1*04:02	0.0	0.084686644	0.28264907	0.22211017
DRB1*11:01	0.0	0.06349539	0.68745863	0.652373
DPB1*01:01	0.0	0.29749924	0.7066591	0.60777533
DQA1*02:01-DQB1*03:03	0.0	0.26170358	0.36292028	0.33255276
DRB1*04:01	0.0	0.0	0.28906262	0.24445592
DRB1*11:01	0.0	0.58514524	0.40280324	0.34151554
DRB1*13:01	1.0	0.85125035	0.71191835	0.61955875
DQA1*03:03-DQB1*04:02	0.0	0.21961926	0.28627554	0.21689528
DPB1*04:02	0.0	0.084686644	0.2821104	0.20730509
DQA1*02:01-DQB1*03:03	0.0	0.1854601	0.28838444	0.21238552
DQA1*03:03-DQB1*04:02	0.0	0.6567793	0.6178004	0.50519574
DRB1*03:01	0.0	0.084686644	0.28440872	0.22904906
DRB1*03:01	0.0	0.37422106	0.30214888	0.30905095
DRB1*08:01	0.0	0.3869266	0.2837397	0.25302082
DRB1*15:01	0.0	0.25432023	0.32656687	0.29961222
DRB1*04:03	0.0	0.31306505	0.32131696	0.3006967
DRB5*01:01	1.0	0.85125035	0.4454522	0.32222658
DRB1*01:01	0.0	0.10710093	0.33948153	0.27336216
DRB1*04:04	0.0	0.2523714	0.28691065	0.24220867
DRB1*03:01	0.0	0.330795	0.28263882	0.21167971
DRB1*04:01	0.0	0.45859027	0.29162106	0.25053304
DRB1*11:01	0.0	0.4185122	0.34870633	0.30302453
DQA1*01:02-DQB1*05:01	0.0	0.42129207	0.32524008	0.28795722
DRB1*14:54	0.0	0.62472034	0.31509414	0.28525907
DRB1*07:01	0.0	0.6953878	0.53679526	0.5669215
DRB1*15:02	0.0	0.0	0.2849035	0.20688759
DRB3*03:01	0.0	0.64817554	0.37798148	0.36742303
DRB1*07:01	0.0	0.56226474	0.38406825	0.34577683
DQA1*02:01-DQB1*03:01	0.0	0.084686644	0.3110468	0.3137494
DRB1*01:01	0.0	0.7871874	0.3497217	0.29236692
DRB1*03:01	0.0	0.0	0.6079054	0.515279
DRB1*04:03	0.0	0.34784475	0.41901302	0.41964683
DRB1*13:02	0.0	0.0	0.43621555	0.4406477
DRB1*08:02	0.0	0.0	0.2881436	0.25596538
DRB1*08:01	0.0	0.084686644	0.29035804	0.20996885
DRB3*01:01	0.0	0.0	0.2823314	0.25784457
DRB3*02:02	0.0	0.3800165	0.2936095	0.27413708
DQA1*02:01-DQB1*03:01	0.0	0.084686644	0.2861102	0.22056201
DRB3*02:02	0.0	0.0	0.2916031	0.21936384
DRB1*11:01	0.0	0.44994536	0.38107783	0.36373094
DRB4*01:03	0.0	0.50492644	0.41133383	0.41054964
DRB3*01:01	0.0	0.24968822	0.2832791	0.24833211
DRB1*08:01	0.0	0.4158135	0.29106423	0.20269552
DRB1*07:01	0.0	0.29993403	0.3012542	0.24703325
DRB3*02:02	0.0	0.084686644	0.37752056	0.3882123
DRB1*04:04	0.0	0.23890951	0.2898418	0.25374737
DRB3*02:02	0.0	0.27208498	0.3004617	0.30832738
DRB1*07:01	0.0	0.40724674	0.29869345	0.2485808
DRB1*01:01	0.0	0.5792899	0.46708867	0.4851616
DRB3*01:01	0.0	0.0	0.28473288	0.20861152
DRB1*01:01	0.0	0.0	0.37325433	0.33781272
DRB1*13:01	0.0	0.3444039	0.34312198	0.28957993
DRB1*04:04	0.0	0.30606353	0.30111524	0.30491668
DRB1*09:01	0.0	0.63132477	0.35018024	0.32833037
DRB1*04:01	0.0	0.37475252	0.30670696	0.29417053
DQA1*06:01-DQB1*04:02	0.0	0.32501668	0.2819398	0.21899611
DRB1*15:01	0.0	0.29585043	0.32338062	0.2904232
DQA1*03:03-DQB1*04:02	0.0	0.084686644	0.282821	0.22503158
DQA1*01:02-DQB1*05:01	0.0	0.6384378	0.3027196	0.28465164
DRB1*15:01	0.0	0.40877444	0.36004883	0.3673725
DQB1*03:01	0.0	0.29639676	0.41440934	0.44883615
DRB1*03:01	0.0	0.48500293	0.28501818	0.24932009
DRB1*13:01	0.0	0.19508795	0.31080565	0.2661687
DRB1*04:05	0.0	0.0	0.28419948	0.21284269
DRB1*04:01	1.0	1.0	0.697348	0.49583077
DQA1*01:02-DQB1*05:01	0.0	0.23048028	0.2932238	0.23217839
DQA1*02:01-DQB1*03:03	0.0	0.32908827	0.3032425	0.26850492
DQA1*05:01-DQB1*03:02	0.0	0.59616107	0.3154895	0.32712692
DRB3*01:01	0.0	0.3154471	0.4861313	0.4072998
DRB1*01:01	0.0	0.36156222	0.41647977	0.43465546
DRB4*01:03	0.0	0.51603055	0.3895842	0.36526254
DRB1*15:01	0.0	0.084686644	0.39365476	0.43289202
DRB1*11:01	0.0	0.18673378	0.35513973	0.34121594
DRB5*01:01	0.0	0.0	0.35525137	0.29762906
DRB1*01:01	0.0	0.5318644	0.6305974	0.5865903
DRB1*14:54	0.0	0.31472045	0.31119007	0.2737242
DPA1*01:03-DPB1*04:01	0.0	0.17383471	0.36812964	0.37772104
DRB1*04:05	0.0	0.30026674	0.32571313	0.35347307
DQA1*01:01-DQB1*05:01	0.0	0.0	0.29407406	0.2645416
DQA1*05:01-DQB1*03:02	0.0	0.084686644	0.64374214	0.5517668
DRB1*12:02	0.0	0.48189306	0.28244275	0.21694808
DRB1*11:01	0.0	0.17798829	0.47984412	0.520754
DRB1*03:01	0.0	0.084686644	0.28311506	0.21587996
DQA1*02:01-DQB1*03:03	0.0	0.084686644	0.3020512	0.235425
DQA1*05:01-DQB1*03:02	0.0	0.084686644	0.2846094	0.23921546
DRB1*07:01	0.0	0.58939534	0.32475632	0.3422826
DRB3*02:02	0.0	0.55829746	0.6006728	0.5773253
DRB3*03:01	0.0	0.084686644	0.38166022	0.37654263
DRB1*03:01	0.0	0.68261945	0.2933526	0.26523408
DRB1*15:01	1.0	0.8673647	0.7108473	0.53485376
DQA1*02:01-DQB1*03:03	0.0	0.51408476	0.28403723	0.22907886
DQA1*02:01-DQB1*04:02	1.0	0.8984626	0.28282586	0.23232102
DRB1*01:01	0.0	0.22892691	0.34677	0.2802366
DQA1*03:03-DQB1*04:02	0.0	0.28839675	0.28292724	0.24914266
DRB3*03:01	0.0	0.46208853	0.35656518	0.3268572
DRB1*13:02	0.0	0.25328338	0.7109651	0.6455128
DRB1*01:01	0.0	0.16944264	0.408751	0.35722843
DRB1*12:01	0.0	0.0	0.28271466	0.21871258
DRB1*11:01	0.0	0.33881882	0.33181727	0.26145187
DPA1*02:01-DPB1*14:01	0.0	0.11340053	0.32024565	0.29500157
DQA1*02:01-DQB1*03:01	0.0	0.34945214	0.29621357	0.26492023
DRB1*03:01	0.0	0.0	0.28489837	0.22304675
DRB1*07:01	1.0	1.0	0.70800215	0.55343544
DRB1*13:02	0.0	0.17893152	0.7128679	0.62595236
DRB3*03:01	0.0	0.4969936	0.33910432	0.27409717
DRB1*09:01	0.0	0.23068191	0.31721926	0.2501482
DRB3*01:01	0.0	0.38989228	0.28244305	0.23479107
DRB1*07:01	0.0	0.41254732	0.29743657	0.24102315
DRB1*13:02	0.0	0.0	0.31392643	0.2690362
DQA1*05:01-DQB1*03:02	0.0	0.30790693	0.2821803	0.21523367
DRB1*12:01	0.0	0.0	0.28180975	0.236246
DRB1*11:01	0.0	0.59271634	0.40623325	0.3626156
DRB1*11:01	0.0	0.6348129	0.70814323	0.66734445
DRB1*14:54	0.0	0.6567793	0.37414035	0.3368262
DQA1*03:03-DQB1*04:02	0.0	0.1510422	0.29093757	0.20959753
DRB1*08:02	0.0	0.27135077	0.29077128	0.26526928
DRB1*09:01	0.0	0.15006207	0.28223106	0.21689628
DRB3*02:02	0.0	0.084686644	0.29854026	0.28714067
DRB1*07:01	0.0	0.44835213	0.29542518	0.23192501
DQA1*01:03-DQB1*06:03	0.0	0.084686644	0.28674018	0.25152653
DQA1*01:02-DQB1*05:01	0.0	0.084686644	0.29410738	0.24393784
DRB1*03:01	0.0	0.053846583	0.68586934	0.5775669
DRB1*15:01	0.0	0.34242928	0.38609552	0.47471637
DQA1*02:01-DQB1*03:01	0.0	0.18812427	0.3112249	0.2877643
DQA1*05:01-DQB1*04:02	0.0	0.084686644	0.2829277	0.21451698
DRB1*11:01	0.0	0.5544935	0.37338036	0.3748425
DQA1*02:01-DQB1*03:03	0.0	0.084686644	0.28742856	0.21269155
DRB1*08:02	0.0	0.3047047	0.29185572	0.25814232
DRB1*11:01	0.0	0.0	0.37701797	0.3699469
DRB4*01:03	0.0	0.084686644	0.3145683	0.24204114
DQA1*01:03-DQB1*06:03	0.0	0.084686644	0.2837284	0.23458272
DQA1*02:01-DQB1*04:02	0.0	0.15471448	0.30579665	0.19728786
DRB1*04:05	0.0	0.2096867	0.2819489	0.22252691
DRB4*01:03	0.0	0.29133242	0.30885237	0.22771795
DRB1*07:01	0.0	0.36987334	0.7023061	0.6276866
DRB1*03:01	0.0	0.3938695	0.29607818	0.2943469
DRB1*08:02	0.0	0.12719898	0.32480517	0.3303581
DRB1*15:01	0.0	0.084686644	0.30686188	0.23209837
DQA1*02:01-DQB1*03:01	0.0	0.5036277	0.6021795	0.5383885
DRB1*03:01	0.0	0.61562216	0.2900434	0.23999968
DPB1*01:01	0.0	0.29749924	0.4645338	0.4248625
DRB1*14:54	0.0	0.17840773	0.31476718	0.27321875
DRB1*07:01	0.0	0.20688817	0.33381236	0.29327944
DPA1*03:01-DPB1*04:02	0.0	0.21730068	0.53088236	0.5522821
DRB3*03:01	0.0	0.58618957	0.36273888	0.33183676
DRB1*12:01	0.0	0.0	0.28590772	0.20779112
DRB1*07:01	0.0	0.29927218	0.30147442	0.26499835
DRB5*01:01	0.0	0.6263277	0.5497602	0.56001717
DRB3*03:01	0.0	0.40985903	0.35419616	0.2908519
DRB1*07:01	0.0	0.27321512	0.31135887	0.27089024
DRB3*01:01	0.0	0.27349982	0.28233168	0.24594915
DRB1*08:02	0.0	0.23582363	0.28983513	0.2758168
DQA1*05:01-DQB1*03:02	0.0	0.24475352	0.28508043	0.23065013
DRB5*01:01	1.0	0.83439964	0.459657	0.47684798
DRB1*01:01	0.0	0.0	0.7102173	0.650317
DRB1*03:01	0.0	0.2584668	0.28309846	0.22820008
DRB1*08:01	0.0	0.3171461	0.28823137	0.21622635
DRB1*14:54	0.0	0.3052559	0.31797755	0.28000653
DQA1*01:02-DQB1*05:01	0.0	0.084686644	0.28862816	0.22252606
DRB1*11:01	0.0	0.71861506	0.43925408	0.31662923
DRB1*11:01	0.0	0.6714029	0.5197971	0.49548453
DRB1*07:01	0.0	0.16301215	0.686451	0.6040658
DRB1*13:01	0.0	0.0	0.32593268	0.33033988
DRB3*03:01	0.0	0.5544935	0.4238768	0.44252497
DRB4*01:01	0.0	0.0	0.28388426	0.26141268
DRB1*14:54	0.0	0.20628336	0.298724	0.23650596
DPA1*03:01-DPB1*04:02	0.0	0.0	0.29467058	0.2636637
DQA1*05:01-DQB1*02:01	0.0	0.61707765	0.28257513	0.22876689
DRB1*07:01	0.0	0.02062367	0.39007515	0.37734967
DRB1*13:02	1.0	1.0	0.71400064	0.64323866
DRB4*01:03	0.0	0.084686644	0.3259766	0.28520626
DRB1*08:02	0.0	0.55228406	0.30002695	0.28564227
DQA1*01:01-DQB1*05:01	0.0	0.0	0.2851468	0.26792443
DRB5*01:01	0.0	0.41400284	0.32396856	0.2425671
DRB1*13:02	0.0	0.0	0.33185175	0.31219393
DQA1*05:01-DQB1*04:02	0.0	0.4370208	0.5047979	0.43197566
DRB1*04:04	0.0	0.084686644	0.30069518	0.24683905
DRB1*08:01	0.0	0.23634674	0.29213226	0.20722453
DQA1*03:03-DQB1*04:02	0.0	0.4315408	0.6619824	0.5386198
DRB1*15:01	0.0	0.0899493	0.67615247	0.65165645
DRB1*01:01	0.0	0.25420445	0.5350241	0.580715
DPA1*01:03-DPB1*04:01	0.0	0.09717606	0.36936167	0.3046437
DRB5*01:01	0.0	0.0	0.341691	0.27641264
DRB3*02:02	0.0	0.5369004	0.3209582	0.2694832
DRB1*14:54	0.0	0.5639006	0.41463363	0.38192034
DRB3	0.0	0.0	0.41013718	0.41471252
DRB1*14:54	0.0	0.32159546	0.31876895	0.30531248
DRB1*04:01	0.0	0.30791727	0.50284004	0.47411832
DPB1*04:01	0.0	0.084686644	0.29853928	0.30651474
DRB4*01:01	0.0	0.37767655	0.50782967	0.42904153
DRB4*01:01	0.0	0.48968816	0.29045418	0.279302
DRB1*14:54	0.0	0.42076442	0.5258026	0.44687462
DQA1*02:01-DQB1*04:02	0.0	0.084686644	0.2818546	0.24323265
DRB1*01:01	0.0	0.5280915	0.709709	0.66439754
DRB3*02:02	0.0	0.084686644	0.28502685	0.24276182
DPA1*01:03-DPB1*04:02	0.0	0.1934545	0.35471505	0.36507004
DQA1*02:01-DQB1*03:01	0.0	0.42006555	0.30769706	0.2697165
DRB1*03:01	0.0	0.084686644	0.2840663	0.20617785
DRB1*13:01	0.0	0.0	0.44569394	0.37891707
DRB3*01:01	0.0	0.29241952	0.6883982	0.5642201
DQA1*05:01-DQB1*03:02	0.0	0.084686644	0.2839737	0.224769
DRB1*13:02	0.0	0.0	0.3084201	0.25436312
DPA1*01:03-DPB1*04:01	0.0	0.20200889	0.66876847	0.56806225
DPB1*14:01	0.0	0.29749924	0.55552614	0.5324557
DRB1*11:01	0.0	0.084686644	0.33291087	0.27896407
DQA1*05:01-DQB1*03:02	0.0	0.28271237	0.2870963	0.26682305
DRB1*09:01	0.0	0.4805438	0.28184304	0.21408229
DRB4*01:01	0.0	0.19290148	0.2827665	0.22617343
DRB1*03:01	0.0	0.5480176	0.2890331	0.26492774
DRB3*01:01	0.0	0.084686644	0.28563774	0.243893
DQA1*03:01-DQB1*03:02	0.0	0.084686644	0.29218057	0.23109803
DRB3*02:02	0.0	0.084686644	0.28638926	0.23769237
DRB1*01:01	0.0	0.0	0.4645588	0.38442725
DRB1*01:01	0.0	0.4488261	0.5565754	0.62590706
DRB1*13:01	0.0	0.084686644	0.31425416	0.26739836
DRB1*07:01	0.0	0.62472034	0.3023031	0.2594101
DRB1*04:04	0.0	0.59271634	0.29540098	0.28195053
DQA1*02:01-DQB1*03:01	0.0	0.35225058	0.6936658	0.5803274
DRB1*01:01	0.0	0.16602652	0.35945335	0.33269662
DRB1*08:01	0.0	0.6614014	0.617577	0.50343597
DRB3*02:02	0.0	0.0	0.28438318	0.23286477
DRB1*04:01	0.0	0.69202656	0.7030035	0.5752806
DRB4*01:01	0.0	0.0	0.28396484	0.21202984
DRB1*14:54	0.0	0.42997757	0.31856126	0.3180477
DRB4*01:01	0.0	0.5165235	0.7025714	0.61271036
DRB1*13:01	1.0	1.0	0.7100212	0.66044885
DRB1*15:01	0.0	0.0	0.3221584	0.29812956
DQA1*05:01-DQB1*03:02	0.0	0.1961623	0.32028678	0.25269184
DRB1*03:01	0.0	0.0	0.4369303	0.3460505
DRB5*01:01	0.0	0.16721518	0.3396665	0.2754743
DQA1*02:01-DQB1*04:02	0.0	0.084686644	0.29343715	0.20535032
DRB1*09:01	0.0	0.5058025	0.28254175	0.21608527
DRB5*01:01	0.0	0.5614576	0.45998305	0.44026268
DQA1*02:01-DQB1*03:01	0.0	0.21545638	0.28648978	0.22408321
DQA1*02:01-DQB1*03:03	0.0	0.4775781	0.28683072	0.21329911
DQA1*05:01-DQB1*03:02	0.0	0.2040037	0.5402714	0.44279933
DRB1*07:01	0.0	0.49462363	0.7051468	0.59807795
DPB1*04:01	0.0	0.084686644	0.28430393	0.2051362
DRB1*03:01	0.0	0.08797943	0.2880006	0.26894876
DRB3*03:01	0.0	0.084686644	0.47056246	0.51386356
DRB3*01:01	0.0	0.36787277	0.4500383	0.33029807
DRB1*09:01	0.0	0.3237802	0.2840934	0.26316762
DQA1*06:01-DQB1*04:02	0.0	0.31377876	0.2823303	0.2213373
DRB1*04:05	0.0	0.3627716	0.30912212	0.384118
DRB1*13:02	0.0	0.373377	0.32011446	0.28899387
DRB1*04:04	0.0	0.02062367	0.28520954	0.21463417
DRB1*04:05	0.0	0.69887584	0.35253385	0.3614777
DRB1*07:01	0.0	0.3891419	0.3058788	0.2678222
DRB5*01:01	0.0	0.084686644	0.35391024	0.30452403
DRB4*01:03	0.0	0.55012625	0.34473798	0.33743924
DRB1*04:05	0.0	0.6127781	0.32497606	0.39151168
DRB1*11:01	0.0	0.0	0.38362065	0.39028722
DRB3*02:02	0.0	0.6502526	0.2860798	0.24253193
DRB1*01:01	1.0	1.0	0.3973479	0.42606503
DRB3*01:01	0.0	0.084686644	0.30854833	0.23459467
DQA1*05:01-DQB1*03:03	0.0	0.30165803	0.283195	0.22901498
DRB1*03:01	0.0	0.7703366	0.28634575	0.24944404
DRB1*04:01	0.0	0.3869266	0.2995298	0.30449572
DQA1*02:01-DQB1*03:01	0.0	0.4106416	0.40465543	0.43408972
DQA1*03:01-DQB1*03:02	0.0	0.084686644	0.29079115	0.28101712
DPA1*01:03-DPB1*04:01	0.0	0.0	0.28314558	0.20987955
DRB1*13:02	0.0	0.0	0.32879397	0.33405176
DRB4*01:03	0.0	0.7328622	0.35084486	0.35079968
DRB1*15:01	0.0	0.3230462	0.32372993	0.26788896
DQA1*05:01-DQB1*04:02	0.0	0.43075585	0.28461066	0.23787028
DRB1*04:01	0.0	0.58831435	0.7118193	0.6347294
DPA1*02:01-DPB1*05:01	0.0	0.0	0.31086442	0.29873255
DQA1*01:02-DQB1*05:01	0.0	0.7871874	0.6996843	0.63101196
DQA1*01:02-DQB1*05:01	0.0	0.37171167	0.70899373	0.5931765
DQA1*01:01-DQB1*05:01	0.0	0.0	0.2829724	0.21848315
DQA1*05:01-DQB1*02:01	0.0	0.33506614	0.30065283	0.3307608
DQB1*03:01	0.0	0.26574352	0.34778535	0.3751468
DRB1*04:05	0.0	0.2531403	0.28357252	0.26108822
DRB1*04:04	0.0	0.0	0.2933116	0.23382224
DRB1*11:04	0.0	0.0	0.28240937	0.21141812
DRB4*01:01	0.0	0.043279734	0.30931485	0.2622956
DQA1*02:01-DQB1*03:03	0.0	0.29137567	0.28310236	0.25792754
DRB1*01:01	0.0	0.084686644	0.31838185	0.22817248
DQA1*02:01-DQB1*03:03	0.0	0.5309355	0.38158342	0.43231654
DRB1*11:01	0.0	0.41498607	0.34769094	0.30248284
DRB1*03:01	0.0	0.32539085	0.28265637	0.22307563
DRB5*01:01	0.0	0.0	0.436631	0.45109564
DQA1*05:01-DQB1*04:02	0.0	0.084686644	0.28297222	0.21504061
DRB1*04:05	0.0	0.47010547	0.28305387	0.24309844
DRB1*01:01	0.0	0.31483293	0.45951822	0.48305148
DRB1*04:01	0.0	0.0	0.63253945	0.49359167
DRB1*11:01	0.0	0.33179417	0.35348186	0.3042805
DRB1*04:01	0.0	0.4333361	0.28876826	0.23480417
DRB3*01:01	0.0	0.0	0.2840782	0.25519794
DQB1*04:02	0.0	0.0	0.3258902	0.3420248
DRB5*01:01	0.0	0.7969252	0.39134783	0.41991806
DRB1*11:01	0.0	0.6060289	0.40028983	0.43564188
DRB1*07:01	0.0	0.084686644	0.31594595	0.24478063
DRB3*02:02	0.0	0.0	0.28357014	0.22068736
DRB5*01:01	1.0	0.85125035	0.3583802	0.3309021
DPA1*01:03-DPB1*04:01	0.0	0.0	0.48232922	0.4419
DRB3*03:01	0.0	0.24988127	0.3516924	0.2986878
DRB1*04:04	1.0	0.93593705	0.70299286	0.5740413
DRB5*01:01	0.0	0.7062737	0.38365385	0.3233606
DRB1*13:01	1.0	0.8078111	0.31114995	0.2729465
DRB1*12:01	0.0	0.57345515	0.3564643	0.39663664
DRB1*09:01	0.0	0.34027547	0.28962353	0.2649182
DRB1*12:01	0.0	0.0	0.2826589	0.21669792
DRB1*04:01	0.0	0.36728096	0.2851673	0.22384803
DRB1*09:01	0.0	0.6348129	0.5562316	0.5046555
DRB1*07:01	0.0	0.1791239	0.31421965	0.28777406
DQA1*02:01-DQB1*04:02	0.0	0.084686644	0.28193113	0.23026419
DRB5*01:01	0.0	0.50802964	0.3858618	0.3747729
DQA1*06:01-DQB1*04:02	0.0	0.20688817	0.28281552	0.25162005
DRB1*04:05	0.0	0.0	0.3586543	0.3977139
DRB1*04:01	0.0	0.4203794	0.33034882	0.326132
DRB1*04:01	0.0	0.6887833	0.28926924	0.2311996
DRB1*13:01	0.0	0.6796851	0.3610692	0.37740907
DRB4*01:01	0.0	0.27159485	0.35909185	0.36843944
DRB1*03:01	0.0	0.0	0.55916554	0.5411029
DPA1*01:03-DPB1*04:01	0.0	0.0	0.2837466	0.23568504
DRB1*14:54	0.0	0.58009356	0.6624867	0.6158424
DRB1*12:01	0.0	0.0	0.28434804	0.21046017
DRB1*15:01	0.0	0.3715056	0.34784067	0.3746587
DRB1*04:04	0.0	0.0	0.3296716	0.3053319
DRB4*01:03	0.0	0.59271634	0.48203942	0.5535794
DRB3*02:02	0.0	0.40500152	0.28405386	0.22289488
DRB1*15:01	0.0	0.0	0.34683108	0.35480422
DRB1*04:01	0.0	0.084686644	0.2849028	0.22192252
DRB1*03:01	0.0	0.02062367	0.2833755	0.22110926
DRB1*01:01	0.0	0.18944982	0.45881593	0.40516356
DRB3*01:01	1.0	0.83439964	0.64769346	0.511134
DRB1*11:01	0.0	0.7062737	0.36079547	0.36780453
DRB5*01:01	0.0	0.084686644	0.36485958	0.3345588
DRB1*11:04	0.0	0.13910432	0.2918363	0.28818595
DRB3*03:01	0.0	0.4505044	0.3499837	0.28529853
DRB1*07:01	0.0	0.39334658	0.3318182	0.32868618
DRB4*01:03	0.0	0.3675764	0.36495215	0.30837286
DQA1*01:01-DQB1*05:01	0.0	0.0	0.28703946	0.26515242
DRB1*07:01	0.0	0.5040586	0.46715733	0.5158319
DRB1*04:04	0.0	0.3311934	0.28936136	0.24535617
DRB1*04:01	0.0	0.0	0.34577873	0.40592447
DRB1*08:01	0.0	0.5439395	0.6533672	0.5155463
DQA1*03:03-DQB1*04:02	0.0	0.5487152	0.31500506	0.31391805
DRB1*04:04	0.0	0.66380215	0.7087044	0.5921036
DQA1*03:03-DQB1*04:02	0.0	0.69202656	0.667889	0.5355536
DQA1*02:01-DQB1*03:03	0.0	0.3681701	0.28583506	0.21304674
DPA1*01:03-DPB1*04:01	0.0	0.0	0.28314778	0.22135198
DRB1*03:01	0.0	0.738145	0.68566763	0.5396421
DRB1*04:01	0.0	0.20716599	0.42114335	0.42998382
DRB4*01:03	0.0	0.362678	0.37305874	0.35877594
DQB1*03:01	0.0	0.11988342	0.28271836	0.24136475
DQA1*02:01-DQB1*03:03	0.0	0.084686644	0.28463057	0.222375
DQA1*02:01-DQB1*03:01	0.0	0.5949985	0.29192084	0.24657485
DRB1*03:01	0.0	0.084686644	0.29281366	0.30866405
DPA1*03:01-DPB1*04:02	0.0	0.0	0.29598558	0.23323756
DRB1*07:01	0.0	0.3558287	0.30533805	0.2835418
DRB1*03:01	0.0	0.4874962	0.32075903	0.3483118
DRB1*07:01	0.0	0.29090112	0.3067093	0.26849028
DQB1*05:01	0.0	0.0	0.32785258	0.31939137
DRB5*01:01	0.0	0.0	0.33967835	0.27327406
DQA1*05:01-DQB1*03:03	0.0	0.084686644	0.28244758	0.2639832
DPA1*01:03-DPB1*04:01	0.0	0.0	0.2842975	0.22682515
DRB1*04:04	0.0	0.46515563	0.32222906	0.30499065
DQA1*05:01-DQB1*03:02	0.0	0.412387	0.5869001	0.50741696
DRB1*08:01	0.0	0.36333516	0.28470033	0.26917797
DQA1*03:03-DQB1*04:02	0.0	0.29955524	0.28734916	0.21776758
DPB1*14:01	0.0	0.0	0.5731295	0.5013037
DRB1*11:01	0.0	0.58618957	0.40227175	0.4033056
DRB3*01:01	0.0	0.502347	0.6327649	0.5417175
DQA1*05:01-DQB1*04:02	0.0	0.4460181	0.28204662	0.22060172
DRB1*03:01	0.0	0.40426508	0.29546508	0.28374296
DQA1*02:01-DQB1*04:02	0.0	0.084686644	0.28725392	0.2147001
DQA1*01:01-DQB1*05:01	0.0	0.2869378	0.28866786	0.235113
DRB1*13:01	0.0	0.50985086	0.32978132	0.34227693
DQA1*05:01-DQB1*03:03	0.0	0.32268137	0.34308785	0.3209028
DQA1*01:02-DQB1*05:01	0.0	0.4612694	0.7128064	0.6268258
DRB1*04:04	0.0	0.5689894	0.39561996	0.3345908
DRB5*01:01	0.0	0.47888446	0.49619758	0.47125375
DQA1*02:01-DQB1*03:01	0.0	0.39426363	0.44889995	0.44854808
DQA1*01:01-DQB1*05:01	0.0	0.0	0.28204393	0.2274716
DRB1*13:01	0.0	0.0	0.3073807	0.24365856
DRB1*03:01	0.0	0.45911992	0.62396824	0.5574242
DRB1*13:01	0.0	0.72312444	0.55734795	0.49666968
DQA1*02:01-DQB1*03:01	1.0	0.87187403	0.70977414	0.5824418
DQA1*05:01-DQB1*04:02	0.0	0.3498584	0.28193483	0.22246507
DRB3*03:01	0.0	0.315111	0.36560246	0.34098288
DRB3*02:02	0.0	0.084686644	0.28378466	0.23081014
DRB1*03:01	0.0	0.084686644	0.28174827	0.20794275
DRB1*13:01	0.0	0.0	0.7093454	0.6387787
DRB1*03:01	0.0	0.0	0.28565958	0.22675197
DQA1*05:01-DQB1*04:02	0.0	0.084686644	0.28528637	0.20652346
DQA1*05:01-DQB1*04:02	0.0	0.40237734	0.28237972	0.23640814
DRB1*13:01	0.0	0.6348129	0.3586962	0.36450723
DRB3*01:01	0.0	0.084686644	0.28176364	0.21905707
DQA1*06:01-DQB1*04:02	0.0	0.084686644	0.28206214	0.23473634
DRB3*03:01	0.0	0.084686644	0.33222926	0.25866354
DRB1*07:01	0.0	0.41432944	0.29963705	0.25086692
DRB4*01:03	0.0	0.084686644	0.3603248	0.36622325
DRB4*01:01	0.0	0.0	0.30878392	0.39249265
DRB4*01:03	0.0	0.34920925	0.32560456	0.26377624
DRB1*15:01	0.0	0.0	0.30441973	0.23964219
DRB3*03:01	0.0	0.39585716	0.6124299	0.54846966
DRB1*01:01	0.0	0.1659931	0.34008452	0.29410014
DQA1*01:01-DQB1*05:01	0.0	0.2500225	0.31284148	0.3997114
DRB1*12:01	0.0	0.02062367	0.2815631	0.22230378
DRB1*14:54	0.0	0.7703366	0.7117323	0.6448413
DRB1*15:01	1.0	0.89543205	0.71225214	0.61916256
DRB1*07:01	0.0	0.05443433	0.3033591	0.26249334
DRB1*04:04	0.0	0.40470624	0.29086804	0.26083067
DRB3*02:02	0.0	0.14932443	0.28616095	0.2387223
DRB1*01:01	0.0	0.23755236	0.70124197	0.62747157
DQA1*01:01-DQB1*05:01	0.0	0.0	0.32966062	0.2894878
DRB1*07:01	0.0	0.3156156	0.30260703	0.26589873
DRB1*08:02	0.0	0.32237846	0.29772115	0.30878884
DRB3*03:01	1.0	1.0	0.7059375	0.65625644
DQA1*01:02-DQB1*05:01	0.0	0.084686644	0.30129766	0.27881348
DPA1*02:01-DPB1*05:01	0.0	0.0	0.28850275	0.21647947
DRB1*12:01	0.0	0.084686644	0.31196296	0.37548792
DQA1*03:03-DQB1*04:02	0.0	0.59048915	0.2845485	0.22434075
DRB3*01:01	0.0	0.21392839	0.28896406	0.2815712
DRB1*13:01	1.0	0.8201525	0.7100201	0.63967025
DQA1*01:02-DQB1*05:01	0.0	0.084686644	0.30004787	0.2509309
DRB3*01:01	0.0	0.2950369	0.29357162	0.1995188
DRB1*11:01	0.0	0.46045747	0.34055206	0.2978266
DRB1*04:01	0.0	0.0	0.2874237	0.23912771
DRB1*07:01	0.0	0.591596	0.5822715	0.46929306
DRB1*11:01	1.0	0.8673647	0.501852	0.5256313
DQA1*05:01-DQB1*03:01	0.0	0.2573228	0.28946674	0.20820643
DRB1*01:01	0.0	0.0	0.35335347	0.28081265
DQA1*03:03-DQB1*04:02	0.0	0.084686644	0.28350377	0.27909112
DRB1*07:01	0.0	0.084686644	0.29196647	0.2216257
DQA1*05:01-DQB1*02:01	0.0	0.0	0.28743494	0.25730824
DRB1*04:05	0.0	0.20133707	0.28433654	0.20639575
DRB1*13:01	0.0	0.576242	0.321329	0.31303304
DRB1*03:01	0.0	0.3715056	0.33247393	0.38201097
DRB1*07:01	0.0	0.13430202	0.3831752	0.38608176
DQA1*02:01-DQB1*03:03	0.0	0.43660355	0.67695093	0.555192
DRB1*01:01	0.0	0.7629388	0.6753883	0.59356827
DRB1*13:02	0.0	0.6687992	0.3273595	0.3069233
DRB1*01:01	0.0	0.36156222	0.70999414	0.6629329
DRB1*04:01	0.0	0.3799037	0.4574932	0.41759333
DRB3*03:01	0.0	0.2574126	0.34289998	0.27583537
DRB1*08:01	0.0	0.41648084	0.2832362	0.26126486
DRB1*11:01	0.0	0.33527455	0.36452016	0.35080332
DRB1*13:01	0.0	0.19896773	0.31367108	0.27051136
DQA1*05:01-DQB1*03:03	0.0	0.33969006	0.28414583	0.23582076
DQA1*01:02-DQB1*05:01	0.0	0.44741145	0.39051107	0.36260164
DPA1*01:03-DPB1*04:01	0.0	0.0	0.28277194	0.21654786
DRB1*08:02	0.0	0.0	0.28327918	0.21459727
DRB3*01:01	0.0	0.6567793	0.38066402	0.2743075
DRB1*11:01	0.0	0.0	0.3363077	0.27959082
DRB1*15:01	0.0	0.4185122	0.37078008	0.32345045
DQA1*03:03-DQB1*04:02	0.0	0.28103438	0.28190544	0.24671416
DRB3*03:01	0.0	0.4547118	0.34425882	0.28505787
DRB1*09:01	0.0	0.77837855	0.7002918	0.60741854
DRB1*08:01	0.0	0.37625712	0.28217515	0.24984449
DRB5*01:01	1.0	0.93593705	0.44523475	0.4554648
DRB1*13:01	0.0	0.6545521	0.4062963	0.44291854
DRB1*14:54	0.0	0.5508399	0.37036258	0.4172647
DRB1*12:01	0.0	0.048602805	0.526503	0.49897194
DRB1*11:01	0.0	0.070881575	0.30545428	0.2157523
DQA1*01:03-DQB1*06:03	0.0	0.084686644	0.3524334	0.32562983
DQA1*05:01-DQB1*03:02	0.0	0.4205892	0.28200066	0.21558781
DRB1*01:01	0.0	0.77837855	0.71070117	0.6616977
DRB1*11:01	0.0	0.37517992	0.355893	0.33312547
DQA1*03:03-DQB1*04:02	0.0	0.084686644	0.2831439	0.22748354
DRB1*03:01	0.0	0.15672767	0.283043	0.20703799
DRB3*03:01	0.0	0.3017064	0.35310042	0.3194808
DRB1*04:04	0.0	0.4019471	0.28484526	0.22016978
DRB1*13:02	0.0	0.7062737	0.31533137	0.26614124
DRB1*04:01	0.0	0.7629388	0.7100398	0.62516713
DPA1*02:01-DPB1*05:01	0.0	0.0	0.28522128	0.24050099
DRB1*15:01	0.0	0.10819695	0.34222695	0.35132134
DQA1*01:02-DQB1*05:01	0.0	0.69887584	0.34845945	0.34968397
DRB1*09:01	0.0	0.640305	0.28323886	0.240426
DRB1*11:01	1.0	0.93593705	0.4182632	0.47297484
DRB1*08:02	0.0	0.45832658	0.39624432	0.43446437
DRB1*11:01	0.0	0.48430276	0.35584417	0.31558314
DRB1*12:01	0.0	0.0	0.2831046	0.21527365
DRB1*08:02	0.0	0.0	0.28258204	0.21246271
DQA1*01:01-DQB1*05:01	0.0	0.0	0.28300554	0.22101733
DRB5*01:01	0.0	0.74971294	0.43856058	0.4744222
DRB1*13:02	0.0	0.51505256	0.31838578	0.28620464
DRB3*01:01	0.0	0.0	0.28580895	0.2726857
DRB1*07:01	0.0	0.65906143	0.45211583	0.4832497
DRB1*09:01	0.0	0.56812155	0.66866285	0.51802194
DRB1*04:01	1.0	0.9911911	0.7103299	0.6002811
DQA1*05:01-DQB1*03:03	0.0	0.3084776	0.3023398	0.34403902
DQA1*05:01-DQB1*03:03	0.0	0.084686644	0.2825144	0.2663008
DRB1*07:01	0.0	0.45754	0.342046	0.38303927
DRB1*03:01	0.0	0.16011389	0.5978473	0.5083873
DQA1*05:01-DQB1*03:03	0.0	0.17327867	0.6820929	0.60876405
DRB1*07:01	0.0	0.4025212	0.6006948	0.61964524
DPA1*01:03-DPB1*02:01	0.0	0.27602917	0.53045374	0.54754585
DRB1*13:02	0.0	0.0	0.32121268	0.27437156
DPA1*02:01-DPB1*14:01	0.0	0.69202656	0.54677355	0.54159296
DQA1*05:01-DQB1*03:03	0.0	0.36514276	0.28493455	0.24490331
DRB1*04:04	0.0	0.084686644	0.2914269	0.2630183
DQA1*05:01-DQB1*03:02	0.0	0.2749729	0.28254232	0.22110698
DRB1*04:04	0.0	0.6366076	0.68923014	0.6088184
DRB1*09:01	0.0	0.31783453	0.28358644	0.2533407
DRB1*13:01	1.0	0.8984626	0.347347	0.25392562
DRB1*04:04	0.0	0.33112687	0.28835842	0.24660733
DRB1*03:01	0.0	0.0	0.28818476	0.2550791
DRB1*01:01	0.0	0.0	0.34034073	0.28842425
DQA1*02:01-DQB1*03:01	0.0	0.58108205	0.29529077	0.26920307
DRB1*03:01	0.0	0.0	0.2899823	0.2715532
DRB1*07:01	0.0	0.39816278	0.35081178	0.3645639
DRB1*09:01	0.0	0.176429	0.28214705	0.21884686
DRB1*01:01	0.0	0.45098954	0.37530717	0.3355715
DRB1*14:54	0.0	0.72312444	0.32389697	0.32351422
DRB3*01:01	0.0	0.3262699	0.28441682	0.25497612
DRB1*07:01	0.0	0.38827407	0.30080363	0.25600082
DRB1*04:04	0.0	0.033229534	0.29269448	0.23432694
DPA1*02:01-DPB1*01:01	0.0	0.0	0.47629368	0.54612935
DPA1*02:01-DPB1*01:01	0.0	0.0	0.30402023	0.27362666
DQA1*05:01-DQB1*04:02	0.0	0.31975463	0.28228056	0.22840066
DRB1*07:01	0.0	0.14722799	0.3079515	0.26856613
DRB1*04:01	0.0	0.0	0.3774416	0.2957726
DRB1*04:01	0.0	0.3201081	0.2993003	0.31615293
DPA1*01:03-DPB1*03:01	0.0	0.40559492	0.69188327	0.5459278
DQB1*03:02	0.0	0.15371434	0.28319466	0.21909076
DQA1*03:01-DQB1*03:01	0.0	0.04721221	0.31287903	0.29141307
DRB1*04:01	0.0	0.4103278	0.52130777	0.43654415
DRB1*03:01	0.0	0.0	0.28667852	0.25421482
DQA1*02:01-DQB1*04:02	0.0	0.4998376	0.67953366	0.5756453
DRB1*08:02	0.0	0.35283738	0.2879599	0.23758799
DQA1*01:02-DQB1*06:02	0.0	0.0	0.29141226	0.20540516
DRB5*01:01	0.0	0.59048915	0.69826466	0.65843236
DRB3*03:01	0.0	0.43017152	0.7081511	0.6573156
DRB3*01:01	0.0	0.16546	0.28996274	0.31077898
DQA1*05:01-DQB1*03:03	0.0	0.5771899	0.46791846	0.41553572
DRB1*07:01	0.0	0.0	0.38673985	0.35396713
DRB1*09:01	0.0	0.37767655	0.28876132	0.31260765
DRB1*13:02	0.0	0.77837855	0.33765453	0.34060553
DQB1*05:01	0.0	0.0	0.6940941	0.6049112
DRB1*01:01	0.0	0.6567793	0.37952626	0.3535553
DQA1*05:01-DQB1*04:02	0.0	0.5544935	0.2880437	0.27497074
DQA1*05:01-DQB1*03:03	0.0	0.38500103	0.2822151	0.22460438
DRB1*04:01	0.0	0.0	0.28624132	0.23738681
DQA1*02:01-DQB1*03:01	0.0	0.6614014	0.29091603	0.2464917
DQA1*06:01-DQB1*04:02	0.0	0.084686644	0.2846183	0.21153924
DRB3*02:02	0.0	0.47252983	0.28497604	0.22695696
DQA1*01:02-DQB1*05:01	0.0	0.6768411	0.47046995	0.45789495
DRB1*04:01	0.0	0.7871874	0.28937712	0.24937633
DRB1*09:01	0.0	0.5938504	0.5661076	0.5287633
DRB1*07:01	0.0	0.7703366	0.45304695	0.46417695
DRB1*03:01	0.0	0.21294208	0.30660325	0.284876
DQA1*02:01-DQB1*03:03	0.0	0.084686644	0.28747773	0.22324137
DRB1*01:01	0.0	0.307237	0.6330035	0.55569947
DRB1*08:02	0.0	0.0	0.28313935	0.21151103
DRB3*03:01	0.0	0.58009356	0.38474658	0.40064007
DRB1*09:01	0.0	0.16823657	0.4254761	0.37668303
DRB1*08:01	0.0	0.6263277	0.522771	0.42432892
DPA1*01:03-DPB1*04:01	0.0	0.0	0.2837642	0.24396801
DRB1*04:01	0.0	0.023911666	0.28644603	0.23228206
DRB3*03:01	0.0	0.71861506	0.69622886	0.58869827
DRB5*01:01	0.0	0.084686644	0.31921354	0.22945647
DRB1*14:54	1.0	0.87187403	0.71285367	0.6382829
DRB1*15:01	0.0	0.0	0.33241737	0.3259911
DQA1*03:03-DQB1*04:02	0.0	0.084686644	0.28286618	0.2913778
DQA1*02:01-DQB1*04:02	0.0	0.3296755	0.28216562	0.22126813
DRB1*04:04	0.0	0.084686644	0.28838438	0.24057499
DRB1*08:01	0.0	0.084686644	0.29295513	0.2076812
DRB1*08:02	0.0	0.60220397	0.70936096	0.6041982
DRB1*11:01	0.0	0.0	0.35491052	0.3285276
DRB1*11:01	0.0	0.59271634	0.36317763	0.34148833
DRB1*11:01	0.0	0.49659437	0.71413046	0.67658234
DRB1*04:03	0.0	0.16709112	0.41032147	0.37962633
DRB3*02:02	1.0	0.85125035	0.3779588	0.39207065
DRB1*11:01	0.0	0.7629388	0.6384964	0.6358374
DRB1*04:01	0.0	0.084686644	0.29818574	0.30831784
DRB1*11:01	0.0	0.084686644	0.32811332	0.24887118
DRB1*14:54	0.0	0.7328622	0.7125749	0.6443914
DQA1*01:02-DQB1*05:01	0.0	0.4349531	0.30366704	0.28200153
DRB1*12:01	0.0	0.0	0.283968	0.2476879
DQA1*01:02-DQB1*05:01	0.0	0.59616107	0.64827704	0.5823446
DRB1*11:01	0.0	0.6073399	0.70923984	0.63561094
DRB1*07:01	0.0	0.11981581	0.34022847	0.31329578
DRB1*13:01	1.0	0.85125035	0.70484596	0.6162889
DRB1*14:54	0.0	0.42920575	0.31298688	0.28809935
DRB1*13:02	0.0	0.0	0.30254236	0.23035197
DRB1*04:01	0.0	0.0	0.6295476	0.4888634
DQA1*03:03-DQB1*04:02	0.0	0.36997452	0.67509055	0.55353993
DRB4*01:03	0.0	0.4261814	0.35195222	0.33684665
DRB1*01:01	0.0	0.27417955	0.5156175	0.5838313
DRB1*03:01	0.0	0.5830913	0.2845363	0.21840465
DRB1*11:01	0.0	0.0	0.32806036	0.26702356
DRB3*02:02	0.0	0.0	0.28617978	0.20872597
DRB1*13:01	0.0	0.0142992	0.37542337	0.3847549
DRB1*03:01	1.0	0.8984626	0.6961283	0.5211658
DQA1*02:01-DQB1*03:03	0.0	0.084686644	0.28837532	0.20761223
DRB3*02:02	0.0	0.084686644	0.29673997	0.28814292
DRB5*01:01	1.0	0.93593705	0.7104943	0.66525817
DRB3*01:01	0.0	0.20702697	0.38481566	0.38563162
DRB1*04:04	0.0	0.56307906	0.3046503	0.29816264
DRB3*03:01	0.0	0.46459037	0.37239292	0.35991812
DRB3*03:01	1.0	0.8984626	0.7009299	0.6452851
DRB1*13:01	0.0	0.4954069	0.35028338	0.38166118
DRB1*07:01	1.0	0.85502326	0.64473814	0.5572419
DPA1*01:03-DPB1*04:01	0.0	0.0	0.2819091	0.21205348
DRB1*03:01	0.0	0.33396256	0.28508252	0.22870623
DRB1*01:01	0.0	0.3544492	0.3728129	0.37039533
DRB1*04:01	0.0	0.40280956	0.29430977	0.2907644
DRB5*01:01	0.0	0.39761508	0.6126635	0.6105067
DQA1*06:01-DQB1*04:02	0.0	0.6953878	0.2820583	0.22850938
DRB1*15:01	0.0	0.5997392	0.33032572	0.30837584
DRB1*03:01	0.0	0.74971294	0.5101587	0.48758104
DRB5*01:01	1.0	0.8984626	0.7106145	0.62223387
DRB1*07:01	0.0	0.5544935	0.6505605	0.6149597
DRB5*01:01	1.0	1.0	0.694075	0.64329094
DPA1*02:01-DPB1*01:01	0.0	0.0	0.28903028	0.23366672
DRB1*03:01	0.0	0.3781177	0.28302637	0.22003974
DPA1*01:03-DPB1*04:01	0.0	0.0	0.28229043	0.21121742
DRB4*01:03	0.0	0.1906491	0.32962498	0.28456715
DRB1*14:54	0.0	0.6687992	0.3208483	0.29598317
DQA1*05:01-DQB1*04:02	0.0	0.5725446	0.28778413	0.23218049
DRB1*01:01	0.0	0.0	0.36467648	0.33867604
DRB1*15:01	0.0	0.15346114	0.30895934	0.23801062
DRB3*03:01	0.0	0.084686644	0.33719176	0.25763896
DQA1*01:02-DQB1*05:01	0.0	0.44858882	0.32960588	0.32552278
DRB1*08:02	0.0	0.64221066	0.33701393	0.38631102
DRB1*11:01	0.0	0.0	0.35354954	0.2840611
DQA1*05:01-DQB1*03:02	0.0	0.363241	0.667465	0.49481875
DRB1*04:04	0.0	0.6502526	0.44157082	0.4404086
DRB1*01:01	0.0	0.0	0.34135395	0.28244528
DQA1*02:01-DQB1*03:01	0.0	0.7062737	0.30246192	0.2869994
DRB1*07:01	0.0	0.4737663	0.47988468	0.53997636
DRB1*04:03	0.0	0.29298988	0.29950577	0.284496
DRB4*01:03	0.0	0.738145	0.4779729	0.43629494
DRB1*01:01	0.0	0.50150293	0.4341267	0.42032054
DRB1*08:01	0.0	0.6060289	0.6641098	0.5660791
DQA1*05:01-DQB1*03:03	0.0	0.41531616	0.2830223	0.21949877
DQA1*01:04-DQB1*05:03	0.0	0.0	0.35863668	0.37650892
DRB1*15:01	0.0	0.08552222	0.3111119	0.2520163
DQA1*06:01-DQB1*04:02	0.0	0.4128688	0.30443227	0.28826764
DRB3*03:01	0.0	0.6953878	0.7063149	0.663725
DQA1*05:01-DQB1*04:02	0.0	0.6060289	0.6917282	0.59246063
DRB1*01:01	0.0	0.21591403	0.3769044	0.38323098
DPA1*01:03-DPB1*04:01	0.0	0.0	0.28292146	0.21869493
DRB1*07:01	0.0	0.084686644	0.3067512	0.23602857
DRB1*13:02	0.0	0.46459037	0.51153123	0.5408528
DQA1*05:01-DQB1*04:02	0.0	0.50150293	0.32993665	0.35285693
DRB1*04:04	0.0	0.0	0.2878339	0.24004024
DQA1*05:01-DQB1*04:02	0.0	0.5165235	0.281785	0.22582763
DRB1*04:04	0.0	0.46072733	0.35249385	0.28084108
DQA1*02:01-DQB1*04:02	0.0	0.37358728	0.66880375	0.513893
DRB1*04:05	0.0	0.40724674	0.2830666	0.25715357
DQA1*02:01-DQB1*03:01	0.0	0.084686644	0.29350695	0.25334603
DQB1*03:02	0.0	0.2772089	0.33478785	0.3247035
DQA1*02:01-DQB1*03:03	0.0	0.084686644	0.2857079	0.21206677
DRB3*02:02	0.0	0.0	0.60882217	0.5624315
DRB1*11:01	0.0	0.0	0.3231782	0.24807546
DRB1*07:01	0.0	0.10765027	0.33081144	0.33151215
DRB1*11:01	0.0	0.32099763	0.57512474	0.60648555
DRB5*01:01	0.0	0.084686644	0.35239318	0.31098866
DQA1*05:01-DQB1*04:02	0.0	0.32545337	0.5379445	0.4098474
DRB1*11:01	0.0	0.559864	0.49912012	0.54030544
DRB1*09:01	0.0	0.20151684	0.28393072	0.20903112
DQA1*02:01-DQB1*04:02	0.0	0.44555828	0.28324288	0.2365652
DQA1*05:01-DQB1*04:02	0.0	0.2907292	0.2823987	0.23374091
DQA1*05:01-DQB1*02:01	0.0	0.0	0.28243104	0.21519633
DQA1*03:01-DQB1*03:02	0.0	0.117197335	0.28682464	0.24059686
DQA1*03:01-DQB1*03:02	0.0	0.0	0.28235146	0.20852728
DRB4*01:03	0.0	0.2542334	0.32533985	0.2812145
DRB1*01:01	0.0	0.26518804	0.33918118	0.28054544
DRB1*03:01	0.0	0.0	0.2855082	0.23940608
DRB1*01:01	0.0	0.084686644	0.39290765	0.38630515
DRB3*02:02	0.0	0.5537511	0.61462414	0.5284643
DRB1*08:01	0.0	0.15786308	0.28638634	0.22121987
DRB5*01:01	0.0	0.28200623	0.34903187	0.29649448
DRB1*04:01	0.0	0.10135829	0.2834641	0.20460923
DRB3*01:01	0.0	0.29237577	0.6466688	0.50154054
DRB1*14:54	0.0	0.084686644	0.30789223	0.25497848
DRB3*03:01	0.0	0.5231829	0.42607334	0.36151004
DRB1*01:01	0.0	0.25980964	0.39742148	0.36674544
DRB1*14:54	0.0	0.35470632	0.3114807	0.2667729
DRB3*02:02	0.0	0.26836964	0.2878676	0.2417281
DRB3*03:01	0.0	0.77837855	0.5888293	0.5363518
DRB1*01:01	0.0	0.37708429	0.41533548	0.36763087
DRB1*07:01	0.0	0.0	0.36156166	0.32974127
DRB1*01:01	0.0	0.68261945	0.39795473	0.3980784
DRB1*01:01	0.0	0.0	0.3374571	0.27049756
DRB1*03:01	0.0	0.20585376	0.2842063	0.21364942
DRB3*03:01	0.0	0.71020716	0.41012204	0.41184056
DPA1*03:01-DPB1*04:02	0.0	0.0	0.31818134	0.27367646
DQA1*01:02-DQB1*05:01	0.0	0.40709534	0.2973718	0.252983
DRB1*11:01	0.0	0.084686644	0.33768547	0.27651295
DRB1*13:02	0.0	0.09459402	0.43286934	0.37409985
DRB3*01:01	0.0	0.0	0.28693378	0.21295084
DRB1*07:01	0.0	0.0	0.30954528	0.25806257
DQA1*02:01-DQB1*04:02	0.0	0.22707511	0.28965408	0.21117505
DRB1*11:01	0.0	0.084686644	0.33511087	0.28026086
DRB1*15:01	0.0	0.084686644	0.6719558	0.5395061
DRB1*04:04	0.0	0.6263277	0.2973078	0.27788404
DRB1*04:04	0.0	0.54663813	0.33288583	0.32526743
DRB3*02:02	0.0	0.084686644	0.6477053	0.59921294
DRB1*04:04	0.0	0.25234306	0.28969678	0.26241812
DRB1*15:01	0.0	0.55012625	0.4481193	0.33907425
DRB3*01:01	0.0	0.0	0.2827557	0.22326553
DRB1*09:01	0.0	0.6953878	0.4210321	0.45807594
DQA1*01:02-DQB1*05:01	0.0	0.49384698	0.3089181	0.30536562
DRB3*02:02	0.0	0.0	0.2974635	0.29334408
DQA1*03:03-DQB1*04:02	0.0	0.4168163	0.28662744	0.21467997
DQA1*05:01-DQB1*04:02	0.0	0.48606324	0.30258512	0.29866737
DRB1*11:01	0.0	0.13352275	0.3706828	0.3274821
DRB1*07:01	0.0	0.42111585	0.31281415	0.28721106
DRB1*04:01	0.0	0.0	0.30455023	0.28551906
DRB1*07:01	0.0	0.2678988	0.29468697	0.22961426
DRB1*03:01	0.0	0.5242514	0.34077862	0.3643496
DQA1*02:01-DQB1*04:02	0.0	0.084686644	0.28427887	0.2235329
DRB1*03:01	0.0	0.5639006	0.28249526	0.2176642
DRB1*04:05	0.0	0.299508	0.29038218	0.31449294
DRB3*01:01	0.0	0.084686644	0.28549427	0.21175298
DRB4*01:03	0.0	0.084686644	0.3420651	0.32047644
DRB1*11:01	0.0	0.34371558	0.39305824	0.38097256
DRB1*12:01	0.0	0.0	0.282325	0.21247654
DRB1*07:01	0.0	0.084686644	0.29317117	0.22940089
DQA1*02:01-DQB1*04:02	0.0	0.65906143	0.28282422	0.23189564
DQA1*05:01-DQB1*04:02	0.0	0.33086127	0.28235176	0.2223509
DRB5*01:01	0.0	0.7969252	0.35915732	0.33489656
DQA1*01:02-DQB1*05:01	0.0	0.37701872	0.31794757	0.29559338
DRB1*03:01	0.0	0.6200593	0.5200372	0.5024188
DRB1*13:01	0.0	0.20266905	0.3001218	0.22838707
DRB3*01:01	0.0	0.1952101	0.28255916	0.23047303
DRB1*14:54	0.0	0.6714029	0.3253456	0.31024554
DRB1*04:01	0.0	0.02062367	0.70650417	0.62209415
DQA1*01:01-DQB1*05:01	0.0	0.29776555	0.29891872	0.3274669
DRB5*01:01	0.0	0.69887584	0.5476262	0.53080934
DRB1*15:01	0.0	0.45295608	0.59882593	0.52155215
DRB4*01:03	0.0	0.44555828	0.32850322	0.2785481
DQB1*03:01	0.0	0.13487293	0.28336492	0.21124634
DRB1*03:01	0.0	0.340717	0.28897732	0.23637205
DRB1*13:02	0.0	0.6263277	0.7120751	0.6327097
DRB1*15:01	0.0	0.084686644	0.3203584	0.28632724
DRB1*07:01	0.0	0.4333316	0.30376709	0.2667596
DRB1*07:01	0.0	0.39452732	0.3018212	0.25048983
DRB1*08:01	0.0	0.084686644	0.2920869	0.20832224
DRB3*02:02	0.0	0.20945467	0.29146627	0.24042737
DRB4*01:03	0.0	0.7629388	0.419844	0.41206545
DRB1*01:01	0.0	0.103593424	0.3929634	0.38495916
DRB1*12:01	0.0	0.02062367	0.5060068	0.4395304
DRB1*11:01	1.0	0.83439964	0.71117556	0.63784087
DRB1*15:01	0.0	0.29777694	0.63813555	0.5659708
DRB1*09:01	0.0	0.46891674	0.5010507	0.4242798
DRB1*07:01	0.0	0.29365242	0.34404525	0.36837646
DRB1*11:01	0.0	0.1661938	0.4038627	0.459633
DQA1*05:01-DQB1*03:02	0.0	0.38440743	0.28239173	0.22640358
DRB1*13:01	0.0	0.4734556	0.31779274	0.2880579
DQA1*02:01-DQB1*04:02	0.0	0.084686644	0.2852256	0.21273448
DQA1*05:01-DQB1*04:02	0.0	0.2796526	0.2827746	0.2093503
DRB1*13:02	0.0	0.084686644	0.3152713	0.27865675
DRB1*11:01	0.0	0.21272022	0.36693883	0.3634485
DRB1*11:01	0.0	0.0	0.70140284	0.5885585
DRB1*07:01	0.0	0.4198917	0.3202278	0.31360388
DRB1*01:01	0.0	0.16944264	0.38928884	0.3831582
DRB1*04:01	0.0	0.52898484	0.29454964	0.2811842
DRB1*12:01	0.0	0.0	0.28221533	0.22174045
DRB4*01:03	0.0	0.72312444	0.44753507	0.42924026
DRB1*08:01	0.0	0.0	0.28412962	0.21828276
DRB1*04:05	0.0	0.0	0.28216916	0.22111878
DRB1*04:04	0.0	0.2542913	0.30509648	0.32376492
DPA1*03:01-DPB1*04:02	0.0	0.0	0.29579115	0.25746435
DRB1*08:01	0.0	0.16492999	0.28640354	0.221248
DQA1*05:01-DQB1*02:01	0.0	0.42599562	0.58873624	0.50331426
DRB1*11:01	0.0	0.28188908	0.54937917	0.4830271
DPA1*03:01-DPB1*04:02	0.0	0.0	0.2862369	0.22276439
DRB1*14:54	0.0	0.5830913	0.30808747	0.26639122
DQA1*05:01-DQB1*04:02	0.0	0.084686644	0.28464666	0.24398974
DRB1*11:01	0.0	0.084686644	0.3269371	0.24592605
DRB1*15:01	0.0	0.084686644	0.33791894	0.33560002
DQA1*05:01-DQB1*03:02	0.0	0.30994636	0.5990089	0.5515828
DRB5*01:01	0.0	0.084686644	0.7005378	0.66481084
DRB3*01:01	0.0	0.322318	0.2827697	0.21154584
DRB1*04:01	0.0	0.32915333	0.2871023	0.24240884
DRB3*01:01	0.0	0.084686644	0.34837368	0.35254204
DRB1*04:05	0.0	0.10342914	0.28197658	0.23220165
DRB4*01:01	0.0	0.6348129	0.28362593	0.23570463
DRB3*01:01	0.0	0.0	0.28227103	0.22517544
DRB1*11:01	0.0	0.71431553	0.7103367	0.66411257
DRB3*03:01	0.0	0.084686644	0.3775315	0.37610438
DRB1*07:01	0.0	0.36174724	0.29681686	0.24052405
DQA1*01:02-DQB1*05:01	0.0	0.4759707	0.3022809	0.26418278
DRB1*13:01	0.0	0.6714029	0.41356668	0.4955459
DRB3*01:01	0.0	0.45270798	0.28919604	0.29473904
DQA1*03:03-DQB1*04:02	0.0	0.084686644	0.37951636	0.35665995
DRB1*04:01	0.0	0.35740563	0.29690713	0.29255715
DRB1*11:01	1.0	0.9565607	0.7126829	0.65420157
DRB1*04:01	0.0	0.0	0.29317442	0.2772455
DQA1*06:01-DQB1*04:02	1.0	0.8078111	0.28765872	0.27669266
DRB3*03:01	0.0	0.084686644	0.36557	0.319014
DRB1*01:01	0.0	0.4612694	0.7133311	0.6617662
DRB1*13:01	0.0	0.0	0.32438442	0.29641992
DRB1*04:04	0.0	0.3064191	0.7018135	0.62959826
DRB1*08:01	0.0	0.0	0.2851597	0.30123466
DQA1*05:01-DQB1*04:02	0.0	0.52587765	0.28631395	0.293242
DRB5*01:01	0.0	0.084686644	0.33416146	0.25362495
DRB1*04:05	0.0	0.6073399	0.28174624	0.23052278
DRB1*09:01	0.0	0.56986547	0.31342626	0.25640038
DRB1*04:05	0.0	0.0	0.28245866	0.20978525
DRB1*08:01	0.0	0.49269408	0.28283793	0.27827805
DRB1*04:05	0.0	0.0	0.2863685	0.207195
DRB1*04:01	0.0	0.49043053	0.34756064	0.33937845
DQA1*05:01-DQB1*02:01	0.0	0.0	0.28377426	0.24415162
DRB1*15:01	0.0	0.07209948	0.3263172	0.27962106
DRB1*03:01	0.0	0.37669155	0.29061615	0.29090557
DRB1*01:01	0.0	0.0	0.3344816	0.25961548
DRB1*11:01	0.0	0.5387676	0.3820094	0.3773691
DQA1*02:01-DQB1*03:03	0.0	0.084686644	0.47518456	0.46684098
DRB3*03:01	0.0	0.7062737	0.715077	0.6647247
DRB1*08:01	0.0	0.0	0.32162395	0.26571107
DQA1*02:01-DQB1*03:01	0.0	0.34904766	0.292012	0.2478443
DRB3*01:01	0.0	0.058072697	0.2833976	0.21413022
DRB3*03:01	0.0	0.5997392	0.6445728	0.5706612
DQA1*02:01-DQB1*03:03	0.0	0.084686644	0.6816537	0.5803455
DRB1*01:01	0.0	0.29490203	0.37963998	0.43207574
DQA1*03:03-DQB1*04:02	0.0	0.30596218	0.28314942	0.2311948
DRB1*08:02	0.0	0.5606573	0.44884944	0.45349026
DRB1*11:01	0.0	0.09330672	0.35525075	0.31291166
DRB1*03:01	0.0	0.0	0.2854356	0.20396535
DRB1*09:01	0.0	0.7871874	0.6817404	0.52587473
DRB1*13:02	0.0	0.0	0.3037045	0.23806222
DRB4*01:03	0.0	0.084686644	0.32602373	0.2621462
DRB1*13:01	0.0	0.5552419	0.34003517	0.30256823
DRB3*03:01	0.0	0.55829746	0.42896265	0.45719054
DRB1*13:01	0.0	0.6073399	0.41110256	0.42482483
DRB1*01:01	0.0	0.084686644	0.4966487	0.5018052
DRB4*01:03	0.0	0.5530147	0.3316295	0.28969827
DRB1*13:01	0.0	0.7437481	0.56025034	0.54525995
DRB1*07:01	0.0	0.6296289	0.41106537	0.41145092
DRB1*07:01	0.0	0.4554746	0.3354684	0.33292162
DRB1*15:01	0.0	0.02062367	0.54407674	0.61940044
DRB1*14:54	0.0	0.69202656	0.3552424	0.3718797
DRB1*01:01	0.0	0.52719957	0.38152117	0.3871813
DQA1*02:01-DQB1*04:02	0.0	0.27250716	0.2840657	0.22328246
DQA1*05:01-DQB1*03:02	0.0	0.40755025	0.2827202	0.22280893
DQA1*02:01-DQB1*03:01	0.0	0.20647302	0.28764886	0.23068652
DQA1*05:01-DQB1*04:02	0.0	0.31377876	0.2839293	0.21313496
DRB1*09:01	0.0	0.4737663	0.28210858	0.22491254
DQA1*02:01-DQB1*03:01	0.0	0.5508399	0.2918983	0.24947366
DRB1*07:01	0.0	0.24818537	0.31862435	0.3237938
DRB1*01:01	0.0	0.0	0.33830693	0.2583124
DRB3*01:01	0.0	0.084686644	0.28806084	0.20227908
DRB1*04:01	0.0	0.7278651	0.6775201	0.53783154
DRB1*03:01	0.0	0.029025866	0.30040267	0.3074966
DRB1*01:01	0.0	0.22587508	0.41561547	0.5016886
DRB1*07:01	0.0	0.50150293	0.3018023	0.25619468
DQA1*05:01-DQB1*04:02	0.0	0.42581022	0.28571776	0.2716605
DQA1*05:01-DQB1*04:02	0.0	0.51031184	0.48877552	0.45144317
DRB4*01:03	0.0	0.6887833	0.36739343	0.3465362
DQA1*05:01-DQB1*03:03	0.0	0.42146862	0.2824699	0.2250867
DRB1*11:04	0.0	0.0020276671	0.2827033	0.222179
DRB1*08:01	0.0	0.5716429	0.5298195	0.48284617
DRB4*01:03	0.0	0.55012625	0.3415195	0.29389226
DRB3*02:02	0.0	0.0	0.5916763	0.41736585
DRB1*01:01	1.0	0.9542785	0.53236294	0.4992204
DQA1*02:01-DQB1*03:01	0.0	0.3668885	0.2921374	0.26037675
DRB1*04:01	0.0	0.0	0.28503242	0.2295954
DRB1*10:01	0.0	0.0	0.28249073	0.20772055
DPA1*02:01-DPB1*05:01	0.0	0.0	0.28286472	0.21242881
DRB3*03:01	0.0	0.6384378	0.39260298	0.40309542
DQA1*02:01-DQB1*04:02	0.0	0.084686644	0.28886527	0.20777868
DQB1*03:01	0.0	0.33260137	0.28224358	0.23442662
DRB3*01:01	0.0	0.084686644	0.285375	0.20772812
DRB1*13:01	1.0	0.8984626	0.7118311	0.58167064
DQA1*02:01-DQB1*04:02	0.0	0.26296708	0.6626238	0.51842433
DQA1*05:01-DQB1*03:03	0.0	0.5487152	0.28204963	0.23653999
DQA1*05:01-DQB1*03:03	0.0	0.3076487	0.288322	0.26929355
DRB1*04:02	0.0	0.61562216	0.28710538	0.21601748
DQA1*01:02-DQB1*05:01	0.0	0.310903	0.29752347	0.2753829
DRB1*08:02	0.0	0.71020716	0.71100545	0.620517
DRB1*09:01	0.0	0.084686644	0.282683	0.22655836
DRB3*03:01	0.0	0.51801825	0.34888822	0.30266702
DRB1*09:01	0.0	0.49942595	0.28287354	0.21731874
DRB3*03:01	0.0	0.5487152	0.35935622	0.333059
DRB3*03:01	0.0	0.30611423	0.36973405	0.34350199
DRB1*01:01	0.0	0.7629388	0.37608752	0.3930749
DRB1*04:04	0.0	0.7969252	0.31335923	0.34242493
DQB1*03:01	0.0	0.12798557	0.28321207	0.21625218
DRB1*11:01	1.0	0.9911911	0.5406524	0.53736985
DRB1*04:04	0.0	0.4120672	0.29200238	0.26690838
DRB1*13:01	0.0	0.7703366	0.3972475	0.42426386
DQA1*03:01-DQB1*03:02	0.0	0.37181488	0.3113097	0.3303184
DRB1*09:01	0.0	0.6714029	0.47051528	0.44668317
DQA1*03:03-DQB1*04:02	0.0	0.084686644	0.49460116	0.4000658
DRB3*03:01	0.0	0.398852	0.35552263	0.31499958
DRB5*01:01	0.0	0.738145	0.4389519	0.41702655
DPA1*03:01-DPB1*04:02	0.0	0.0	0.30299398	0.27295092
DQA1*05:01-DQB1*03:02	0.0	0.25575048	0.32210538	0.28911036
DRB1*07:01	1.0	1.0	0.708793	0.6090176
DRB1*08:01	0.0	0.4775781	0.5400461	0.5089103
DRB3*02:02	0.0	0.47565255	0.2824137	0.21323836
DRB1*15:01	0.0	0.20071875	0.43442276	0.51142406
DRB5*01:01	0.0	0.0	0.35144776	0.30006623
DRB1*04:01	1.0	0.8255907	0.7112238	0.6167426
DRB1*04:05	0.0	0.2221405	0.37086052	0.4448462
DRB3*02:02	0.0	0.084686644	0.2936719	0.29628462
DRB3*01:01	0.0	0.084686644	0.28666812	0.24158356
DRB3*01:01	0.0	0.084686644	0.33383587	0.41247153
DRB5*01:01	0.0	0.40280956	0.71084565	0.62422764
DRB3*02:02	1.0	0.93593705	0.68559974	0.51182735
DRB3*03:01	0.0	0.22653747	0.3485563	0.30244523
DQA1*02:01-DQB1*03:03	0.0	0.34042242	0.2843534	0.22310638
DQA1*06:01-DQB1*04:02	0.0	0.43913588	0.28578368	0.2067821
DQA1*05:01-DQB1*04:02	0.0	0.084686644	0.282624	0.22636734
DRB1*04:05	0.0	0.11982933	0.28246808	0.21303336
DRB1*13:02	0.0	0.16996437	0.31996068	0.29910725
DQA1*02:01-DQB1*03:01	0.0	0.19235173	0.28702703	0.22331345
DRB4*01:01	0.0	0.576242	0.30290887	0.31756225
DQA1*02:01-DQB1*04:02	0.0	0.24498886	0.6776346	0.5641816
DRB1*15:01	0.0	0.20217349	0.35020268	0.36376622
DRB1*15:01	0.0	0.348967	0.32747635	0.29734507
DPA1*01:03-DPB1*04:01	0.0	0.60473627	0.54149026	0.5164999
DRB1*04:04	0.0	0.14007527	0.33772847	0.31025404
DQA1*02:01-DQB1*03:03	0.0	0.084686644	0.28902537	0.22592783
DRB1*15:01	0.0	0.11000846	0.32776257	0.28264657
DRB1*11:01	0.0	0.0	0.36662075	0.31646484
DRB1*11:01	0.0	0.084686644	0.31887853	0.24060978
DRB1*04:05	0.0	0.084686644	0.28445485	0.27177948
DQA1*02:01-DQB1*04:02	0.0	0.084686644	0.4697885	0.48787722
DRB1*04:01	0.0	0.17323047	0.2947854	0.2877674
DRB1*07:01	0.0	0.2405918	0.32819653	0.34716842
DRB1*09:01	0.0	0.27435926	0.28246742	0.22905196
DQA1*02:01-DQB1*03:03	0.0	0.084686644	0.28727454	0.26001835
DRB1*04:01	0.0	0.49659437	0.29498795	0.2829419
DRB1*15:01	0.0	0.18223108	0.41604078	0.42000598
DRB1*01:01	1.0	0.87187403	0.34400475	0.2889428
DQA1*03:03-DQB1*04:02	0.0	0.084686644	0.2878247	0.21013658
DRB4*01:01	0.0	0.0	0.28177598	0.22282255
DRB1*07:01	0.0	0.23113155	0.4636944	0.45812902
DQA1*05:01-DQB1*03:03	0.0	0.084686644	0.28352213	0.23341733
DRB1*01:01	0.0	0.3110634	0.59161544	0.64595807
DRB1*08:01	0.0	0.084686644	0.31932005	0.24893382
DRB1*16:01	0.0	0.02062367	0.28392798	0.20745827
DRB1*04:01	1.0	0.85502326	0.6407846	0.5597216
DRB1*03:01	0.0	0.71020716	0.64767253	0.4805882
DRB4*01:03	0.0	0.549418	0.42134035	0.45151436
DRB3*02:02	0.0	0.38535902	0.28620586	0.25181347
DQA1*02:01-DQB1*03:01	0.0	0.30425617	0.540033	0.48042536
DRB1*04:01	0.0	0.36156222	0.3059267	0.3073961
DRB1*13:01	0.0	0.69887584	0.6380683	0.6006859
DQA1*01:01-DQB1*05:01	0.0	0.0	0.28623408	0.24236125
DRB3*01:01	0.0	0.084686644	0.28204226	0.21920618
DQA1*05:01-DQB1*03:01	0.0	0.30636823	0.28312662	0.23080912
DRB3*03:01	1.0	0.85125035	0.39307165	0.42125082
DQA1*06:01-DQB1*04:02	0.0	0.18240385	0.28349963	0.2303262
DRB1*07:01	0.0	0.1524263	0.3535455	0.3507267
DRB1*11:01	0.0	0.39816278	0.71438307	0.6624279
DQA1*02:01-DQB1*03:01	0.0	0.549418	0.28780094	0.23613788
DRB1*15:01	0.0	0.48858568	0.6418496	0.6647856
DRB1*04:04	0.0	0.54131734	0.7093634	0.60589427
DRB1*11:01	0.0	0.25026855	0.36616594	0.34372348
DRB1*07:01	1.0	0.9149444	0.70172215	0.5507892
DRB1*07:01	0.0	0.0	0.43470156	0.38889685
DRB1*03:01	0.0	0.21660475	0.29537067	0.28418154
DQA1*06:01-DQB1*04:02	0.0	0.25513482	0.28223568	0.22110872
DRB1*04:02	0.0	0.591596	0.6015849	0.40276098
DRB1*14:54	0.0	0.084686644	0.34247032	0.35865998
DQA1*05:01-DQB1*03:02	0.0	0.24353416	0.6916139	0.5897973
DRB1*04:04	0.0	0.084686644	0.28702658	0.2305783
DRB1*08:01	0.0	0.084686644	0.28474125	0.26540416
DRB1*12:01	0.0	0.077389844	0.29407787	0.3047925
DRB1*03:01	0.0	0.30601284	0.28299344	0.20779806
DRB1*13:01	0.0	0.65237737	0.46974576	0.533609
DRB1*03:01	0.0	0.3715056	0.7030612	0.62813175
DRB3	0.0	0.0	0.39808333	0.4441686
DRB1*03:01	0.0	0.0	0.5138036	0.5267643
DRB1*04:01	1.0	0.82420087	0.37902775	0.4079333
DRB1*01:01	0.0	0.51554024	0.70226693	0.63722116
DRB1*11:01	0.0	0.084686644	0.42348483	0.46464467
DRB1*03:01	0.0	0.0	0.36220345	0.40313372
DQA1*02:01-DQB1*04:02	0.0	0.5771899	0.49766102	0.45373675
DQA1*05:01-DQB1*04:02	0.0	0.6502526	0.28803614	0.287556
DRB3*01:01	0.0	0.02062367	0.3016015	0.3156308
DRB1*13:01	0.0	0.41531616	0.36878878	0.34320307
DRB1*08:01	0.0	0.15421307	0.2836784	0.21599253
DQA1*05:01-DQB1*03:03	0.0	0.33206245	0.28302878	0.22195512
DRB1*13:01	0.0	0.738145	0.56866306	0.57483864
DRB1*07:01	0.0	0.25756246	0.31062284	0.2877264
DRB5*01:01	0.0	0.34471145	0.7024732	0.6452565
DRB1*03:01	0.0	0.3165195	0.2834294	0.20740268
DRB1*04:01	0.0	0.3074941	0.31762698	0.31881112
DRB1*15:01	0.0	0.3985757	0.71215326	0.6752784
DQA1*05:01-DQB1*03:02	0.0	0.24694695	0.3291809	0.315723
DQA1*05:01-DQB1*03:02	0.0	0.24441464	0.28376788	0.20877077
DRB3*01:01	0.0	0.084686644	0.684091	0.56604743
DRB1*07:01	0.0	0.43487135	0.38097945	0.35572538
DQA1*05:01-DQB1*03:03	0.0	0.20520458	0.28552952	0.20769937
DRB1*15:01	0.0	0.084686644	0.47995466	0.45107988
DRB3*02:02	0.0	0.0	0.28316656	0.20622809
DRB1*09:01	0.0	0.084686644	0.28461987	0.20968051
DRB4*01:03	0.0	0.56556594	0.4017158	0.42861918
DRB1*07:01	0.0	0.72312444	0.5673483	0.5588697
DRB5*01:01	1.0	0.8984626	0.4561174	0.544222
DRB1*14:54	1.0	0.8984626	0.71346444	0.6319595
DRB5*01:01	1.0	0.93593705	0.38787892	0.34378147
DRB1*03:01	0.0	0.7629388	0.68265474	0.57091916
DRB1*07:01	0.0	0.17844597	0.3087635	0.26867962
DRB5*01:01	0.0	0.084686644	0.34358075	0.2913349
DRB1*13:02	0.0	0.0	0.33082312	0.29656845
DPA1*02:01-DPB1*05:01	0.0	0.0	0.28403562	0.22725937
DRB1*03:01	0.0	0.0	0.28647685	0.24606313
DRB1*13:02	0.0	0.0	0.5754861	0.6103527
DPA1*02:01-DPB1*05:01	0.0	0.0	0.2847743	0.23751849
DQA1*02:01-DQB1*03:03	0.0	0.49901608	0.6496618	0.50268936
DRB1*07:01	0.0	0.2512159	0.33539128	0.26927885
DRB1*07:01	0.0	0.0	0.29909626	0.23679228
DRB3*03:01	0.0	0.28394127	0.39792016	0.393403
DRB1*04:04	0.0	0.25855774	0.38460192	0.3670861
DPA1*01:03-DPB1*02:01	0.0	0.0	0.29088435	0.23521833
DQA1*06:01-DQB1*04:02	0.0	0.2574126	0.28374895	0.22317179
DRB1*11:04	0.0	0.017667692	0.31233352	0.2906752
DRB1*15:01	0.0	0.0	0.31114954	0.23865692
DRB3*01:01	0.0	0.33396256	0.31900638	0.33368737
DRB1*04:01	0.0	0.0	0.29400498	0.2746613
DPA1*02:01-DPB1*01:01	0.0	0.0	0.29181513	0.22900796
DQA1*05:01-DQB1*04:02	0.0	0.36230457	0.28398192	0.24175541
DQA1*01:02-DQB1*05:01	0.0	0.2916355	0.29431325	0.25373802
DRB1*03:01	1.0	1.0	0.69997233	0.5712272
DRB3*01:01	0.0	0.1180288	0.2954911	0.28488714
DRB3*02:02	0.0	0.084686644	0.2848316	0.23040912
DRB1*09:01	0.0	0.084686644	0.29881278	0.3212804
DPA1*01:03-DPB1*02:01	0.0	0.0	0.28587374	0.2231156
DRB1*04:04	0.0	0.3493711	0.28586045	0.23053835
DQA1*01:03-DQB1*06:03	0.0	0.17590676	0.29715216	0.26538134
DRB1*15:01	0.0	0.45221373	0.35731643	0.3528328
DRB1*15:01	0.0	0.7871874	0.32040155	0.26871765
DRB4*01:03	0.0	0.40619218	0.34025943	0.31069165
DQA1*05:01-DQB1*03:02	0.0	0.22352076	0.6419245	0.45117956
DRB1*03:01	0.0	0.38405308	0.29837504	0.2792666
DRB3*03:01	1.0	0.93593705	0.7056301	0.67402714
DQA1*02:01-DQB1*03:01	0.0	0.4815539	0.29317525	0.2598924
DQA1*01:01-DQB1*05:01	0.0	0.0	0.2822841	0.2228016
DPA1*02:01-DPB1*14:01	0.0	0.43393633	0.40041032	0.4179635
DRB1*01:01	0.0	0.5356762	0.42260796	0.48126236
DQA1*02:01-DQB1*03:01	1.0	0.8078111	0.7120257	0.62620676
DQA1*03:03-DQB1*04:02	0.0	0.084686644	0.28403866	0.24544495
DRB1*09:01	1.0	0.83439964	0.30053264	0.29666567
DRB1*04:01	0.0	0.61707765	0.28648406	0.24041127
DQA1*05:01-DQB1*03:03	0.0	0.084686644	0.28189686	0.21759693
DRB1*15:01	0.0	0.5743748	0.49661064	0.48570392
DRB1*03:01	0.0	0.6384378	0.39511213	0.36689317
DRB4*01:03	0.0	0.48535502	0.37740302	0.42531416
DRB1*11:01	0.0	0.1514981	0.36837742	0.36755168
DRB1*12:01	0.0	0.26042616	0.2826948	0.22024046
DRB1*03:01	0.0	0.0	0.39010617	0.3255112
DRB1*07:01	1.0	0.8078111	0.4362786	0.5176554
DRB1*04:04	0.0	0.084686644	0.2890111	0.25251052
DRB1*01:01	0.0	0.0	0.3323901	0.2579109
DRB1*03:01	0.0	0.35714093	0.28301606	0.23047055
DRB1*01:01	0.0	0.12450104	0.37306347	0.3626566
DRB1*04:04	0.0	0.33541372	0.29532123	0.26802006
DRB4*01:01	0.0	0.084686644	0.28253078	0.21752992
DRB1*07:01	0.0	0.33186117	0.3155794	0.29863536
DRB1*11:01	0.0	0.68565	0.7044005	0.64273477
DQA1*05:01-DQB1*03:03	0.0	0.5753037	0.29196468	0.29509953
DRB3*01:01	0.0	0.06906514	0.28294393	0.21607512
DRB1*01:01	0.0	0.0	0.3463158	0.31156224
DRB1*14:54	0.0	0.559864	0.39763725	0.39467537
DRB1*04:04	0.0	0.02062367	0.28288534	0.20900664
DRB5*01:01	0.0	0.35275334	0.7094498	0.61333436
DRB1*14:54	0.0	0.18801112	0.31360906	0.29065797
DQA1*05:01-DQB1*04:02	0.0	0.24881087	0.39962834	0.33556357
DRB1*11:01	0.0	0.0	0.6275689	0.58222216
DRB1*08:01	0.0	0.084686644	0.2900882	0.20731238
DRB1*07:01	0.0	0.19324486	0.40724343	0.45438528
DRB1*04:04	0.0	0.6953878	0.7095752	0.61621845
DRB1*14:54	0.0	0.6614014	0.36236447	0.38638943
DQA1*01:02-DQB1*05:01	0.0	0.24029268	0.30769077	0.2881284
DRB1*07:01	0.0	0.0	0.31976622	0.27534747
DRB1*11:01	0.0	0.0	0.41824183	0.42317688
DQA1*02:01-DQB1*04:02	0.0	0.084686644	0.29837546	0.20250054
DQA1*02:01-DQB1*03:03	0.0	0.58514524	0.28632215	0.21445543
DRB1*04:01	0.0	0.40166143	0.29618207	0.296269
DRB1*04:03	0.0	0.051629182	0.28271475	0.20863499
DRB1*15:01	0.0	0.6366076	0.3458677	0.35615146
DPA1*01:03-DPB1*04:01	0.0	0.0	0.28906757	0.24739465
DRB5*01:01	1.0	0.93593705	0.71269375	0.6305814
DRB1*14:54	0.0	0.5093922	0.3183261	0.30459806
DRB1*07:01	0.0	0.3721252	0.36973876	0.3561759
DRB1*03:01	0.0	0.29749924	0.52287704	0.48492864
DRB5*01:01	0.0	0.084686644	0.4217507	0.445268
DRB1*03:01	0.0	0.0	0.28242972	0.21108924
DQA1*01:02-DQB1*05:01	0.0	0.4654396	0.31236687	0.29285216
DQA1*02:01-DQB1*03:03	0.0	0.39912912	0.29368675	0.27152503
DRB3*01:01	0.0	0.5614576	0.28341404	0.2329208
DRB1*11:01	0.0	0.15528806	0.4344773	0.44272542
DRB1*09:01	0.0	0.5791155	0.28963378	0.2707933
DRB1*15:01	0.0	0.7560895	0.3561954	0.35568684
DRB1*11:01	0.0	0.27610245	0.34959206	0.32196888
DRB1*07:01	0.0	0.18291071	0.43932432	0.3913525
DRB1*09:01	0.0	0.5226533	0.2848061	0.29221314
DQA1*06:01-DQB1*04:02	0.0	0.084686644	0.2815725	0.23136023
DQA1*03:03-DQB1*04:02	0.0	0.084686644	0.28671798	0.25860006
DQA1*05:01-DQB1*03:03	0.0	0.26148424	0.42164725	0.3924818
DRB1*15:01	0.0	0.7703366	0.71172893	0.6086349
DQA1*01:01-DQB1*05:01	0.0	0.0	0.28897113	0.24761373
DQA1*05:01-DQB1*03:01	0.0	0.16572617	0.34658715	0.3844663
DRB1*04:01	0.0	0.2361086	0.6701105	0.61885047
DRB1*03:01	0.0	0.084686644	0.28282082	0.20678872
DRB1*07:01	0.0	0.22500625	0.5778124	0.5050081
DRB1*04:01	0.0	0.0	0.30923745	0.32366797
DRB1*11:01	0.0	0.084686644	0.47864664	0.44413683
DQA1*01:03-DQB1*06:03	0.0	0.084686644	0.28692186	0.24947685
DRB5*01:01	1.0	0.8078111	0.6456643	0.5719853
DRB1*11:01	1.0	0.85125035	0.7053833	0.64990836
DRB3*03:01	0.0	0.084686644	0.71376103	0.5899323
DRB4*01:03	0.0	0.7560895	0.33260694	0.30497107
DRB5*01:01	0.0	0.36475927	0.3364509	0.26177102
DQA1*05:01-DQB1*03:02	0.0	0.084686644	0.5342245	0.41036668
DRB4*01:03	1.0	0.85125035	0.52087224	0.48113033
DRB1*11:01	0.0	0.0	0.33958444	0.2805249
DQA1*02:01-DQB1*03:01	0.0	0.084686644	0.29284912	0.22439067
DQA1*05:01-DQB1*02:01	0.0	0.0	0.50872785	0.4361966
DRB1*03:01	0.0	0.0	0.286387	0.24277845
DRB3*02:02	0.0	0.0	0.28585592	0.24059314
DRB1*01:01	0.0	0.0	0.35841224	0.3243368
DRB1*13:02	0.0	0.6127781	0.33264437	0.29999575
DRB1*08:01	0.0	0.3028255	0.28401834	0.24472868
DRB1*04:04	0.0	0.084686644	0.28296077	0.20690534
DRB5*01:01	0.0	0.0	0.34262723	0.28914553
DQA1*03:01-DQB1*03:02	0.0	0.25592715	0.2825111	0.21663679
DRB1*04:05	0.0	0.23012292	0.30207887	0.25282612
DRB3*02:02	0.0	0.6384378	0.29504356	0.29246786
DRB3*03:01	0.0	0.42599562	0.401452	0.377559
DRB4*01:03	0.0	0.64221066	0.44543427	0.46196848
DRB3*02:02	0.0	0.084686644	0.7039329	0.5944714
DRB1*07:01	0.0	0.084686644	0.30467445	0.26822808
DQA1*05:01-DQB1*03:03	0.0	0.36767507	0.6294897	0.54141915
DRB1*03:01	0.0	0.0	0.2895045	0.28700426
DRB1*07:01	0.0	0.37745675	0.30608597	0.27639675
DRB1*08:02	0.0	0.610019	0.52002376	0.43449628
DRB1*01:01	0.0	0.02062367	0.32586113	0.23854098
DRB3*01:01	0.0	0.084686644	0.2821492	0.23570412
DRB1*03:01	0.0	0.6768411	0.29525232	0.2852248
DPA1*01:03-DPB1*04:01	0.0	0.0	0.2830965	0.22666371
DQA1*01:02-DQB1*06:02	0.0	0.0	0.2826126	0.22803383
DRB4*01:01	0.0	0.0	0.28323972	0.21219277
DRB1*14:54	0.0	0.5075799	0.5795975	0.52255553
DRB4*01:03	0.0	0.084686644	0.32844552	0.29183757
DQA1*01:02-DQB1*05:01	0.0	0.53814095	0.695964	0.5869866
DRB1*07:01	0.0	0.6384378	0.71229273	0.6713195
DRB1*15:01	0.0	0.0	0.30742717	0.23764335
DRB1*04:05	0.0	0.21379751	0.63999885	0.54195875
DRB1*09:01	0.0	0.260612	0.2872477	0.23966062
DRB1*04:04	0.0	0.43956473	0.36445487	0.361321
DQA1*05:01-DQB1*04:02	0.0	0.30565882	0.2988437	0.31091815
DRB1*15:01	0.0	0.6545521	0.710429	0.6700821
DRB5*01:01	0.0	0.084686644	0.34588826	0.28360993
DPA1*02:01-DPB1*05:01	0.0	0.0	0.2832234	0.23066743
DRB1*09:01	0.0	0.0	0.2910281	0.20481369
DPA1*01:03-DPB1*04:01	0.0	0.0	0.60699534	0.48729992
DRB4*01:01	0.0	0.034983307	0.28314775	0.2177354
DRB1*13:01	1.0	0.8984626	0.7068212	0.6639852
DRB1*14:54	0.0	0.5716429	0.3002723	0.23961088
DRB1*04:04	0.0	0.0	0.28511354	0.2158907
DPB1*04:02	0.0	0.0	0.29160887	0.2754029
DRB1*09:01	0.0	0.33569276	0.28455135	0.2516332
DQA1*05:01-DQB1*03:02	0.0	0.38241723	0.282327	0.22507961
DRB1*04:01	0.0	0.3787834	0.285248	0.22966354
DRB1*04:01	0.0	0.16709112	0.5064345	0.4121916
DQA1*06:01-DQB1*04:02	0.0	0.29680866	0.28262785	0.22050439
DRB1*07:01	0.0	0.084686644	0.29284185	0.22010998
DRB1*14:54	0.0	0.19217414	0.30077648	0.2461513
DRB1*04:01	0.0	0.0	0.29146323	0.26207495
DRB1*07:01	0.0	0.1757581	0.34595415	0.3086295
DRB1*03:01	1.0	1.0	0.28611797	0.223393
DRB1*08:02	0.0	0.20807467	0.28863618	0.25600857
DRB1*08:02	0.0	0.3790064	0.6689242	0.5717483
DRB1*15:01	0.0	0.28535923	0.48987147	0.48495317
DRB5*01:01	0.0	0.24475352	0.3509409	0.30407292
DRB3*01:01	0.0	0.0	0.283645	0.23686257
DQA1*02:01-DQB1*04:02	0.0	0.36946976	0.28465563	0.25768104
DRB1*04:04	0.0	0.26233315	0.28350246	0.216324
DRB1*07:01	0.0	0.50713235	0.31949797	0.31915188
DRB1*04:04	0.0	0.02062367	0.2890176	0.24858308
DPA1*02:01-DPB1*01:01	0.0	0.17992333	0.33452505	0.35517767
DRB1*01:01	1.0	1.0	0.4436013	0.4650125
DQA1*02:01-DQB1*03:01	0.0	0.28177205	0.285746	0.21480873
DRB1*13:02	0.0	0.0	0.37151375	0.33007878
DQA1*05:01-DQB1*03:03	0.0	0.084686644	0.28321847	0.20944606
DQA1*02:01-DQB1*04:02	0.0	0.27044973	0.28418493	0.22191718
DRB1*04:01	0.0	0.7703366	0.29998615	0.28535846
DRB1*01:01	0.0	0.50985086	0.62070626	0.60651433
DQA1*03:03-DQB1*04:02	0.0	0.084686644	0.28231028	0.23205504
DRB1*03:03	0.0	0.0	0.296968	0.23029524
DRB1*08:01	0.0	0.23622759	0.29030988	0.21197662
DRB3*01:01	0.0	0.30770028	0.28339213	0.23855509
DRB1*15:01	0.0	0.11073455	0.3337837	0.32069463
DRB1*07:01	0.0	0.6461442	0.6441119	0.55186725
DRB1*11:01	0.0	0.6073399	0.4541683	0.4707503
DQA1*02:01-DQB1*03:01	0.0	0.5145674	0.71211845	0.645838
DRB5*01:01	0.0	0.2079869	0.3814838	0.35083783
DPA1*02:01-DPB1*01:01	0.0	0.0	0.29175338	0.24047615
DRB1*01:01	0.0	0.0	0.41300714	0.5010642
DQA1*06:01-DQB1*04:02	0.0	0.084686644	0.4237638	0.39528662
DPA1*01:03-DPB1*02:01	0.0	0.5743748	0.33920032	0.3256149
DRB1*13:02	0.0	0.14356497	0.340287	0.33302224
DQA1*05:01-DQB1*02:01	0.0	0.5117087	0.6663067	0.5841795
DRB1*13:02	0.0	0.04546659	0.36895356	0.39044964
DQA1*05:01-DQB1*03:03	0.0	0.2958958	0.28214696	0.2205603
DRB1*08:01	0.0	0.56986547	0.3587949	0.32791927
DRB1*11:01	0.0	0.15191798	0.34237963	0.29122072
DRB1*03:01	0.0	0.0	0.28213394	0.2147652
DQA1*05:01-DQB1*03:01	0.0	0.18291071	0.297461	0.37257704
DRB1*07:01	0.0	0.54003364	0.3004641	0.24754564
DQA1*05:01-DQB1*04:02	0.0	0.44240203	0.28458416	0.25435662
DRB1*03:01	1.0	0.86098814	0.28371787	0.23371291
DRB5*01:01	0.0	0.084686644	0.34303778	0.28114852
DRB3*02:02	0.0	0.0	0.29298392	0.29976457
DQA1*05:01-DQB1*03:03	0.0	0.32677597	0.28141776	0.23379667
DRB1*11:01	0.0	0.14802438	0.36369562	0.34868282
DRB1*04:01	0.0	0.220519	0.63961196	0.5503303
DRB3*01:01	0.0	0.084686644	0.29113308	0.2844882
DRB1*03:01	0.0	0.4805438	0.28315926	0.21959545
DRB1*04:01	0.0	0.25446516	0.2867695	0.24079022
DRB1*07:01	0.0	0.299178	0.33358353	0.33110106
DRB3*03:01	0.0	0.71020716	0.7138179	0.6711024
DRB1*03:01	0.0	0.0	0.28365424	0.21679586
DRB1*01:01	0.0	0.36209813	0.36671796	0.35831457
DRB1*11:01	0.0	0.5145674	0.38922283	0.3848428
DRB3*02:02	0.0	0.084686644	0.29559854	0.29083568
DRB5*01:01	0.0	0.37358728	0.40413293	0.39796016
DQA1*05:01-DQB1*03:02	0.0	0.38323155	0.2820632	0.23562548
DRB1*09:01	0.0	0.24200055	0.30330265	0.32796323
DRB1*14:54	0.0	0.084686644	0.31872767	0.29474938
DRB1*03:01	0.0	0.084686644	0.28496185	0.24584684
DRB1*01:01	0.0	0.29220107	0.38104382	0.3485183
DRB1*08:01	0.0	0.2329753	0.6056187	0.4566147
DRB1*03:01	0.0	0.49155536	0.62200445	0.50126517
DPA1*02:01-DPB1*05:01	0.0	0.0	0.28312498	0.21043524
DRB1*09:01	0.0	0.5872459	0.69228816	0.5942439
DRB3*02:02	0.0	0.0	0.28487343	0.23681661
DQA1*02:01-DQB1*03:03	0.0	0.31149253	0.28681782	0.21496643
DRB1*04:04	0.0	0.31794977	0.34508792	0.33790326
DRB1*03:03	0.0	0.0	0.38049117	0.28561658
DRB5*01:01	0.0	0.70250076	0.40977776	0.3501931
DRB5*01:01	0.0	0.084686644	0.33777618	0.26815465
DRB5*01:01	0.0	0.084686644	0.37933674	0.3818574
DRB3*01:01	0.0	0.0	0.4026898	0.33640945
DRB3*03:01	0.0	0.24684003	0.3444846	0.2823707
DRB5*01:01	0.0	0.084686644	0.38125524	0.31819898
DRB1*03:01	0.0	0.12450104	0.34588602	0.29772276
DRB1*07:01	0.0	0.0	0.30500284	0.2438393
DQA1*02:01-DQB1*03:03	0.0	0.5002512	0.2831907	0.24715237
DRB1*09:01	0.0	0.7969252	0.6967441	0.56419945
DRB1*03:01	0.0	0.47628996	0.28220186	0.20933259
DRB1*04:05	0.0	0.084686644	0.57326686	0.4484365
DRB1*11:01	0.0	0.62796354	0.6715454	0.5897374
DPA1*02:01-DPB1*05:01	0.0	0.0	0.28622913	0.25615188
DRB1*03:01	0.0	0.0	0.283528	0.23166111
DRB1*13:01	0.0	0.31176177	0.31972075	0.25932014
DRB1*11:01	0.0	0.5997392	0.37407434	0.3442712
DQA1*05:01-DQB1*02:01	0.0	0.0	0.28865558	0.26580024
DRB3*02:02	0.0	0.084686644	0.28949624	0.24564618
DRB3*03:01	0.0	0.6714029	0.5062684	0.5704173
DQA1*02:01-DQB1*03:01	0.0	0.084686644	0.2898978	0.2393969
DQA1*05:01-DQB1*03:03	0.0	0.2864082	0.2819368	0.21967956
DRB1*03:03	0.0	0.115853876	0.6593437	0.52866006
DRB1*12:01	0.0	0.0	0.28177294	0.21543218
DQA1*01:01-DQB1*05:01	0.0	0.0	0.2821052	0.2175098
DRB1*04:05	0.0	0.0	0.28669018	0.20822005
DQA1*02:01-DQB1*03:01	0.0	0.55599636	0.3131919	0.30926663
DRB4*01:03	0.0	0.36876768	0.33575836	0.31028524
DRB1*04:01	0.0	0.4969936	0.29207325	0.2545573
DRB1*15:01	0.0	0.674082	0.3958947	0.41573802
DRB1*04:04	1.0	0.85125035	0.32077855	0.2869481
DQA1*02:01-DQB1*03:03	0.0	0.18328598	0.2840807	0.21786794
DRB1*08:01	0.0	0.6953878	0.28370246	0.24613793
DRB4*01:03	0.0	0.56556594	0.32746342	0.28062487
DQA1*05:01-DQB1*03:03	0.0	0.5459561	0.36729413	0.38216883
DQA1*02:01-DQB1*03:03	0.0	0.557524	0.28339306	0.22411078
DRB1*09:01	0.0	0.5707499	0.30521613	0.35015357
DRB1*08:02	0.0	0.0	0.2839226	0.22724295
DRB4*01:03	0.0	0.084686644	0.3212627	0.26270202
DRB1*04:01	0.0	0.0	0.28894788	0.25642118
DRB1*07:01	0.0	0.7871874	0.3579434	0.38418853
DQA1*05:01-DQB1*03:01	0.0	0.0	0.28632134	0.299443
DRB1*11:01	0.0	0.18628877	0.44245458	0.37140304
DQA1*05:01-DQB1*03:02	0.0	0.37911808	0.2819615	0.22667474
DQA1*05:01-DQB1*03:02	0.0	0.3004097	0.28276336	0.21616827
DRB1*01:01	0.0	0.31812292	0.47700924	0.45571136
DQA1*05:01-DQB1*03:02	0.0	0.51554024	0.47609454	0.4265737
DRB1*08:01	0.0	0.084686644	0.50638527	0.3732509
DRB1*09:01	0.0	0.598531	0.28491175	0.25427875
DRB1*11:01	0.0	0.2447274	0.34277603	0.3033994
DRB5*01:01	0.0	0.084686644	0.32711616	0.24467608
DRB1*13:02	0.0	0.2369688	0.29178712	0.20872024
DPA1*03:01-DPB1*04:02	0.0	0.0	0.28413567	0.21272597
DRB1*09:01	0.0	0.3877818	0.28653544	0.297406
DRB1*13:01	0.0	0.6461442	0.3295403	0.3214583
DQA1*06:01-DQB1*04:02	0.0	0.084686644	0.2851974	0.20732142
DRB1*08:01	0.0	0.4900586	0.5412032	0.47851318
DRB1*07:01	0.0	0.39153937	0.31980586	0.30447048
DRB1*03:01	0.0	0.06281084	0.49834427	0.46902788
DQA1*05:01-DQB1*04:02	0.0	0.3274125	0.3475874	0.31251746
DRB1*13:02	0.0	0.17260623	0.38040584	0.38745874
DPA1*02:01-DPB1*05:01	0.0	0.0457027	0.28545764	0.23750602
DRB1*04:05	0.0	0.42711592	0.2889033	0.2512202
DRB3*01:01	0.0	0.24968822	0.28478163	0.2084865
DRB1*07:01	0.0	0.084686644	0.303334	0.23987803
DRB1*08:01	0.0	0.24051692	0.2921587	0.20980738
DRB1*13:02	0.0	0.27570006	0.5067843	0.5426214
DQA1*01:01-DQB1*05:01	0.0	0.0	0.28308558	0.20728423
DQA1*03:03-DQB1*04:02	0.0	0.084686644	0.284511	0.22374031
DQA1*05:01-DQB1*04:02	0.0	0.084686644	0.28330803	0.2146744
DQA1*03:01-DQB1*03:02	0.0	0.0	0.28352487	0.22740814
DQA1*02:01-DQB1*03:03	0.0	0.084686644	0.28262848	0.23480585
DRB1*07:01	0.0	0.0	0.34543055	0.3233574
DPA1*01:03-DPB1*03:01	0.0	0.2476988	0.3679941	0.41136932
DQA1*05:01-DQB1*03:02	0.0	0.37945396	0.28404346	0.24923809
DRB3*03:01	0.0	0.2008161	0.38243425	0.38338786
DRB5*01:01	0.0	0.4747046	0.36112434	0.34105587
DQA1*05:01-DQB1*03:03	0.0	0.33039832	0.28139332	0.2164657
DRB1*03:01	0.0	0.598531	0.3038753	0.26565886
DQA1*02:01-DQB1*03:03	0.0	0.3781177	0.289464	0.20812926
DRB1*03:01	0.0	0.0	0.28436658	0.21350817
DRB3*01:01	0.0	0.5820812	0.28286615	0.24738449
DRB1*13:02	0.0	0.0	0.5953505	0.5821332
DRB1*07:01	0.0	0.66380215	0.39260137	0.38120502
DRB1*09:01	0.0	0.4759707	0.69090414	0.5813397
DQA1*03:01-DQB1*03:02	0.0	0.084686644	0.28245604	0.21427876
DRB1*14:54	0.0	0.43870896	0.71091545	0.60433507
DRB3*01:01	0.0	0.0	0.28355026	0.22724302
DRB1*07:01	0.0	0.57345515	0.3364355	0.38155586
DQA1*02:01-DQB1*03:01	0.0	0.57345515	0.7109235	0.61365247
DPA1*01:03-DPB1*02:01	0.0	0.0	0.28725496	0.22385816
DRB1*11:01	0.0	0.72312444	0.67100537	0.58450013
DQA1*05:01-DQB1*03:02	0.0	0.31186968	0.2852363	0.22489303
DRB1*03:01	0.0	0.38939136	0.28469786	0.24631
DRB1*15:01	0.0	0.54131734	0.41695726	0.3646813
DRB1*08:01	0.0	0.30780354	0.28464788	0.23383579
DRB1*12:01	0.0	0.0	0.2860945	0.2664427
DRB1*04:01	0.0	0.0	0.2837869	0.21781835
DRB1*08:02	0.0	0.02062367	0.283391	0.21776192
DRB1*03:01	1.0	0.87187403	0.60622203	0.5396072
DRB1*08:01	0.0	0.5375186	0.28524816	0.22186357
DQA1*02:01-DQB1*03:03	0.0	0.084686644	0.285398	0.22310412
DRB1*01:01	0.0	0.12450104	0.33593556	0.26576823
DRB1*13:01	0.0	0.084686644	0.29797047	0.21489903
DRB1*03:01	0.0	0.6231404	0.66955864	0.5564681
DRB1*13:02	0.0	0.084686644	0.34278056	0.35633057
DRB1*03:01	0.0	0.56307906	0.2884436	0.2582046
DRB1*03:01	0.0	0.0	0.28351113	0.22429284
DRB1*08:01	0.0	0.24284089	0.284824	0.22361632
DRB4*01:03	0.0	0.084686644	0.38502887	0.37502047
DRB1*13:02	0.0	0.0	0.5585691	0.58502936
DRB5*01:01	0.0	0.55907744	0.3578902	0.33449537
DRB1*03:01	1.0	0.87187403	0.7067484	0.58694565
DRB1*01:01	0.0	0.41449314	0.7075797	0.6644618
DRB3*01:01	0.0	0.38276535	0.28440648	0.21063711
DRB4*01:03	0.0	0.55155915	0.70332456	0.606897
DRB3*03:01	0.0	0.56307906	0.36932263	0.37525183
DRB1*07:01	0.0	0.3298065	0.6977018	0.5829938
DRB1*11:01	1.0	0.85125035	0.35931697	0.33883798
DRB1*04:01	0.0	0.12338451	0.31253144	0.31864113
DPA1*01:03-DPB1*04:01	0.0	0.0	0.28312302	0.2141805
DRB1*04:05	0.0	0.0	0.32360458	0.23517425
DQA1*01:02-DQB1*05:01	0.0	0.10757921	0.29049107	0.23280028
DPA1*03:01-DPB1*04:02	0.0	0.0	0.29029205	0.2409743
DRB1*11:01	0.0	0.7328622	0.71015793	0.67399037
DQA1*05:01-DQB1*03:02	0.0	0.35067633	0.28427795	0.22753331
DRB4*01:03	0.0	0.6502526	0.37239617	0.4046157
DQA1*02:01-DQB1*03:03	0.0	0.44086346	0.28320336	0.23783053
DRB1*07:01	0.0	0.19101341	0.31148773	0.28741398
DRB1*08:02	0.0	0.0	0.2932166	0.2551102
DRB1*04:01	0.0	0.48606324	0.31435618	0.32957447
DQA1*03:03-DQB1*04:02	0.0	0.40529776	0.34781185	0.36146736
DRB3*02:02	0.0	0.0	0.2832166	0.21285762
DRB1*04:05	0.0	0.0	0.28394416	0.2075401
DQA1*05:01-DQB1*03:02	0.0	0.19971868	0.28541073	0.24187894
DRB1*14:54	0.0	0.28354305	0.30330992	0.22159266
DRB1*04:01	0.0	0.5210823	0.42229292	0.4388281
DRB1*07:01	0.0	0.7062737	0.30530822	0.27072516
DRB1*14:54	0.0	0.084686644	0.3217865	0.29598793
DQA1*02:01-DQB1*02:02	0.0	0.03580201	0.34047705	0.3279183
DQA1*05:01-DQB1*04:02	0.0	0.3377412	0.30958673	0.27238214
DQA1*01:02-DQB1*06:02	0.0	0.064062975	0.28594324	0.2068708
DRB1*03:01	0.0	0.2677647	0.28563353	0.24313372
DRB1*03:01	0.0	0.12948903	0.3389522	0.37598693
DPA1*02:01-DPB1*05:01	0.0	0.0	0.28554288	0.25527465
DRB1*04:04	0.0	0.5872459	0.37928903	0.30443114
DRB1*15:01	0.0	0.40574387	0.39614978	0.39871484
DRB1*14:54	0.0	0.3040575	0.31004852	0.26589164
DRB1*12:01	0.0	0.39039597	0.28217041	0.23349734
DRB1*15:02	0.0	0.4331309	0.28257445	0.2119142
DRB3*02:02	0.0	0.17659125	0.41443762	0.41906357
DRB5*01:01	0.0	0.084686644	0.3535992	0.3176927
DRB1*03:01	0.0	0.05265516	0.3772333	0.38178575
DRB4*01:01	0.0	0.0	0.2907724	0.20209949
DRB1*03:01	0.0	0.27324557	0.3251683	0.36572456
DRB5*01:01	0.0	0.084686644	0.36709324	0.33468366
DRB1*11:01	0.0	0.6768411	0.38362715	0.41310316
DRB3*03:01	0.0	0.60866976	0.6998212	0.6839134
DRB3*01:01	0.0	0.084686644	0.29038942	0.2499899
DRB3*02:02	0.0	0.77837855	0.3514103	0.33737424
DRB1*07:01	0.0	0.48968816	0.3316595	0.30443662
DRB1*12:01	0.0	0.30445525	0.2828084	0.24311587
DRB3*01:01	0.0	0.251947	0.28449434	0.28556582
DRB1*13:02	0.0	0.0	0.29626632	0.2148996
DRB3*01:01	0.0	0.084686644	0.2832055	0.2549226
DRB1*07:01	0.0	0.084686644	0.3664299	0.31386256
DRB1*03:01	0.0	0.248484	0.28271887	0.21564536
DQA1*02:01-DQB1*03:01	0.0	0.34197953	0.36290646	0.32983607
DRB1*08:02	0.0	0.0	0.2879345	0.24753235
DRB1*11:01	0.0	0.0	0.34269556	0.30084682
DRB1*07:01	0.0	0.316406	0.31433082	0.28180563
DRB1*03:01	0.0	0.5185219	0.28346565	0.22762251
DQA1*02:01-DQB1*03:01	0.0	0.084686644	0.29639474	0.26735067
DQA1*02:01-DQB1*03:01	0.0	0.557524	0.30161774	0.27848512
DRB1*08:02	0.0	0.0	0.28276256	0.21004504
DQA1*01:02-DQB1*06:02	0.0	0.35801598	0.28885487	0.20683473
DRB1*03:01	1.0	0.8201525	0.38871318	0.38486457
DRB1*03:01	0.0	0.0	0.2837769	0.20748389
DQA1*02:01-DQB1*03:03	0.0	0.48326233	0.6577298	0.5505016
DQA1*02:01-DQB1*03:03	0.0	0.5036277	0.57245016	0.5160831
DRB1*07:01	0.0	0.5221266	0.32511008	0.3337849
DRB1*13:02	1.0	0.9509576	0.33732405	0.3646931
DRB1*01:01	0.0	0.2610471	0.44080848	0.43996006
DRB3*01:01	0.0	0.084686644	0.28148103	0.23127551
DRB1*01:01	0.0	0.1304242	0.33554658	0.2565332
DRB1*04:01	0.0	0.30692944	0.5254184	0.5604238
DRB1*07:01	0.0	0.0	0.3183351	0.30567962
DRB1*11:01	1.0	0.9456748	0.706777	0.67330736
DQA1*02:01-DQB1*04:02	0.0	0.084686644	0.68271446	0.5829277
DRB1*11:01	0.0	0.1422807	0.40866828	0.35700816
DRB5*01:01	1.0	0.93593705	0.37141517	0.32252455
DRB1*09:01	0.0	0.68261945	0.69245946	0.5789058
DRB3*03:01	0.0	0.29463282	0.38483688	0.35775784
DRB1*14:54	0.0	0.70250076	0.41207558	0.3767119
DRB1*04:04	0.0	0.7328622	0.7014172	0.58635926
DRB1*03:01	0.0	0.0	0.28334346	0.21753533
DRB3*02:02	0.0	0.084686644	0.2824387	0.20928246
DQA1*02:01-DQB1*03:03	0.0	0.084686644	0.28294677	0.25072142
DPB1*02:01	0.0	0.0	0.3109505	0.24408856
DRB1*08:01	0.0	0.6185565	0.28676856	0.28836828
DPA1*01:03-DPB1*02:01	0.0	0.5725446	0.5652476	0.5443729
DQA1*03:03-DQB1*04:02	0.0	0.32034445	0.28263888	0.23239642
DRB1*13:01	0.0	0.0	0.3213401	0.27713558
DRB1*03:01	1.0	0.82989025	0.46035576	0.3702839
DQA1*03:03-DQB1*04:02	0.0	0.084686644	0.29112643	0.209598
DRB1*14:54	0.0	0.36987334	0.33754742	0.33041143
DRB4*01:01	0.0	0.0	0.2825678	0.23025787
DQA1*05:01-DQB1*03:02	0.0	0.51701903	0.31500283	0.2944312
DRB1*13:02	0.0	0.0	0.3450254	0.32340807
DQA1*02:01-DQB1*04:02	0.0	0.4428464	0.28268215	0.2513363
DRB1*04:04	0.0	0.64221066	0.46958983	0.4996111
DQA1*05:01-DQB1*04:02	0.0	0.084686644	0.30161712	0.32045245
DQA1*05:01-DQB1*03:03	0.0	0.51554024	0.28491226	0.21160105
DRB5*01:01	0.0	0.6662669	0.3866938	0.35824126
DQA1*03:03-DQB1*04:02	0.0	0.4488261	0.28551698	0.21686915
DRB3*01:01	0.0	0.084686644	0.2824096	0.22646739
DRB1*15:01	0.0	0.0	0.3239866	0.2714696
DRB1*13:01	0.0	0.69887584	0.6959947	0.5371961
DQA1*02:01-DQB1*03:01	0.0	0.27698654	0.2891789	0.23795825
DRB1*11:01	0.0	0.44954166	0.34268948	0.29830766
DRB1*04:04	0.0	0.5117087	0.3748955	0.34805274
DRB3*02:02	0.0	0.084686644	0.6978095	0.61495024
DQA1*03:03-DQB1*04:02	0.0	0.084686644	0.28321356	0.22958185
DQA1*05:01-DQB1*03:03	0.0	0.5753037	0.3268484	0.35087776
DRB1*03:01	0.0	0.4205892	0.40371814	0.38671944
DRB1*04:01	0.0	0.0	0.28641036	0.22606006
DRB3*03:01	1.0	0.93593705	0.41937518	0.4460615
DQA1*03:03-DQB1*04:02	0.0	0.25870946	0.2896946	0.2661943
DRB1*04:04	0.0	0.6567793	0.39438123	0.41415912
DQA1*02:01-DQB1*04:02	0.0	0.084686644	0.28341058	0.22433548
DQA1*05:01-DQB1*04:02	0.0	0.42692825	0.28769183	0.26968896
DRB1*03:01	0.0	0.084686644	0.28203088	0.20667516
DQA1*05:01-DQB1*03:03	0.0	0.35436368	0.2820527	0.23075083
DPA1*03:01-DPB1*04:02	0.0	0.41095653	0.39861202	0.4120964
DRB1*04:04	0.0	0.5841126	0.30089247	0.29975533
DRB1*13:02	0.0	0.48360783	0.6716852	0.63765544
DQA1*02:01-DQB1*03:03	0.0	0.24596271	0.28910387	0.20998172
DRB1*11:01	0.0	0.0	0.39043546	0.367095
DRB1*15:01	0.0	0.20525567	0.3387013	0.3187433
DQA1*02:01-DQB1*04:02	0.0	0.5530147	0.28220946	0.2353266
DPA1*01:03-DPB1*04:01	0.0	0.0	0.29685214	0.24708965
DRB1*04:01	0.0	0.18137206	0.39438877	0.39064556
DRB1*08:01	0.0	0.68261945	0.2825335	0.27839625
DRB1*07:01	0.0	0.084686644	0.34976107	0.3386352
DRB1*01:01	0.0	0.51806605	0.39205003	0.40027896
DRB1*04:01	0.0	0.0	0.29345953	0.25623855
DRB4*01:03	0.0	0.084686644	0.34455717	0.30303416
DRB3*03:01	0.0	0.29969713	0.3597951	0.3324751
DRB3*02:02	0.0	0.0	0.28706905	0.24249284
DRB5*01:01	1.0	0.92301977	0.49750742	0.5572185
DPA1*02:01-DPB1*01:01	0.0	0.06226175	0.40513027	0.44982177
DRB1*03:01	0.0	0.0	0.28326985	0.2167371
DRB1*03:01	0.0	0.2844615	0.28299826	0.2283183
DQA1*05:01-DQB1*03:02	0.0	0.2934753	0.2828583	0.23695569
DRB1*04:01	0.0	0.0	0.6194069	0.5190788
DRB1*04:04	0.0	0.21985833	0.31833348	0.34005767
DRB3*03:01	0.0	0.48395464	0.37716746	0.3803544
DRB5*01:01	0.0	0.48020953	0.45102847	0.42521763
DRB1*08:02	0.0	0.21169186	0.37811065	0.39271528
DRB1*11:01	0.0	0.5247903	0.38145196	0.38482514
DRB1*15:01	0.0	0.6887833	0.33471707	0.31566072
DRB3*01:01	0.0	0.07444378	0.28512827	0.29247004
DRB3*01:01	0.0	0.49231294	0.4501475	0.43064314
DQA1*02:01-DQB1*03:01	0.0	0.26636836	0.6463445	0.5930716
DPA1*02:01-DPB1*14:01	0.0	0.21660475	0.3352099	0.33892113
DRB1*04:04	0.0	0.084686644	0.296475	0.26836038
DRB1*09:01	0.0	0.30050513	0.28262162	0.2225989
DRB1*04:01	0.0	0.0	0.3941848	0.3993884
DRB1*07:01	0.0	0.61707765	0.34198797	0.3396933
DQA1*05:01-DQB1*02:01	0.0	0.0	0.35184613	0.24293113
DQA1*02:01-DQB1*03:03	0.0	0.4190271	0.28569254	0.22188553
DQB1*03:02	0.0	0.16472101	0.30064473	0.3167336
DQA1*01:01-DQB1*05:01	0.0	0.0	0.28284165	0.20967308
DRB1*13:01	0.0	0.12871936	0.3168307	0.28623974
DRB1*12:01	0.0	0.004590402	0.2824968	0.23563668
DRB1*01:01	0.0	0.05293094	0.46796158	0.4442699
DRB1*04:04	0.0	0.084686644	0.29058814	0.2434006
DRB1*13:02	0.0	0.0	0.32895616	0.29292452
DRB3*01:01	0.0	0.23171937	0.42073417	0.37086195
DRB3*01:01	0.0	0.0	0.28589493	0.20871958
DRB4*01:01	0.0	0.2718396	0.44887632	0.35351294
DPA1*01:03-DPB1*04:01	0.0	0.0	0.28378823	0.22650668
DRB1*08:02	0.0	0.49739456	0.7107109	0.623131
DQA1*02:01-DQB1*03:01	0.0	0.6441565	0.70663023	0.555067
DRB1*07:01	0.0	0.6502526	0.36867124	0.3190795
DRB3*02:02	0.0	0.0	0.28507268	0.22044532
DRB1*07:01	0.0	0.576242	0.41644615	0.3993482
DQA1*06:01-DQB1*04:02	0.0	0.41631356	0.29690987	0.32178095
DRB1*15:01	0.0	0.11073455	0.32399753	0.29148185
DRB1*04:04	0.0	0.4692125	0.2957677	0.2719608
DRB1*15:01	0.0	0.3983002	0.46319878	0.48123556
DRB1*03:01	0.0	0.45420676	0.2842983	0.24048093
DRB1*11:01	0.0	0.60346144	0.71352416	0.6759354
DQA1*05:01-DQB1*03:02	0.0	0.28053302	0.2832332	0.20864417
DRB3*01:01	0.0	0.56307906	0.69067013	0.54622674
DPA1*03:01-DPB1*04:02	0.0	0.0	0.2854076	0.2151957
DRB1*03:01	0.0	0.02062367	0.28226793	0.2087879
DRB1*04:01	0.0	0.0	0.28555155	0.22991095
DQA1*01:02-DQB1*05:01	0.0	0.54196596	0.30879933	0.28185827
DRB1*01:01	0.0	0.3998256	0.7059114	0.51720357
DRB1*04:01	0.0	0.0	0.28340733	0.21683711
DRB1*07:01	0.0	0.68565	0.3175512	0.2797452
DPB1*04:01	0.0	0.0	0.6756365	0.54567015
DRB1*07:01	0.0	0.51603055	0.29264644	0.22005577
DQA1*05:01-DQB1*03:02	0.0	0.3518337	0.62336224	0.46245325
DQA1*01:02-DQB1*05:01	0.0	0.56812155	0.68639374	0.566416
DPB1*04:02	0.0	0.4969936	0.29331347	0.24074647
DRB1*09:01	0.0	0.46154162	0.4391409	0.46903884
DQA1*02:01-DQB1*03:01	0.0	0.6296289	0.34045863	0.33269578
DPA1*01:03-DPB1*03:01	0.0	0.7560895	0.326013	0.3684851
DRB1*11:01	0.0	0.20995513	0.50537026	0.50254107
DRB1*03:01	0.0	0.4158135	0.282082	0.20878477
DRB3*02:02	0.0	0.084686644	0.2980032	0.26956075
DRB1*04:01	0.0	0.15308261	0.4057182	0.45769
DRB1*09:01	0.0	0.38500103	0.28310683	0.22067656
DRB1*04:05	0.0	0.31584075	0.28452164	0.2365693
DRB1*04:01	1.0	0.83439964	0.71025354	0.5858369
DRB1*01:01	0.0	0.3333558	0.5124762	0.53433746
DQA1*02:01-DQB1*03:01	0.0	0.084686644	0.30365187	0.28838575
DRB1*15:01	0.0	0.557524	0.3272525	0.2954219
DRB1*08:02	0.0	0.3811519	0.3306893	0.3730296
DQA1*01:01-DQB1*05:01	0.0	0.0	0.28836742	0.24655573
DQA1*01:02-DQB1*05:01	0.0	0.084686644	0.28569332	0.21126467
DQA1*05:01-DQB1*03:02	0.0	0.58618957	0.30296975	0.3000328
DRB1*04:03	0.0	0.48606324	0.38361192	0.3809986
DRB1*15:01	0.0	0.0	0.31673756	0.2556693
DRB1*08:01	0.0	0.084686644	0.28631958	0.22577333
DRB1*11:01	0.0	0.34471145	0.39093447	0.39601302
DQA1*02:01-DQB1*03:03	0.0	0.49619684	0.28233957	0.23380369
DRB1*04:01	0.0	0.10070749	0.29454675	0.28799593
DRB1*04:05	0.0	0.26154685	0.28393272	0.24759635
DPA1*02:01-DPB1*01:01	0.0	0.24462304	0.40184417	0.41447783
DRB1*08:01	0.0	0.4020903	0.28243843	0.23508453
DQA1*03:01-DQB1*03:02	0.0	0.13621086	0.28293848	0.22401431
DQA1*01:01-DQB1*05:01	0.0	0.0	0.28438967	0.25935748
DQA1*02:01-DQB1*04:02	0.0	0.19931848	0.29049203	0.20790984
DRB1*01:01	0.0	0.084686644	0.34586778	0.2898162
DPA1*02:01-DPB1*01:01	0.0	0.0	0.286008	0.21288918
DRB1*04:05	0.0	0.083853975	0.5069757	0.46657437
DRB3*03:01	0.0	0.70250076	0.3922361	0.42219958
DRB1*03:01	0.0	0.3421292	0.40471888	0.29632443
DRB1*01:01	0.0	0.0	0.32427904	0.24097084
DRB1*08:02	0.0	0.39334658	0.2838201	0.22380713
DRB3*03:01	0.0	0.084686644	0.3854107	0.37499774
DRB1*03:01	0.0	0.24418075	0.6258951	0.5957042
DQA1*05:01-DQB1*04:02	0.0	0.351088	0.28237617	0.2273471
DRB1*04:04	0.0	0.6567793	0.35832393	0.3852751
DRB1*04:04	0.0	0.58618957	0.39330006	0.40018004
DQA1*05:01-DQB1*03:03	0.0	0.28346363	0.6381324	0.5277576
DRB1*03:01	0.0	0.74971294	0.7056945	0.55646926
DQA1*01:01-DQB1*05:01	0.0	0.0	0.2828704	0.20795332
DQA1*03:01-DQB1*03:02	0.0	0.0	0.2857469	0.22230512
DRB1*14:54	1.0	0.83439964	0.7123156	0.63038343
DQA1*02:01-DQB1*03:03	0.0	0.084686644	0.28441253	0.27840513
DQA1*01:02-DQB1*05:01	0.0	0.5292186	0.41295347	0.44188184
DRB1*04:04	0.0	0.6073399	0.7030543	0.6106597
DRB1*04:03	0.0	0.24446669	0.28611138	0.22567177
DRB1*14:54	0.0	0.22112374	0.30956903	0.27109563
DRB1*09:01	0.0	0.65906143	0.2872391	0.24748012
DRB4*01:03	0.0	0.21355495	0.344257	0.32990104
DRB1*03:01	0.0	0.0	0.45508564	0.48924947
DRB1*01:01	0.0	0.3787834	0.5534964	0.63146436
DQA1*02:01-DQB1*03:03	0.0	0.6714029	0.6765022	0.5614889
DQA1*01:02-DQB1*05:01	0.0	0.58939534	0.31502667	0.2759622
DRB1*15:01	0.0	0.7871874	0.360246	0.3508468
DRB1*01:01	0.0	0.49231294	0.35527837	0.31942916
DRB1*13:02	0.0	0.7871874	0.63948387	0.5387317
DQA1*02:01-DQB1*03:01	0.0	0.084686644	0.30769566	0.31095278
DRB1*04:01	0.0	0.0	0.29165003	0.27852494
DRB1*03:01	0.0	0.0	0.36109754	0.32486966
DQA1*02:01-DQB1*04:02	0.0	0.32798913	0.28953496	0.20766057
DRB1*07:01	0.0	0.278856	0.3186859	0.29799482
DQB1*05:01	0.0	0.0	0.36176565	0.34193188
DRB1*04:01	0.0	0.084686644	0.29818943	0.26595607
DRB3*02:02	0.0	0.0	0.28379986	0.20508683
DRB1*08:01	0.0	0.61138827	0.28392208	0.23120588
DRB3*03:01	0.0	0.53814095	0.7123656	0.6580349
DRB3*03:01	0.0	0.7437481	0.53619605	0.5524273
DRB1*13:02	0.0	0.08878263	0.3057237	0.23319481
DRB1*11:01	0.0	0.40954784	0.409455	0.39595664
DRB1*11:01	0.0	0.084686644	0.34458038	0.30347234
DRB1*13:01	0.0	0.63132477	0.3235934	0.29973263
DQA1*05:01-DQB1*04:02	0.0	0.7278651	0.68074435	0.554284
DRB1*04:01	1.0	0.84077615	0.7097657	0.5925647
DRB1*13:01	0.0	0.59733844	0.6162369	0.59453887
DRB1*14:54	0.0	0.084686644	0.2887533	0.2123943
DRB4*01:01	0.0	0.2165855	0.2837522	0.2135193
DRB3*03:01	0.0	0.3368173	0.36608654	0.35360712
DRB1*13:02	0.0	0.6768411	0.64568293	0.6246459
DRB1*15:01	1.0	0.8896537	0.4990099	0.473532
DRB1*13:02	0.0	0.29749924	0.3408911	0.30232066
DQA1*01:01-DQB1*05:01	0.0	0.2698667	0.44676208	0.5108601
DRB5*01:01	0.0	0.0	0.3671028	0.33061185
DRB1*04:01	0.0	0.23401572	0.29185578	0.26627612
DQA1*06:01-DQB1*04:02	0.0	0.71020716	0.6868477	0.56041294
DQA1*02:01-DQB1*04:02	0.0	0.35991338	0.28484994	0.21710345
DQB1*03:02	0.0	0.4120672	0.28906116	0.24856347
DRB3*02:02	0.0	0.0	0.28399894	0.22042136
DRB1*03:01	0.0	0.084686644	0.28204888	0.20771977
DRB1*07:01	0.0	0.5544935	0.62500256	0.51446867
DRB4*01:03	0.0	0.1644906	0.3031017	0.21830177
DQA1*03:01-DQB1*03:02	0.0	0.30410713	0.28375018	0.22230251
DRB1*14:54	0.0	0.084686644	0.32545328	0.32223657
DRB1*04:04	0.0	0.084686644	0.28896335	0.25130904
DRB1*13:02	0.0	0.0	0.3709096	0.37014022
DRB1*07:01	0.0	0.33006907	0.3113006	0.2833748
DQA1*01:02-DQB1*05:01	0.0	0.6714029	0.5271925	0.50630176
DRB3*01:01	0.0	0.0	0.6873435	0.5683084
DRB1*07:01	0.0	0.7871874	0.3406616	0.31213248
DQA1*03:01-DQB1*03:02	0.0	0.38218588	0.28323418	0.2074002
DRB1*14:54	0.0	0.77837855	0.30745628	0.2777289
DRB3*02:02	0.0	0.2194205	0.2879292	0.2424663
DRB1*04:04	0.0	0.15960318	0.30956128	0.30651063
DRB4*01:03	0.0	0.45676005	0.3628442	0.36919427
DRB3*01:01	0.0	0.48968816	0.29995236	0.32722065
DQA1*01:02-DQB1*05:01	0.0	0.23932722	0.2979981	0.27511865
DRB1*08:02	0.0	0.0	0.41112104	0.3894037
DRB1*14:54	0.0	0.52978736	0.3099535	0.27080563
DRB1*14:54	0.0	0.1487866	0.29940906	0.23946336
DRB1*15:01	0.0	0.5606573	0.6994607	0.6295663
DQA1*06:01-DQB1*04:02	0.0	0.71020716	0.67951447	0.55773246
DRB5*01:01	0.0	0.084686644	0.36843768	0.3458939
DRB1*08:02	0.0	0.20402052	0.39853665	0.47441205
DRB1*03:01	0.0	0.0	0.28446472	0.22772487
DPA1*01:03-DPB1*02:01	0.0	0.0	0.45144638	0.37799358
DRB1*03:01	0.0	0.0063105584	0.28345862	0.22890565
DRB1*11:01	0.0	0.084686644	0.34454578	0.297189
DRB1*14:54	0.0	0.55155915	0.3236957	0.3070853
DQA1*02:01-DQB1*03:03	0.0	0.084686644	0.30179062	0.20205773
DQA1*05:01-DQB1*03:02	0.0	0.21109116	0.28228605	0.20940305
DQA1*02:01-DQB1*03:03	0.0	0.21817803	0.29166532	0.24683361
DPB1*04:01	0.0	0.21281259	0.31977934	0.34152865
DRB1*04:04	0.0	0.50713235	0.5743267	0.59028655
DQA1*02:01-DQB1*03:03	0.0	0.30631736	0.28227237	0.2201652
DRB3*03:01	0.0	0.71861506	0.43616638	0.42944887
DRB5*01:01	0.0	0.084686644	0.5282592	0.59411615
DRB1*09:01	0.0	0.23587106	0.28246725	0.23699713
DRB1*03:01	0.0	0.095519416	0.3312754	0.37895083
DRB1*14:54	0.0	0.77837855	0.56640565	0.5259451
DRB1*04:04	0.0	0.2245434	0.2883188	0.2432292
DRB1*13:01	0.0	0.5093922	0.30784613	0.26511943
DRB1*11:01	0.0	0.18015672	0.3799331	0.3498063
DRB1*14:54	0.0	0.7969252	0.71179706	0.659059
DQA1*02:01-DQB1*03:03	0.0	0.5753037	0.6249426	0.43919683
DRB1*11:01	1.0	1.0	0.70911443	0.6518409
DRB1*13:01	1.0	0.8201525	0.7100019	0.5592501
DPA1*01:03-DPB1*04:01	0.0	0.0	0.28455192	0.22563446
DPA1*01:03-DPB1*04:01	0.0	0.12044646	0.51968724	0.5037716
DQA1*01:03-DQB1*06:03	0.0	0.29575968	0.28630495	0.2547189
DQA1*01:01-DQB1*05:01	0.0	0.0	0.28322825	0.23652521
DRB1*13:02	0.0	0.2345053	0.3349532	0.31652278
DRB3*01:01	0.0	0.6384378	0.28181514	0.21739857
DPA1*02:01-DPB1*05:01	0.0	0.34402087	0.3697616	0.38399345
DQA1*01:01-DQB1*05:01	0.0	0.0	0.2821587	0.2236379
DRB1*01:01	0.0	0.5820812	0.3599481	0.31445378
DRB3*01:01	0.0	0.62796354	0.28236565	0.2320708
DQA1*06:01-DQB1*04:02	0.0	0.40649226	0.63794506	0.48219764
DQA1*06:01-DQB1*04:02	0.0	0.33688805	0.69905216	0.595742
DQA1*02:01-DQB1*03:01	0.0	0.6687992	0.2972639	0.28486446
DRB4*01:03	0.0	0.60866976	0.32925168	0.2759499
DRB1*04:04	0.0	0.50066656	0.28973308	0.2519319
DRB1*11:01	0.0	0.084686644	0.35893947	0.364506
DPA1*01:03-DPB1*02:01	1.0	0.85125035	0.3354283	0.2884308
DQA1*06:01-DQB1*04:02	0.0	0.084686644	0.28310624	0.21115474
DRB1*08:02	0.0	0.0	0.286358	0.24196021
DRB1*07:01	0.0	0.71861506	0.71080095	0.55893064
DRB3*02:02	0.0	0.7703366	0.4884401	0.44514766
DPB1*14:01	0.0	0.0	0.30021498	0.24755695
DRB1*01:01	0.0	0.084686644	0.6995806	0.58645636
DRB1*13:02	0.0	0.1864554	0.66907966	0.6426213
DRB1*13:01	0.0	0.39256772	0.42887557	0.4659969
DRB3*03:01	0.0	0.50802964	0.38992462	0.36497498
DPA1*02:01-DPB1*05:01	0.0	0.0	0.28396398	0.23148637
DQA1*06:01-DQB1*04:02	0.0	0.17950985	0.28210756	0.21242207
DQA1*02:01-DQB1*04:02	0.0	0.084686644	0.291732	0.20654644
DPA1*03:01-DPB1*04:02	0.0	0.0	0.301333	0.27820122
DRB3*01:01	1.0	0.8984626	0.281703	0.23089015
DRB1*15:01	0.0	0.0	0.35805622	0.32290465
DRB1*11:01	0.0	0.474078	0.69196486	0.69206554
DRB3*01:01	0.0	0.084686644	0.35087386	0.38010374
DRB5*01:01	0.0	0.6141892	0.7143932	0.6400254
DQA1*01:02-DQB1*05:01	0.0	0.640305	0.40931275	0.41614822
DRB1*04:04	0.0	0.7062737	0.2884009	0.24800834
DRB1*03:01	0.0	0.45754	0.52404284	0.5199878
DRB3*01:01	0.0	0.45859027	0.2867477	0.27588105
DRB1*14:54	0.0	0.54196596	0.30994308	0.27876145
DRB1*03:01	0.0	0.23048028	0.5732062	0.57412535
DRB1*11:04	0.0	0.013510675	0.28242427	0.21473227
DRB1*11:01	0.0	0.3285694	0.43770987	0.50888157
DRB1*10:01	0.0	0.0	0.2914543	0.25859922
DRB1*15:01	0.0	0.33980685	0.32575265	0.29399267
DRB1*03:01	0.0	0.5791155	0.2841628	0.23608907
DRB3*03:01	0.0	0.084686644	0.3629807	0.33728236
DRB1*11:01	0.0	0.7871874	0.70467645	0.6751241
DQA1*05:01-DQB1*03:02	0.0	0.30858174	0.28302735	0.2370322
DRB1*11:01	0.0	0.40485376	0.35222578	0.3311869
DRB3*02:02	0.0	0.27197972	0.3111913	0.29065067
DRB1*11:01	0.0	0.3706247	0.392684	0.4217103
DQA1*03:01-DQB1*03:01	0.0	0.084686644	0.29304177	0.22900553
DRB1*03:01	0.0	0.59271634	0.2830084	0.2248827
DRB1*11:01	0.0	0.72312444	0.43854728	0.5246797
DQA1*05:01-DQB1*04:02	0.0	0.43556857	0.29024222	0.30619684
DPA1*02:01-DPB1*05:01	0.0	0.0	0.28722245	0.20346892
DRB1*04:04	0.0	0.084686644	0.29245475	0.25387564
DRB1*07:01	0.0	0.3310604	0.29180118	0.21977916
DRB1*03:01	0.0	0.0	0.28501305	0.24390835
DRB3*02:02	0.0	0.2613904	0.28680977	0.24669811
DRB3*01:01	0.0	0.40166143	0.67011803	0.54291815
DQA1*02:01-DQB1*04:02	0.0	0.084686644	0.28645545	0.21420884
DRB4*01:03	0.0	0.084686644	0.33196113	0.30697227
DQA1*03:03-DQB1*04:02	0.0	0.084686644	0.29277137	0.20723172
DRB1*11:01	0.0	0.0	0.3301856	0.26585683
DRB1*13:02	0.0	0.0	0.30429393	0.2466403
DRB1*13:02	0.0	0.084686644	0.3021259	0.23776749
DRB1*11:01	0.0	0.0	0.36795342	0.31588405
DRB1*07:01	0.0	0.37129998	0.37859917	0.40095183
DRB4*01:01	0.0	0.45832658	0.68959373	0.50521106
DRB1*11:01	0.0	0.35342795	0.3871662	0.4083339
DRB1*09:01	0.0	0.6796851	0.69945985	0.60083926
DQA1*05:01-DQB1*04:02	0.0	0.5606573	0.30872655	0.29405692
DQA1*01:01-DQB1*05:01	0.0	0.0	0.6342219	0.531218
DPA1*01:03-DPB1*02:01	0.0	0.0	0.2860449	0.21943325
DRB1*13:02	1.0	0.9509576	0.6692904	0.6077872
DQA1*05:01-DQB1*03:02	0.0	0.3327366	0.51711076	0.480883
DRB3*02:02	0.0	0.71861506	0.49658188	0.4820941
DRB1*03:01	0.0	0.33590257	0.3014387	0.31419453
DQA1*03:03-DQB1*04:02	0.0	0.084686644	0.2820169	0.23968035
DQA1*01:01-DQB1*05:01	0.0	0.14889774	0.28350732	0.23283911
DRB1*08:02	0.0	0.5537511	0.6799709	0.52537477
DRB1*11:01	0.0	0.0	0.3293069	0.2650603
DQB1*03:01	0.0	0.14794901	0.68041086	0.59852314
DRB1*01:01	0.0	0.36610875	0.37674913	0.38823548
DPA1*02:01-DPB1*01:01	0.0	0.0	0.28809807	0.21692334
DRB1*15:01	0.0	0.5491362	0.34144175	0.30806625
DRB1*04:05	0.0	0.0	0.28306308	0.21237579
DRB1*11:01	0.0	0.084686644	0.37830478	0.4002182
DRB1*03:01	0.0	0.0	0.2884267	0.25736925
DRB3*01:01	0.0	0.084686644	0.6612485	0.48456913
DQA1*01:02-DQB1*06:02	0.0	0.0	0.28330812	0.20924048
DQA1*01:02-DQB1*05:01	0.0	0.43786103	0.43547297	0.41432026
DQA1*03:03-DQB1*04:02	0.0	0.31899348	0.29219967	0.25153556
DRB3*03:01	0.0	0.55829746	0.7013143	0.6798118
DRB1*09:01	0.0	0.31584075	0.28658748	0.240679
DRB1*01:01	0.0	0.07570987	0.5289617	0.49223244
DQA1*05:01-DQB1*04:02	0.0	0.61707765	0.6294785	0.4618315
DRB1*07:01	0.0	0.30868602	0.29546255	0.22952347
DRB1*08:02	0.0	0.640305	0.6998979	0.6078929
DRB4*01:01	0.0	0.084686644	0.2829178	0.23646286
DRB1*01:01	0.0	0.7629388	0.6901279	0.6056755
DQA1*01:02-DQB1*05:01	0.0	0.084686644	0.28453568	0.20868272
DRB4*01:01	0.0	0.18907732	0.2917198	0.3181439
DRB3*01:01	0.0	0.41800016	0.36418295	0.35914648
DRB3*01:01	0.0	0.3262068	0.28788263	0.27731735
DRB1*03:01	0.0	0.0	0.28816918	0.25563633
DRB1*07:01	0.0	0.37723747	0.55206496	0.5735185
DQA1*02:01-DQB1*03:01	0.0	0.7629388	0.31008974	0.3393165
DRB1*11:01	0.0	0.49779728	0.71168643	0.6339042
DRB3*03:01	0.0	0.6567793	0.40580887	0.42598814
DRB1*04:04	0.0	0.084686644	0.28425303	0.21497293
DRB3*01:01	0.0	0.0	0.28549495	0.2648856
DRB1*01:01	0.0	0.17701693	0.57944703	0.51671964
DRB1*09:01	0.0	0.084686644	0.28945023	0.20639546
DRB1*09:01	0.0	0.6545521	0.28333127	0.25924274
DRB3*03:01	1.0	0.8078111	0.7054524	0.6652995
DRB3*01:01	0.0	0.08966113	0.43340755	0.49384546
DQA1*05:01-DQB1*04:02	0.0	0.5743748	0.28672788	0.2705
DRB1*01:01	0.0	0.5487152	0.70441216	0.6627258
DQA1*05:01-DQB1*03:03	0.0	0.40939265	0.285332	0.23238291
DRB1*07:01	0.0	0.7969252	0.7064999	0.6312467
DRB3*03:01	0.0	0.640305	0.38802627	0.3947823
DRB1*07:01	0.0	0.27825364	0.36048567	0.3468712
DRB1*13:02	0.0	0.738145	0.4504621	0.47335756
DRB1*15:01	0.0	0.3131745	0.33707374	0.33716518
DRB3*02:02	0.0	0.77837855	0.34843802	0.37668628
DRB1*01:01	0.0	0.22642292	0.50304025	0.51240164
DQA1*01:02-DQB1*05:01	0.0	0.084686644	0.2939768	0.2396886
DQA1*01:02-DQB1*05:01	0.0	0.7328622	0.2995945	0.2695351
DQA1*02:01-DQB1*03:01	0.0	0.38535902	0.6862817	0.4988904
DRB1*13:02	1.0	0.835953	0.33693886	0.31478828
DRB1*15:01	0.0	0.738145	0.6400378	0.58108395
DRB1*07:01	0.0	0.24119292	0.31844488	0.33354923
DQA1*05:01-DQB1*02:01	0.0	0.0	0.28313214	0.23045966
DRB1*04:01	0.0	0.0	0.28418323	0.22005254
DRB3*01:01	0.0	0.084686644	0.28293225	0.23180208
DRB1*08:02	0.0	0.43474886	0.2927634	0.28512737
DQA1*02:01-DQB1*04:02	0.0	0.084686644	0.29002696	0.2071364
DRB1*11:01	0.0	0.7969252	0.6241054	0.6088702
DRB1*09:01	0.0	0.54196596	0.2822202	0.23204127
DRB1*11:01	0.0	0.0	0.39474493	0.39297667
DRB3*03:01	0.0	0.3321969	0.37217838	0.36019394
DQA1*03:03-DQB1*04:02	0.0	0.084686644	0.28708425	0.21372314
DRB3*01:01	0.0	0.0	0.28555578	0.27077976
DRB1*04:01	0.0	0.0	0.2836389	0.21799695
DRB4*01:01	0.0	0.07335817	0.28402674	0.23468643
DQA1*06:01-DQB1*04:02	0.0	0.44064572	0.69207054	0.5644573
DRB1*09:01	0.0	0.65237737	0.3147873	0.34237418
DRB1*14:54	0.0	0.20141874	0.32285628	0.30089763
DRB4*01:01	0.0	0.15496127	0.289771	0.2778886
DRB3*01:01	0.0	0.610019	0.2852671	0.20769288
DRB1*07:01	0.0	0.5145674	0.33079174	0.35354486
DRB3*03:01	0.0	0.6185565	0.44423375	0.46437377
DRB4*01:01	0.0	0.104981646	0.28331926	0.2387337
DRB4*01:01	0.0	0.0	0.28360397	0.24547487
DRB1*03:01	0.0	0.6441565	0.6981456	0.57384366
DRB3*03:01	0.0	0.19690627	0.36170682	0.31855386
DPA1*02:01-DPB1*05:01	0.0	0.0	0.2826879	0.21240595
DRB1*03:01	0.0	0.29749924	0.5018677	0.42220762
DQA1*05:01-DQB1*03:03	0.0	0.22439662	0.54150945	0.42727727
DRB1*04:05	0.0	0.13038631	0.2865932	0.26416254
DRB1*04:01	1.0	0.9406777	0.7075056	0.5448816
DRB1*11:01	0.0	0.49155536	0.36287645	0.34500423
DRB1*08:01	0.0	0.19441898	0.2828524	0.24712169
DRB3*03:01	0.0	0.29467762	0.3702958	0.35845897
DRB4*01:03	0.0	0.3270937	0.38316086	0.38423854
DRB1*08:02	0.0	0.63305235	0.4055296	0.4510975
DRB5*01:01	0.0	0.084686644	0.348431	0.2857253
DRB1*04:01	0.0	0.2225093	0.2902298	0.22424439
DRB1*14:54	0.0	0.7437481	0.6997927	0.56151307
DRB1*07:01	0.0	0.42882225	0.707664	0.599965
DRB1*15:01	0.0	0.34532967	0.3240258	0.26587015
DQA1*01:02-DQB1*05:01	0.0	0.30465475	0.2850072	0.2099356
DQA1*02:01-DQB1*03:01	0.0	0.23648992	0.29041982	0.23404951
DRB1*04:01	0.0	0.0	0.29162797	0.27456513
DRB3*02:02	0.0	0.084686644	0.2938226	0.2872492
DRB3*03:01	0.0	0.27482814	0.40583485	0.33452952
DRB1*15:01	0.0	0.0	0.31688467	0.27472413
DQA1*02:01-DQB1*03:03	0.0	0.084686644	0.28231612	0.22971568
DQA1*01:01-DQB1*05:01	0.0	0.0	0.2838415	0.22300969
DRB3*01:01	0.0	0.084686644	0.28264335	0.2085339
DRB1*01:01	0.0	0.35652623	0.3928446	0.40440112
DPA1*01:03-DPB1*04:01	0.0	0.0	0.28403747	0.2411694
DRB1*11:01	0.0	0.084686644	0.70670223	0.6669729
DRB1*08:02	0.0	0.0	0.285646	0.23715693
DRB1*13:01	0.0	0.7871874	0.37957433	0.36645305
DRB1*07:01	0.0	0.084686644	0.30902192	0.2615752
DRB1*03:01	1.0	1.0	0.59459037	0.45828724
DRB3*02:02	0.0	0.084686644	0.29216295	0.23705332
DRB1*08:02	0.0	0.38126624	0.32671165	0.2981152
DQA1*02:01-DQB1*04:02	0.0	0.35385212	0.2843221	0.22402109
DRB1*08:02	0.0	0.21804102	0.28547618	0.23288918
DPB1*04:01	0.0	0.084686644	0.2973158	0.2900412
DRB1*08:02	0.0	0.52697796	0.36530042	0.29886326
DRB3*01:01	0.0	0.5185219	0.31624752	0.26821512
DRB3*03:01	0.0	0.25880063	0.36827967	0.33838284
DRB1*01:01	0.0	0.0	0.37088645	0.31615126
DRB1*03:01	0.0	0.3851202	0.28218752	0.2083458
DQA1*05:01-DQB1*03:02	0.0	0.33253384	0.28271288	0.23682931
DRB1*15:01	0.0	0.34517473	0.40414068	0.37082297
DRB1*11:01	0.0	0.6502526	0.35609534	0.3290759
DRB1*03:01	0.0	0.640305	0.5553766	0.42900395
DQA1*06:01-DQB1*04:02	0.0	0.3558287	0.28161153	0.23379558
DRB1*11:01	0.0	0.0	0.3309741	0.25697222
DQA1*05:01-DQB1*03:02	0.0	0.19714001	0.2823469	0.22958091
DQA1*03:01-DQB1*03:02	0.0	0.0	0.28564984	0.24389693
DQA1*01:02-DQB1*05:01	0.0	0.084686644	0.29798236	0.25686565
DRB1*09:01	0.0	0.4692125	0.2823472	0.22339478
DRB1*04:01	1.0	0.8816118	0.67606527	0.52439904
DRB3*01:01	0.0	0.21767011	0.28273514	0.21899787
DRB1*09:01	0.0	0.4657244	0.28302696	0.24962196
DRB1*11:01	1.0	0.85125035	0.63787293	0.5638344
DPB1*05:01	0.0	0.29749924	0.30154833	0.32399565
DRB3*03:01	0.0	0.31708896	0.3508712	0.30463985
DRB1*11:01	0.0	0.5689894	0.3366163	0.2708087
DRB1*07:01	0.0	0.39230955	0.32044408	0.30116475
DRB3*02:02	0.0	0.51031184	0.6971967	0.5766647
DRB1*11:01	0.0	0.3569649	0.40268737	0.4040575
DRB3*02:02	0.0	0.084686644	0.28686622	0.23134658
DRB1*11:01	0.0	0.084686644	0.3396684	0.2861928
DQA1*06:01-DQB1*04:02	0.0	0.33132654	0.28240988	0.21969722
DQA1*01:02-DQB1*05:01	0.0	0.21539934	0.28791413	0.21755014
DRB1*13:01	0.0	0.40066838	0.30618137	0.2451213
DRB1*11:01	0.0	0.6796851	0.37630433	0.37897307
DRB1*13:01	0.0	0.46018842	0.31222007	0.26472652
DRB1*04:05	0.0	0.084686644	0.33780164	0.34705397
DRB1*03:01	0.0	0.0	0.2939285	0.25591764
DQA1*02:01-DQB1*03:01	0.0	0.4734556	0.34799892	0.31163716
DQA1*06:01-DQB1*04:02	0.0	0.5117087	0.31916556	0.34120193
DRB3*03:01	0.0	0.71861506	0.68378437	0.6217086
DRB1*01:01	0.0	0.35918993	0.34498414	0.24479687
DRB3*03:01	0.0	0.7278651	0.6420033	0.62461406
DPB1*01:01	0.0	0.29749924	0.33002338	0.28636378
DQA1*03:01-DQB1*03:02	0.0	0.0	0.28255963	0.21804796
DQA1*05:01-DQB1*04:02	0.0	0.56986547	0.29000735	0.29101297
DRB3*03:01	0.0	0.6953878	0.71469223	0.67083836
DQA1*06:01-DQB1*04:02	0.0	0.45832658	0.28756192	0.27173418
DPA1*02:01-DPB1*05:01	0.0	0.0	0.28925547	0.23359086
DQA1*05:01-DQB1*03:02	0.0	0.084686644	0.2831794	0.21806076
DRB5*01:01	0.0	0.45320487	0.37296477	0.35834533
DRB1*07:01	0.0	0.0	0.31238025	0.3024913
DRB1*03:01	0.0	0.08756851	0.69717145	0.5745349
DRB5*01:01	0.0	0.72312444	0.50477505	0.44690904
DRB3*01:01	0.0	0.0	0.3099912	0.2959458
DRB3*01:01	0.0	0.0	0.28560054	0.20821579
DRB1*04:01	0.0	0.0	0.2829749	0.20659487
DRB3*02:02	0.0	0.66380215	0.33612302	0.3493716
DQA1*02:01-DQB1*04:02	0.0	0.33239892	0.60395235	0.43846464
DRB1*08:01	0.0	0.4005274	0.66623956	0.5573869
DRB1*04:05	0.0	0.084686644	0.2869256	0.2615197
DRB1*09:01	0.0	0.7560895	0.6818953	0.5350881
DQA1*03:03-DQB1*04:02	0.0	0.084686644	0.2854865	0.21367276
DQA1*02:01-DQB1*04:02	0.0	0.738145	0.38299927	0.43509367
DQA1*02:01-DQB1*03:01	0.0	0.5175173	0.28946117	0.23851956
DRB1*08:01	0.0	0.084686644	0.28668055	0.2142128
DRB1*15:02	0.0	0.020254716	0.28520194	0.20699123
DQA1*06:01-DQB1*04:02	0.0	0.6348129	0.6651931	0.5250539
DRB1*01:01	0.0	0.7560895	0.69604856	0.64927965
DRB1*04:01	0.0	0.0	0.28897998	0.25791776
DRB1*11:01	0.0	0.17509203	0.34324282	0.2947727
DQA1*01:03-DQB1*06:03	0.0	0.084686644	0.5321483	0.45748487
DQA1*02:01-DQB1*04:02	0.0	0.2080571	0.29044044	0.20756944
DRB1*04:04	0.0	0.084686644	0.29114884	0.24587284
DPB1*04:02	0.0	0.26640135	0.42783335	0.41275752
DRB1*11:01	0.0	0.64221066	0.7094386	0.61808234
DQA1*05:01-DQB1*04:02	0.0	0.30199704	0.2882097	0.28857076
DRB1*04:04	0.0	0.68261945	0.3136236	0.3100864
DQA1*06:01-DQB1*04:02	0.0	0.084686644	0.3251158	0.31819296
DRB1*11:01	0.0	0.403389	0.37572828	0.39209166
DRB1*01:01	0.0	0.4639725	0.34565613	0.30754685
DRB3*01:01	0.0	0.084686644	0.66600865	0.5232295
DRB1*07:01	0.0	0.084686644	0.2985152	0.24568424
DRB1*03:01	0.0	0.5375186	0.70337903	0.6041326
DRB1*14:54	0.0	0.5165235	0.34119424	0.3381225
DRB1*14:54	0.0	0.62158704	0.4276454	0.36744738
DRB1*11:01	0.0	0.74971294	0.37631878	0.31658626
DPA1*02:01-DPB1*05:01	0.0	0.0	0.3053817	0.2711659
DRB1*11:01	1.0	0.8078111	0.70840156	0.61267734
DQA1*02:01-DQB1*03:03	0.0	0.37723747	0.28235376	0.23498605
DRB1*11:01	0.0	0.66380215	0.39326057	0.4089337
DRB3*02:02	0.0	0.34517473	0.7075307	0.64112264
DRB1*07:01	1.0	0.8078111	0.52835995	0.57523125
DRB1*01:01	0.0	0.30692944	0.3430829	0.25656426
DRB1*04:01	0.0	0.0	0.28733537	0.24135846
DRB1*07:01	0.0	0.37007582	0.30506358	0.26232532
DRB4*01:01	0.0	0.0926244	0.39460894	0.3955621
DQA1*02:01-DQB1*03:03	0.0	0.28673667	0.29407403	0.20675382
DRB1*15:01	0.0	0.41564742	0.32952562	0.28947765
DRB1*07:01	0.0	0.6348129	0.57087296	0.5934905
DRB1*03:01	0.0	0.47222328	0.2949022	0.31809747
DRB1*01:01	0.0	0.33575428	0.5151932	0.4975959
DRB1*12:01	0.0	0.0	0.2862801	0.2076054
DQA1*01:01-DQB1*05:01	0.0	0.21076515	0.30150813	0.30760255
DRB1*08:02	0.0	0.39912912	0.70729893	0.61835885
DQA1*01:03-DQB1*06:03	0.0	0.084686644	0.2857794	0.23198463
DPA1*03:01-DPB1*04:02	0.0	0.0	0.29175767	0.25916564
DRB1*07:01	0.0	0.0	0.30513495	0.25684083
DRB1*07:01	0.0	0.33674663	0.31226462	0.27610472
DQA1*03:01-DQB1*03:02	0.0	0.0	0.288267	0.26408902
DRB1*08:01	0.0	0.084686644	0.28543788	0.22358555
DRB1*11:01	1.0	0.9911911	0.46683794	0.4584582
DRB1*04:05	0.0	0.0	0.28138503	0.21845768
DQA1*02:01-DQB1*03:01	0.0	0.3348582	0.28936976	0.23566216
DQA1*05:01-DQB1*03:02	0.0	0.364187	0.2847381	0.20739616
DRB1*07:01	0.0	0.47921395	0.38793182	0.4158306
DQA1*03:01-DQB1*03:02	0.0	0.13168345	0.36507764	0.40693924
DRB1*09:01	0.0	0.46154162	0.2836476	0.22122832
DRB3*02:02	0.0	0.084686644	0.28651372	0.23433796
DQA1*02:01-DQB1*03:03	0.0	0.084686644	0.28601292	0.21185279
DQA1*01:02-DQB1*06:02	0.0	0.40816432	0.5288735	0.40435004
DRB1*11:01	0.0	0.4089286	0.33968738	0.29504097
DRB1*11:01	0.0	0.2491663	0.34749526	0.31410825
DQA1*05:01-DQB1*02:01	0.0	0.0	0.2822792	0.20805004
DQA1*02:01-DQB1*03:01	0.0	0.59616107	0.35507613	0.37128517
DRB1*01:01	0.0	0.39878204	0.46052113	0.4978807
DRB1*09:01	0.0	0.272719	0.5497836	0.5030813
DQA1*05:01-DQB1*04:02	0.0	0.37306246	0.28254357	0.2380975
DRB1*03:01	0.0	0.29749924	0.41664562	0.38379186
DRB5*01:01	0.0	0.0	0.36872315	0.33670485
DRB1*14:54	1.0	0.85125035	0.7135119	0.635759
DRB1*08:01	0.0	0.24029268	0.28296816	0.23797289
DRB3*03:01	0.0	0.43075585	0.3471969	0.28420424
DQA1*05:01-DQB1*04:02	0.0	0.6662669	0.6805691	0.5770161
DQA1*01:02-DQB1*05:01	0.0	0.77837855	0.35377702	0.34444445
DRB1*01:01	0.0	0.37833908	0.4422308	0.5135819
DRB1*04:04	0.0	0.3569649	0.29868418	0.2536106
DRB1*07:01	0.0	0.25539815	0.36904103	0.37117577
DRB1*04:01	0.0	0.36027727	0.5768656	0.52861536
DRB1*13:01	0.0	0.45026276	0.3435757	0.33904397
DRB4*01:01	0.0	0.32243896	0.5856142	0.5562228
DQA1*01:01-DQB1*05:01	0.0	0.0	0.29855004	0.29579043
DRB4*01:01	0.0	0.084686644	0.28579193	0.25449562
DQA1*05:01-DQB1*04:02	0.0	0.6887833	0.6496586	0.5512349
DRB4*01:03	0.0	0.50192404	0.35114965	0.34312463
DRB1*04:01	0.0	0.0	0.28882048	0.2534057
DRB3*02:02	0.0	0.084686644	0.28481838	0.23879217
DRB1*01:01	0.0	0.14874962	0.3473847	0.29948828
DRB1*13:02	0.0	0.0	0.32846004	0.32281417
DRB1*11:01	0.0	0.084686644	0.34618464	0.31174985
DRB3*01:01	0.0	0.084686644	0.58591074	0.51426345
DQA1*03:03-DQB1*04:02	0.0	0.33874658	0.30338764	0.31831473
DRB1*08:02	0.0	0.36156222	0.28729436	0.26094955
DRB1*08:02	0.0	0.5459561	0.29912767	0.3132562
DRB1*13:02	0.0	0.0	0.2920644	0.21138555
DQA1*06:01-DQB1*04:02	0.0	0.084686644	0.6871924	0.6110976
DRB3*03:01	0.0	0.6073399	0.69869804	0.68863505
DPA1*02:01-DPB1*05:01	0.0	0.0	0.2824058	0.21752961
DQA1*06:01-DQB1*04:02	0.0	0.084686644	0.29375452	0.284092
DRB1*03:01	0.0	0.0	0.28444493	0.22808659
DRB1*15:01	0.0	0.34288123	0.3841375	0.39346862
DRB1*15:01	0.0	0.4250723	0.52954394	0.5835189
DRB5*01:01	0.0	0.03213438	0.33696264	0.26447216
DRB1*04:01	0.0	0.31268302	0.2907244	0.24027151
DRB1*03:01	0.0	0.02342214	0.2882875	0.25971568
DRB1*04:01	1.0	0.9406777	0.2827122	0.2080846
DQA1*05:01-DQB1*03:02	0.0	0.27250716	0.28722653	0.2064615
DRB1*08:01	0.0	0.326333	0.28370386	0.2961533
DRB1*13:01	0.0	0.17057097	0.30923405	0.2604557
DRB1*14:54	0.0	0.34665728	0.33801377	0.29575405
DRB5*01:01	0.0	0.084686644	0.3992402	0.37661198
DRB1*15:01	0.0	0.5938504	0.35249323	0.34745783
DRB1*11:01	0.0	0.557524	0.3773199	0.3041929
DRB1*11:01	0.0	0.29749924	0.51670694	0.5001862
DRB1*03:01	0.0	0.31366858	0.6159312	0.524212
DQA1*01:02-DQB1*05:01	0.0	0.56986547	0.29993004	0.22816114
DRB1*10:01	0.0	0.5771899	0.28271824	0.21722184
DRB3*01:01	0.0	0.49860802	0.2831243	0.226718
DQA1*05:01-DQB1*04:02	0.0	0.5338698	0.28492752	0.2585656
DRB1*09:01	0.0	0.69887584	0.35818207	0.4002669
DQA1*05:01-DQB1*04:02	0.0	0.4086205	0.28219387	0.23558742
DQA1*03:03-DQB1*04:02	0.0	0.084686644	0.287446	0.21761973
DRB1*04:04	0.0	0.33632362	0.32610518	0.2664753
DRB1*13:01	0.0	0.70250076	0.37343016	0.36254022
DQA1*03:01-DQB1*03:02	0.0	0.0	0.4546388	0.50066996
DRB1*11:01	0.0	0.11458712	0.35745037	0.3069026
DRB1*01:01	0.0	0.12396229	0.41132113	0.3556743
DRB1*09:01	0.0	0.46658415	0.3471186	0.3602734
DRB1*11:01	0.0	0.14874962	0.3074375	0.21480665
DRB1*12:01	0.0	0.48121598	0.6509081	0.56630844
DRB1*08:01	0.0	0.084686644	0.28478968	0.2230251
DRB1*04:04	0.0	0.57345515	0.37900084	0.37900925
DRB1*09:01	0.0	0.5242514	0.49288878	0.46639
DRB5*01:01	0.0	0.55228406	0.34891132	0.28655726
DQA1*05:01-DQB1*03:03	0.0	0.32034445	0.28267646	0.22487405
DRB1*15:01	0.0	0.0	0.3204402	0.2739357
DQA1*05:01-DQB1*03:02	0.0	0.36314693	0.28512394	0.26208878
DRB1*08:02	0.0	0.29749924	0.4685658	0.4334389
DRB3*02:02	0.0	0.60096335	0.5246907	0.5085517
DRB3*03:01	0.0	0.45395526	0.3735458	0.35814354
DRB1*15:01	0.0	0.23045792	0.44458675	0.45393574
DRB1*08:01	0.0	0.23982108	0.2886748	0.20863296
DQA1*01:01-DQB1*05:01	0.0	0.0	0.2819662	0.22488047
DRB5*01:01	0.0	0.0	0.3483801	0.29537338
DRB1*07:01	0.0	0.44130045	0.32308346	0.31511414
DRB5*01:01	0.0	0.71861506	0.37584075	0.39042094
DQA1*02:01-DQB1*03:03	0.0	0.46832806	0.28399268	0.2817273
DRB1*11:01	0.0	0.5237156	0.34625793	0.30274302
DRB1*08:02	0.0	0.738145	0.30427226	0.2937626
DRB1*01:01	0.0	0.19597724	0.37656656	0.36051792
DRB1*15:01	0.0	0.69887584	0.3701592	0.38149637
DPA1*01:03-DPB1*04:01	0.0	0.0	0.3075024	0.2673926
DRB3*01:01	0.0	0.14098851	0.28397495	0.22592534
DRB1*03:01	0.0	0.38334846	0.28239474	0.22154078
DQA1*05:01-DQB1*03:02	0.0	0.46045747	0.28393495	0.21410525
DRB5*01:01	0.0	0.7703366	0.36023822	0.3288749
DRB4*01:01	0.0	0.18590114	0.30804425	0.34448308
DQA1*05:01-DQB1*03:03	0.0	0.19484413	0.28411835	0.20903157
DRB1*01:01	0.0	0.62472034	0.46245673	0.50514543
DRB1*12:01	0.0	0.0	0.2841903	0.22433114
DQA1*02:01-DQB1*03:01	0.0	0.61562216	0.711285	0.6119756
DRB3*03:01	0.0	0.38704827	0.36105776	0.33393794
DRB1*14:54	0.0	0.6768411	0.32226887	0.29875442
DRB1*13:01	0.0	0.7062737	0.32422537	0.31852713
DPB1*14:01	0.0	0.29749924	0.33981848	0.36802357
DQA1*01:03-DQB1*06:03	0.0	0.3725406	0.28554386	0.24396625
DQB1*03:02	0.0	0.47010547	0.29004702	0.27360025
DRB1*01:01	0.0	0.7062737	0.7115949	0.6434547
DQA1*05:01-DQB1*03:03	0.0	0.28902707	0.2831057	0.21063985
DRB1*15:01	0.0	0.30036202	0.48159486	0.48245692
DRB1*07:01	0.0	0.0	0.28763536	0.21082433
DRB1*13:01	0.0	0.084686644	0.3560716	0.3162654
DQA1*05:01-DQB1*04:02	0.0	0.37778664	0.6962729	0.5726111
DRB1*08:01	0.0	0.0	0.2994944	0.29617533
DRB3*03:01	0.0	0.4457879	0.4768862	0.5064455
DQA1*05:01-DQB1*04:02	0.0	0.084686644	0.29364672	0.33982956
DRB4*01:01	0.0	0.084686644	0.2842147	0.2347475
DRB1*08:01	0.0	0.084686644	0.3081531	0.19132502
DRB1*13:02	0.0	0.60473627	0.6334401	0.59495676
DRB4*01:01	0.0	0.0	0.28324518	0.23263726
DRB1*13:01	0.0	0.7871874	0.71267414	0.64168614
DRB3*01:01	0.0	0.0	0.2841659	0.20791733
DRB4*01:03	0.0	0.19460095	0.33108893	0.28867283
DQA1*06:01-DQB1*04:02	0.0	0.23406224	0.28273413	0.23252933
DRB3*02:02	0.0	0.084686644	0.7025905	0.58363825
DRB1*11:01	0.0	0.084686644	0.3236989	0.25247762
DRB1*07:01	0.0	0.3983002	0.29990354	0.24814543
DRB1*01:01	0.0	0.4554746	0.37186083	0.31068426
DRB1*08:02	0.0	0.0	0.5217462	0.53394675
DRB1*13:02	0.0	0.1753998	0.38599327	0.39514196
DRB1*07:01	0.0	0.31622475	0.3299288	0.3254727
DRB5*01:01	0.0	0.18237725	0.4298575	0.4724235
DQA1*02:01-DQB1*02:02	0.0	0.43870896	0.31331563	0.3559535
DRB1*03:01	0.0	0.0	0.28649625	0.25688705
DQA1*05:01-DQB1*04:02	0.0	0.41498607	0.30900204	0.29221874
DRB1*03:02	0.0	0.0067072255	0.47396553	0.39958078
DRB1*03:01	0.0	0.0	0.28240737	0.21428183
DRB1*13:01	0.0	0.5338698	0.7126778	0.6015742
DPA1*02:01-DPB1*14:01	0.0	0.18617786	0.39093027	0.43539292
DRB1*07:01	0.0	0.29814848	0.3410721	0.33917725
DRB3*01:01	0.0	0.30415678	0.28267428	0.21812108
DRB1*15:01	0.0	0.0	0.30136958	0.22383332
DRB1*03:01	1.0	1.0	0.5894058	0.51181436
DRB1*11:01	1.0	1.0	0.5201635	0.51218116
DRB1*14:54	0.0	0.5165235	0.3701394	0.40575892
DRB1*15:01	0.0	0.0	0.33324957	0.333778
DRB1*03:01	0.0	0.0	0.29024443	0.25107297
DRB3*01:01	0.0	0.74971294	0.28266227	0.22492272
DRB5*01:01	1.0	0.93593705	0.4913189	0.45135647
DRB3*03:01	0.0	0.64817554	0.70529425	0.623402
DRB1*13:01	0.0	0.31539097	0.31487897	0.28584957
DRB1*13:01	0.0	0.5066869	0.32234123	0.31489742
DRB1*11:01	1.0	0.93593705	0.7079002	0.6408315
DRB3*01:01	0.0	0.4512331	0.28294945	0.24900009
DQA1*02:01-DQB1*04:02	0.0	0.23176475	0.28373328	0.23655644
DQA1*03:03-DQB1*04:02	0.0	0.2500747	0.28576884	0.2362473
DRB1*15:01	0.0	0.44152206	0.37142178	0.35542265
DRB1*04:01	0.0	0.0	0.28483483	0.21943145
DRB1*01:01	0.0	0.43293062	0.38885343	0.4308511
DQA1*05:01-DQB1*04:02	0.0	0.15868272	0.2821738	0.22480753
DRB5*01:01	0.0	0.6614014	0.36345586	0.3514343
DQA1*01:02-DQB1*05:01	0.0	0.6185565	0.71193284	0.6047784
DRB1*07:01	0.0	0.37181488	0.29971954	0.24227726
DQB1*06:02	0.0	0.26640135	0.30609375	0.2863693
DRB1*13:01	0.0	0.1693964	0.29699817	0.2261055
DRB1*11:01	0.0	0.0	0.35499084	0.33040786
DPA1*03:01-DPB1*04:02	0.0	0.29202667	0.54389066	0.53695446
DRB1*04:04	0.0	0.41800016	0.29680735	0.2893408
DRB1*03:01	0.0	0.0	0.30064195	0.260978
DRB1*11:01	0.0	0.2657763	0.33460826	0.26934713
DRB1*04:01	0.0	0.3716086	0.29894432	0.3117974
DRB1*01:01	1.0	0.8201525	0.57311594	0.5203264
DRB1*07:01	0.0	0.3319953	0.30000895	0.24867445
DRB3*01:01	0.0	0.29749924	0.6398342	0.46659046
DRB1*03:01	0.0	0.5606573	0.6864304	0.61492234
DRB1*11:01	0.0	0.71861506	0.34104863	0.29217032
DRB1*13:01	0.0	0.77837855	0.32353577	0.30348575
DRB3*01:01	0.0	0.28161627	0.28296754	0.25966874
DRB1*11:01	0.0	0.4158135	0.33380827	0.28957966
DRB1*04:05	0.0	0.45345432	0.28310224	0.21504405
DRB1*07:01	0.0	0.4948579	0.30944407	0.27924934
DRB1*11:01	0.0	0.18677562	0.71280366	0.6614208
DRB1*08:02	0.0	0.10284798	0.2910746	0.25314945
DRB5*01:01	0.0	0.738145	0.5817104	0.53138185
DRB4*01:03	0.0	0.5253324	0.7078183	0.60553384
DQA1*06:01-DQB1*04:02	0.0	0.4081603	0.29174766	0.29038718
DRB1*04:05	0.0	0.4512331	0.5385432	0.55561745
DRB1*07:01	0.0	0.72312444	0.49810687	0.5449307
DRB1*04:04	0.0	0.6614014	0.5522804	0.57294226
DQA1*02:01-DQB1*04:02	0.0	0.34318376	0.2853545	0.22009149
DRB3*02:02	0.0	0.48257518	0.28578785	0.23644075
DRB1*07:01	0.0	0.33192822	0.30263263	0.25520718
DRB1*07:01	0.0	0.021319458	0.46350145	0.4733199
DPA1*01:03-DPB1*02:01	0.0	0.0	0.50487113	0.47184455
DRB1*03:01	0.0	0.61562216	0.7075359	0.6161002
DRB1*01:01	0.0	0.0	0.33462825	0.2558685
DQA1*05:01-DQB1*03:02	0.0	0.24724159	0.2839261	0.26458606
DQA1*01:01-DQB1*05:01	0.0	0.0	0.2836294	0.23423427
DRB3*03:01	0.0	0.15654649	0.35071597	0.30814493
DPA1*02:01-DPB1*05:01	0.0	0.0	0.28315505	0.22582221
DRB1*13:01	0.0	0.39505696	0.30732843	0.24758092
DQA1*02:01-DQB1*04:02	0.0	0.084686644	0.28627542	0.21891981
DRB3*01:01	0.0	0.41335312	0.29775435	0.29116845
DRB1*11:01	0.0	0.084686644	0.34836987	0.30232143
DRB3*02:02	0.0	0.0	0.2857762	0.21532302
DRB1*03:01	0.0	0.4234332	0.2840777	0.21956907
DRB1*11:01	1.0	0.85125035	0.71162313	0.66059583
DRB1*04:04	0.0	0.598531	0.7041414	0.54979134
DQA1*02:01-DQB1*03:03	0.0	0.20727037	0.29069948	0.2088072
DQA1*05:01-DQB1*03:03	0.0	0.2690805	0.288754	0.20526785
DRB1*04:01	0.0	0.0	0.30356896	0.29996988
DRB5*01:01	0.0	0.62796354	0.3500085	0.3124959
DRB1*03:01	0.0	0.284181	0.28307953	0.22761238
DRB1*04:04	0.0	0.084686644	0.31671467	0.30048057
DRB1*08:02	0.0	0.0	0.32640305	0.29381475
DRB4*01:03	0.0	0.7560895	0.7137686	0.65466094
DRB1*04:01	0.0	0.23530346	0.28439727	0.22121176
DRB1*07:01	0.0	0.29749924	0.36408195	0.3182759
DRB1*13:02	0.0	0.0	0.31016332	0.27140468
DRB3*01:01	0.0	0.0	0.28542933	0.21694954
DRB1*11:01	0.0	0.5689894	0.5453228	0.55463344
DRB1*11:01	0.0	0.084686644	0.31823406	0.23254037
DRB1*08:02	0.0	0.4019471	0.28420407	0.22210084
DRB3*01:01	0.0	0.084686644	0.28337917	0.24011981
DRB3*01:01	0.0	0.30505508	0.28309354	0.242764
DRB4*01:03	0.0	0.65906143	0.54164606	0.5533784
DRB4*01:01	0.0	0.32532838	0.28910443	0.29517776
DRB1*14:54	0.0	0.738145	0.49067676	0.51827556
DQA1*01:01-DQB1*05:01	0.0	0.0	0.28217435	0.21072958
DQA1*01:02-DQB1*05:01	0.0	0.65906143	0.3098588	0.3070715
DRB1*01:01	0.0	0.0	0.36211154	0.323415
DRB1*03:01	0.0	0.74971294	0.64113975	0.5424785
DQA1*05:01-DQB1*03:02	0.0	0.18059918	0.28988844	0.277846
DRB1*03:01	0.0	0.084686644	0.28204513	0.20813282
DRB1*15:01	0.0	0.0	0.3100932	0.24820724
DQA1*02:01-DQB1*03:01	0.0	0.62158704	0.30625394	0.3110479
DQA1*01:01-DQB1*05:01	0.0	0.0	0.42695123	0.40679234
DRB1*03:01	0.0	0.5771899	0.29299542	0.2821663
DRB1*07:01	0.0	0.7629388	0.32074714	0.3121419
DRB1*04:01	0.0	0.5233668	0.3374743	0.327897
DQA1*05:01-DQB1*03:02	0.0	0.084686644	0.31386733	0.33247897
DRB1*08:01	0.0	0.084686644	0.29340708	0.2076956
DQA1*02:01-DQB1*03:01	0.0	0.6073399	0.30158925	0.2963302
DQA1*02:01-DQB1*03:03	0.0	0.3158971	0.28390682	0.24168876
DRB1*11:01	1.0	0.8673647	0.5754069	0.5120148
DRB1*03:01	0.0	0.43056068	0.28618518	0.23130122
DRB1*11:01	0.0	0.4025212	0.5457601	0.5481856
DRB3*01:01	0.0	0.0	0.28387168	0.22210959
DRB1*11:01	0.0	0.0	0.5612999	0.616778
DRB5*01:01	0.0	0.4942345	0.71200264	0.6691864
DRB1*08:02	0.0	0.559864	0.7108447	0.6351594
DRB3*03:01	0.0	0.40441188	0.39359298	0.41315925
DRB5*01:01	0.0	0.53209805	0.37014282	0.31607977
DRB1*01:01	1.0	0.9509576	0.711354	0.60645175
DQA1*03:03-DQB1*04:02	0.0	0.2205592	0.29053634	0.21100318
DRB1*09:01	0.0	0.47790295	0.28362295	0.2133755
DRB3*02:02	0.0	0.084686644	0.284129	0.23387915
DRB1*11:01	0.0	0.52587765	0.4008595	0.42821723
DRB1*04:01	0.0	0.23701683	0.28392458	0.22081819
DRB1*12:01	0.0	0.0	0.28533417	0.2467418
DQA1*01:01-DQB1*05:01	0.0	0.0	0.28342423	0.23775285
DQA1*05:01-DQB1*03:02	0.0	0.32715735	0.2822904	0.23854038
DQA1*01:02-DQB1*05:01	0.0	0.3188187	0.30484852	0.27956006
DRB1*04:05	0.0	0.43999562	0.35381374	0.29016447
DPA1*03:01-DPB1*04:02	0.0	0.0	0.29648384	0.2620147
DRB3*02:02	0.0	0.0	0.28236872	0.2095086
DRB1*13:02	0.0	0.71861506	0.4311048	0.4101831
DRB1*12:01	0.0	0.28220186	0.41428027	0.39043596
DRB1*09:01	0.0	0.2999815	0.283416	0.25413895
DRB1*08:01	0.0	0.084686644	0.28723338	0.2111261
DRB1*04:01	0.0	0.3787834	0.29117358	0.2507359
DRB1*11:01	0.0	0.33112687	0.3407645	0.29096234
DRB1*04:05	0.0	0.1457668	0.2931576	0.29719272
DRB5*01:01	0.0	0.0	0.36734536	0.3352464
DRB1*13:01	0.0	0.77837855	0.71249133	0.654589
DQA1*06:01-DQB1*04:02	0.0	0.084686644	0.28392512	0.21014076
DQA1*06:01-DQB1*04:02	0.0	0.31686074	0.2907478	0.33323616
DRB1*07:01	0.0	0.51701903	0.31764072	0.30133367
DRB1*04:03	0.0	0.15397803	0.29124084	0.24106228
DRB1*15:01	0.0	0.0	0.32499954	0.27706537
DQA1*01:01-DQB1*05:01	0.0	0.0	0.47863737	0.4402708
DRB1*03:01	0.0	0.5356762	0.61463594	0.35595834
DRB1*04:01	0.0	0.0	0.6506923	0.57627225
DRB3*01:01	0.0	0.084686644	0.28252903	0.22307272
DRB1*08:01	0.0	0.29387432	0.2831656	0.23229438
DQA1*01:02-DQB1*05:01	0.0	0.58939534	0.6967199	0.5976767
DRB1*13:01	0.0	0.084686644	0.30214047	0.23821963
DQA1*03:03-DQB1*04:02	0.0	0.71861506	0.28302833	0.22556116
DRB3*03:01	1.0	0.8078111	0.7114964	0.60945773
DRB1*08:01	0.0	0.084686644	0.2914291	0.20932277
DRB5*01:01	0.0	0.6502526	0.7089381	0.67372644
DQA1*05:01-DQB1*03:02	0.0	0.27511787	0.28348857	0.24619026
DPA1*01:03-DPB1*02:01	0.0	0.0	0.29305506	0.23878893
DRB1*14:54	0.0	0.38195512	0.3449552	0.31473494
DRB1*08:02	0.0	0.6200593	0.71104825	0.6320578
DRB1*03:01	0.0	0.48395464	0.28227407	0.21308775
DRB1*01:01	0.0	0.37875792	0.36812925	0.34342346
DRB3*01:01	0.0	0.084686644	0.29063717	0.20623854
DRB1*13:02	0.0	0.07456381	0.3528091	0.37735468
DRB4*01:03	0.0	0.084686644	0.31208733	0.23962477
DRB1*08:02	0.0	0.6714029	0.34549674	0.3121969
DRB3*03:01	1.0	0.8984626	0.65445787	0.61913383
DRB5*01:01	0.0	0.0	0.37794334	0.3971972
DRB1*04:04	0.0	0.24834813	0.28809074	0.23548102
DRB1*04:04	0.0	0.43977994	0.28484666	0.21797046
DRB5*01:01	0.0	0.084686644	0.3673123	0.336217
DRB4*01:01	0.0	0.45074666	0.2873613	0.27337077
DQA1*05:01-DQB1*04:02	0.0	0.24169686	0.28219897	0.24506879
DRB5*01:01	0.0	0.6796851	0.44982117	0.45571348
DRB1*04:01	0.0	0.095084	0.284197	0.21323793
DQA1*01:02-DQB1*05:01	0.0	0.5781477	0.3017154	0.27992967
DRB1*11:01	0.0	0.0	0.411125	0.3916522
DRB1*11:01	0.0	0.0	0.3273445	0.25492656
DRB1*03:01	0.0	0.56556594	0.2888692	0.26115045
DRB1*03:01	0.0	0.054617725	0.28230283	0.21537761
DRB1*12:01	0.0	0.0	0.29160103	0.20284843
DRB1*13:01	0.0	0.6200593	0.70812017	0.6434275
DRB3*03:01	0.0	0.43095148	0.36358842	0.3250767
DQA1*02:01-DQB1*03:03	0.0	0.39532292	0.6706983	0.55479586
DRB1*14:54	0.0	0.35216704	0.2948278	0.22522952
DRB3*01:01	0.0	0.0	0.28818777	0.20648938
DRB1*04:04	0.0	0.16481994	0.28950012	0.2515164
DRB1*15:01	0.0	0.044181664	0.36613315	0.33996207
DRB1*08:02	0.0	0.10996593	0.29380694	0.30050182
DRB1*01:01	0.0	0.14874962	0.35680643	0.29730406
DQA1*02:01-DQB1*03:01	0.0	0.084686644	0.34639055	0.34908396
DQA1*01:02-DQB1*05:01	0.0	0.52642614	0.3048278	0.2720996
DRB1*04:05	0.0	0.20393652	0.2853448	0.20760913
DRB1*03:01	0.0	0.45911992	0.28359076	0.23122497
DQA1*01:03-DQB1*06:03	0.0	0.17726825	0.28448674	0.24332422
DQA1*01:01-DQB1*05:01	0.0	0.0	0.34801722	0.34439182
DRB1*11:01	0.0	0.19814393	0.37320584	0.3485782
DQA1*02:01-DQB1*03:01	0.0	0.5044915	0.51229995	0.47430137
DRB1*13:01	0.0	0.7278651	0.31709942	0.28636444
DQA1*03:03-DQB1*04:02	0.0	0.084686644	0.37545386	0.30892652
DRB4*01:01	0.0	0.0	0.28341597	0.25032207
DRB1*13:01	0.0	0.0	0.29664657	0.2210651
DRB1*03:01	0.0	0.6714029	0.28639477	0.24981068
DRB1*08:02	0.0	0.62158704	0.7034592	0.5629172
DRB1*09:01	0.0	0.51902837	0.28393036	0.2740148
DQA1*06:01-DQB1*04:02	0.0	0.084686644	0.28253886	0.24135354
DRB3*02:02	0.0	0.16508426	0.28494152	0.23429608
DRB1*11:01	0.0	0.60473627	0.33626372	0.2889824
DQA1*01:02-DQB1*05:01	0.0	0.57345515	0.30974305	0.28815877
DQA1*02:01-DQB1*03:01	0.0	0.5537511	0.30309153	0.26338026
DPA1*02:01-DPB1*01:01	0.0	0.0	0.29482806	0.2650718
DRB3*01:01	0.0	0.18481614	0.2819886	0.24165052
DRB1*03:02	0.0	0.0	0.29853374	0.24926186
DQA1*03:01-DQB1*02:01	0.0	0.011395632	0.2828861	0.22162989
DQA1*05:01-DQB1*03:02	0.0	0.22084104	0.2821676	0.21147831
DRB1*15:01	0.0	0.5791155	0.3346097	0.34606025
DRB3*02:02	0.0	0.0	0.28465024	0.23098168
DRB1*01:01	0.0	0.0	0.3500203	0.2976737
DQA1*01:02-DQB1*06:02	0.0	0.106408566	0.36444318	0.34043828
DRB1*10:01	0.0	0.0	0.283193	0.21761198
DRB3*01:01	0.0	0.5375186	0.69349843	0.5958663
DRB4*01:03	1.0	0.83439964	0.7134377	0.6283778
DQA1*01:02-DQB1*05:01	0.0	0.5058025	0.30802682	0.28342393
DRB4*01:03	0.0	0.5210823	0.39853302	0.4659355
DRB1*10:01	0.0	0.44218066	0.6561297	0.56793517
DRB1*07:01	0.0	0.37109482	0.30614924	0.2692324
DRB1*04:05	0.0	0.14828865	0.43596372	0.49640176
DRB3*02:02	0.0	0.3680709	0.6857468	0.5860669
DRB1*03:01	0.0	0.0	0.5629723	0.53505015
DRB1*13:01	0.0	0.4775781	0.37850192	0.44383585
DRB1*08:01	0.0	0.4775781	0.5203321	0.44775933
DRB1*14:54	0.0	0.084686644	0.3942273	0.46975273
DQB1*05:01	0.0	0.0	0.32585043	0.3125739
DPA1*03:01-DPB1*04:02	0.0	0.0	0.28709766	0.2264698
DRB1*13:01	0.0	0.12871936	0.31236356	0.2550291
DRB4*01:03	0.0	0.3444039	0.3180928	0.24542142
DQA1*02:01-DQB1*03:01	0.0	0.084686644	0.3243601	0.28889164
DRB1*11:01	0.0	0.084686644	0.38157514	0.36649942
DPA1*03:01-DPB1*04:02	0.0	0.0	0.33093828	0.3494492
DQA1*02:01-DQB1*03:03	0.0	0.5226533	0.5296545	0.43422166
DRB1*08:02	0.0	0.0	0.28286257	0.20909557
DRB1*03:01	0.0	0.5743748	0.28430036	0.2325049
DRB1*03:01	0.0	0.610019	0.29634222	0.2672601
DRB1*13:01	0.0	0.21944036	0.3039542	0.24701998
DRB1*03:01	0.0	0.3750729	0.28828984	0.2712499
DQA1*03:01-DQB1*03:02	0.0	0.0	0.28311923	0.21834196
DRB5*01:01	0.0	0.4871359	0.34487158	0.2718558
DQA1*02:01-DQB1*03:03	0.0	0.084686644	0.2846698	0.21625943
DRB1*01:01	0.0	0.0	0.34583732	0.2916028
DRB1*01:01	0.0	0.0	0.35188034	0.31239203
DQA1*01:02-DQB1*05:01	0.0	0.5185219	0.29416814	0.24591896
DRB1*04:01	0.0	0.33717155	0.2867212	0.22791326
DRB1*14:54	0.0	0.56641	0.46967554	0.44344425
DRB1*09:01	0.0	0.41648084	0.28260732	0.22300833
DRB1*03:01	0.0	0.41017127	0.31510997	0.29884323
DRB1*08:02	0.0	0.36156222	0.3005843	0.2997309
DRB1*13:01	0.0	0.0	0.30093393	0.23561673
DRB1*07:01	0.0	0.4169845	0.4669014	0.44051793
DQA1*05:01-DQB1*04:02	0.0	0.7629388	0.28275025	0.21992429
DQA1*05:01-DQB1*03:03	0.0	0.15409549	0.28134224	0.23003007
DRB1*08:02	0.0	0.14416109	0.29178968	0.26468453
DRB1*13:01	0.0	0.33423725	0.3270511	0.30094793
DRB3*03:01	0.0	0.72312444	0.7005165	0.646604
DQA1*03:01-DQB1*03:02	0.0	0.0	0.38611877	0.411745
DQA1*06:01-DQB1*04:02	0.0	0.084686644	0.31498143	0.3069246
DQA1*02:01-DQB1*03:03	0.0	0.5242514	0.28434774	0.21954772
DRB1*01:01	0.0	0.0	0.34953862	0.29313105
DRB3*01:01	0.0	0.48395464	0.28701994	0.29579157
DQA1*01:01-DQB1*05:01	0.0	0.0	0.28296265	0.22464333
DQA1*02:01-DQB1*03:03	0.0	0.3149434	0.28801706	0.21332775
DRB3	0.0	0.0	0.3205617	0.33003014
DRB1*13:01	1.0	0.87187403	0.71020675	0.65656614
DRB3*01:01	0.0	0.33246636	0.47223505	0.44800043
DRB1*13:01	0.0	0.084686644	0.31007934	0.26665273
DRB4*01:03	0.0	0.77837855	0.35260725	0.3409759
DRB5*01:01	0.0	0.22181392	0.47335896	0.41654307
DRB1*04:05	0.0	0.084686644	0.2822177	0.21527481
DQA1*02:01-DQB1*03:01	0.0	0.35216704	0.28900003	0.21282065
DQA1*02:01-DQB1*03:03	0.0	0.25883105	0.30147207	0.2028028
DRB3*02:02	1.0	0.8201525	0.7077631	0.57729316
DRB1*04:01	0.0	0.5439395	0.3442295	0.40150782
DRB1*04:02	0.0	0.60096335	0.28315702	0.22061089
DRB1*13:01	0.0	0.0	0.30200034	0.23835482
DRB1*01:01	0.0	0.7582266	0.5742661	0.49566823
DRB1*03:01	0.0	0.054617725	0.28226364	0.21670264
DRB3*01:01	0.0	0.0	0.63794595	0.5799036
DRB1*03:01	0.0	0.084686644	0.33042973	0.36228207
DRB4*01:01	0.0	0.0	0.57346255	0.4854076
DRB1*08:01	0.0	0.46832806	0.28289324	0.2435618
DRB3*01:01	0.0	0.23677695	0.29217952	0.27285266
DRB5*01:01	1.0	0.8201525	0.68569	0.60733664
DQA1*05:01-DQB1*03:03	0.0	0.084686644	0.2854852	0.20719014
DPB1*05:01	0.0	0.29749924	0.4643153	0.4291086
DRB1*04:04	0.0	0.22485873	0.2843436	0.22064516
DRB1*03:01	0.0	0.45780146	0.2898944	0.27525684
DRB1*12:02	0.0	0.48189306	0.28206277	0.20876591
DRB1*04:01	1.0	1.0	0.70300907	0.53449976
DRB1*09:01	0.0	0.7437481	0.3379375	0.41793388
DQA1*02:01-DQB1*03:01	0.0	0.6614014	0.30155963	0.30673555
DRB1*03:01	0.0	0.45496538	0.28276762	0.22068925
DRB1*13:01	0.0	0.4245227	0.37658748	0.36727068
DRB1*03:01	1.0	0.8201525	0.51903653	0.4505108
DRB1*11:01	0.0	0.084686644	0.3925131	0.38656837
DPA1*02:01-DPB1*05:01	0.0	0.0	0.2823233	0.21397485
DRB1*08:02	0.0	0.12239243	0.28790778	0.24751735
DRB1*15:01	0.0	0.0	0.29821062	0.22035415
DRB1*09:01	0.0	0.32483014	0.38983384	0.39316747
DQA1*01:02-DQB1*05:01	0.0	0.084686644	0.29899904	0.27035573
DRB4*01:03	0.0	0.084686644	0.30638257	0.22802219
DRB3*01:01	0.0	0.32201624	0.2844693	0.21240121
DRB1*04:01	0.0	0.0	0.2999874	0.2682573
DRB1*01:01	0.0	0.0	0.35264063	0.3073752
DRB1*01:01	0.0	0.0	0.3316977	0.26052833
DRB3*02:02	0.0	0.0	0.28503466	0.20495066
DQA1*02:01-DQB1*03:01	0.0	0.27392855	0.71219355	0.64398116
DRB1*04:04	0.0	0.0	0.2848594	0.2170624
DRB3*02:02	0.0	0.084686644	0.2908893	0.25469846
DRB1*11:01	0.0	0.26904652	0.49306884	0.5517754
DRB3*03:01	0.0	0.084686644	0.38793153	0.38999864
DRB1*01:01	0.0	0.5253324	0.3847461	0.40467
DRB1*13:01	0.0	0.53209805	0.52815056	0.52668846
DRB1*11:01	0.0	0.27389273	0.34111583	0.30379933
DRB1*09:01	0.0	0.084686644	0.3392872	0.34992933
DRB1*03:01	0.0	0.0	0.28157675	0.20766574
DRB3*03:01	1.0	0.8984626	0.37944493	0.40831333
DRB1*08:01	0.0	0.5237156	0.2907017	0.3223202
DRB3*01:01	0.0	0.0	0.28470924	0.21055529
DRB1*03:01	0.0	0.51701903	0.68337536	0.62113625
DRB1*11:01	0.0	0.084686644	0.34326708	0.31541768
DQA1*05:01-DQB1*03:01	0.0	0.0	0.28441897	0.21652824
DRB1*07:01	0.0	0.58618957	0.34183374	0.40434438
DRB1*13:02	0.0	0.0	0.32911316	0.30128902
DRB1*14:54	0.0	0.6768411	0.71175516	0.6120325
DQA1*02:01-DQB1*03:03	0.0	0.18015672	0.28330225	0.25110835
DRB1*04:01	0.0	0.6366076	0.52401227	0.4276647
DRB1*04:01	0.0	0.4998376	0.7021812	0.62676287
DRB1*03:01	0.0	0.0	0.57861674	0.59733176
DQA1*01:02-DQB1*05:01	0.0	0.084686644	0.40444756	0.4182186
DRB5*01:01	0.0	0.22314791	0.39130628	0.3874024
DRB1*07:01	0.0	0.103934266	0.43758142	0.3704461
DQA1*01:02-DQB1*05:01	0.0	0.77837855	0.29687625	0.25929084
DQA1*05:01-DQB1*03:02	0.0	0.44954166	0.28128314	0.22078955
DPA1*02:01-DPB1*01:01	0.0	0.0	0.29665047	0.24925536
DRB1*03:01	0.0	0.2283128	0.59438753	0.57121044
DRB1*04:04	0.0	0.084686644	0.2955716	0.27632433
DQA1*02:01-DQB1*04:02	0.0	0.26392615	0.28325534	0.24865058
DRB1*11:01	0.0	0.0	0.43949544	0.35909778
DRB1*14:54	0.0	0.68261945	0.70072925	0.52217126
DRB1*07:01	0.0	0.21637394	0.30173373	0.25682998
DRB1*14:54	0.0	0.2670639	0.30357173	0.25817117
DPA1*03:01-DPB1*04:02	0.0	0.0	0.29573366	0.27795112
DRB1*04:04	0.0	0.2658747	0.29238263	0.26401335
DRB1*08:01	0.0	0.2512159	0.2822269	0.25148115
DPA1*01:03-DPB1*02:01	0.0	0.0	0.33762282	0.28737718
DRB3*02:02	0.0	0.68565	0.702786	0.57750654
DRB3*01:01	0.0	0.3104766	0.2819403	0.22672214
DRB3*03:01	0.0	0.084686644	0.37755197	0.33226117
DRB1*01:01	0.0	0.0	0.33462268	0.2637178
DRB1*15:01	0.0	0.5375186	0.60787237	0.608396
DRB1*07:01	0.0	0.549418	0.4789382	0.5198331
DQA1*01:03-DQB1*06:03	0.0	0.18620558	0.28417903	0.22595277
DRB1*11:01	0.0	0.0	0.37769556	0.33703458
DRB1*08:01	0.0	0.47888446	0.64163893	0.57281995
DRB1*11:01	0.0	0.65237737	0.44363034	0.45828027
DRB1*04:05	0.0	0.0	0.2881244	0.20920828
DRB1*01:01	1.0	0.9911911	0.6994024	0.6762016
DRB1*04:04	0.0	0.2955332	0.32099688	0.3383137
DRB1*13:02	0.0	0.0	0.32197648	0.27490076
DQA1*05:01-DQB1*03:03	0.0	0.3335521	0.64455026	0.57799304
DQA1*02:01-DQB1*04:02	0.0	0.6060289	0.681466	0.5461586
DRB1*07:01	0.0	0.6796851	0.4126388	0.39773643
DQA1*06:01-DQB1*04:02	0.0	0.084686644	0.28290904	0.22025117
DRB1*04:04	0.0	0.3814953	0.3728041	0.3259209
DRB1*04:04	0.0	0.2566669	0.29188496	0.2736019
DRB4*01:03	0.0	0.55907744	0.36953118	0.26831862
DRB3*03:01	0.0	0.45859027	0.3696992	0.37424082
DRB1*14:54	0.0	0.4183412	0.3004723	0.24646306
DRB1*04:04	0.0	0.24086682	0.3878791	0.36863452
DQA1*05:01-DQB1*03:02	0.0	0.4750195	0.28187007	0.22252527
DRB3*02:02	0.0	0.0	0.2858722	0.24046582
DRB1*08:02	0.0	0.12542993	0.2854822	0.2420963
DRB1*15:01	1.0	1.0	0.7139672	0.5792427
DRB1*03:01	0.0	0.72312444	0.69942605	0.57769597
DRB3*01:01	0.0	0.084686644	0.28368294	0.2407199
DRB1*09:01	0.0	0.7871874	0.68583965	0.5102612
DRB1*13:01	0.0	0.7969252	0.44411144	0.52535874
DRB4*01:03	0.0	0.084686644	0.3240618	0.26862708
DRB1*08:02	0.0	0.0	0.28581688	0.23889887
DQA1*02:01-DQB1*03:01	0.0	0.3520836	0.2965885	0.25156906
DRB1*13:02	0.0	0.18674773	0.3137596	0.2437291
DRB1*11:01	0.0	0.6614014	0.703278	0.6987616
DRB1*01:01	0.0	0.0	0.32605478	0.2520521
DRB1*01:01	0.0	0.40947023	0.37198243	0.38389528
DRB4*01:01	0.0	0.13531943	0.29922155	0.289679
DRB1*13:01	0.0	0.46980685	0.3125478	0.27080694
DRB1*13:02	0.0	0.7871874	0.36507067	0.38392296
DRB3*03:01	0.0	0.4158135	0.3606843	0.32945663
DRB3*01:01	0.0	0.084686644	0.28305715	0.2575059
DRB1*13:02	0.0	0.71020716	0.7123886	0.62971073
DRB1*03:01	0.0	0.0	0.28346902	0.21539265
DQA1*05:01-DQB1*03:03	0.0	0.4677431	0.5385423	0.45395696
DRB1*04:01	0.0	0.0	0.30195358	0.2642309
DRB1*13:01	0.0	0.084686644	0.3020394	0.23662317
DRB1*15:01	1.0	0.81377596	0.6112754	0.60091263
DRB1*01:01	0.0	0.55458677	0.37019834	0.3536646
DRB1*01:01	0.0	0.5725446	0.45885956	0.43909603
DQA1*05:01-DQB1*04:02	0.0	0.30957696	0.28247103	0.22752595
DRB1*04:05	0.0	0.22976694	0.28445387	0.20719895
DRB5*01:01	0.0	0.7969252	0.3917268	0.3846449
DRB1*03:01	0.0	0.69202656	0.30671582	0.2698318
DRB1*01:01	0.0	0.0	0.34947664	0.29811162
DRB3*03:01	0.0	0.610019	0.38746244	0.3596027
DRB4*01:03	0.0	0.3127375	0.32782945	0.2782534
DRB4*01:03	0.0	0.084686644	0.45759213	0.49748796
DQA1*06:01-DQB1*04:02	0.0	0.084686644	0.28687763	0.20754802
DRB1*04:01	0.0	0.14874962	0.28462058	0.22943741
DQA1*01:03-DQB1*06:03	0.0	0.084686644	0.28741673	0.2503439
DRB1*07:01	0.0	0.4117485	0.32415622	0.32616127
DQA1*01:01-DQB1*05:01	0.0	0.0	0.287643	0.26315418
DRB4*01:01	0.0	0.0	0.28316867	0.21707235
DQA1*02:01-DQB1*04:02	0.0	0.084686644	0.41708073	0.43800256
DRB5*01:01	0.0	0.39585716	0.711099	0.6185366
DRB1*12:01	0.0	0.42041433	0.28250062	0.25175214
DQA1*05:01-DQB1*03:01	0.0	0.1895935	0.68098843	0.55428594
DRB3*03:01	0.0	0.3094717	0.3711844	0.33691624
DRB3*03:01	0.0	0.14879584	0.3883811	0.3890237
DRB3*01:01	0.0	0.1317142	0.6528824	0.5554154
DRB3*02:02	0.0	0.0	0.2851381	0.22251119
DRB1*11:01	0.0	0.25374278	0.43406633	0.40393567
DRB1*08:02	0.0	0.0	0.3514207	0.36168826
DQA1*01:02-DQB1*05:01	0.0	0.28906924	0.29313704	0.21513036
DRB1*09:01	1.0	0.8201525	0.2840923	0.2521097
DRB1*07:01	0.0	0.084686644	0.29423842	0.22574995
DRB1*04:04	0.0	0.4460181	0.29726428	0.27720022
DRB1*15:01	0.0	0.044850074	0.33778995	0.3147207
DPA1*01:03-DPB1*04:01	0.0	0.0	0.28280267	0.21351379
DRB1*15:01	0.0	0.5112407	0.7124993	0.66336185
DQA1*05:01-DQB1*02:01	0.0	0.18344729	0.31438717	0.26613164
DPA1*02:01-DPB1*05:01	0.0	0.0	0.29896015	0.2878013
DRB5*01:01	0.0	0.42111585	0.4190638	0.44608393
DQA1*06:01-DQB1*04:02	0.0	0.084686644	0.28225404	0.2290822
DRB1*08:01	0.0	0.23805544	0.488543	0.44759816
DRB5*01:01	0.0	0.6200593	0.36191532	0.33400732
DQA1*05:01-DQB1*03:03	0.0	0.36997452	0.2854023	0.24346025
DPA1*03:01-DPB1*04:02	0.0	0.0	0.28906834	0.23922971
DRB3*02:02	0.0	0.576242	0.41187045	0.35723573
DRB1*04:04	0.0	0.084686644	0.28349325	0.214735
DRB3*02:02	0.0	0.45965263	0.2841872	0.2253685
DRB1*07:01	0.0	0.62158704	0.7099019	0.6523576
DRB1*11:01	0.0	0.60096335	0.34554604	0.28697273
DPA1*01:03-DPB1*04:01	0.0	0.0	0.28313398	0.20891942
DRB1*13:01	0.0	0.084686644	0.41972357	0.4199198
DRB1*04:04	1.0	0.8984626	0.3914888	0.47299182
DRB1*08:01	0.0	0.010372532	0.639843	0.5190939
DRB1*15:01	0.0	0.14925936	0.34534118	0.31768513
DRB1*11:01	0.0	0.20013675	0.37622514	0.33185562
DRB3*03:01	0.0	0.45246053	0.38183063	0.37428337
DQA1*02:01-DQB1*03:01	0.0	0.30616498	0.28758046	0.23405883
DRB1*14:54	0.0	0.084686644	0.30008072	0.24289969
DPB1*05:01	0.0	0.29749924	0.5261431	0.48836428
DQA1*05:01-DQB1*03:02	0.0	0.3421292	0.2828978	0.21135698
DRB1*04:05	0.0	0.20855004	0.28550923	0.25228044
DRB1*08:01	0.0	0.4942345	0.30619505	0.32247338
DRB1*03:01	0.0	0.640305	0.28257272	0.21778955
DRB1*15:01	0.0	0.36728096	0.34364647	0.3411708
DRB1*01:01	0.0	0.351088	0.3989107	0.3860234
DRB1*13:01	0.0	0.7871874	0.7083339	0.64267653
DQA1*01:03-DQB1*06:03	0.0	0.084686644	0.3018037	0.31548977
DQA1*03:01-DQB1*03:02	0.0	0.0	0.3018808	0.29508093
DRB1*08:01	0.0	0.32316813	0.28441212	0.22631496
DRB3*01:01	0.0	0.17419915	0.38394925	0.36318842
DRB1*03:01	0.0	0.36361822	0.5054471	0.48494756
DRB1*11:01	0.0	0.37140274	0.3708554	0.3615839
DRB1*01:01	0.0	0.39747867	0.65170425	0.66063243
DRB1*04:01	0.0	0.7871874	0.7056949	0.5926991
DRB1*04:04	0.0	0.69202656	0.54590803	0.50930035
DRB1*03:01	0.0	0.29749924	0.32482794	0.33902326
DQA1*01:01-DQB1*05:01	0.0	0.0	0.28202844	0.2110655
DQA1*05:01-DQB1*02:01	0.0	0.084686644	0.28285617	0.21805911
DRB1*13:02	0.0	0.0	0.31751773	0.27635765
DRB5*01:01	0.0	0.04721221	0.69729	0.6469512
DRB5*01:01	0.0	0.19463131	0.5296397	0.46957326
DRB1*11:01	0.0	0.084686644	0.4047041	0.39641392
DRB3*01:01	0.0	0.22894892	0.28259477	0.24487725
DRB1*08:01	0.0	0.42920575	0.2838383	0.22340173
DRB3*03:01	0.0	0.084686644	0.35255453	0.3234991
DRB1*15:01	0.0	0.14900877	0.39807802	0.45799124
DRB3*02:02	1.0	0.8078111	0.28737104	0.25741985
DRB1*08:02	1.0	0.9509576	0.7105538	0.60693705
DRB1*13:02	0.0	0.71431553	0.4004862	0.4152294
DRB1*01:01	0.0	0.48087928	0.527666	0.56960136
DRB1*04:01	0.0	0.284582	0.29161108	0.2696383
DRB5*01:01	0.0	0.42692825	0.35713038	0.33627576
DRB3*03:01	1.0	1.0	0.6589867	0.5979432
DQA1*05:01-DQB1*03:02	0.0	0.5292186	0.28363836	0.24685949
DRB1*13:01	0.0	0.68261945	0.5332935	0.53345263
DRB3*02:02	0.0	0.5791155	0.2826824	0.21341123
DRB3*01:01	0.0	0.0	0.28310183	0.23674458
DQA1*03:03-DQB1*04:02	0.0	0.29220107	0.2851971	0.22094494
DRB1*03:01	0.0	0.084686644	0.28468984	0.2333384
DQA1*02:01-DQB1*03:03	0.0	0.3425797	0.2841354	0.24272218
DRB3*01:01	0.0	0.084686644	0.2830642	0.21935968
DRB1*04:01	0.0	0.5743748	0.555006	0.4328464
DRB1*04:05	0.0	0.23137979	0.5046875	0.48675975
DRB1*04:01	0.0	0.47855613	0.6925471	0.59368217
DRB3*03:01	0.0	0.45521963	0.35357314	0.30967095
DRB1*04:01	0.0	0.46687254	0.49216998	0.5531994
DQA1*05:01-DQB1*04:02	0.0	0.084686644	0.32212344	0.3574596
DRB1*15:01	0.0	0.3560026	0.3441563	0.31421125
DQA1*02:01-DQB1*03:03	0.0	0.5332755	0.62909555	0.52083486
DRB1*09:01	0.0	0.3670845	0.28440708	0.25335872
DRB1*09:01	0.0	0.61138827	0.6422216	0.5656534
DPA1*01:03-DPB1*04:01	0.0	0.0	0.2883904	0.2528666
DRB1*08:01	0.0	0.2099193	0.2908235	0.20830287
DRB1*04:01	0.0	0.0	0.4973938	0.4818523
DQA1*02:01-DQB1*04:02	0.0	0.48500293	0.32897115	0.33114263
DRB1*03:01	0.0	0.5841126	0.3126642	0.33340627
DRB1*09:01	0.0	0.37243655	0.28442296	0.2634745
DQA1*05:01-DQB1*03:03	0.0	0.21379751	0.28246108	0.23116618
DRB3*01:01	0.0	0.2664674	0.68212354	0.5644402
DQA1*05:01-DQB1*03:02	0.0	0.29038623	0.6364908	0.49407113
DRB1*15:01	0.0	0.5093922	0.37996	0.40024343
DRB1*09:01	0.0	0.61707765	0.28795397	0.27126428
DQA1*02:01-DQB1*03:03	0.0	0.084686644	0.28902364	0.21201657
DRB1*04:01	0.0	0.33314344	0.41394198	0.4129453
DQA1*02:01-DQB1*03:03	0.0	0.084686644	0.28610793	0.21463387
DQA1*05:01-DQB1*03:02	0.0	0.24309705	0.28281412	0.24032916
DRB1*03:01	0.0	0.5326849	0.28679207	0.25629628
DRB3*03:01	0.0	0.49619684	0.3811641	0.40061438
DRB1*03:01	0.0	0.0	0.2966928	0.30213368
DRB3*02:02	0.0	0.0	0.28979367	0.26467025
DRB1*01:01	0.0	0.7278651	0.70622504	0.6962197
DQA1*01:01-DQB1*05:01	0.0	0.0	0.47067538	0.4352519
DQA1*05:01-DQB1*04:02	0.0	0.4114309	0.49492872	0.46964455
DRB1*09:01	0.0	0.58618957	0.6581962	0.5075097
DRB1*09:01	0.0	0.30017158	0.2922441	0.20276752
DRB1*04:05	0.0	0.0	0.28318086	0.22274263
DRB1*04:01	0.0	0.02708278	0.7105726	0.61774325
DRB1*07:01	0.0	0.0	0.29217198	0.22022876
DRB1*11:01	0.0	0.28161627	0.37529388	0.368993
DQA1*05:01-DQB1*03:02	0.0	0.34665728	0.30293968	0.29929715
DRB1*08:02	0.0	0.32091463	0.29197317	0.27202928
DRB1*04:01	0.0	0.0	0.30448708	0.31394437
DRB5*01:01	0.0	0.23429516	0.33226404	0.25995708
DQA1*01:02-DQB1*05:01	0.0	0.38901743	0.28929314	0.224471
DRB5*01:01	0.0	0.69202656	0.3769077	0.3841914
DRB3*01:01	0.0	0.22545025	0.2828496	0.23128934
DRB1*15:01	0.0	0.58939534	0.3693994	0.38520682
DQA1*05:01-DQB1*03:03	0.0	0.5439395	0.6891878	0.5713883
DRB1*13:02	0.0	0.084686644	0.39209604	0.4270162
DRB1*09:01	0.0	0.738145	0.39473423	0.38464618
DRB1*01:01	1.0	1.0	0.4855244	0.44678712
DRB1*12:01	0.0	0.0	0.28345048	0.26709163
DRB1*03:01	0.0	0.4519676	0.6989967	0.59199935
DRB1*08:01	0.0	0.27128115	0.28554323	0.27075994
DRB5*01:01	0.0	0.64817554	0.39170465	0.40081912
DRB1*11:01	0.0	0.084686644	0.38605526	0.4336847
DQA1*02:01-DQB1*04:02	0.0	0.084686644	0.29047763	0.29789096
DRB1*04:01	0.0	0.33172724	0.29093617	0.261504
DQA1*05:01-DQB1*04:02	0.0	0.5707499	0.6988743	0.5627496
DRB3*01:01	0.0	0.37647408	0.28221893	0.21283686
DRB1*07:01	0.0	0.29749924	0.339303	0.32504803
DRB1*03:01	0.0	0.02062367	0.28802812	0.2338061
DRB1*13:01	0.0	0.0	0.33772892	0.3100756
DRB1*13:01	0.0	0.0	0.3220285	0.29910022
DRB5*01:01	0.0	0.66380215	0.4699097	0.5117866
DRB1*03:01	0.0	0.7560895	0.6606544	0.5844663
DRB1*12:01	0.0	0.0	0.28621033	0.21016519
DRB4*01:03	0.0	0.4686219	0.33400038	0.29456702
DQA1*05:01-DQB1*03:02	0.0	0.31005216	0.4665489	0.44287357
DRB1*04:01	0.0	0.49080396	0.5106566	0.48522097
DRB3*02:02	0.0	0.3185862	0.28372586	0.22984034
DRB4	0.0	0.3004097	0.2946037	0.2171643
DRB1*04:04	0.0	0.2069402	0.2863139	0.22135344
DQA1*02:01-DQB1*03:03	0.0	0.084686644	0.28503838	0.22064602
DRB1*04:01	0.0	0.0	0.28666568	0.23725304
DRB1*04:04	0.0	0.084686644	0.28757966	0.23917118
DQA1*05:01-DQB1*03:03	0.0	0.3715056	0.37896422	0.34989628
DRB1*01:01	0.0	0.72312444	0.3674357	0.34542432
DRB1*04:01	0.0	0.35530898	0.71016073	0.5898078
DRB1*07:01	0.0	0.57345515	0.7038169	0.5997814
DRB4*01:01	0.0	0.0	0.28392124	0.20799242
DRB1*08:01	0.0	0.71431553	0.55931383	0.47153205
DRB3*02:02	0.0	0.0	0.45964023	0.5250647
DRB1*08:01	0.0	0.3963945	0.28441188	0.23593599
DRB1*07:01	0.0	0.29557845	0.28646135	0.2073878
DRB1*14:54	0.0	0.19591562	0.38687575	0.30954885
DQA1*06:01-DQB1*04:02	0.0	0.084686644	0.28165117	0.23522949
DRB1*13:02	0.0	0.0	0.36058655	0.38035685
DQA1*05:01-DQB1*04:02	0.0	0.49155536	0.28153402	0.21607102
DQA1*05:01-DQB1*03:02	0.0	0.084686644	0.28213084	0.20987906
DRB3*01:01	0.0	0.64221066	0.652292	0.5788961
DQA1*05:01-DQB1*03:02	0.0	0.26880905	0.31143987	0.26961103
DRB1*01:01	0.0	0.3681205	0.71371454	0.59400284
DRB1*11:01	0.0	0.6662669	0.6554873	0.57898176
DRB1*04:01	0.0	0.3909024	0.28855586	0.24333918
DRB1*01:01	0.0	0.0	0.3490653	0.30777732
DQA1*02:01-DQB1*03:01	0.0	0.6887833	0.30189833	0.298266
DRB4*01:03	0.0	0.5242514	0.33257252	0.30586824
DQA1*01:02-DQB1*05:01	0.0	0.084686644	0.2841479	0.20789532
DPA1*02:01-DPB1*01:01	0.0	0.35419285	0.6244195	0.5377099
DRB1*03:01	0.0	0.32551593	0.28956717	0.27368885
DRB3*02:02	1.0	0.93593705	0.69955015	0.5277876
DRB1*11:01	0.0	0.06990764	0.32471395	0.24198109
DRB1*03:01	0.0	0.16487494	0.2902917	0.25322297
DQA1*02:01-DQB1*03:01	0.0	0.2794623	0.2901549	0.24462837
DRB1*11:01	1.0	0.8984626	0.7146854	0.5781124
DQA1*01:01-DQB1*05:01	0.0	0.2395543	0.29899126	0.3533383
DRB1*03:01	0.0	0.022850743	0.6624636	0.56700474
DRB1*03:01	0.0	0.0	0.28717586	0.25383446
DRB3*03:01	0.0	0.3507585	0.4837242	0.47716492
DRB1*04:01	0.0	0.084686644	0.28747296	0.24311565
DRB1*03:01	0.0	0.0	0.29465464	0.24880894
DRB1*15:01	0.0	0.0	0.3409613	0.3290572
DRB1*01:01	0.0	0.0	0.34053195	0.29000083
DRB1*08:01	0.0	0.59733844	0.30284324	0.31206536
DRB1*01:01	1.0	0.9729505	0.48147103	0.537153
DRB3*02:02	0.0	0.0	0.28343934	0.20611574
DRB1*15:01	0.0	0.2941859	0.44449908	0.4648928
DRB1*13:01	0.0	0.27746898	0.35498518	0.37092778
DPB1*03:01	0.0	0.0	0.2881865	0.2619239
DRB1*03:01	0.0	0.0	0.2818441	0.20859057
DRB3*01:01	0.0	0.084686644	0.28386435	0.26376414
DRB1*04:01	0.0	0.0	0.308791	0.27664363
DQA1*02:01-DQB1*04:02	0.0	0.3938695	0.28353536	0.25397068
DQA1*02:01-DQB1*04:02	0.0	0.28275174	0.28492725	0.21370943
DQA1*02:01-DQB1*04:02	0.0	0.22302397	0.28469226	0.22482185
DRB4*01:01	0.0	0.034201227	0.5070161	0.49624956
DRB1*08:01	0.0	0.5338698	0.28864902	0.23180157
DPA1*02:01-DPB1*05:01	0.0	0.0	0.28247428	0.21790616
DRB1*03:01	0.0	0.7328622	0.3245249	0.39369616
DRB1*16:01	0.0	0.02062367	0.28449327	0.25001046
DQA1*06:01-DQB1*04:02	0.0	0.084686644	0.2817622	0.23343691
DRB3*02:02	0.0	0.62158704	0.6986749	0.52862376
DRB1*01:01	0.0	0.4181334	0.42195868	0.45028344
DPA1*03:01-DPB1*04:02	0.0	0.0	0.28849107	0.24231169
DRB1*04:01	0.0	0.0037729049	0.29091388	0.23146908
DRB1*03:01	0.0	0.084686644	0.30047363	0.35241428
DRB1*04:04	0.0	0.084686644	0.28820702	0.2437511
DQA1*03:03-DQB1*04:02	0.0	0.31823853	0.2941326	0.20618206
DRB3*01:01	0.0	0.084686644	0.28314018	0.21958077
DRB4*01:01	0.0	0.5508399	0.3981212	0.4158002
DRB1*09:01	0.0	0.71431553	0.2849818	0.26088098
DRB1*08:01	0.0	0.25536886	0.28385872	0.2331776
DQA1*01:02-DQB1*06:02	0.0	0.10372393	0.28336436	0.26547012
DRB1*11:01	0.0	0.3416809	0.58569324	0.5390971
DRB1*03:01	0.0	0.36073413	0.4317312	0.48290837
DRB3*02:02	0.0	0.0	0.28736112	0.24324758
DRB1*01:01	0.0	0.5356762	0.4722372	0.43630213
DRB1*11:01	0.0	0.0	0.3438912	0.2909479
DRB1*13:02	0.0	0.084686644	0.36226028	0.34499514
DQA1*05:01-DQB1*03:02	0.0	0.36610854	0.5147411	0.47063208
DRB4*01:03	1.0	0.85125035	0.70794815	0.6324849
DRB1*15:01	0.0	0.34463447	0.31066185	0.25561526
DPA1*01:03-DPB1*02:01	0.0	0.0	0.32741445	0.30296022
DQA1*03:03-DQB1*04:02	0.0	0.32123628	0.28293693	0.22480056
DRB1*07:01	0.0	0.055857647	0.3967615	0.38264325
DRB1*08:01	0.0	0.0	0.28357235	0.27304643
DRB1*07:01	0.0	0.25102007	0.3044145	0.2611002
DRB3*01:01	0.0	0.6953878	0.6854441	0.56948733
DRB1*14:54	0.0	0.66380215	0.33414328	0.35330507
DRB1*13:01	0.0	0.66380215	0.71331716	0.5710735
DRB1*09:01	0.0	0.42692825	0.28759846	0.26543206
DRB4*01:03	0.0	0.3108496	0.39928457	0.38692978
DQA1*05:01-DQB1*02:01	0.0	0.6545521	0.28354648	0.23125497
DQA1*05:01-DQB1*04:02	0.0	0.2917223	0.2834163	0.21127605
DRB5*01:01	0.0	0.45246053	0.3914109	0.35524836
DQA1*01:02-DQB1*05:01	0.0	0.6348129	0.54457206	0.4882282
DQA1*05:01-DQB1*04:02	0.0	0.084686644	0.2820836	0.22352627
DQA1*01:03-DQB1*06:03	0.0	0.084686644	0.30120295	0.31076524
DRB1*12:01	0.0	0.0	0.30399784	0.38491964
DRB1*07:01	0.0	0.20164779	0.28739268	0.2095569
DRB1*04:01	0.0	0.084686644	0.28879884	0.24140635
DRB1*03:01	0.0	0.054617725	0.28737497	0.25277928
DRB1*01:01	0.0	0.4890618	0.5124138	0.49944806
DRB1*13:01	0.0	0.58939534	0.34814644	0.32630438
DRB3*01:01	0.0	0.45859027	0.68452	0.58919525
DRB5*01:01	0.0	0.60220397	0.5679992	0.5610163
DQA1*03:03-DQB1*04:02	0.0	0.2216714	0.30229428	0.31906384
DRB1*09:01	0.0	0.084686644	0.28431848	0.2083044
DRB1*04:05	0.0	0.2916789	0.33741087	0.35842878
DRB1*13:01	0.0	0.7969252	0.7117067	0.6477946
DRB1*11:01	1.0	0.93593705	0.3628728	0.3413226
DPB1*03:01	0.0	0.0	0.28855106	0.26757848
DRB1*13:01	1.0	0.83439964	0.7095529	0.6327003
DRB1*11:01	0.0	0.7703366	0.6842665	0.5841344
DRB1*11:01	0.0	0.7328622	0.71182054	0.6265392
DQA1*01:03-DQB1*06:03	0.0	0.2522014	0.4086931	0.35495853
DRB1*01:01	0.0	0.37593263	0.35474396	0.3132125
DQA1*05:01-DQB1*02:01	0.0	0.0	0.29134017	0.24394874
DQA1*05:01-DQB1*03:03	0.0	0.25889188	0.28778884	0.2767422
DRB1*07:01	1.0	0.8673647	0.69047135	0.58860815
DPA1*01:03-DPB1*04:01	0.0	0.0	0.28237393	0.215405
DRB1*08:02	0.0	0.084686644	0.3056052	0.30297828
DRB1*09:01	0.0	0.72312444	0.702688	0.6053007
DRB3*01:01	0.0	0.16361806	0.3636201	0.34052163
DRB3*02:02	0.0	0.0	0.6789197	0.57301724
DQA1*05:01-DQB1*04:02	0.0	0.7969252	0.30964485	0.37681228
DRB1*04:04	0.0	0.084686644	0.28359577	0.21660337
DRB1*03:01	0.0	0.084686644	0.30619857	0.2915447
DQA1*01:03-DQB1*06:03	0.0	0.42289326	0.63335425	0.54675126
DRB1*01:01	0.0	0.0	0.33113724	0.24625309
DRB1*08:02	0.0	0.0	0.28253	0.20843998
DQA1*05:01-DQB1*03:03	0.0	0.084686644	0.6800013	0.54806435
DRB1*08:02	0.0	0.121624276	0.44676328	0.41924608
DRB1*07:01	0.0	0.51360464	0.30279958	0.26140487
DRB1*01:01	0.0	0.0	0.43097776	0.4348945
DQA1*03:03-DQB1*04:02	0.0	0.41800016	0.47964153	0.45172557
DRB1*15:01	0.0	0.3211169	0.40396258	0.44402158
DRB5*01:01	1.0	1.0	0.7060704	0.6708874
DRB1*11:01	0.0	0.0	0.35417897	0.30505973
DRB1*04:05	0.0	0.0	0.282441	0.23053199
DRB1*15:01	0.0	0.0870266	0.5016597	0.46044093
DRB1*09:01	0.0	0.30596218	0.28507975	0.22314726
DRB5*01:01	0.0	0.0	0.3277449	0.24124238
DRB1*08:02	0.0	0.2898742	0.30032665	0.30883342
DRB1*10:01	0.0	0.37745675	0.28498986	0.21019883
DRB1*11:01	0.0	0.0	0.33142996	0.26330823
DQA1*01:03-DQB1*06:03	0.0	0.084686644	0.28899395	0.2638779
DRB1*13:02	0.0	0.68565	0.3207114	0.27832827
DRB5*01:01	1.0	1.0	0.5341903	0.49562496
DPA1*01:03-DPB1*04:01	0.0	0.0	0.28270456	0.21191767
DRB1*11:01	1.0	0.9509576	0.67661184	0.6069406
DRB1*07:01	0.0	0.6953878	0.6635564	0.6044251
DQA1*05:01-DQB1*04:02	0.0	0.4341388	0.69272643	0.56863946
DRB3*01:01	0.0	0.0	0.2843283	0.24024384
DRB3*01:01	0.0	0.084686644	0.28240523	0.21614914
DRB1*08:01	0.0	0.5771899	0.3150136	0.38954952
DRB1*07:01	0.0	0.37582475	0.691334	0.62565917
DRB1*09:01	0.0	0.24588338	0.2819772	0.21377414
DRB1*13:01	0.0	0.4128688	0.30743074	0.2633039
DRB1*03:01	0.0	0.0	0.30440077	0.26313204
DQA1*05:01-DQB1*04:02	0.0	0.49307677	0.6556919	0.4708457
DRB1*11:01	0.0	0.084686644	0.33605787	0.2882897
DRB3*01:01	0.0	0.084686644	0.28341553	0.21982998
DRB1*13:02	0.0	0.12221887	0.31319892	0.22720219
DRB5*01:01	0.0	0.3879046	0.35683447	0.29983568
DRB1*04:05	0.0	0.6348129	0.29012415	0.32301152
DQA1*02:01-DQB1*04:02	0.0	0.20353438	0.2928397	0.20557642
DRB4*01:03	0.0	0.7629388	0.5412591	0.5198512
DQA1*01:02-DQB1*05:01	0.0	0.61707765	0.3231322	0.32012793
DRB3*01:01	0.0	0.3885212	0.3401195	0.30469584
DRB4*01:03	0.0	0.55228406	0.36258236	0.33557254
DRB1*14:54	0.0	0.30858174	0.3132115	0.27025396
DRB1*03:01	0.0	0.0	0.2940867	0.28617886
DRB1*03:01	0.0	0.0	0.28523162	0.23925246
DRB1*14:54	0.0	0.43598118	0.34553653	0.3317093
DPA1*01:03-DPB1*04:01	0.0	0.0	0.28223434	0.21840647
DRB1*09:01	0.0	0.71861506	0.28342897	0.21985783
DQA1*01:01-DQB1*05:01	0.0	0.0	0.3946049	0.31691715
DQA1*01:03-DQB1*06:03	0.0	0.084686644	0.28117555	0.2076501
DRB1*04:01	0.0	0.7629388	0.53895444	0.52607554
DQA1*06:01-DQB1*04:02	0.0	0.4286311	0.30519125	0.3701489
DRB1*04:01	0.0	0.098004974	0.28519627	0.22739199
DRB5*01:01	0.0	0.084686644	0.31830207	0.22493383
DRB1*01:01	0.0	0.084686644	0.5233183	0.44968343
DRB1*09:01	0.0	0.4969936	0.3240778	0.3207782
DRB3*02:02	0.0	0.084686644	0.29052818	0.2636115
DQA1*02:01-DQB1*03:03	0.0	0.084686644	0.28294498	0.2365327
DRB3*03:01	0.0	0.5707499	0.60683507	0.5900206
DRB1*11:04	0.0	0.13423881	0.2820622	0.2358486
DRB1*04:05	0.0	0.084686644	0.6967117	0.5604217
DRB3*03:01	0.0	0.6231404	0.37137464	0.35053256
DRB3*02:02	0.0	0.46658415	0.28220695	0.20706205
DPA1*03:01-DPB1*04:02	0.0	0.24418075	0.28712806	0.22692208
DRB1*13:02	0.0	0.60473627	0.7114691	0.6548633
DRB1*03:01	0.0	0.084686644	0.2839549	0.20486741
DPA1*01:03-DPB1*04:01	0.0	0.0	0.28412506	0.2349555
DRB1*04:05	0.0	0.41531616	0.28265703	0.23728797
DRB1*04:05	0.0	0.35266936	0.28897342	0.26852965
DQA1*05:01-DQB1*03:02	0.0	0.3888931	0.28446674	0.2549115
DRB1*03:01	0.0	0.0	0.28259158	0.21000995
DRB1*03:01	0.0	0.0	0.283581	0.22650942
DQA1*05:01-DQB1*04:02	0.0	0.69887584	0.28823775	0.26919416
DRB1*08:01	0.0	0.40574387	0.2882393	0.21069445
DRB1*15:01	0.0	0.6687992	0.71145135	0.618022
DQA1*05:01-DQB1*03:03	0.0	0.5369004	0.28421822	0.2084154
DQA1*01:01-DQB1*05:01	0.0	0.23170161	0.5836527	0.49960217
DRB1*08:02	0.0	0.48020953	0.46911168	0.4879756
DRB3*03:01	0.0	0.5716429	0.37419862	0.37441307
DRB1*09:01	0.0	0.44930252	0.28416365	0.22832644
DQA1*05:01-DQB1*03:03	0.0	0.55012625	0.6880863	0.5720691
DQA1*06:01-DQB1*04:02	0.0	0.20013675	0.34170958	0.30633217
DQA1*02:01-DQB1*03:03	0.0	0.51603055	0.28722277	0.26733142
DQA1*03:03-DQB1*04:02	0.0	0.36314693	0.37090254	0.35700583
DRB1*15:01	0.0	0.49072915	0.51830477	0.5378268
DRB1*01:01	0.0	0.0	0.34913972	0.30173928
DRB1*08:01	0.0	0.5552419	0.31356958	0.26572168
DRB3*01:01	0.0	0.084686644	0.29087225	0.27820018
DRB1*08:02	0.0	0.3436394	0.52394044	0.51985776
DRB1*13:01	0.0	0.70250076	0.40089086	0.42003953
DRB1*09:01	0.0	0.59048915	0.29502246	0.27013558
DRB1*01:01	0.0	0.5841126	0.41766727	0.4449097
DRB1*03:01	0.0	0.0	0.5800963	0.45264998
DQA1*05:01-DQB1*03:02	0.0	0.3914116	0.3048511	0.36905798
DRB1*04:04	0.0	0.39747867	0.28972268	0.26188356
DRB3*01:01	0.0	0.0	0.28312248	0.22292683
DQA1*05:01-DQB1*03:03	0.0	0.33066258	0.28136513	0.22273737
DRB1*14:54	0.0	0.084686644	0.3246923	0.3148097
DRB1*07:01	0.0	0.3018516	0.3149081	0.31532106
DRB1*08:01	0.0	0.31823853	0.293558	0.20712844
DRB5*01:01	0.0	0.0	0.35390592	0.2659407
DRB1*04:04	1.0	0.87187403	0.68793184	0.5483653
DRB1*04:05	0.0	0.49346107	0.2868815	0.28180486
DRB3*02:02	0.0	0.0	0.30147043	0.26251984
DRB1*01:01	1.0	1.0	0.3746289	0.39004344
DRB1*04:04	0.0	0.5949985	0.32833502	0.35323715
DRB3*03:01	0.0	0.084686644	0.40979493	0.4387959
DRB1*08:01	0.0	0.3364644	0.51532125	0.40587485
DRB3*03:01	0.0	0.41384	0.35167813	0.2944402
DRB1*08:01	0.0	0.55155915	0.56376827	0.48866314
DQA1*03:03-DQB1*04:02	0.0	0.57345515	0.3781714	0.42916828
DRB1*13:01	0.0	0.15679823	0.3598913	0.2377348
DRB1*04:01	0.0	0.0	0.28780255	0.24811672
DQA1*03:03-DQB1*04:02	0.0	0.4657244	0.2844008	0.2216665
DQA1*03:01-DQB1*02:01	0.0	0.13189885	0.62540466	0.5590898
DRB1*04:01	0.0	0.48606324	0.5550577	0.5325943
DRB1*13:01	0.0	0.084686644	0.31469288	0.27028
DRB1*10:01	0.0	0.050805576	0.2831834	0.21785669
DRB1*08:02	0.0	0.396935	0.7107043	0.6476204
DRB1*04:01	0.0	0.36193264	0.32465184	0.40807998
DRB1*07:01	0.0	0.42076442	0.71336424	0.6312245
DRB1*04:05	0.0	0.0	0.28215584	0.23121484
DRB1*09:01	0.0	0.55155915	0.3035461	0.29468954
DRB4*01:03	0.0	0.7560895	0.41851714	0.422232
DRB1*03:01	0.0	0.022058064	0.2831009	0.22710177
DRB1*08:02	0.0	0.084686644	0.47166738	0.45554817
DRB1*11:01	0.0	0.55829746	0.36297	0.3736991
DQA1*03:01-DQB1*03:02	0.0	0.19376987	0.3785358	0.31434602
DRB1*13:01	0.0	0.68565	0.33257952	0.3251862
DRB1*03:01	0.0	0.29749924	0.7009566	0.59512275
DQA1*06:01-DQB1*04:02	0.0	0.27870506	0.28194353	0.21838272
DRB1*01:01	1.0	0.9565607	0.3775052	0.36645305
DRB5*01:01	0.0	0.36886767	0.37983674	0.39318585
DRB1*14:54	0.0	0.72312444	0.3148363	0.29867026
DRB1*04:01	0.0	0.0	0.6599021	0.5748745
DRB1*13:01	1.0	0.93593705	0.70624197	0.63342106
DQA1*03:01-DQB1*03:01	0.0	0.25215423	0.32110068	0.28175193
DRB4*01:01	0.0	0.0	0.2852011	0.22985043
DRB1*07:01	0.0	0.23732959	0.69581205	0.6078242
DRB1*08:02	0.0	0.084686644	0.5002035	0.55996454
DQB1*02:01	0.0	0.0	0.2874888	0.23146963
DRB1*03:01	0.0	0.0	0.39083493	0.36003014
DRB1*04:05	0.0	0.0	0.28258324	0.21508852
DRB1*03:01	0.0	0.084686644	0.28754592	0.25684416
DRB3*01:01	0.0	0.7629388	0.289626	0.2620029
DRB1*04:04	0.0	0.0	0.32643765	0.3270383
DRB1*07:01	0.0	0.0	0.47117588	0.36494443
DRB1*04:01	0.0	0.74971294	0.6295675	0.5712062
DRB1*04:01	0.0	0.70250076	0.2849049	0.22313955
DRB1*03:01	0.0	0.084686644	0.5073212	0.40607813
DRB4*01:03	0.0	0.71020716	0.7066609	0.635
DRB1*03:01	0.0	0.0	0.28410155	0.22319336
DPA1*01:03-DPB1*02:01	0.0	0.5647295	0.32112604	0.35662067
DQA1*01:01-DQB1*05:01	0.0	0.0	0.28546655	0.25195107
DRB1*03:01	0.0	0.0	0.28292716	0.20722596
DRB1*13:01	0.0	0.0	0.34761968	0.33170068
DRB1*11:01	0.0	0.7560895	0.38052788	0.2768733
DRB1*11:01	0.0	0.02062367	0.34086946	0.29495144
DRB1*11:01	0.0	0.43095148	0.3564487	0.32769716
DRB1*08:02	0.0	0.7062737	0.4785351	0.5312733
DRB1*12:01	0.0	0.0	0.28313422	0.21362787
DRB1*08:01	0.0	0.5075799	0.28495523	0.22110248
DRB1*14:54	0.0	0.7703366	0.3053243	0.26076967
DRB1*04:05	0.0	0.17468733	0.28373212	0.25619724
DRB1*09:01	0.0	0.15556623	0.29065254	0.20312864
DRB1*01:01	0.0	0.55675703	0.40525475	0.4713897
DQA1*05:01-DQB1*03:02	0.0	0.41954488	0.45957664	0.39050502
DRB1*12:01	0.0	0.2384205	0.6610744	0.513667
DRB4*01:03	0.0	0.2323338	0.3103446	0.2336036
DRB5*01:01	0.0	0.084686644	0.34211847	0.2706618
DQA1*01:02-DQB1*05:01	0.0	0.084686644	0.51102334	0.42878643
DRB1*08:02	0.0	0.0	0.28296936	0.21810584
DRB4*01:03	0.0	0.4460181	0.33295178	0.29382217
DQA1*02:01-DQB1*04:02	0.0	0.71861506	0.28263268	0.22462128
DRB1*03:01	0.0	0.0	0.28230613	0.20970868
DQA1*05:01-DQB1*04:02	0.0	0.43393633	0.28739703	0.28017038
DRB1*11:01	0.0	0.29749924	0.3851448	0.41103274
DRB1*04:05	0.0	0.14337294	0.2826897	0.23186903
DRB4*01:03	0.0	0.38092372	0.34370783	0.33146223
DQA1*05:01-DQB1*03:02	0.0	0.39243856	0.28273183	0.24040684
DQB1*04:02	0.0	0.0	0.30556345	0.28452677
DRB1*11:01	0.0	0.591596	0.36779147	0.34711534
DRB1*10:01	0.0	0.03576934	0.62083656	0.5277717
DRB1*04:01	0.0	0.18729308	0.28456822	0.22375664
DRB3*02:02	0.0	0.36679062	0.2853402	0.23909159
DQA1*02:01-DQB1*03:03	0.0	0.40574387	0.28926763	0.20844124
DRB1*09:01	0.0	0.33192822	0.29083642	0.2043973
DRB1*07:01	1.0	0.9283971	0.5329796	0.4238103
DRB5*01:01	0.0	0.084686644	0.34800273	0.2966841
DRB5*01:01	0.0	0.084686644	0.34322307	0.2794245
DRB1*14:54	1.0	0.83439964	0.42501256	0.4540259
DRB1*08:02	0.0	0.4190271	0.5344204	0.5180048
DRB1*04:05	0.0	0.35266936	0.28241074	0.2257852
DRB1*04:01	0.0	0.0	0.28280813	0.2073959
DRB1*11:01	1.0	0.85502326	0.5803813	0.51763433
DRB1*08:02	0.0	0.49901608	0.28996438	0.2764782
DQA1*05:01-DQB1*03:02	0.0	0.36221147	0.68538857	0.56515586
DRB1*11:01	0.0	0.5089358	0.36043197	0.3352623
DRB1*03:01	0.0	0.33444378	0.34705803	0.34073994
DRB3*01:01	0.0	0.16882041	0.28355616	0.2564097
DRB1*01:01	0.0	0.34665728	0.71369165	0.6643884
DRB1*01:01	0.0	0.26470065	0.41218567	0.4188615
DQA1*02:01-DQB1*04:02	0.0	0.30253226	0.29452214	0.25894684
DRB1*04:01	1.0	1.0	0.711111	0.62476856
DQA1*02:01-DQB1*04:02	0.0	0.18576309	0.2859986	0.21883695
DQA1*01:03-DQB1*06:03	0.0	0.084686644	0.28867352	0.2654143
DRB1*11:01	0.0	0.084686644	0.702183	0.6602026
DRB1*13:01	0.0	0.6384378	0.35651797	0.35334525
DRB5*01:01	0.0	0.4067933	0.3758324	0.36254227
DRB1*03:01	0.0	0.38183996	0.294964	0.2565609
DRB3*02:02	0.0	0.0	0.28335932	0.21221456
DQA1*05:01-DQB1*04:02	0.0	0.084686644	0.28468776	0.25210217
DRB1*15:01	0.0	0.0	0.30438256	0.24774279
DRB1*08:01	0.0	0.084686644	0.29485118	0.20675455
DRB1*01:01	0.0	0.0	0.30789813	0.21292928
DRB1*04:04	0.0	0.19269308	0.46172476	0.4612169
DPB1*01:01	0.0	0.29749924	0.33744243	0.35374007
DQA1*03:03-DQB1*04:02	0.0	0.084686644	0.29107323	0.20806673
DQA1*06:01-DQB1*04:02	0.0	0.5210823	0.28270736	0.24612305
DQA1*02:01-DQB1*03:03	0.0	0.084686644	0.28491938	0.21986389
DPA1*03:01-DPB1*04:02	0.0	0.0	0.28825808	0.22993164
DRB1*04:01	0.0	0.3262699	0.34541416	0.40050426
DRB1*11:01	0.0	0.58618957	0.37737626	0.37619284
DRB3*02:02	0.0	0.084686644	0.29670492	0.27054667
DRB1*08:01	0.0	0.69887584	0.6774446	0.580071
DRB1*07:01	0.0	0.7278651	0.71211386	0.6208528
DRB1*08:01	0.0	0.27639621	0.2847664	0.22014098
DRB1*07:01	0.0	0.24121805	0.3106109	0.28526762
DQA1*01:03-DQB1*06:03	0.0	0.2235	0.7059451	0.5911535
DRB1*04:05	0.0	0.36000422	0.33727062	0.3105025
DRB1*13:01	0.0	0.32159546	0.32775697	0.3172173
DRB1*04:01	0.0	0.64221066	0.52675337	0.52333367
DRB1*01:01	0.0	0.40954784	0.4635794	0.4948641
DRB3*02:02	1.0	0.93593705	0.70892745	0.59952486
DRB1*04:04	0.0	0.31823853	0.29424953	0.25911555
DRB3*01:01	0.0	0.36156222	0.28167975	0.23837125
DRB1*03:01	0.0	0.0	0.309361	0.24601719
DQA1*05:01-DQB1*03:02	0.0	0.29648814	0.4899581	0.4676665
DRB1*07:01	0.0	0.29603216	0.30069256	0.24076875
DRB3*01:01	0.0	0.084686644	0.2855834	0.20844315
DQA1*05:01-DQB1*03:03	0.0	0.084686644	0.2819378	0.22047442
DRB1*14:54	0.0	0.738145	0.46496445	0.5285541
DPB1*04:02	0.0	0.0	0.2831596	0.21582635
DRB3*02:02	0.0	0.576242	0.69411063	0.6231251
DRB1*04:05	0.0	0.36156222	0.28179112	0.239931
DRB3*02:02	0.0	0.084686644	0.2836995	0.21208353
DRB1*01:01	0.0	0.0	0.32256973	0.23591322
DQA1*01:02-DQB1*05:01	0.0	0.62158704	0.3201051	0.3147303
DRB1*04:04	1.0	0.93593705	0.70822144	0.6283367
DRB1*01:01	0.0	0.49043053	0.71498525	0.6541495
DQA1*05:01-DQB1*04:02	0.0	0.4293981	0.31433985	0.2394923
DRB1*08:01	0.0	0.69202656	0.28294194	0.25752056
DRB3*02:02	0.0	0.53446805	0.41921803	0.41237903
DRB1*13:02	0.0	0.28579542	0.3249636	0.30895066
DRB1*13:02	1.0	0.86098814	0.6932521	0.59328943
DQA1*05:01-DQB1*03:02	0.0	0.48360783	0.6901588	0.57841575
DRB3*02:02	0.0	0.084686644	0.28595346	0.24795435
DRB1*07:01	0.0	0.38476312	0.57257134	0.5494583
DQA1*01:02-DQB1*05:01	0.0	0.6687992	0.4085807	0.44292694
DRB4*01:03	1.0	0.8201525	0.4843769	0.52789164
DRB1*07:01	0.0	0.09113089	0.33345577	0.3369289
DQA1*05:01-DQB1*03:02	0.0	0.39001796	0.2820548	0.22298416
DRB1*13:02	0.0	0.06663071	0.3508053	0.3799557
DRB3*01:01	0.0	0.18753181	0.28453335	0.20960812
DRB1*04:01	0.0	0.22981136	0.31506133	0.33495212
DRB1*15:01	0.0	0.16812253	0.3652436	0.41990808
DQA1*06:01-DQB1*04:02	0.0	0.32016712	0.2836203	0.26207048
DRB3*01:01	0.0	0.1762546	0.28390047	0.23377667
DQA1*02:01-DQB1*03:03	0.0	0.54527897	0.28811532	0.29257327
DRB1*07:01	1.0	0.8201525	0.71279275	0.66641057
DRB5*01:01	0.0	0.084686644	0.35157302	0.3049205
DRB3*01:01	0.0	0.084686644	0.28291065	0.23725814
DRB1*13:01	0.0	0.363241	0.4068752	0.37262642
DPA1*02:01-DPB1*05:01	0.0	0.0	0.28274143	0.21202767
DQA1*05:01-DQB1*04:02	0.0	0.5689894	0.32967654	0.3597416
DRB1*15:01	0.0	0.3869266	0.33607492	0.32421392
DRB1*11:01	0.0	0.29749924	0.5023286	0.49312335
DQA1*05:01-DQB1*02:01	0.0	0.19461612	0.31779325	0.40390578
DRB1*03:01	0.0	0.084686644	0.6275193	0.50186485
DRB1*03:01	0.0	0.3690679	0.28676793	0.24102163
DRB1*01:01	0.0	0.0	0.3506677	0.30707693
DRB1*07:01	0.0	0.29557845	0.2924207	0.2152765
DQB1*03:01	0.0	0.0792838	0.28569293	0.28318208
DPA1*02:01-DPB1*05:01	0.0	0.0	0.28726912	0.26638526
DRB3*03:01	0.0	0.5165235	0.36542666	0.3283249
DQA1*03:01-DQB1*03:02	0.0	0.0	0.28240678	0.21465084
DRB1*08:01	0.0	0.37658277	0.28700486	0.21113965
DRB1*14:54	0.0	0.084686644	0.3098141	0.27045184
DRB1*09:01	0.0	0.3189352	0.28234732	0.21334995
DRB4*01:01	0.0	0.3410125	0.6972068	0.5769179
DRB3*02:02	0.0	0.72312444	0.7087881	0.6235113
DRB1*01:01	0.0	0.54131734	0.510403	0.4945029
DQA1*06:01-DQB1*04:02	0.0	0.23334388	0.28273052	0.22157876
DRB4*01:01	0.0	0.0	0.29548323	0.22551274
DRB1*15:01	0.0	0.4728374	0.711667	0.6474873
DRB4*01:03	0.0	0.084686644	0.37956896	0.35871866
DRB1*13:02	1.0	0.9456748	0.71268266	0.6481725
DRB1*13:01	0.0	0.5010838	0.34598723	0.36295927
DQA1*05:01-DQB1*03:02	0.0	0.26350933	0.28620762	0.27451408
DRB1*11:01	0.0	0.02062367	0.3300835	0.2692715
DRB1*09:01	0.0	0.104579605	0.28785828	0.26450443
DQA1*01:03-DQB1*06:03	0.0	0.084686644	0.30125305	0.27739197
DRB1*14:54	0.0	0.5689894	0.36549816	0.30742443
DRB1*04:01	0.0	0.4067933	0.6974167	0.5832613
DQA1*05:01-DQB1*04:02	0.0	0.084686644	0.28330243	0.24440251
DRB1*07:01	0.0	0.502347	0.30853525	0.27544916
DRB5*01:01	0.0	0.30112785	0.33029065	0.25099385
DRB1*04:04	0.0	0.65237737	0.29846457	0.29829893
DRB5*01:01	0.0	0.0	0.3575833	0.30260387
DRB4*01:01	0.0	0.084686644	0.282622	0.22400276
DQA1*01:03-DQB1*06:03	0.0	0.32046288	0.31117937	0.30916244
DRB1*04:01	0.0	0.44671214	0.2862111	0.23471242
DPA1*01:03-DPB1*02:01	0.0	0.44532922	0.34899575	0.4194198
DRB1*08:02	0.0	0.05359866	0.3821041	0.31771028
DRB1*07:01	0.0	0.14874962	0.28582448	0.2074217
DRB5*01:01	0.0	0.54527897	0.37131852	0.3799686
DQA1*02:01-DQB1*03:01	0.0	0.5938504	0.58864456	0.5081365
DRB1*04:01	0.0	0.43293062	0.29319304	0.28122467
DRB1*15:01	0.0	0.6461442	0.32289377	0.28069592
DRB1*11:01	0.0	0.084686644	0.3283263	0.26047593
DQA1*01:03-DQB1*06:03	0.0	0.084686644	0.28228274	0.21677914
DRB1*15:01	0.0	0.0	0.30431122	0.23303853
DRB1*04:01	0.0	0.0	0.28430262	0.21973188
DRB1*03:01	0.0	0.40544623	0.28447607	0.24003822
DQA1*01:02-DQB1*06:02	0.0	0.0	0.29630458	0.25347677
DRB3*03:01	0.0	0.30376035	0.38091734	0.32216522
DPA1*03:01-DPB1*04:02	0.0	0.0	0.2872719	0.22372337
DRB1*04:04	0.0	0.7948938	0.64092165	0.58582693
DRB1*08:02	0.0	0.3985757	0.70381594	0.5734778
DRB1*14:54	0.0	0.5508399	0.7101168	0.58987147
DQA1*05:01-DQB1*03:02	0.0	0.43849626	0.28951028	0.24756353
DRB3*01:01	0.0	0.02062367	0.3527375	0.3562402
DQA1*03:03-DQB1*04:02	0.0	0.319344	0.28925636	0.25141835
DQA1*05:01-DQB1*04:02	0.0	0.084686644	0.2830851	0.21207032
DRB1*09:01	0.0	0.28200623	0.49816	0.50674444
DRB1*13:02	0.0	0.0	0.3365431	0.3555162
DRB1*11:01	0.0	0.16564846	0.35859296	0.3690142
DRB1*04:04	0.0	0.0	0.2827485	0.21083033
DRB1*08:01	0.0	0.35241786	0.286407	0.261479
DQA1*05:01-DQB1*03:03	0.0	0.47010547	0.30356362	0.2842501
DRB1*03:01	0.0	0.0	0.28825828	0.27620003
DRB1*03:01	0.0	0.084686644	0.6999189	0.6221925
DRB1*04:01	0.0	0.0	0.28494307	0.21881483
DRB1*08:01	0.0	0.084686644	0.29105562	0.21229646
DQA1*05:01-DQB1*03:03	0.0	0.44835213	0.2823873	0.22161329
DRB1*03:01	0.0	0.51902837	0.28666642	0.25948066
DQA1*05:01-DQB1*03:02	0.0	0.084686644	0.28231978	0.20947039
DRB1*07:01	0.0	0.3673793	0.3150349	0.30269104
DRB4*01:01	0.0	0.3030706	0.2830396	0.23409143
DRB1*13:01	0.0	0.2717696	0.31670165	0.27451056
DQA1*05:01-DQB1*03:02	0.0	0.084686644	0.28662658	0.2711281
DRB1*04:04	0.0	0.29800898	0.3109868	0.29112184
DRB5*01:01	0.0	0.25619277	0.38898754	0.28006598
DQA1*05:01-DQB1*03:03	0.0	0.20328394	0.2825018	0.24985108
DRB1*04:01	1.0	0.8924977	0.7104882	0.58915275
DRB1*07:01	0.0	0.110172704	0.6191076	0.5715356
DRB3*03:01	0.0	0.3874143	0.41090164	0.3495891
DQA1*05:01-DQB1*04:02	0.0	0.30821776	0.28286088	0.2443668
DQA1*05:01-DQB1*03:02	0.0	0.28843865	0.2822172	0.23416011
DRB1*11:01	0.0	0.084686644	0.33713737	0.28962
DRB1*09:01	0.0	0.2935638	0.28283474	0.22087824
DRB4*01:01	0.0	0.25786293	0.31666788	0.3696915
DRB1*04:01	0.0	0.0	0.30173633	0.3127908
DRB1*15:01	0.0	0.5432769	0.71349007	0.6243357
DRB1*15:01	0.0	0.36156222	0.3287624	0.3136717
DQA1*06:01-DQB1*04:02	0.0	0.084686644	0.30971733	0.23561196
DRB1*08:01	0.0	0.16581506	0.29149023	0.2089532
DQA1*05:01-DQB1*04:02	0.0	0.2611718	0.2832811	0.21099056
DRB1*04:01	0.0	0.0	0.28269172	0.20924868
DQA1*03:03-DQB1*04:02	0.0	0.084686644	0.29244953	0.20605116
DQA1*06:01-DQB1*04:02	0.0	0.084686644	0.31660038	0.28288433
DPA1*01:03-DPB1*02:01	0.0	0.0	0.36315426	0.30996668
DRB1*08:01	0.0	0.037844874	0.2838221	0.21436219
DRB1*11:01	0.0	0.6796851	0.71185654	0.63864374
DQA1*03:01-DQB1*03:02	0.0	0.27515414	0.28384972	0.22636043
DRB1*03:01	0.0	0.16995275	0.29267737	0.26790392
DRB1*03:02	0.0	0.0	0.28244773	0.20636375
DQA1*02:01-DQB1*04:02	0.0	0.2205592	0.2852678	0.21567973
DQA1*03:03-DQB1*04:02	0.0	0.32316813	0.30299163	0.19970912
DRB1*07:01	0.0	0.6348129	0.41323346	0.4231341
DRB1*13:01	0.0	0.7560895	0.43975785	0.44533277
DQA1*05:01-DQB1*02:01	0.0	0.30915663	0.33460346	0.36654544
DRB1*04:05	0.0	0.591596	0.29696158	0.28711423
DRB3*01:01	0.0	0.59271634	0.3051048	0.26511127
DRB1*07:01	0.0	0.3896415	0.30281678	0.26011938
DRB1*08:01	0.0	0.44555828	0.2840442	0.22257052
DRB3*02:02	0.0	0.0	0.28399038	0.20513909
DRB1*15:01	0.0	0.60096335	0.34777048	0.3225863
DQA1*05:01-DQB1*03:03	0.0	0.27702355	0.28252602	0.23143843
DRB1*15:01	0.0	0.0	0.33816797	0.32645237
DRB1*04:04	0.0	0.44954166	0.29079497	0.2590377
DRB1*11:01	0.0	0.02062367	0.3261422	0.24720353
DRB1*04:01	1.0	1.0	0.7026203	0.6110464
DRB5*01:01	1.0	0.85125035	0.7090049	0.6440548
DRB1*08:02	0.0	0.0	0.28293553	0.21110614
DQB1*03:01	0.0	0.0	0.283107	0.24187702
DRB1*09:01	0.0	0.29749924	0.50769985	0.46349964
DRB1*11:01	0.0	0.17649136	0.350454	0.2974457
DRB1*07:01	0.0	0.39612544	0.31225508	0.29761776
DRB1*04:01	0.0	0.20079987	0.28489122	0.225487
DRB1*03:01	0.0	0.0	0.2837461	0.2072419
DRB1*11:01	0.0	0.084686644	0.32425168	0.24548458
DQA1*01:01-DQB1*05:01	0.0	0.0	0.2840828	0.22575977
DRB5*01:01	0.0	0.19405612	0.35597864	0.31043613
DQA1*02:01-DQB1*03:03	0.0	0.4798765	0.28341442	0.2669829
DRB1*04:01	0.0	0.0	0.41289258	0.3534305
DRB1*11:01	0.0	0.14955722	0.34173247	0.28925812
DQA1*01:01-DQB1*05:01	0.0	0.0	0.28314784	0.23858264
DRB1*01:01	0.0	0.55610204	0.46458077	0.47988576
DQA1*05:01-DQB1*02:01	0.0	0.4969936	0.6959156	0.5843963
DRB1*11:01	0.0	0.14420506	0.3755288	0.34855258
DQA1*03:03-DQB1*04:02	0.0	0.084686644	0.28341478	0.24906395
DRB1*11:01	0.0	0.0	0.32745007	0.25445086
DRB1*13:01	0.0	0.16315246	0.71091104	0.6414535
DRB1*07:01	0.0	0.5508399	0.6655348	0.5941392
DRB1*13:01	0.0	0.5237156	0.3464089	0.34934548
DQA1*03:01-DQB1*03:02	0.0	0.45780146	0.68157655	0.5834662
DRB1*09:01	0.0	0.16268918	0.28226495	0.21332179
DRB1*04:01	0.0	0.0	0.29577374	0.27755475
DRB1*09:01	0.0	0.33632362	0.28336617	0.25846857
DQA1*01:02-DQB1*05:01	0.0	0.21424699	0.29821098	0.26093897
DRB1*13:01	0.0	0.6348129	0.3717616	0.3737043
DRB1*11:01	0.0	0.51031184	0.36586735	0.33391446
DRB1*07:01	0.0	0.45270798	0.32714534	0.31427658
DQA1*03:03-DQB1*04:02	0.0	0.29927218	0.28928298	0.2129455
DPB1*14:01	0.0	0.0	0.3149328	0.29810834
DQA1*03:01-DQB1*03:01	0.0	0.084686644	0.3081326	0.25513175
DQA1*01:02-DQB1*05:01	0.0	0.26877517	0.29109374	0.23111199
DRB1*04:01	0.0	0.0	0.2826424	0.20663245
DQA1*05:01-DQB1*03:03	0.0	0.20491563	0.2865781	0.25270605
DRB1*08:01	0.0	0.6567793	0.647265	0.5204114
DPA1*01:03-DPB1*02:01	0.0	0.0	0.37567708	0.32778397
DPA1*02:01-DPB1*05:01	0.0	0.0	0.28220767	0.21252775
DQA1*05:01-DQB1*02:01	0.0	0.5237156	0.3703858	0.30653277
DRB3*01:01	0.0	0.17505516	0.4945895	0.41800764
DRB1*11:01	0.0	0.49501443	0.34726268	0.32202506
DRB1*11:01	0.0	0.30770028	0.3603084	0.34774712
DQA1*01:02-DQB1*05:01	0.0	0.22265312	0.287635	0.21720201
DQA1*05:01-DQB1*04:02	0.0	0.084686644	0.282376	0.22898245
DQA1*06:01-DQB1*04:02	0.0	0.084686644	0.2821929	0.22183198
DQA1*03:03-DQB1*04:02	0.0	0.084686644	0.28268418	0.2534141
DQB1*02:01	0.0	0.36156222	0.34405938	0.36045346
DQA1*05:01-DQB1*03:03	0.0	0.3505942	0.3014415	0.35818195
DRB1*08:01	0.0	0.084686644	0.29755965	0.2061178
DRB3*02:02	0.0	0.71020716	0.422232	0.3793758
DRB3*03:01	0.0	0.25458127	0.3519662	0.305992
DQB1*03:02	0.0	0.34394446	0.2935834	0.29279286
DRB1*11:01	1.0	0.9911911	0.70998085	0.6977192
DQA1*05:01-DQB1*03:03	0.0	0.53446805	0.28370485	0.25627536
DRB1*04:04	0.0	0.43786103	0.42951405	0.4910289
DRB4*01:01	0.0	0.0	0.33671975	0.28660145
DRB1*09:01	0.0	0.33348387	0.69337827	0.5368609
DRB1*09:01	0.0	0.77837855	0.48643062	0.5096494
DQB1*03:01	0.0	0.43373433	0.2835732	0.21235487
DQA1*05:01-DQB1*03:03	0.0	0.3319953	0.2816039	0.23020367
DQA1*05:01-DQB1*03:03	0.0	0.39347702	0.28198904	0.2374165
DQA1*01:02-DQB1*05:01	0.0	0.32171547	0.35757008	0.31875044
DRB5*01:01	0.0	0.74971294	0.369003	0.34377167
DRB1*09:01	0.0	0.60473627	0.28227836	0.21610014
DRB1*03:01	0.0	0.62158704	0.29060763	0.29025143
DRB1*01:01	0.0	0.3366054	0.3991004	0.40942758
DRB1*01:01	0.0	0.0	0.3526204	0.30939776
DRB1*11:01	0.0	0.42415813	0.34819964	0.32731944
DRB1*11:01	0.0	0.7437481	0.35736144	0.34353712
DRB1*11:01	0.0	0.40286735	0.37098506	0.37328714
DRB3*02:02	0.0	0.084686644	0.30008686	0.24868695
DRB3*02:02	0.0	0.084686644	0.28447887	0.22616453
DRB1*08:01	0.0	0.3444807	0.30963373	0.3292736
DQA1*01:02-DQB1*05:01	0.0	0.43765026	0.3119042	0.3098647
DRB1*11:01	1.0	0.8375329	0.6776216	0.6472126
DQA1*05:01-DQB1*03:02	0.0	0.084686644	0.2818572	0.21145022
DRB1*08:02	0.0	0.084686644	0.28524223	0.24146163
DQA1*02:01-DQB1*03:03	0.0	0.6073399	0.38883388	0.3498962
DQA1*01:03-DQB1*06:03	0.0	0.41079894	0.2997383	0.30951265
DRB1*03:01	1.0	0.8078111	0.318198	0.38531998
DQA1*02:01-DQB1*03:01	0.0	0.674082	0.28818172	0.23189293
DPA1*02:01-DPB1*01:01	0.0	0.0	0.29054374	0.23490958
DRB1*15:01	0.0	0.31794977	0.7083304	0.6252285
DRB5*01:01	0.0	0.084686644	0.38012463	0.3814117
DQA1*06:01-DQB1*04:02	0.0	0.4370208	0.28793764	0.30000186
DRB1*01:01	0.0	0.0	0.405968	0.3842935
DRB3*01:01	0.0	0.124878615	0.5971302	0.5421666
DRB3*02:02	0.0	0.084686644	0.28846508	0.2558557
DRB3*02:02	0.0	0.40166143	0.287638	0.23734733
DRB1*12:01	0.0	0.17932954	0.6432604	0.49282172
DRB1*12:01	0.0	0.4190271	0.28391102	0.27336264
DRB3*01:01	0.0	0.2478607	0.37946182	0.35077202
DQA1*02:01-DQB1*03:01	0.0	0.084686644	0.71238315	0.64332104
DRB1*04:01	0.0	0.20233838	0.28960362	0.23958409
DRB1*13:02	0.0	0.02062367	0.57168436	0.5291854
DRB1*04:01	0.0	0.6614014	0.29335785	0.26636708
DRB4*01:01	0.0	0.084686644	0.29162386	0.32677627
DRB1*03:01	0.0	0.47252983	0.68504566	0.5387974
DQA1*01:01-DQB1*05:01	0.0	0.0	0.2839159	0.23730406
DRB1*15:01	0.0	0.0	0.31233913	0.25366044
DQA1*02:01-DQB1*03:03	0.0	0.4003866	0.4198474	0.43251032
DQA1*03:03-DQB1*04:02	0.0	0.49269408	0.28634587	0.26488915
DQA1*05:01-DQB1*03:02	0.0	0.48189306	0.30694726	0.33259153
DRB4*01:03	0.0	0.084686644	0.3003561	0.21743947
DRB1*08:01	0.0	0.26135913	0.2889655	0.21161409
DRB4*01:01	0.0	0.5781477	0.31695524	0.36303604
DQA1*05:01-DQB1*04:02	0.0	0.5387676	0.6974599	0.5882844
DRB4*01:01	0.0	0.0	0.2851669	0.2626642
DRB4*01:03	0.0	0.084686644	0.32482898	0.26157895
DRB1*09:01	0.0	0.61138827	0.49233854	0.41348448
DRB1*13:01	0.0	0.321956	0.29281327	0.2153883
DRB1*13:01	0.0	0.33910832	0.30357736	0.25100207
DRB1*13:01	0.0	0.34280574	0.3220863	0.27163157
DRB1*14:54	0.0	0.5432769	0.3264747	0.33945686
DPA1*02:01-DPB1*05:01	0.0	0.0	0.28267562	0.20979254
DRB1*08:01	0.0	0.084686644	0.28363326	0.21694624
DQA1*02:01-DQB1*03:03	0.0	0.3260808	0.28574216	0.215596
DPA1*02:01-DPB1*01:01	0.0	0.0	0.2905712	0.24223934
DRB1*13:01	0.0	0.300792	0.30965316	0.2650368
DQA1*02:01-DQB1*03:03	0.0	0.23556319	0.30984557	0.2998461
DQA1*05:01-DQB1*03:03	0.0	0.4640285	0.28216004	0.21675076
DRB1*04:01	0.0	0.02062367	0.28802934	0.2410304
DRB1*12:01	0.0	0.2238326	0.4368743	0.46538466
DQA1*03:03-DQB1*04:02	0.0	0.5537511	0.28361705	0.21854408
DRB1*04:01	0.0	0.29749924	0.2857908	0.23104209
DRB5*01:01	1.0	1.0	0.71380794	0.58829546
DQA1*01:01-DQB1*05:01	0.0	0.0	0.2853327	0.26260728
DRB1*15:01	0.0	0.030876337	0.3299889	0.26593816
DRB1*08:02	0.0	0.028119352	0.28474632	0.22806317
DRB1*09:01	0.0	0.42882225	0.28346348	0.22586928
DRB1*13:01	1.0	0.87187403	0.71122324	0.57365763
DRB4*01:03	0.0	0.70250076	0.42995602	0.5165391
DRB1*03:01	0.0	0.42997757	0.3359875	0.3576757
DRB1*03:01	1.0	1.0	0.36050627	0.3798067
DRB1*13:02	0.0	0.0	0.33128363	0.31513894
DQA1*01:02-DQB1*06:02	0.0	0.0	0.28340745	0.25830644
DRB1*04:01	0.0	0.26437718	0.3381363	0.3116894
DPB1*04:02	0.0	0.4080074	0.28782156	0.2492769
DRB1*15:01	0.0	0.5292186	0.71301264	0.61163473
DRB1*11:01	0.0	0.0	0.33099073	0.27196115
DRB1*15:01	0.0	0.6714029	0.5567809	0.43414503
DRB1*14:54	0.0	0.3715056	0.31644565	0.28996068
DRB1*12:01	0.0	0.0	0.2911692	0.20521396
DRB1*14:54	0.0	0.6461442	0.3183802	0.2976899
DRB3*01:01	0.0	0.65906143	0.28195307	0.2346358
DRB1*09:01	0.0	0.10310143	0.29677248	0.32416934
DRB5*01:01	0.0	0.084686644	0.35066974	0.3043276
DRB1*11:01	0.0	0.7062737	0.7079532	0.69358057
DRB5*01:01	0.0	0.6502526	0.371319	0.34440368
DRB1*13:01	0.0	0.24596271	0.29660746	0.2234603
DRB1*01:01	1.0	1.0	0.7120468	0.5147358
DRB1*03:01	0.0	0.17440632	0.2867821	0.25712726
DPA1*02:01-DPB1*05:01	0.0	0.0	0.28324163	0.22590497
DRB1*03:01	0.0	0.0	0.59956837	0.52040243
DRB3*02:02	0.0	0.3731672	0.31447506	0.35412025
DRB1*12:01	0.0	0.0	0.28775468	0.20716117
DRB1*07:01	0.0	0.60096335	0.2997373	0.25401652
DQA1*01:01-DQB1*05:01	0.0	0.0	0.28169772	0.21280324
DQA1*01:03-DQB1*06:03	0.0	0.37723747	0.28233266	0.21770692
DRB1*11:01	0.0	0.15568571	0.32823932	0.24928302
DRB3*01:01	0.0	0.19260392	0.46541905	0.4407218
DRB3*01:01	0.0	0.0	0.28341907	0.21584864
DRB4*01:01	0.0	0.0	0.28358185	0.21455365
DRB1*13:01	0.0	0.3228636	0.3298465	0.31949267
DRB1*11:01	0.0	0.3558287	0.32940507	0.24944502
DRB1*03:01	0.0	0.0	0.28382	0.23420116
DRB1*04:01	0.0	0.19651803	0.28840747	0.2498502
DRB1*13:02	0.0	0.10651384	0.30660102	0.23751159
DQA1*02:01-DQB1*03:01	0.0	0.6441565	0.42881283	0.37966838
DRB1*07:01	0.0	0.52978736	0.33325687	0.3277076
DRB1*14:54	1.0	0.83439964	0.7123037	0.62691444
DRB1*11:01	0.0	0.3914116	0.35678184	0.33356196
DRB1*03:01	0.0	0.0	0.4483486	0.32109082
DRB1*04:04	0.0	0.50802964	0.5940397	0.5759749
DRB1*14:54	0.0	0.17449175	0.30252883	0.25614733
DRB1*07:01	0.0	0.42182273	0.3014896	0.25402158
DRB1*03:01	0.0	0.00053761597	0.39541537	0.30200717
DQA1*01:02-DQB1*06:02	0.0	0.0	0.28513807	0.2077329
DRB1*01:01	0.0	0.0	0.4460813	0.4189787
DRB1*13:01	0.0	0.674082	0.33002526	0.32093593
DQA1*02:01-DQB1*03:03	0.0	0.22341703	0.2869292	0.20875093
DRB1*07:01	0.0	0.37348208	0.304665	0.2690936
DRB1*04:01	0.0	0.20950817	0.2867127	0.2444177
DRB1*13:01	0.0	0.084686644	0.3146684	0.2410573
DQA1*05:01-DQB1*03:03	0.0	0.084686644	0.28457332	0.20741366
DRB1*08:01	0.0	0.36620566	0.32121956	0.28451645
DRB1*07:01	1.0	1.0	0.70906776	0.6544663
DRB3*03:01	0.0	0.084686644	0.33872837	0.2698861
DRB1*15:01	0.0	0.02062367	0.47720873	0.5635693
DRB1*09:01	0.0	0.084686644	0.29189572	0.20101802
DQA1*06:01-DQB1*04:02	0.0	0.084686644	0.28391695	0.25503078
DRB5*01:01	0.0	0.5508399	0.41323128	0.42275935
DRB1*03:01	0.0	0.0	0.28504688	0.24419993
DRB1*03:01	0.0	0.16603766	0.2823132	0.20699528
DRB1*08:02	0.0	0.13251707	0.70986915	0.5998501
DQA1*02:01-DQB1*04:02	0.0	0.32171547	0.28580987	0.21526134
DRB1*03:01	0.0	0.0	0.3277488	0.2531731
DRB5*01:01	0.0	0.37306246	0.34443513	0.285054
DQA1*05:01-DQB1*03:03	0.0	0.45965263	0.6443712	0.47583842
DRB1*09:01	0.0	0.4519676	0.28235102	0.22021076
DQA1*01:01-DQB1*05:01	0.0	0.0	0.52747595	0.4660434
DRB1*13:02	0.0	0.11962004	0.43809494	0.47532722
DRB1*09:01	0.0	0.68565	0.28185827	0.21511172
DRB1*08:01	0.0	0.25478482	0.2917054	0.20807113
DRB1*01:01	0.0	0.0	0.37342533	0.37605852
DRB3*02:02	0.0	0.5036277	0.28195617	0.20953035
DQA1*03:03-DQB1*04:02	0.0	0.72312444	0.5719207	0.51944935
DQA1*01:03-DQB1*06:03	0.0	0.22414552	0.29006493	0.25672817
DRB1*13:02	0.0	0.36156222	0.7140783	0.6439704
DPA1*02:01-DPB1*01:01	0.0	0.0	0.2953588	0.26487097
DRB1*07:01	0.0	0.26092258	0.30638045	0.26089418
DRB1*09:01	0.0	0.6796851	0.28434995	0.25869974
DQA1*02:01-DQB1*03:03	0.0	0.2376918	0.2843507	0.2225198
DRB1*07:01	0.0	0.55829746	0.6750657	0.57860583
DRB1*07:01	0.0	0.084686644	0.290433	0.21319641
DQA1*02:01-DQB1*04:02	0.0	0.6231404	0.28314433	0.24663699
DQA1*03:03-DQB1*04:02	0.0	0.26360536	0.6685042	0.58911026
DRB1*04:01	0.0	0.0	0.2943478	0.26910967
DQA1*02:01-DQB1*04:02	0.0	0.6887833	0.621216	0.5255368
DRB4*01:01	0.0	0.22576869	0.2863837	0.23068652
DRB1*03:01	0.0	0.39505696	0.28574145	0.23879254
DRB4*01:03	0.0	0.5672618	0.3805254	0.34312814
DRB1*07:01	0.0	0.084686644	0.29141027	0.2187447
DRB1*11:01	0.0	0.24601565	0.35698393	0.3491084
DRB1*01:01	0.0	0.42093995	0.7103747	0.64654166
DRB1*07:01	0.0	0.0	0.29578048	0.2317642
DQA1*01:02-DQB1*05:01	0.0	0.50150293	0.32050738	0.33771884
DRB1*04:04	0.0	0.084686644	0.2858012	0.22702017
DRB1*01:01	0.0	0.0	0.3347746	0.25868255
DRB1*11:04	0.0	0.0	0.28426477	0.21268801
DRB3*02:02	0.0	0.084686644	0.28324598	0.21719949
DRB3*02:02	0.0	0.23663332	0.28266865	0.21480991
DPA1*02:01-DPB1*01:01	0.0	0.0	0.7087175	0.577065
DQA1*05:01-DQB1*03:02	0.0	0.30122402	0.2874094	0.2431141
DRB3*02:02	0.0	0.34993988	0.2937285	0.262578
DRB3*02:02	0.0	0.084686644	0.34454113	0.3808193
DRB1*04:01	1.0	0.90483916	0.28448102	0.22240083
DRB1*13:01	0.0	0.2246694	0.33059242	0.3245505
DRB1*04:05	0.0	0.0	0.28526285	0.21479423
DPB1*14:01	0.0	0.0	0.31078687	0.29250205
DQA1*01:02-DQB1*06:02	0.0	0.16779731	0.28756508	0.20708288
DRB1*01:01	0.0	0.17783624	0.71416	0.6241318
DQA1*02:01-DQB1*03:01	0.0	0.2530831	0.53235424	0.5163516
DRB3*03:01	0.0	0.21839377	0.36280754	0.33308637
DRB1*15:01	0.0	0.26544905	0.33562976	0.309249
DRB3*03:01	0.0	0.6714029	0.34068328	0.27230102
DQA1*05:01-DQB1*04:02	0.0	0.32677597	0.2824497	0.2306261
DRB1*03:01	0.0	0.48500293	0.70766294	0.62049353
DQA1*02:01-DQB1*03:03	0.0	0.084686644	0.28484097	0.3133238
DQA1*05:01-DQB1*04:02	0.0	0.084686644	0.30236548	0.2841806
DQA1*03:01-DQB1*03:02	0.0	0.2462277	0.41123974	0.41599506
DQA1*05:01-DQB1*03:03	0.0	0.50492644	0.37891644	0.3588069
DRB1*03:01	0.0	0.5237156	0.3644821	0.30479604
DRB1*04:04	0.0	0.5639006	0.29166988	0.2427619
DQA1*03:03-DQB1*04:02	0.0	0.23829865	0.28887078	0.29264376
DRB1*13:01	0.0	0.41885513	0.31432015	0.2750523
DQA1*03:01-DQB1*03:02	0.0	0.16216408	0.31182486	0.35123092
DQA1*02:01-DQB1*03:03	0.0	0.084686644	0.33724374	0.35508236
DRB1*11:01	0.0	0.5185219	0.36435676	0.3461668
DQA1*05:01-DQB1*03:01	0.0	0.21767011	0.30171356	0.3620962
DRB1*13:01	0.0	0.0	0.33176002	0.32151824
DQA1*02:01-DQB1*04:02	0.0	0.6141892	0.30670133	0.32376724
DRB1*08:01	0.0	0.084686644	0.29238856	0.20730937
DQA1*05:01-DQB1*02:01	0.0	0.2682012	0.285016	0.2054684
DQA1*01:03-DQB1*06:03	0.0	0.42959085	0.6985288	0.588838
DQA1*05:01-DQB1*04:02	0.0	0.084686644	0.2832952	0.21063058
DRB3*02:02	0.0	0.45295608	0.7006056	0.53652614
DRB5*01:01	0.0	0.6887833	0.42794204	0.39110196
DRB1*07:01	1.0	0.85125035	0.3230995	0.31727237
DPA1*01:03-DPB1*04:01	0.0	0.0	0.2833877	0.21156904
DRB1*09:01	0.0	0.47888446	0.57717574	0.50393677
DRB1*07:01	0.0	0.118314266	0.37668803	0.34567875
DRB1*08:01	0.0	0.19076553	0.282471	0.22661047
DPA1*02:01-DPB1*01:01	0.0	0.0	0.2978892	0.2607174
DQA1*02:01-DQB1*03:01	0.0	0.41531616	0.29632482	0.26443815
DRB1*15:01	1.0	0.83439964	0.45876163	0.45634252
DRB5*01:01	0.0	0.0	0.3383373	0.25804192
DRB1*08:01	0.0	0.33072877	0.28968424	0.21679997
DRB3*02:02	0.0	0.3296755	0.2847881	0.23115453
DQA1*05:01-DQB1*04:02	0.0	0.72312444	0.43696967	0.4476501
DRB1*01:01	0.0	0.36797178	0.36486703	0.3564344
DRB1*03:01	0.0	0.18272366	0.2823135	0.21494015
DRB1*14:54	0.0	0.084686644	0.3049248	0.25016373
DRB1*04:01	0.0	0.3345127	0.4336311	0.46851853
DQA1*02:01-DQB1*03:01	0.0	0.3449428	0.28584194	0.21647348
DQA1*05:01-DQB1*03:02	0.0	0.084686644	0.39941424	0.33618295
DRB4*01:03	0.0	0.48500293	0.42158657	0.4187692
DRB1*03:01	0.0	0.0	0.31177285	0.2944485
DRB1*03:01	0.0	0.41254732	0.33613098	0.2783502
DRB1*11:01	0.0	0.0	0.3504763	0.30307716
DRB1*08:01	0.0	0.4488261	0.28567037	0.23625305
DPB1*14:01	0.0	0.29749924	0.36976752	0.38655233
DRB5*01:01	0.0	0.6231404	0.7009921	0.6464936
DRB1*15:01	0.0	0.4128688	0.3138163	0.25386462
DRB1*11:01	0.0	0.0	0.3409101	0.26488143
DRB3*01:01	0.0	0.0	0.28270176	0.21697141
DPA1*02:01-DPB1*05:01	0.0	0.0	0.28807032	0.24458057
DQA1*05:01-DQB1*04:02	0.0	0.084686644	0.40291795	0.33828047
DRB1*13:01	0.0	0.358651	0.31629038	0.28227454
DQA1*05:01-DQB1*04:02	0.0	0.3329398	0.2821145	0.22198956
DRB1*13:01	0.0	0.15420327	0.5457265	0.4548636
DQA1*02:01-DQB1*02:02	0.0	0.0	0.2964116	0.27095944
DRB3*03:01	0.0	0.3341685	0.34652358	0.29169947
DRB1*15:01	0.0	0.08431769	0.33608475	0.3155469
DRB1*12:01	0.0	0.19110106	0.30530158	0.28578687
DRB1*01:01	0.0	0.0	0.3527974	0.2739083
DRB1*11:01	0.0	0.26264957	0.3836622	0.34920096
DQA1*02:01-DQB1*03:01	0.0	0.60220397	0.44377097	0.5047666
DRB1*08:01	0.0	0.0	0.28320986	0.22890487
DRB1*12:01	0.0	0.0	0.28164208	0.23676462
DRB3*03:01	0.0	0.77837855	0.41386467	0.436465
DPB1*04:02	0.0	0.3076487	0.29333317	0.28025985
DRB1*11:01	0.0	0.359732	0.5247693	0.51518476
DRB1*14:54	0.0	0.29198313	0.31517756	0.3026354
DRB1*09:01	0.0	0.58939534	0.33876136	0.31320402
DQA1*02:01-DQB1*03:03	0.0	0.084686644	0.29095918	0.20807004
