HLA	label	affinity	cls_prob	reg_yhat
DRB1*11:01	0.0	0.576242	0.2780079	0.34014472
DRB1*08:01	0.0	0.19044572	0.2718361	0.27975538
DRB1*15:01	0.0	0.45221373	0.32830063	0.4158891
DRB1*04:04	0.0	0.72312444	0.7288363	0.68319285
DRB5*01:01	0.0	0.084686644	0.42532873	0.44709012
DRB3*02:02	0.0	0.084686644	0.7280107	0.65898633
DRB1*07:01	1.0	0.82843477	0.4256431	0.5561474
DRB3*02:02	0.0	0.084686644	0.27148455	0.2013962
DRB1*01:01	0.0	0.06730214	0.3262991	0.32373765
DRB1*01:01	0.0	0.02062367	0.2751901	0.13700783
DRB1*11:01	0.0	0.0	0.27382225	0.33488286
DRB1*11:01	1.0	1.0	0.72875154	0.62418926
DQA1*03:03-DQB1*04:02	0.0	0.5075799	0.5607555	0.55665904
DQA1*02:01-DQB1*04:02	0.0	0.4005274	0.29480758	0.45249316
DRB5*01:01	0.0	0.27795395	0.45437685	0.5209805
DQA1*01:01-DQB1*05:01	0.0	0.0	0.27141786	0.069527455
DRB4*01:03	0.0	0.44130045	0.27521625	0.41945538
DPA1*03:01-DPB1*04:02	0.0	0.0	0.27301186	0.08526779
DRB1*04:01	0.0	0.0	0.27213454	0.32472917
DRB3*02:02	0.0	0.084686644	0.2978026	0.3555842
DRB1*08:02	1.0	0.8842155	0.728054	0.6656658
DRB4*01:01	0.0	0.0	0.27147132	0.28655645
DQA1*02:01-DQB1*03:01	0.0	0.40368012	0.27284905	0.2649249
DQA1*01:03-DQB1*06:03	0.0	0.1833666	0.40320802	0.35711354
DRB1*04:04	0.0	0.084686644	0.27121988	0.28913555
DRB1*13:01	0.0	0.19284189	0.27386248	0.37452826
DRB1*14:54	0.0	0.474078	0.27220717	0.3554469
DQA1*02:01-DQB1*03:03	0.0	0.39720643	0.27095193	0.2717485
DRB1*13:02	0.0	0.3743271	0.62258154	0.6249651
DRB1*14:54	1.0	0.87187403	0.7286842	0.77244735
DRB1*15:01	0.0	0.0	0.31920862	0.42135736
DRB5*01:01	0.0	0.2470272	0.44145778	0.5508673
DQA1*01:01-DQB1*05:01	0.0	0.0	0.2714608	-0.010264888
DRB1*14:54	0.0	0.34079078	0.2721599	0.37013856
DQA1*01:03-DQB1*06:03	0.0	0.084686644	0.27086174	0.11344365
DQA1*06:01-DQB1*04:02	0.0	0.20174614	0.2711829	0.21020284
DQA1*05:01-DQB1*03:03	0.0	0.51505256	0.3730788	0.3042102
DRB1*11:01	0.0	0.7800744	0.46284682	0.39416286
DRB3*01:01	0.0	0.18462518	0.27101672	0.23042426
DRB1*03:01	0.0	0.38218588	0.2716478	0.27377173
DRB1*14:54	0.0	0.7437481	0.27241936	0.34781453
DRB3*01:01	0.0	0.2866544	0.27145356	0.17460084
DRB4*01:03	0.0	0.5997392	0.35589588	0.5435313
DRB1*11:01	0.0	0.027582172	0.27216995	0.250114
DQA1*02:01-DQB1*03:01	0.0	0.5949985	0.27236146	0.37166855
DRB1*13:01	0.0	0.17556024	0.2722585	0.31665662
DRB3*03:01	0.0	0.74971294	0.4016846	0.46990618
DRB1*04:04	0.0	0.37027872	0.3419461	0.44514593
DRB1*03:01	0.0	0.0	0.7282281	0.61990637
DRB4*01:03	0.0	0.674082	0.27255818	0.3438075
DRB1*04:05	0.0	0.0	0.4277545	0.20885745
DRB1*04:04	0.0	0.6502526	0.28052154	0.44485357
DRB1*09:01	0.0	0.39625987	0.27213845	0.2841424
DRB5*01:01	0.0	0.18237725	0.39089635	0.27604324
DRB1*14:54	0.0	0.084686644	0.30405584	0.46490762
DRB1*09:01	0.0	0.30636823	0.39839515	0.5040155
DRB1*11:01	0.0	0.48785794	0.27201453	0.19296399
DQA1*02:01-DQB1*04:02	0.0	0.24525106	0.27091944	0.26349524
DQA1*01:01-DQB1*05:01	0.0	0.0	0.27180058	-0.12991428
DPA1*01:03-DPB1*04:01	1.0	0.921822	0.46224174	0.26867676
DQA1*05:01-DQB1*03:03	0.0	0.42182273	0.554908	0.612556
DQA1*02:01-DQB1*03:01	0.0	0.41432944	0.28241307	0.3781551
DRB1*04:01	0.0	0.28287002	0.27189273	0.30530396
DRB1*12:01	0.0	0.21788466	0.27115792	0.18067905
DRB1*04:01	0.0	0.0	0.27575094	0.29335383
DPA1*02:01-DPB1*05:01	0.0	0.0	0.27158234	0.109952055
DRB1*15:01	0.0	0.6141892	0.27369812	0.33832937
DRB1*09:01	0.0	0.5292186	0.38161802	0.5098181
DQA1*05:01-DQB1*03:03	0.0	0.084686644	0.27226105	0.31350294
DQA1*05:01-DQB1*03:02	0.0	0.42271397	0.27131474	0.3087207
DPA1*02:01-DPB1*01:01	0.0	0.0	0.27280334	0.13390934
DRB5*01:01	0.0	0.084686644	0.40373433	0.29726115
DQA1*02:01-DQB1*03:03	0.0	0.084686644	0.27110466	0.29547578
DRB1*11:01	0.0	0.56812155	0.2733126	0.23674697
DRB4*01:03	0.0	0.68565	0.32371226	0.42746332
DRB1*07:01	0.0	0.0	0.29830438	0.31968513
DRB1*03:01	0.0	0.21377882	0.27170992	0.13188899
DRB1*09:01	0.0	0.46374887	0.38763416	0.48620054
DRB1*13:02	0.0	0.0	0.27142873	0.24210927
DQA1*05:01-DQB1*04:02	0.0	0.52642614	0.2727525	0.3416998
DRB1*08:02	0.0	0.24355994	0.7286327	0.6754982
DRB1*09:01	0.0	0.36156222	0.27153042	0.3947284
DRB1*08:02	0.0	0.25837597	0.27195656	0.2237334
DRB1*01:01	0.0	0.7703366	0.45180845	0.52150655
DRB1*04:05	0.0	0.056284875	0.27222258	0.18518075
DQA1*05:01-DQB1*02:01	0.0	0.060562566	0.27114648	0.21307829
DRB5*01:01	0.0	0.084686644	0.4009939	0.30018505
DQA1*03:03-DQB1*04:02	0.0	0.3587406	0.3130365	0.28307807
DRB1*13:01	0.0	0.69202656	0.28054032	0.35068986
DQA1*06:01-DQB1*04:02	0.0	0.25282627	0.30996734	0.36018652
DQA1*02:01-DQB1*03:01	0.0	0.084686644	0.27167666	0.2879843
DQA1*02:01-DQB1*04:02	0.0	0.22735594	0.2707912	0.30721468
DRB1*04:01	0.0	0.0	0.30281582	0.39759466
DRB1*08:01	0.0	0.63132477	0.5458683	0.61839837
DRB3*02:02	0.0	0.084686644	0.2713785	0.13730243
DPB1*04:02	0.0	0.084686644	0.27091852	0.026987419
DRB1*04:01	0.0	0.351088	0.27145034	0.26024386
DRB1*13:01	0.0	0.084686644	0.29899222	0.42120096
DRB1*07:01	0.0	0.4103278	0.27612105	0.3472644
DRB1*04:05	0.0	0.3787834	0.27109778	0.23680502
DRB1*09:01	0.0	0.4069442	0.45699218	0.3845627
DRB1*03:01	0.0	0.0	0.32656136	0.379779
DRB1*14:54	0.0	0.7328622	0.27323955	0.43951705
DRB1*08:01	0.0	0.5639006	0.27087182	0.21993282
DRB1*09:01	0.0	0.23932722	0.31064612	0.4549841
DQA1*05:01-DQB1*04:02	0.0	0.21083751	0.2727362	0.2915856
DRB3*02:02	0.0	0.40470624	0.27199	0.27599648
DQA1*05:01-DQB1*02:01	0.0	0.48430276	0.27157763	0.3420106
DRB1*11:04	0.0	0.19293128	0.27122805	0.22552049
DQA1*05:01-DQB1*03:02	0.0	0.084686644	0.27092254	0.17891803
DRB4*01:01	0.0	0.084686644	0.27207905	0.16712832
DRB1*04:01	0.0	0.33020064	0.7288376	0.6676131
DRB3*03:01	0.0	0.71431553	0.41059828	0.42963842
DRB3*03:01	0.0	0.71020716	0.40052655	0.30452996
DRB1*04:04	0.0	0.084686644	0.27147323	0.25797024
DRB1*04:04	0.0	0.512179	0.27198425	0.2949774
DRB4*01:03	0.0	0.591596	0.33642018	0.5123322
DRB1*04:04	0.0	0.0	0.44422692	0.3791413
DRB1*08:01	0.0	0.7703366	0.5410326	0.5389737
DRB1*03:01	0.0	0.084686644	0.27209026	0.037066422
DRB1*07:01	0.0	0.64817554	0.33596203	0.5249608
DQA1*03:01-DQB1*03:02	0.0	0.084686644	0.27123702	0.1278176
DRB1*13:02	1.0	1.0	0.728787	0.64454997
DRB3*03:01	0.0	0.4565015	0.39236844	0.37477103
DPA1*01:03-DPB1*04:02	0.0	0.37027872	0.392972	0.34322837
DQA1*03:01-DQB1*03:02	0.0	0.30863386	0.29207292	0.333333
DRB1*04:01	0.0	0.38476312	0.27145964	0.3354368
DQA1*05:01-DQB1*03:02	0.0	0.084686644	0.27092764	0.17576614
DQA1*03:03-DQB1*04:02	0.0	0.25294033	0.2713051	0.23874438
DRB1*13:01	0.0	0.084686644	0.2755504	0.35628536
DQA1*05:01-DQB1*04:02	0.0	0.47252983	0.27474713	0.32920215
DQA1*05:01-DQB1*03:03	0.0	0.48360783	0.27289242	0.29003862
DRB1*04:04	0.0	0.0	0.27614063	0.24964565
DRB1*03:01	0.0	0.3242111	0.27543354	0.26533827
DRB1*08:01	0.0	0.0	0.27092052	0.25263837
DRB3*03:01	1.0	0.85125035	0.7244685	0.7371619
DRB1*08:01	0.0	0.32786068	0.2712693	0.27068135
DRB1*11:01	0.0	0.29749924	0.31117314	0.46404275
DRB1*09:01	0.0	0.6141892	0.3448003	0.46099994
DRB1*09:01	0.0	0.41158956	0.2713763	0.2988657
DRB1*01:01	0.0	0.0	0.27579388	0.2242705
DRB1*04:05	0.0	0.0	0.27147704	0.16226375
DQA1*05:01-DQB1*03:03	0.0	0.34571818	0.5252275	0.5921857
DRB1*12:01	0.0	0.0	0.27130026	0.18426868
DRB1*11:01	0.0	0.0	0.2729208	0.2621394
DRB1*07:01	0.0	0.6060289	0.44730163	0.56947803
DRB1*04:04	0.0	0.6127781	0.280702	0.40848157
DRB1*01:01	0.0	0.15643856	0.2751758	0.32619616
DRB1*11:01	0.0	0.0	0.27259815	0.25764146
DRB1*01:01	0.0	0.0	0.27838284	0.3015865
DRB1*15:01	1.0	0.9757514	0.28467914	0.42305675
DRB4*01:03	0.0	0.27526307	0.2727609	0.26917145
DQA1*06:01-DQB1*04:02	0.0	0.084686644	0.27093422	0.17660859
DRB1*04:05	0.0	0.084686644	0.31381458	0.33322856
DPA1*01:03-DPB1*03:01	0.0	0.12639001	0.298212	0.4099979
DRB3*03:01	0.0	0.084686644	0.39107883	0.33585718
DRB4*01:03	0.0	0.60473627	0.27390882	0.39803508
DQA1*06:01-DQB1*04:02	0.0	0.18962225	0.27088094	0.19838157
DQA1*03:03-DQB1*04:02	0.0	0.084686644	0.27152178	0.16715458
DRB1*11:01	1.0	0.81377596	0.4248557	0.50520873
DRB3*03:01	0.0	0.45496538	0.40836176	0.36832312
DRB1*13:01	0.0	0.0	0.27632463	0.40736696
DRB1*15:01	0.0	0.5027719	0.27279028	0.2590417
DRB1*07:01	0.0	0.084686644	0.27226213	0.22454903
DRB1*08:01	0.0	0.42182273	0.3127837	0.34930685
DRB3*01:01	0.0	0.44130045	0.5393352	0.5433593
DRB4*01:03	0.0	0.69887584	0.27693108	0.36344507
DRB3*01:01	0.0	0.0	0.27089405	0.18603736
DRB3*02:02	0.0	0.0	0.27143985	0.15114012
DRB1*01:01	0.0	0.6768411	0.41809708	0.43317685
DQA1*02:01-DQB1*03:03	0.0	0.3684684	0.2743708	0.2900083
DQA1*02:01-DQB1*04:02	0.0	0.43723017	0.27092007	0.20296356
DRB1*01:01	0.0	0.116718136	0.55479455	0.33898944
DRB1*11:01	0.0	0.35275334	0.2739875	0.26670974
DQA1*02:01-DQB1*03:03	0.0	0.084686644	0.27160075	0.2673945
DRB1*04:06	0.0	0.0	0.27106422	0.019053653
DQA1*01:02-DQB1*05:01	0.0	0.28860638	0.27219406	0.3283836
DRB1*14:54	0.0	0.17374988	0.27181914	0.31293747
DQB1*03:02	0.0	0.2730731	0.27294806	0.18462613
DRB1*08:01	0.0	0.13310823	0.2709744	0.24789622
DPA1*03:01-DPB1*04:02	0.0	0.0	0.27291128	0.061443485
DQA1*05:01-DQB1*03:03	0.0	0.5205645	0.2720595	0.31938204
DRB1*08:01	0.0	0.5647295	0.3290965	0.39169326
DRB1*04:01	0.0	0.6887833	0.27138054	0.21969935
DRB1*01:01	1.0	0.93593705	0.28203595	0.34755233
DQA1*02:01-DQB1*04:02	0.0	0.27282506	0.27083868	0.32021305
DRB5*01:01	1.0	0.8201525	0.43869013	0.47834626
DRB3*01:01	0.0	0.49269408	0.28072077	0.30745837
DRB3*01:01	0.0	0.4112725	0.37654218	0.36288917
DRB1*04:04	0.0	0.5247903	0.27159277	0.33659288
DQA1*06:01-DQB1*04:02	0.0	0.37934187	0.27086747	0.14893427
DRB1*13:01	0.0	0.13571991	0.2772397	0.39190063
DRB1*11:01	0.0	0.30920905	0.2732673	0.261739
DRB1*03:01	0.0	0.084686644	0.27184758	0.17625663
DRB1*09:01	0.0	0.5938504	0.7267324	0.70174026
DRB1*04:04	0.0	0.22668768	0.2717203	0.25405115
DQA1*05:01-DQB1*02:01	0.0	0.5716429	0.31697825	0.4574941
DQA1*01:02-DQB1*05:01	0.0	0.4795446	0.27228266	0.30487606
DRB1*04:04	0.0	0.598531	0.4407856	0.38075015
DRB5*01:01	0.0	0.45859027	0.72776145	0.7567457
DQA1*03:01-DQB1*03:02	0.0	0.33046433	0.27173924	0.03256551
DQA1*05:01-DQB1*03:02	0.0	0.49659437	0.35795143	0.3974748
DRB1*07:01	0.0	0.014133202	0.27770665	0.38294956
DRB4*01:03	0.0	0.30410713	0.2727947	0.19322231
DRB1*04:01	0.0	0.0	0.27144444	0.2684678
DRB1*08:02	0.0	0.47070563	0.27176023	0.14192796
DRB1*03:01	0.0	0.6953878	0.34994856	0.3727302
DRB1*03:01	0.0	0.0	0.3627681	0.42252472
DRB1*07:01	0.0	0.4092377	0.72835577	0.69989765
DRB1*09:01	0.0	0.45098954	0.27164063	0.33574882
DRB1*03:01	0.0	0.0	0.27255443	0.31625083
DRB1*09:01	0.0	0.39426363	0.27156514	0.3254703
DRB3*01:01	0.0	0.084686644	0.27183855	0.23153684
DQA1*01:02-DQB1*06:02	0.0	0.24200055	0.27102447	0.15711138
DRB1*09:01	0.0	0.32844013	0.272131	0.34455043
DRB1*13:01	0.0	0.4766103	0.33006173	0.40164062
DRB1*15:01	0.0	0.62158704	0.27364832	0.27202237
DRB3*01:01	0.0	0.22886093	0.27100694	0.19799384
DRB5*01:01	0.0	0.7969252	0.392374	0.31058
DRB5*01:01	0.0	0.14739178	0.38999903	0.3319478
DRB5*01:01	0.0	0.5459561	0.41184545	0.42559436
DRB1*07:01	0.0	0.36916822	0.27238548	0.21507224
DRB1*15:01	1.0	0.9397099	0.2728062	0.3533294
DRB1*08:01	0.0	0.5606573	0.54462624	0.5609515
DRB1*16:02	0.0	0.0	0.27455252	0.22679481
DRB3*01:01	0.0	0.084686644	0.27091143	0.30109957
DRB3*03:01	0.0	0.70250076	0.38737333	0.3427479
DRB1*13:01	0.0	0.0	0.27302113	0.35766754
DRB5*01:01	0.0	0.6545521	0.39386967	0.33844155
DRB1*03:01	0.0	0.0	0.27144745	0.22947043
DRB1*13:01	0.0	0.62796354	0.35405442	0.48998043
DRB1*13:02	0.0	0.33639398	0.2734009	0.30079857
DRB1*09:01	0.0	0.5639006	0.2713844	0.33551887
DQA1*05:01-DQB1*04:02	0.0	0.5537511	0.27136615	0.27358833
DRB1*03:01	0.0	0.0	0.27232224	0.060837932
DRB1*03:01	0.0	0.39077553	0.2717197	0.2681786
DRB1*04:01	0.0	0.02062367	0.27218884	0.25992084
DQA1*01:01-DQB1*05:01	0.0	0.0	0.27198935	0.037125297
DRB1*13:01	0.0	0.71861506	0.27922958	0.47370514
DRB1*07:01	0.0	0.14424028	0.45664167	0.34365758
DRB1*04:05	0.0	0.04721221	0.27120888	0.11605156
DRB1*11:01	0.0	0.54067326	0.32301345	0.45661464
DRB3*02:02	0.0	0.084686644	0.27139392	0.15234685
DRB1*11:01	0.0	0.0	0.42600822	0.5158732
DRB5*01:01	1.0	0.82283163	0.7248658	0.7656767
DRB1*14:54	0.0	0.77837855	0.27142507	0.41756734
DRB1*15:01	0.0	0.5253324	0.72852457	0.64664686
DRB1*04:05	0.0	0.3345817	0.27255636	0.36446062
DQA1*01:02-DQB1*05:01	0.0	0.46236318	0.27193365	0.2572545
DRB1*14:54	0.0	0.084686644	0.27158043	0.3278863
DRB1*09:01	0.0	0.14618835	0.2735315	0.31092224
DRB1*09:01	0.0	0.47070563	0.32043502	0.4803581
DRB1*04:04	0.0	0.0	0.27175435	0.27764937
DQA1*05:01-DQB1*04:02	0.0	0.3104766	0.2809367	0.38056523
DRB5*01:01	0.0	0.5280915	0.4189289	0.38158783
DRB1*11:01	0.0	0.24955058	0.27263537	0.17512876
DRB5*01:01	0.0	0.3314599	0.4673389	0.5229643
DRB3*01:01	0.0	0.5292186	0.27145377	0.18722948
DQA1*01:02-DQB1*05:01	0.0	0.610019	0.2827631	0.4073805
DRB1*08:02	0.0	0.52004963	0.72741145	0.6627149
DRB1*11:01	0.0	0.0	0.27935156	0.45686933
DQA1*02:01-DQB1*03:03	0.0	0.084686644	0.27080503	0.25649443
DRB1*11:04	0.0	0.0	0.27103338	0.12799305
DRB5*01:01	0.0	0.35643876	0.46442163	0.50581944
DRB1*13:02	0.0	0.0	0.27187023	0.1555438
DQA1*02:01-DQB1*04:02	0.0	0.22335486	0.27318388	0.3663505
DQA1*05:01-DQB1*04:02	0.0	0.2917223	0.2712893	0.33084497
DQA1*02:01-DQB1*03:01	0.0	0.084686644	0.2726168	0.29277116
DRB1*11:01	0.0	0.55012625	0.40776834	0.52699053
DRB1*09:01	0.0	0.45172212	0.2728572	0.3893328
DRB1*13:01	0.0	0.36193264	0.27407905	0.39168927
DRB1*13:02	0.0	0.0	0.27334067	0.18916088
DRB1*15:01	0.0	0.084686644	0.27515414	0.119978644
DRB1*03:01	0.0	0.29374114	0.27202246	0.22229114
DRB1*09:01	0.0	0.12467895	0.27157116	0.25754383
DRB5*01:01	0.0	0.5707499	0.4139806	0.40887335
DRB1*03:01	0.0	0.18709695	0.27201468	0.18353435
DRB1*07:01	0.0	0.71020716	0.7288132	0.7053144
DQA1*03:03-DQB1*04:02	0.0	0.48189306	0.5561097	0.586009
DRB5*01:01	0.0	0.6185565	0.41496062	0.41167232
DRB1*03:01	0.0	0.32117656	0.28224787	0.36738676
DRB5*01:01	0.0	0.5672618	0.4198223	0.44803134
DRB1*11:01	0.0	0.64817554	0.72794473	0.66733783
DQA1*05:01-DQB1*04:02	0.0	0.5338698	0.27154472	0.41856673
DQA1*01:02-DQB1*05:01	0.0	0.4519676	0.27243927	0.21518561
DQA1*02:01-DQB1*03:03	0.0	0.084686644	0.27080452	0.23607725
DRB1*13:01	0.0	0.32347366	0.2733239	0.32123604
DRB1*04:04	0.0	0.38717014	0.7059245	0.66431475
DQA1*01:01-DQB1*05:01	0.0	0.0	0.2716165	0.042081483
DRB1*04:01	0.0	0.14942679	0.27207854	0.31123856
DRB1*09:01	0.0	0.57345515	0.30750152	0.3950402
DRB1*09:01	0.0	0.2950819	0.27168316	0.39242417
DQA1*05:01-DQB1*04:02	0.0	0.7969252	0.7266151	0.6797354
DRB1*09:01	0.0	0.3447885	0.27166185	0.37913266
DQA1*05:01-DQB1*04:02	0.0	0.6953878	0.7277271	0.7143723
DPA1*01:03-DPB1*02:01	0.0	0.0	0.30645713	0.3047874
DRB1*13:01	0.0	0.7871874	0.4291649	0.57787263
DRB4*01:01	0.0	0.051694762	0.2937594	0.31827542
DRB1*13:02	0.0	0.0	0.27221853	0.1205667
DRB1*14:54	0.0	0.4822335	0.27286297	0.38053164
DRB1*07:01	0.0	0.5044915	0.7288102	0.66145873
DQA1*01:02-DQB1*06:02	0.0	0.0	0.2710276	0.07380254
DRB1*15:01	0.0	0.42325288	0.2721607	0.3108317
DRB1*03:01	0.0	0.55907744	0.72886384	0.6738889
DQA1*02:01-DQB1*04:02	0.0	0.33492747	0.27081734	0.2937049
DRB1*04:01	0.0	0.0	0.45724213	0.22076538
DRB1*07:01	0.0	0.5753037	0.2724724	0.26919147
DRB1*04:01	0.0	0.29566902	0.72872776	0.64404595
DRB1*04:01	0.0	0.39532292	0.28798965	0.43306294
DPB1*04:02	0.0	0.28030252	0.2709477	0.20538309
DRB1*01:01	0.0	0.7871874	0.2854115	0.38895896
DRB1*14:54	0.0	0.5820812	0.72881436	0.70658374
DRB1*13:01	0.0	0.0	0.27379432	0.21884683
DRB1*09:01	0.0	0.27577308	0.2718425	0.21351185
DQA1*06:01-DQB1*04:02	0.0	0.084686644	0.2709069	0.2926164
DRB1*01:01	0.0	0.13663955	0.36504552	0.28607985
DPA1*03:01-DPB1*04:02	0.0	0.0	0.27531686	0.012782462
DRB5*01:01	1.0	0.8984626	0.45297375	0.49083582
DRB3*02:02	0.0	0.16988303	0.27266085	0.26451492
DRB4*01:03	1.0	0.87187403	0.72888476	0.71434397
DQA1*05:01-DQB1*03:01	0.0	0.16021846	0.27120772	0.27204147
DRB1*04:01	0.0	0.24791473	0.27291113	0.11370065
DRB1*15:01	1.0	0.92712814	0.7288957	0.6539583
DRB1*03:01	0.0	0.0	0.27827787	0.35438445
DRB3*01:01	0.0	0.084686644	0.27084252	0.24510458
DRB3*01:01	0.0	0.59733844	0.40308824	0.41510794
DQA1*01:02-DQB1*05:01	0.0	0.41111436	0.2720646	0.18763348
DQA1*02:01-DQB1*04:02	0.0	0.4519676	0.51166356	0.5085448
DPA1*01:03-DPB1*02:01	0.0	0.0	0.2765134	0.19096318
DRB1*15:01	0.0	0.0	0.27471855	0.22039336
DQA1*06:01-DQB1*04:02	0.0	0.084686644	0.275961	0.23056668
DQA1*02:01-DQB1*03:01	0.0	0.60346144	0.27228126	0.27374968
DRB1*11:01	0.0	0.1593126	0.27413172	0.13175273
DRB4*01:01	0.0	0.084686644	0.28495264	0.3354971
DRB1*08:01	0.0	0.5537511	0.3156412	0.37912813
DRB1*15:01	1.0	1.0	0.7288646	0.700828
DRB1*13:02	0.0	0.08284736	0.27186808	0.25100717
DRB1*07:01	0.0	0.0	0.3068656	0.42205575
DPA1*01:03-DPB1*04:01	0.0	0.0	0.27206355	0.066174574
DRB1*03:01	0.0	0.2543782	0.27335936	0.26914987
DRB5	0.0	0.0	0.27115056	0.1231591
DRB3*01:01	0.0	0.4198917	0.27085868	0.2467005
DRB1*08:01	0.0	0.0	0.27088186	0.32530966
DRB1*01:01	0.0	0.24345687	0.33188444	0.40221307
DRB1*16:01	0.0	0.02062367	0.2710943	0.13635701
DPA1*02:01-DPB1*05:01	0.0	0.0	0.27164206	0.23120314
DRB1*07:01	0.0	0.4097033	0.27343985	0.29350007
DRB1*01:01	0.0	0.60473627	0.36315924	0.3755078
DRB1*07:01	0.0	0.42253503	0.72886616	0.68558264
DRB5*01:01	0.0	0.674082	0.46613157	0.50021136
DRB1*01:01	1.0	0.83439964	0.27576813	0.2719405
DRB1*04:01	0.0	0.0	0.2714219	0.15462425
DQA1*05:01-DQB1*02:01	0.0	0.0	0.2713636	0.21618369
DRB1*01:01	0.0	0.43185663	0.28825888	0.27985206
DRB1*01:01	0.0	0.054251295	0.27526274	0.24584201
DRB1*11:01	0.0	0.084686644	0.2729402	0.26065996
DQA1*05:01-DQB1*04:02	0.0	0.6263277	0.726975	0.6318785
DRB1*04:01	0.0	0.45832658	0.28177974	0.41659674
DRB1*15:01	0.0	0.43892217	0.27368248	0.25380877
DRB1*04:04	0.0	0.50150293	0.27261066	0.28034413
DRB3*01:01	0.0	0.084686644	0.27085742	0.21794742
DRB1*04:04	0.0	0.64221066	0.27327543	0.3710979
DQA1*02:01-DQB1*04:02	0.0	0.084686644	0.27372232	0.36137357
DRB1*07:01	0.0	0.022726947	0.27194744	0.2706978
DRB4*01:03	0.0	0.70250076	0.2964858	0.5036602
DQA1*02:01-DQB1*03:01	0.0	0.6687992	0.4164046	0.4031435
DRB1*13:01	0.0	0.7871874	0.3994668	0.47267756
DRB1*04:04	0.0	0.35266936	0.27137077	0.32089594
DRB4*01:01	0.0	0.0	0.27174893	0.1276457
DRB1*09:01	0.0	0.18999696	0.27168435	0.25685394
DQA1*01:01-DQB1*05:01	0.0	0.0	0.27140477	-0.039976344
DQA1*02:01-DQB1*04:02	0.0	0.4671618	0.27093557	0.31044245
DPA1*01:03-DPB1*03:01	0.0	0.37647408	0.3317033	0.4705377
DRB1*11:01	0.0	0.0	0.27261373	0.18063563
DRB3*02:02	0.0	0.084686644	0.2719797	0.2537938
DRB1*04:01	0.0	0.4019471	0.27647668	0.39928973
DQA1*05:01-DQB1*03:02	0.0	0.35643876	0.27086818	0.31683186
DRB5*01:01	0.0	0.58831435	0.4679527	0.4803342
DRB1*13:02	0.0	0.12002555	0.27250198	0.251294
DRB4*01:01	0.0	0.084686644	0.27125645	0.23206428
DPA1*01:03-DPB1*04:01	0.0	0.3155594	0.2720607	0.27911237
DRB1*04:01	0.0	0.0	0.27173278	0.19534943
DRB1*07:01	0.0	0.37723747	0.27276504	0.3427193
DRB1*11:01	0.0	0.084686644	0.27382636	0.18838352
DRB1*04:05	0.0	0.2462277	0.2711707	0.15717554
DRB1*09:01	0.0	0.2481041	0.27734688	0.46964797
DRB5*01:01	1.0	0.83439964	0.39558035	0.34307435
DRB1*03:01	0.0	0.0	0.27286887	0.31451
DRB1*11:01	0.0	0.021477902	0.27206236	0.40258393
DQA1*05:01-DQB1*02:01	0.0	0.51902837	0.40712875	0.46224484
DQA1*05:01-DQB1*03:03	0.0	0.34138325	0.27084672	0.18410334
DRB3*02:02	0.0	0.0	0.28972566	0.2862129
DRB1*04:01	0.0	0.0	0.27150983	0.29852816
DRB3*01:01	0.0	0.0	0.27154216	0.18440059
DQA1*02:01-DQB1*03:01	0.0	0.2404172	0.27250525	0.31203339
DRB3*02:02	0.0	0.0	0.27150598	0.29995194
DRB1*01:01	0.0	0.69202656	0.27758735	0.30481955
DRB1*03:01	0.0	0.3932163	0.2712933	0.24987611
DRB3*02:02	0.0	0.29749924	0.28569102	0.400426
DRB4*01:01	0.0	0.18066444	0.27157992	0.07262791
DRB1*01:01	0.0	0.0	0.2757953	0.20475003
DQA1*01:02-DQB1*05:01	0.0	0.084686644	0.27331725	0.26190248
DRB1*08:01	0.0	0.084686644	0.2795702	0.31330162
DRB5*01:01	0.0	0.02062367	0.42303142	0.49344203
DRB1*07:01	1.0	0.98314923	0.4465787	0.45932016
DRB1*07:01	0.0	0.7969252	0.38683707	0.4445003
DQA1*02:01-DQB1*04:02	0.0	0.33396256	0.279296	0.38874772
DQA1*05:01-DQB1*04:02	0.0	0.4505044	0.27312118	0.313742
DRB1*07:01	0.0	0.63132477	0.72886336	0.70424235
DRB3*02:02	0.0	0.084686644	0.2970792	0.37840956
DRB3*02:02	0.0	0.54527897	0.33344737	0.37597814
DRB3*03:01	0.0	0.084686644	0.39766613	0.38236877
DRB1*09:01	0.0	0.5552419	0.34288782	0.5283899
DRB3*02:02	0.0	0.084686644	0.33743253	0.3298408
DRB1*04:04	0.0	0.6060289	0.2715858	0.24017027
DQA1*05:01-DQB1*03:02	0.0	0.39585716	0.275597	0.3147529
DRB1*04:01	0.0	0.0	0.41048303	0.37390515
DQA1*05:01-DQB1*03:03	0.0	0.41937196	0.32139656	0.3770915
DRB1*09:01	0.0	0.14990284	0.31668636	0.45621088
DRB1*04:05	0.0	0.4954069	0.3449111	0.40786764
DQA1*02:01-DQB1*03:01	0.0	0.084686644	0.72858995	0.7316121
DQA1*02:01-DQB1*03:01	0.0	0.6073399	0.27334094	0.32600656
DRB1*01:01	0.0	0.3319266	0.27518943	0.21326411
DQA1*06:01-DQB1*04:02	0.0	0.4205892	0.27588528	0.3364398
DRB1*04:01	0.0	0.0	0.5052607	0.6633245
DRB1*09:01	0.0	0.62796354	0.46177354	0.59648454
DRB1*01:01	0.0	0.0	0.27421266	0.19626412
DRB1*03:01	0.0	0.5044915	0.2717348	0.25706744
DQA1*02:01-DQB1*03:03	0.0	0.084686644	0.27124804	0.24916509
DQA1*01:03-DQB1*06:03	0.0	0.084686644	0.27281108	0.21611673
DRB1*03:01	0.0	0.14535606	0.2715858	0.35546577
DRB1*11:01	0.0	0.0	0.27266657	0.25629687
DRB4*01:01	0.0	0.0	0.27241212	0.106029935
DRB1*14:54	0.0	0.2963511	0.27175555	0.26538768
DRB1*04:05	0.0	0.0	0.27143136	0.10302571
DRB3*03:01	0.0	0.32046288	0.42449057	0.48023644
DRB1*14:54	0.0	0.6141892	0.40380582	0.5877706
DRB1*07:01	0.0	0.5044915	0.27262023	0.29778814
DRB3*01:01	0.0	0.55155915	0.270886	0.2732659
DQA1*02:01-DQB1*04:02	0.0	0.4343417	0.49863937	0.60372835
DRB3*02:02	0.0	0.5089358	0.34760118	0.46883658
DRB4*01:01	0.0	0.43598118	0.2724473	0.27808306
DRB1*03:01	0.0	0.5480176	0.2722187	0.27680904
DRB1*03:01	0.0	0.6545521	0.27240485	0.36941263
DRB3*01:01	0.0	0.084686644	0.27187562	0.29743427
DRB1*12:01	0.0	0.51312697	0.27126193	0.21743903
DRB1*04:04	0.0	0.35556847	0.27219576	0.27696985
DQA1*02:01-DQB1*03:01	0.0	0.3575825	0.297351	0.45011035
DQA1*02:01-DQB1*04:02	0.0	0.084686644	0.27080986	0.2311846
DRB1*07:01	0.0	0.084686644	0.2717721	0.28428435
DRB1*15:01	0.0	0.17330277	0.27364618	0.298211
DQA1*02:01-DQB1*03:03	0.0	0.084686644	0.27101335	0.3244922
DRB1*03:01	0.0	0.27079526	0.2723921	0.3165923
DRB5*01:01	0.0	0.71431553	0.47756246	0.64504886
DQA1*05:01-DQB1*04:02	0.0	0.35133588	0.2718385	0.38139597
DRB1*07:01	0.0	0.7328622	0.72871596	0.70259845
DRB1*13:02	0.0	0.6185565	0.2725395	0.2798415
DRB1*01:01	1.0	1.0	0.3069842	0.34744826
DRB1*03:01	0.0	0.24202591	0.27178836	0.2887732
DQB1*03:01	0.0	0.06247954	0.2710776	0.20686379
DRB1*01:01	0.0	0.6614014	0.46364534	0.45796922
DRB1*03:01	0.0	0.0	0.28068155	0.36006632
DRB1*04:01	0.0	0.0	0.27204672	0.18818286
DRB1*08:01	0.0	0.0	0.2760329	0.37710738
DRB1*08:02	1.0	0.89543205	0.728651	0.66023695
DRB1*09:01	0.0	0.7062737	0.6460216	0.692049
DQA1*05:01-DQB1*04:02	0.0	0.084686644	0.27133286	0.18119088
DPA1*01:03-DPB1*03:01	0.0	0.0	0.2726481	0.26747793
DRB1*01:01	0.0	0.51312697	0.2761913	0.16984156
DRB1*04:05	0.0	0.37306246	0.27392435	0.34922192
DRB1*04:04	0.0	0.5743748	0.2721523	0.39737827
DRB1*01:01	1.0	1.0	0.42612794	0.43352053
DQA1*01:02-DQB1*05:01	0.0	0.3055075	0.271716	0.2877817
DRB4*01:03	0.0	0.084686644	0.35941672	0.40174916
DQA1*01:02-DQB1*05:01	0.0	0.084686644	0.27195898	0.19640145
DRB1*04:01	0.0	0.6614014	0.27174318	0.22933838
DRB1*03:01	0.0	0.63305235	0.4618788	0.5408639
DRB1*07:01	0.0	0.5530147	0.37567446	0.40864846
DRB1*13:02	0.0	0.14132906	0.27544245	0.29036596
DRB1*03:01	0.0	0.0	0.2721448	0.12574872
DRB1*04:01	0.0	0.097642735	0.2811286	0.43533418
DRB1*03:01	0.0	0.054617725	0.27143273	0.28700545
DPA1*03:01-DPB1*04:02	0.0	0.0	0.27301767	0.06258682
DQA1*06:01-DQB1*04:02	0.0	0.084686644	0.27107567	0.13104007
DRB1*03:01	0.0	0.084686644	0.27145836	0.2817466
DRB1*13:01	0.0	0.42093995	0.27359042	0.26793483
DRB1*11:01	0.0	0.4954069	0.2738892	0.40007755
DRB1*14:54	0.0	0.5487152	0.38983434	0.524712
DRB1*04:01	0.0	0.31306505	0.28618997	0.41926476
DRB1*01:01	0.0	0.6384378	0.6428992	0.6583869
DRB1*08:01	0.0	0.22653747	0.27089447	0.19042194
DRB1*03:01	0.0	0.0	0.27181637	0.15521926
DRB1*12:01	0.0	0.0	0.27114987	0.22097388
DRB1*13:02	0.0	0.0	0.27257368	0.19350398
DRB1*07:01	0.0	0.55675703	0.27307293	0.31389204
DRB4*01:03	0.0	0.084686644	0.2731146	0.30796063
DRB1*11:01	0.0	0.0	0.2721653	0.2587562
DQA1*05:01-DQB1*03:03	0.0	0.3573173	0.2719214	0.2341483
DRB1*13:01	0.0	0.0	0.27526912	0.3049561
DQA1*01:01-DQB1*05:01	0.0	0.0	0.2715214	-0.016469292
DRB1*04:04	0.0	0.40470624	0.27153456	0.29985952
DRB3*03:01	0.0	0.084686644	0.37820438	0.1996029
DRB1*09:01	0.0	0.4572793	0.27940795	0.41985592
DRB5*01:01	0.0	0.084686644	0.39941552	0.38688692
DRB1*07:01	0.0	0.60096335	0.36263466	0.5178281
DPA1*03:01-DPB1*04:02	0.0	0.31127775	0.2788953	0.33290008
DRB1*04:01	0.0	0.50192404	0.4646574	0.47268674
DRB1*13:01	0.0	0.084686644	0.27368444	0.27480003
DRB1*09:01	1.0	1.0	0.44347048	0.5656268
DRB1*04:04	0.0	0.084686644	0.27278686	0.28805408
DRB3*03:01	1.0	0.8984626	0.38804027	0.35423535
DQA1*06:01-DQB1*04:02	0.0	0.084686644	0.2709453	0.19830614
DRB3*03:01	0.0	0.37181488	0.3841709	0.30179366
DPB1*04:02	0.0	0.0	0.2709355	0.15362546
DRB4*01:03	0.0	0.6141892	0.2740472	0.2713239
DRB1*11:01	0.0	0.0	0.27267662	0.22544518
DRB1*15:01	1.0	0.85125035	0.27551472	0.34001133
DRB1*09:01	0.0	0.33831435	0.2717294	0.25173262
DRB1*04:05	0.0	0.025284141	0.2715389	0.2070513
DRB5*01:01	0.0	0.6296289	0.4734103	0.59569186
DRB1*13:01	0.0	0.37934187	0.2736552	0.33586183
DRB3*02:02	0.0	0.0	0.38878822	0.42289934
DQA1*03:01-DQB1*03:02	0.0	0.21467979	0.50278425	0.1880905
DRB1*09:01	0.0	0.6567793	0.27178395	0.32100132
DRB3*01:01	0.0	0.32201624	0.5350244	0.5582579
DQA1*06:01-DQB1*04:02	0.0	0.084686644	0.2712881	0.25116417
DRB1*01:01	0.0	0.2221405	0.27330962	0.31727466
DRB1*15:01	0.0	0.29749924	0.27251297	0.18123996
DRB1*13:01	0.0	0.084686644	0.27436683	0.24591199
DRB4*01:03	0.0	0.6662669	0.46316615	0.5345396
DRB1*01:01	0.0	0.0	0.27443743	0.2481682
DRB1*01:01	0.0	0.70250076	0.7278225	0.7077633
DRB1*04:05	0.0	0.44835213	0.2876194	0.32175186
DQA1*02:01-DQB1*03:01	0.0	0.6662669	0.37439072	0.49685988
DRB1*14:54	0.0	0.68261945	0.27161527	0.33130428
DQA1*02:01-DQB1*03:03	0.0	0.5292186	0.45629084	0.46958205
DRB1*11:01	0.0	0.0	0.27806428	0.23700157
DRB1*15:01	0.0	0.0	0.28104883	0.276481
DRB1*07:01	0.0	0.4759707	0.27180338	0.3093443
DRB1*08:01	0.0	0.69202656	0.540046	0.5696002
DRB1*04:05	0.0	0.6687992	0.27171472	0.26467642
DRB1*13:01	0.0	0.2730731	0.27634108	0.24771938
DRB1*14:54	0.0	0.7969252	0.27161616	0.4128928
DRB3*02:02	0.0	0.58831435	0.27164358	0.32258275
DQA1*05:01-DQB1*03:02	0.0	0.084686644	0.2708414	0.232048
DRB3*03:01	0.0	0.2877291	0.41469195	0.48011371
DRB1*01:01	0.0	0.34310803	0.29690024	0.44881454
DQA1*03:03-DQB1*04:02	0.0	0.29004458	0.43939584	0.39297122
DRB1*09:01	0.0	0.5369004	0.27128485	0.30743253
DRB1*01:01	1.0	1.0	0.7288627	0.6869364
DQA1*05:01-DQB1*04:02	0.0	0.5606573	0.72753316	0.6327456
DRB1*03:01	0.0	0.0	0.37034884	0.19742373
DRB1*15:01	0.0	0.0	0.27277982	0.20540348
DRB1*11:01	1.0	0.93593705	0.72871053	0.6565082
DRB1*07:01	0.0	0.2783663	0.27520883	0.32859764
DRB1*04:04	0.0	0.6687992	0.2738744	0.31950712
DRB3*03:01	0.0	0.2927262	0.39372745	0.3629069
DRB1*13:01	0.0	0.48020953	0.274577	0.33966264
DRB1*13:01	0.0	0.0	0.37988058	0.43193087
DRB1*15:01	0.0	0.084686644	0.27312046	0.33425996
DQA1*01:02-DQB1*05:01	0.0	0.598531	0.27179658	0.24050114
DRB1*12:01	0.0	0.22707511	0.27107558	0.21573654
DRB1*15:01	0.0	0.2909442	0.27267855	0.3257737
DRB1*08:01	0.0	0.5938504	0.2712028	0.30632716
DRB1*04:01	0.0	0.71861506	0.2723014	0.23878986
DQA1*01:03-DQB1*06:03	0.0	0.084686644	0.270876	0.12078733
DPB1*04:01	0.0	0.0	0.27176043	0.11006371
DRB1*04:04	0.0	0.3624911	0.27188265	0.25735247
DRB1*04:04	0.0	0.50150293	0.35179758	0.49601075
DQA1*06:01-DQB1*04:02	0.0	0.084686644	0.2709177	0.23592079
DQA1*02:01-DQB1*03:03	0.0	0.42129207	0.27082124	0.25872162
DRB3*02:02	0.0	0.0	0.35552222	0.39091757
DRB1*15:01	0.0	0.118814304	0.27263674	0.29109257
DQA1*05:01-DQB1*02:01	0.0	0.2641514	0.71665776	0.6008394
DQA1*05:01-DQB1*04:02	0.0	0.22809446	0.2712349	0.28314093
DRB1*04:01	0.0	0.17707969	0.27195558	0.23378134
DQA1*06:01-DQB1*04:02	0.0	0.3637128	0.27089867	0.24256471
DRB1*08:01	0.0	0.31394425	0.27148962	0.28699926
DPA1*01:03-DPB1*04:01	0.0	0.24807702	0.30484915	0.37090215
DRB1*04:04	0.0	0.7969252	0.28698173	0.4238784
DRB1*01:01	0.0	0.0	0.27903625	0.14446771
DQA1*05:01-DQB1*03:01	0.0	0.15133637	0.27787778	0.3672692
DRB1*11:01	0.0	0.0	0.27283764	0.38082317
DRB5*01:01	0.0	0.084686644	0.38064003	0.35281715
DPB1*04:02	0.0	0.18171471	0.27106664	0.24877861
DQA1*03:01-DQB1*03:02	0.0	0.6881481	0.27131337	0.024625145
DRB1*03:01	0.0	0.0	0.271818	0.24644056
DQA1*03:03-DQB1*04:02	0.0	0.31760448	0.4235151	0.41035023
DRB1*04:04	0.0	0.084686644	0.5000426	0.44412044
DRB5	0.0	0.0	0.2711414	0.18595502
DRB1*07:01	0.0	0.5820812	0.27428445	0.35654265
DRB1*08:01	0.0	0.36728096	0.27086127	0.22424197
DRB1*07:01	0.0	0.13104787	0.52849954	0.6656644
DRB1*11:01	0.0	0.21301615	0.27204356	0.28480372
DRB3*01:01	0.0	0.2736782	0.27084684	0.23407969
DRB1*15:01	1.0	0.89415157	0.72863823	0.65452003
DRB3*02:02	0.0	0.50713235	0.27196884	0.3032997
DRB1*15:01	0.0	0.039360505	0.2739464	0.14460915
DRB1*01:01	0.0	0.0	0.27430627	0.17108825
DRB1*11:01	0.0	0.58009356	0.40354595	0.5037787
DRB1*07:01	0.0	0.2010925	0.278877	0.2647544
DRB1*14:54	0.0	0.20872672	0.27430668	0.39706597
DRB1*03:01	0.0	0.0	0.29195926	0.40359405
DRB1*03:01	0.0	0.084686644	0.2716591	0.21090797
DRB1*04:05	0.0	0.084686644	0.27113965	0.19838896
DRB4*01:01	0.0	0.0	0.274068	0.18226501
DRB1*13:02	1.0	0.8078111	0.7284683	0.68741333
DRB1*09:01	0.0	0.7062737	0.7254136	0.68073195
DRB1*01:01	0.0	0.0	0.27627417	0.25480428
DRB1*09:01	0.0	0.0	0.2842333	0.3689027
DQA1*03:03-DQB1*04:02	0.0	0.31870237	0.271179	0.15386817
DRB1*08:02	0.0	0.084686644	0.27466425	0.31331363
DRB3*01:01	0.0	0.2796526	0.27448818	0.21575275
DRB1*03:01	0.0	0.41190773	0.28575262	0.36575165
DRB1*07:01	0.0	0.0	0.27201036	0.29436675
DQA1*01:02-DQB1*05:01	0.0	0.7871874	0.3164598	0.38890013
DQA1*05:01-DQB1*04:02	0.0	0.084686644	0.2711592	0.29807097
DRB1*14:54	0.0	0.674082	0.39053845	0.5158775
DRB1*09:01	0.0	0.22354151	0.33340728	0.47313854
DPA1*01:03-DPB1*04:01	0.0	0.0	0.27196994	0.11500076
DQA1*05:01-DQB1*03:02	0.0	0.24999174	0.27748683	0.3884346
DQA1*01:03-DQB1*06:03	0.0	0.084686644	0.27125418	0.24683791
DRB1*01:01	0.0	0.36156222	0.27655953	0.3410261
DRB1*04:04	0.0	0.3838176	0.2720325	0.37619492
DRB3*03:01	0.0	0.084686644	0.40718275	0.3973544
DRB3*03:01	0.0	0.74971294	0.39894155	0.37766
DRB1*08:02	0.0	0.38311478	0.27431247	0.37963894
DRB1*11:01	0.0	0.0	0.27237713	0.18800041
DRB1*08:02	0.0	0.0	0.27195266	0.21652612
DQA1*01:02-DQB1*05:01	0.0	0.084686644	0.27165553	0.26892546
DRB1*07:01	0.0	0.37712803	0.27551648	0.40201953
DRB1*07:01	0.0	0.0	0.27234247	0.14810008
DRB1*04:01	0.0	0.38939136	0.37280208	0.52837735
DRB1*12:01	0.0	0.0	0.27101415	0.16965094
DRB1*08:01	0.0	0.0	0.27083054	0.22092438
DRB1*09:01	0.0	0.6296289	0.30621076	0.46134874
DQA1*05:01-DQB1*04:02	0.0	0.316406	0.3034222	0.49614617
DRB1*07:01	0.0	0.362678	0.3001572	0.45640185
DPA1*02:01-DPB1*05:01	0.0	0.0	0.272314	-0.10855223
DRB1*14:54	0.0	0.59271634	0.72883296	0.726254
DRB3*02:02	0.0	0.29749924	0.5600798	0.54491067
DRB1*11:01	0.0	0.44930252	0.27192762	0.28089878
DQA1*05:01-DQB1*04:02	0.0	0.47040507	0.7250532	0.6859555
DRB1*04:01	0.0	0.0	0.2730614	0.3070735
DRB4*01:03	0.0	0.084686644	0.272137	0.29100326
DQA1*02:01-DQB1*04:02	0.0	0.42920575	0.27086547	0.29972327
DRB1*03:01	0.0	0.236753	0.2719406	0.20827767
DRB5*01:01	0.0	0.29749924	0.40371948	0.37661114
DQA1*05:01-DQB1*02:01	0.0	0.18684538	0.27123833	0.25233188
DRB1*13:01	1.0	0.93593705	0.47518703	0.6172868
DQA1*05:01-DQB1*03:02	0.0	0.31928548	0.2709398	0.27863863
DQA1*02:01-DQB1*03:03	0.0	0.084686644	0.27088374	0.25539657
DRB1*08:01	0.0	0.53939843	0.3997942	0.47607616
DRB1*03:01	0.0	0.084686644	0.5592345	0.49349758
DRB1*03:01	0.0	0.1945251	0.27188066	0.14375246
DRB5*01:01	0.0	0.5432769	0.7278088	0.7229527
DRB1*03:01	0.0	0.61138827	0.27203894	0.13241532
DPA1*03:01-DPB1*04:02	0.0	0.36836886	0.29825854	0.38082048
DRB1*03:01	0.0	0.0	0.27200288	0.26125827
DRB1*15:01	0.0	0.0	0.27525944	0.21333775
DRB1*14:54	0.0	0.2643126	0.27199098	0.35300687
DRB1*07:01	0.0	0.31138507	0.27206457	0.2520076
DPB1*04:01	0.0	0.0	0.2713289	0.11301809
DRB1*04:05	0.0	0.2595332	0.27136445	0.1377103
DRB3*01:01	0.0	0.50150293	0.5385978	0.5276894
DQA1*02:01-DQB1*03:03	0.0	0.29176572	0.44848803	0.36852935
DRB1*07:01	0.0	0.084686644	0.408976	0.5163433
DRB1*03:01	0.0	0.0	0.27203137	0.18437868
DPA1*02:01-DPB1*05:01	0.0	0.0	0.27131352	0.020497829
DRB1*08:01	0.0	0.6141892	0.31262767	0.43497655
DRB3*01:01	0.0	0.2599632	0.28823552	0.32320192
DRB1*03:01	0.0	0.60220397	0.7288603	0.6379719
DRB4*01:03	0.0	0.50713235	0.2714467	0.33342323
DRB1*03:01	0.0	0.45172212	0.27182546	0.31194404
DRB1*13:01	0.0	0.5375186	0.33784026	0.40145186
DRB1*04:05	0.0	0.0	0.2715487	0.12616482
DQA1*05:01-DQB1*03:02	0.0	0.084686644	0.2708259	0.24488506
DRB1*09:01	0.0	0.42581022	0.30205685	0.40914154
DRB1*13:01	0.0	0.084686644	0.2752338	0.23538864
DRB1*15:02	0.0	0.084867045	0.27189034	0.20492572
DRB1*15:01	0.0	0.71861506	0.34742814	0.42479697
DRB1*11:01	1.0	0.87187403	0.72860307	0.69229096
DRB1*01:01	0.0	0.0	0.27781564	0.27306935
DQA1*05:01-DQB1*03:03	0.0	0.3664977	0.27154008	0.27110294
DRB1*13:01	0.0	0.6127781	0.72876763	0.69438803
DRB1*04:04	0.0	0.31726047	0.27153826	0.31330287
DRB1*12:01	0.0	0.0	0.2709468	0.07232372
DQA1*05:01-DQB1*02:01	0.0	0.043365393	0.28828847	0.4783015
DRB3*02:02	0.0	0.27173463	0.27138278	0.23046198
DRB1*13:02	0.0	0.04721221	0.272156	0.06302873
DRB1*13:01	0.0	0.0	0.2736802	0.28343686
DRB3*02:02	0.0	0.35714093	0.27171576	0.30502042
DRB1*09:01	0.0	0.38024247	0.27151617	0.3374342
DRB1*07:01	0.0	0.0	0.2720871	0.2760161
DQA1*01:03-DQB1*06:03	0.0	0.10287048	0.2709465	0.14430949
DRB5*01:01	1.0	0.8201525	0.4117798	0.39605018
DPA1*01:03-DPB1*04:01	0.0	0.0	0.29620957	0.3209071
DPA1*02:01-DPB1*05:01	0.0	0.0	0.2716557	0.003280826
DRB1*11:01	0.0	0.5126518	0.2719313	0.25636896
DRB5*01:01	0.0	0.091597825	0.4671403	0.5182717
DQA1*02:01-DQB1*04:02	0.0	0.5820812	0.27088648	0.31266037
DRB1*09:01	0.0	0.084686644	0.2871405	0.3892885
DQA1*03:03-DQB1*04:02	0.0	0.44858882	0.2711183	0.29129472
DRB5*01:01	0.0	0.5426191	0.6881487	0.7467563
DRB1*14:54	0.0	0.68261945	0.7287698	0.75041944
DRB1*11:01	0.0	0.36100933	0.2732429	0.18980694
DRB3*03:01	0.0	0.56986547	0.530085	0.6938421
DRB1*07:01	1.0	0.8569691	0.7287599	0.71567416
DQA1*03:01-DQB1*03:02	0.0	0.37712803	0.590391	0.54253733
DQA1*02:01-DQB1*03:01	0.0	0.084686644	0.28233346	0.3812082
DRB3*02:02	0.0	0.0	0.27395025	0.19832951
DRB1*04:04	0.0	0.25259855	0.27151632	0.25085896
DRB3*02:02	0.0	0.30223992	0.2713456	0.23548189
DRB1*04:04	0.0	0.5036277	0.27252638	0.32156795
DRB1*04:01	0.0	0.16943108	0.45718178	0.41130385
DRB1*09:01	0.0	0.48360783	0.3400024	0.3374896
DRB1*09:01	0.0	0.27159485	0.27192384	0.35058513
DPB1*04:01	0.0	0.04721221	0.27136922	0.21821162
DRB1*11:01	0.0	0.0	0.2724037	0.1441808
DRB5*01:01	1.0	0.8078111	0.41125715	0.38762772
DRB1*13:01	0.0	0.6796851	0.7288959	0.70658267
DRB1*04:01	0.0	0.45445895	0.3441302	0.4559346
DRB3*03:01	0.0	0.5771899	0.4026115	0.40447906
DRB1*07:01	1.0	0.8078111	0.27888328	0.3819488
DQA1*05:01-DQB1*03:03	0.0	0.5075799	0.27080724	0.23620859
DQB1*03:01	0.0	0.17969052	0.28965485	0.32343632
DRB1*14:54	0.0	0.48570848	0.27267325	0.3829357
DQA1*02:01-DQB1*03:01	0.0	0.6768411	0.2735902	0.41074663
DRB1*15:01	1.0	1.0	0.728851	0.69970524
DRB1*11:01	0.0	0.0	0.27284905	0.16497636
DRB3*03:01	0.0	0.48858568	0.40312663	0.4398456
DRB1*08:02	0.0	0.46018842	0.27269164	0.27016246
DRB1*04:04	0.0	0.22870712	0.2735829	0.27866915
DRB1*11:01	0.0	0.5210823	0.2818239	0.36535186
DPA1*03:01-DPB1*04:02	0.0	0.0	0.2723825	0.12393565
DQA1*05:01-DQB1*04:02	0.0	0.6461442	0.40029648	0.48057202
DQA1*05:01-DQB1*03:03	0.0	0.3874143	0.33847043	0.41880652
DRB4*01:03	0.0	0.35565513	0.2723844	0.34099635
DRB1*09:01	0.0	0.37945396	0.27127948	0.34408084
DRB3*02:02	0.0	0.084686644	0.4571651	0.2734461
DRB3*02:02	0.0	0.40397212	0.27149978	0.17824078
DRB1*04:04	0.0	0.084686644	0.27148095	0.14457268
DQA1*05:01-DQB1*04:02	0.0	0.2851867	0.27127618	0.18309292
DQA1*02:01-DQB1*03:01	0.0	0.39816278	0.27233627	0.28692326
DRB5*01:01	0.0	0.084686644	0.4559805	0.49264428
DRB3*01:01	0.0	0.28283057	0.27102792	0.21560785
DRB1*01:01	1.0	0.93142766	0.28416365	0.3054667
DRB5*01:01	0.0	0.32895827	0.39207786	0.27150112
DRB1*01:01	0.0	0.0	0.27386513	0.19637427
DRB1*03:01	0.0	0.084686644	0.2885099	0.36880252
DPA1*02:01-DPB1*05:01	0.0	0.0	0.2739095	0.07681561
DRB3*02:02	0.0	0.0	0.2714239	0.20158958
DRB1*08:01	0.0	0.3311934	0.3796094	0.42760888
DRB1*04:01	0.0	0.25922725	0.27146468	0.31534788
DRB1*04:01	0.0	0.6178141	0.27137065	0.27498844
DRB1*07:01	0.0	0.43075585	0.4820155	0.4904094
DRB1*15:01	0.0	0.0	0.27256355	0.21947107
DRB3*03:01	0.0	0.63132477	0.45222387	0.5893252
DRB3*01:01	0.0	0.71431553	0.27143514	0.19671476
DRB1*04:01	0.0	0.5487152	0.2729986	0.19885543
DRB1*09:01	0.0	0.39166728	0.2715294	0.23173803
DQA1*05:01-DQB1*03:02	0.0	0.084686644	0.27085173	0.25184494
DRB1*14:54	0.0	0.6366076	0.2721075	0.415095
DRB4*01:01	0.0	0.084686644	0.27200323	0.08889452
DRB1*08:02	0.0	0.12065081	0.2719977	0.18324566
DRB1*04:01	0.0	0.4759707	0.27178425	0.105680235
DRB1*13:02	0.0	0.0	0.27188078	0.20027617
DRB1*04:01	0.0	0.42692825	0.27424654	0.30676538
DQA1*01:02-DQB1*05:01	0.0	0.54663813	0.2784341	0.42975107
DQA1*02:01-DQB1*03:03	0.0	0.54131734	0.5371747	0.5661963
DRB1*11:01	0.0	0.6768411	0.5063847	0.5926595
DQA1*01:02-DQB1*05:01	0.0	0.65906143	0.2894375	0.47234425
DRB1*04:04	0.0	0.5093922	0.48310122	0.50012535
DRB5*01:01	0.0	0.084686644	0.39088643	0.2848939
DRB1*04:04	0.0	0.2649603	0.27137163	0.19617924
DRB5*01:01	0.0	0.0	0.3938528	0.24458262
DRB3*02:02	0.0	0.6060289	0.39558747	0.38252145
DRB4*01:01	0.0	0.084686644	0.2716804	0.12127767
DRB1*14:54	0.0	0.6461442	0.4401618	0.6031559
DRB1*14:54	0.0	0.32219717	0.27461365	0.40825555
DQA1*06:01-DQB1*04:02	0.0	0.27776712	0.30443755	0.34345794
DRB1*07:01	0.0	0.7871874	0.6960577	0.67455006
DRB3*01:01	0.0	0.084686644	0.2707938	0.09234954
DRB1*15:01	0.0	0.0	0.2729268	0.1611284
DQA1*05:01-DQB1*03:02	0.0	0.084686644	0.31101224	0.3572375
DRB3*02:02	0.0	0.084686644	0.27137652	0.31812248
DQA1*05:01-DQB1*03:02	0.0	0.28188908	0.27144593	0.27839372
DPA1*02:01-DPB1*01:01	0.0	0.0	0.27263543	0.12014287
DQA1*02:01-DQB1*03:01	0.0	0.42488876	0.29137477	0.36490574
DRB1*07:01	0.0	0.38264915	0.72760844	0.68511856
DRB1*13:01	1.0	0.85125035	0.7275668	0.7216087
DRB1*15:01	0.0	0.29431975	0.27304927	0.31598955
DQA1*02:01-DQB1*04:02	0.0	0.084686644	0.2709665	0.30616197
DRB1*01:01	0.0	0.49619684	0.30103555	0.34264892
DRB1*12:01	0.0	0.114977516	0.27137184	0.24724302
DRB1*04:01	0.0	0.0	0.2720289	0.2154794
DRB1*11:01	0.0	0.46687254	0.27311346	0.42003724
DRB3*01:01	0.0	0.30316883	0.27843636	0.39797363
DRB3*02:02	0.0	0.0	0.27151686	0.16617167
DRB1*07:01	0.0	0.18451624	0.2715184	0.32276788
DRB1*15:01	0.0	0.4631921	0.2748947	0.28880998
DRB1*07:01	0.0	0.0	0.4488676	0.3518975
DRB1*13:02	0.0	0.0	0.27150175	0.2471726
DRB1*04:01	0.0	0.0	0.2738058	0.18628544
DQA1*05:01-DQB1*02:01	0.0	0.0	0.27122134	0.29251423
DQA1*01:02-DQB1*06:02	0.0	0.32292444	0.27094233	0.17984453
DQA1*02:01-DQB1*03:01	0.0	0.6231404	0.27344838	0.31407228
DRB1*13:02	0.0	0.64221066	0.29087895	0.34837523
DRB1*08:02	0.0	0.6768411	0.529289	0.508132
DQA1*05:01-DQB1*04:02	0.0	0.084686644	0.27161837	0.24573275
DRB1*13:02	0.0	0.28991675	0.27169308	0.31534398
DQA1*03:01-DQB1*03:02	0.0	0.27124634	0.27289984	0.15026435
DQA1*05:01-DQB1*03:02	0.0	0.18281713	0.2708788	0.24314639
DQA1*02:01-DQB1*04:02	0.0	0.084686644	0.27082077	0.2575206
DQA1*01:01-DQB1*05:01	0.0	0.27795395	0.27104902	0.121647455
DRB1*03:01	0.0	0.64221066	0.7288878	0.6489028
DRB1*08:02	0.0	0.0	0.27135095	0.22807023
DRB1*08:02	0.0	0.28111175	0.27245325	0.26558188
DRB1*04:05	0.0	0.44741145	0.27147153	0.1917083
DRB1*07:01	0.0	0.5781477	0.27375028	0.44923076
DRB1*04:01	0.0	0.27332178	0.27159905	0.24537054
DRB1*15:01	0.0	0.49307677	0.3347302	0.45297775
DRB1*09:01	0.0	0.6768411	0.38108703	0.4827033
DRB3*01:01	0.0	0.0	0.2709599	0.3038583
DQA1*05:01-DQB1*03:03	0.0	0.46181467	0.30878857	0.31731793
DRB1*08:01	0.0	0.5544935	0.5419066	0.60544807
DQA1*06:01-DQB1*04:02	0.0	0.20510249	0.27102995	0.24834764
DQA1*02:01-DQB1*03:03	0.0	0.21735892	0.27084082	0.26775154
DQA1*03:03-DQB1*04:02	0.0	0.47533548	0.2719234	0.2522167
DRB3*03:01	0.0	0.4900586	0.39679858	0.27494735
DRB1*08:02	0.0	0.7959039	0.49709657	0.5876357
DRB1*08:01	0.0	0.4737663	0.27099156	0.21510059
DRB1*01:01	0.0	0.29387432	0.27582774	0.30415556
DQA1*06:01-DQB1*04:02	0.0	0.084686644	0.27088466	0.18386266
DRB1*07:01	0.0	0.084686644	0.27499232	0.27864933
DQB1*03:01	0.0	0.47222328	0.28425896	0.30927464
DRB1*04:04	0.0	0.56812155	0.30955637	0.44853285
DRB1*07:01	0.0	0.084686644	0.27219924	0.15585884
DRB1*07:01	0.0	0.29749924	0.27201343	0.23247612
DQA1*02:01-DQB1*03:03	0.0	0.29870862	0.2708256	0.20900774
DRB1*04:01	0.0	0.17411399	0.27142254	0.274462
DRB1*13:01	0.0	0.7629388	0.27768824	0.4422607
DRB1*04:05	0.0	0.41351512	0.27118668	0.202788
DQA1*02:01-DQB1*03:01	0.0	0.46459037	0.27277818	0.29268435
DRB1*13:02	0.0	0.0	0.27236882	0.15449795
DPB1*04:02	0.0	0.5830913	0.2709492	0.18140426
DRB1*13:02	0.0	0.53939843	0.4969895	0.37112227
DRB1*07:01	0.0	0.3461083	0.5498558	0.50330544
DRB1*13:02	0.0	0.22074027	0.27461576	0.29326382
DRB1*11:01	0.0	0.084686644	0.27328366	0.29269508
DRB1*03:01	0.0	0.0	0.2717438	0.25560775
DRB1*08:01	0.0	0.63305235	0.44947144	0.4913679
DRB1*01:01	0.0	0.12450104	0.27571824	0.19804111
DQA1*01:01-DQB1*05:01	0.0	0.32040364	0.27202305	0.09372636
DRB5*01:01	0.0	0.084686644	0.3831979	0.18276668
DQA1*06:01-DQB1*04:02	0.0	0.084686644	0.27123824	0.29121274
DRB1*04:01	0.0	0.31068957	0.32092375	0.47007754
DQA1*06:01-DQB1*04:02	0.0	0.48570848	0.27093792	0.19088104
DRB4*01:03	0.0	0.72312444	0.27359566	0.41805604
DRB1*04:04	0.0	0.02536437	0.27254784	0.28901634
DQA1*06:01-DQB1*04:02	0.0	0.3068783	0.27095366	0.26862463
DRB1*01:01	0.0	0.0	0.70589167	0.6788078
DRB1*03:01	0.0	0.33125994	0.5258218	0.5921086
DQA1*06:01-DQB1*04:02	0.0	0.084686644	0.2709515	0.24505731
DRB4*01:03	1.0	0.8984626	0.47443154	0.62617207
DRB5*01:01	0.0	0.0	0.40373924	0.41494623
DQA1*02:01-DQB1*04:02	0.0	0.084686644	0.27077642	0.19860402
DRB3*01:01	0.0	0.0	0.41126606	0.35135445
DPA1*01:03-DPB1*04:01	0.0	0.0	0.2738255	0.04248687
DPA1*02:01-DPB1*05:01	0.0	0.0	0.271924	0.083628826
DRB5*01:01	0.0	0.084686644	0.39218625	0.27736044
DRB3*03:01	0.0	0.61138827	0.44845644	0.58715343
DRB3*02:02	0.0	0.0	0.2719325	0.14691094
DRB3*01:01	0.0	0.0	0.27102825	0.10343919
DQA1*03:03-DQB1*04:02	0.0	0.2609848	0.27105138	0.16951188
DRB1*04:01	1.0	0.8125518	0.30737635	0.37404692
DRB4*01:03	0.0	0.6662669	0.3136018	0.49325016
DQA1*05:01-DQB1*03:02	0.0	0.15717205	0.2709385	0.30261377
DQA1*02:01-DQB1*04:02	0.0	0.084686644	0.2707984	0.26077262
DRB5*01:01	0.0	0.084686644	0.3899288	0.35454074
DRB1*08:02	0.0	0.24548766	0.2723536	0.2635235
DQA1*03:03-DQB1*04:02	0.0	0.084686644	0.27102643	0.19576585
DRB1*04:05	0.0	0.50985086	0.27112177	0.21527332
DQA1*06:01-DQB1*04:02	0.0	0.084686644	0.2708883	0.19577199
DRB1*14:54	0.0	0.4380723	0.27192047	0.40373483
DRB1*01:01	0.0	0.0	0.27522478	0.17219752
DQA1*06:01-DQB1*04:02	0.0	0.084686644	0.27150467	0.2394199
DRB1*08:01	0.0	0.30915663	0.519295	0.49435362
DQA1*02:01-DQB1*03:01	0.0	0.084686644	0.27606338	0.37825826
DPA1*02:01-DPB1*01:01	0.0	0.0	0.27256086	0.05838812
DRB1*01:01	0.0	0.51953757	0.355409	0.43417093
DRB1*09:01	0.0	0.26002482	0.2715106	0.279076
DQA1*02:01-DQB1*03:01	0.0	0.25099212	0.27214685	0.19509616
DRB4*01:03	0.0	0.49779728	0.27326405	0.33372715
DQA1*05:01-DQB1*04:02	0.0	0.27588275	0.2712606	0.26053515
DRB3*03:01	0.0	0.22283836	0.39029816	0.39891526
DPA1*02:01-DPB1*05:01	0.0	0.0	0.27169988	0.06094905
DQA1*05:01-DQB1*04:02	0.0	0.084686644	0.27120852	0.31975076
DRB3*03:01	0.0	0.35166746	0.4751127	0.67342705
DRB1*09:01	0.0	0.63305235	0.27132073	0.3448334
DRB1*04:01	0.0	0.71431553	0.27348873	0.25049958
DRB1*08:01	0.0	0.1208078	0.2716694	0.2978875
DRB1*13:01	0.0	0.25551546	0.27450874	0.23109469
DQA1*06:01-DQB1*04:02	0.0	0.2718396	0.55464685	0.61313504
DRB1*14:54	0.0	0.7629388	0.2738788	0.48235342
DRB1*01:01	0.0	0.51902837	0.27814192	0.26518452
DRB1*13:02	0.0	0.43193576	0.48320922	0.4291092
DQA1*03:01-DQB1*03:01	0.0	0.04721221	0.28829855	0.36368406
DRB1*01:01	0.0	0.0	0.27488196	0.22082257
DRB1*03:01	0.0	0.48360783	0.2720305	0.27527013
DRB1*13:02	1.0	0.80220795	0.40481925	0.41103992
DPA1*02:01-DPB1*05:01	0.0	0.0	0.272651	-0.017117642
DRB1*14:54	0.0	0.71861506	0.27168888	0.4512672
DRB1*12:01	0.0	0.0	0.27121952	0.0072160363
DRB1*03:02	0.0	0.0	0.27375662	0.20062396
DQA1*05:01-DQB1*03:02	0.0	0.084686644	0.27092633	0.27483407
DRB5*01:01	0.0	0.0	0.3992321	0.4419376
DRB5*01:01	0.0	0.0	0.38978732	0.23044094
DRB1*14:54	1.0	0.8078111	0.34746328	0.5809943
DQA1*02:01-DQB1*03:03	0.0	0.52753305	0.2709684	0.28477862
DRB1*15:01	0.0	0.084686644	0.27453586	0.18242869
DRB4*01:03	0.0	0.6953878	0.7287316	0.7230246
DRB3*03:01	0.0	0.6953878	0.39846385	0.39370286
DRB5*01:01	0.0	0.7560895	0.45135123	0.53988904
DQA1*02:01-DQB1*03:03	0.0	0.21536133	0.27087712	0.24050266
DRB1*13:02	0.0	0.5487152	0.5608421	0.5621711
DQA1*03:01-DQB1*03:02	0.0	0.29913098	0.36695194	0.30677646
DRB3*03:01	0.0	0.49080396	0.46428013	0.4701794
DRB1*04:04	0.0	0.33266896	0.27297962	0.34857655
DPA1*02:01-DPB1*05:01	0.0	0.0	0.272251	0.18903735
DRB1*03:01	0.0	0.2609537	0.4101222	0.44812354
DRB1*04:01	0.0	0.084686644	0.27158836	0.28956172
DRB1*09:01	0.0	0.33695886	0.2713828	0.37120837
DRB1*03:01	0.0	0.0	0.2721125	0.18203491
DRB1*14:54	0.0	0.4370208	0.27296117	0.39276966
DRB1*09:01	0.0	0.557524	0.2715052	0.3354051
DPA1*03:01-DPB1*04:02	0.0	0.0	0.27304137	0.09126382
DRB1*04:04	0.0	0.5707499	0.4441899	0.5205072
DRB3*02:02	0.0	0.64817554	0.27160874	0.17917392
DRB1*15:01	0.0	0.0	0.27427697	0.17317554
DRB1*01:01	0.0	0.0	0.2797415	0.21888465
DQA1*05:01-DQB1*03:02	0.0	0.17604326	0.27081317	0.19081429
DRB5*01:01	0.0	0.084686644	0.4558293	0.5231034
DRB1*08:01	0.0	0.084686644	0.39010727	0.41838953
DRB1*04:01	0.0	0.084686644	0.27216104	0.19790909
DRB3*03:01	0.0	0.20002401	0.38221404	0.31862926
DQA1*03:03-DQB1*04:02	0.0	0.48535502	0.27499998	0.30769908
DRB1*07:01	0.0	0.4457879	0.27160573	0.3160871
DQA1*06:01-DQB1*04:02	0.0	0.4432929	0.55589706	0.6147967
DRB1*03:01	0.0	0.0	0.27221543	0.21303049
DRB1*13:02	0.0	0.0	0.2754656	0.34082004
DRB3*02:02	0.0	0.0	0.27208063	0.15802208
DRB1*04:01	0.0	0.0	0.27140382	0.22982684
DQA1*05:01-DQB1*03:02	0.0	0.19999182	0.27083114	0.22091621
DRB5*01:01	0.0	0.02062367	0.3900972	0.21705166
DRB1*08:01	0.0	0.49942595	0.53330445	0.5940775
DRB1*13:02	0.0	0.0	0.27239275	0.26479772
DQA1*01:01-DQB1*05:01	0.0	0.3399823	0.27175882	0.09521163
DRB1*08:01	0.0	0.640305	0.2708838	0.36423126
DRB1*13:02	0.0	0.02062367	0.27156386	0.13642651
DQA1*05:01-DQB1*03:02	0.0	0.48326233	0.27098978	0.29233
DRB3*01:01	0.0	0.09987043	0.2708263	0.17044613
DQA1*05:01-DQB1*04:02	0.0	0.23670511	0.27115712	0.24245846
DRB1*03:01	0.0	0.46980685	0.277811	0.42290685
DRB3*02:02	0.0	0.3994071	0.27154502	0.18488187
DQA1*06:01-DQB1*04:02	0.0	0.48326233	0.27089232	0.23418486
DRB1*04:04	0.0	0.56307906	0.39583364	0.53188795
DRB1*03:01	1.0	1.0	0.72883373	0.6884317
DRB1*07:01	0.0	0.18320544	0.27260208	0.3638424
DQA1*06:01-DQB1*04:02	0.0	0.30672497	0.2709492	0.30484852
DRB1*03:01	0.0	0.77837855	0.42001486	0.46527407
DQA1*02:01-DQB1*03:03	0.0	0.41954488	0.27095684	0.3115948
DRB1*04:05	0.0	0.25183412	0.27146348	0.22601813
DRB3*01:01	0.0	0.48087928	0.2708917	0.18428221
DRB1*01:01	0.0	0.26656196	0.31219822	0.3898715
DRB3*01:01	0.0	0.084686644	0.2708507	0.15891841
DRB3*01:01	0.0	0.24462304	0.4574815	0.4502277
DRB3*03:01	0.0	0.30272767	0.38650554	0.35776508
DRB5*01:01	1.0	1.0	0.46654537	0.45923504
DRB1*08:01	0.0	0.084686644	0.27080002	0.22123796
DQA1*01:03-DQB1*06:03	0.0	0.20895691	0.2710534	0.16384351
DRB1*11:01	0.0	0.15061682	0.2733225	0.27222726
DRB3*02:02	0.0	0.18138522	0.2812536	0.32593906
DRB1*08:01	0.0	0.09074028	0.27194038	0.2853351
DQA1*02:01-DQB1*03:03	0.0	0.084686644	0.27079082	0.135187
DRB1*03:01	0.0	0.0	0.27147186	0.10334929
DRB1*15:01	0.0	0.0	0.7271472	0.582873
DRB3*01:01	0.0	0.3520836	0.53438556	0.55166566
DRB1*11:01	0.0	0.084686644	0.27240697	0.28832507
DRB1*07:01	0.0	0.6461442	0.29039982	0.4767644
DQA1*03:03-DQB1*04:02	0.0	0.084686644	0.27101862	0.2148819
DRB5*01:01	0.0	0.084686644	0.39469677	0.33698094
DRB1*13:01	0.0	0.20618008	0.27418226	0.25508732
DQA1*03:01-DQB1*03:02	0.0	0.27511787	0.27112573	0.17973778
DQA1*02:01-DQB1*04:02	0.0	0.15127936	0.27082905	0.24483767
DRB4*01:01	0.0	0.084686644	0.28000575	0.3279011
DRB1*07:01	0.0	0.30811405	0.2721232	0.25388017
DRB1*04:04	0.0	0.084686644	0.27387586	0.21193328
DRB1*07:01	0.0	0.3983002	0.27208072	0.12603343
DQA1*05:01-DQB1*03:03	0.0	0.5997392	0.43914604	0.4261237
DRB1*09:01	0.0	0.0	0.27136746	0.26336324
DRB1*03:01	0.0	0.059987713	0.5222091	0.50441134
DRB1*01:01	0.0	0.0	0.27687845	0.14500102
DRB1*14:54	0.0	0.50713235	0.27410185	0.4505771
DRB1*03:01	0.0	0.084686644	0.27182856	0.25828096
DRB1*13:02	0.0	0.0	0.2729412	0.06225536
DQA1*05:01-DQB1*03:03	0.0	0.26318997	0.27102098	0.2094079
DQA1*01:02-DQB1*05:01	0.0	0.6073399	0.27963704	0.37630358
DRB1*13:01	0.0	0.31079623	0.27372915	0.2102809
DRB1*07:01	0.0	0.084686644	0.2721673	0.19696346
DRB1*03:01	0.0	0.51554024	0.2718304	0.16721788
DRB1*13:01	0.0	0.60096335	0.7288132	0.6922122
DRB1*14:54	0.0	0.6231404	0.27291453	0.38616648
DRB5*01:01	0.0	0.084686644	0.41496068	0.35090822
DRB1*15:01	0.0	0.0	0.27315003	0.25762036
DQA1*02:01-DQB1*03:03	0.0	0.557524	0.5433987	0.6025342
DRB1*13:01	0.0	0.55599636	0.27485174	0.2850711
DRB1*01:01	0.0	0.084686644	0.28791013	0.3925042
DRB1*13:01	0.0	0.0	0.27427518	0.28929773
DQA1*01:01-DQB1*05:01	0.0	0.0	0.27252838	-0.0116532445
DRB4*01:03	0.0	0.77837855	0.4571806	0.6156059
DRB1*09:01	0.0	0.3328043	0.27232045	0.27657625
DRB1*15:01	0.0	0.11073455	0.27364674	0.18652472
DRB5*01:01	0.0	0.084686644	0.38642198	0.21531549
DQA1*01:02-DQB1*05:01	0.0	0.5426191	0.27168334	0.30103043
DRB4*01:03	0.0	0.084686644	0.27237794	0.30315867
DRB1*04:04	0.0	0.3627716	0.2716508	0.28039834
DQA1*01:01-DQB1*05:01	0.0	0.0	0.27246648	-0.02237834
DQA1*03:01-DQB1*03:02	0.0	0.512179	0.2719622	0.11962805
DRB1*03:01	0.0	0.0	0.3560079	0.39209697
DRB4*01:03	0.0	0.77837855	0.47886	0.43481478
DRB3*02:02	0.0	0.0	0.27182266	0.22671703
DRB3*02:02	0.0	0.084686644	0.2734155	0.2967144
DRB1*14:54	0.0	0.598531	0.27450696	0.442687
DRB1*09:01	0.0	0.4660101	0.44877297	0.44541296
DRB3*02:02	0.0	0.084686644	0.27170175	0.15928057
DQA1*03:01-DQB1*03:02	0.0	0.0	0.2726977	-0.01763136
DRB5*01:01	0.0	0.14838988	0.40454397	0.3993145
DRB3*03:01	0.0	0.084686644	0.39606255	0.3096142
DQA1*05:01-DQB1*04:02	0.0	0.5350701	0.714314	0.6525419
DRB1*08:02	0.0	0.23913042	0.27161914	0.29973474
DRB4*01:01	0.0	0.0	0.27139163	0.19383848
DQA1*05:01-DQB1*02:01	0.0	0.34848437	0.27120325	0.289145
DRB1*08:02	0.0	0.34318376	0.27235025	0.3093364
DRB1*15:01	0.0	0.02062367	0.37278497	0.40403116
DRB1*09:01	0.0	0.26142165	0.27163136	0.29607025
DRB3*01:01	0.0	0.0	0.27174148	0.28298575
DRB5*01:01	0.0	0.42692825	0.39075464	0.302792
DQB1*03:02	0.0	0.0	0.273457	0.14626202
DQA1*01:02-DQB1*05:01	0.0	0.64817554	0.2717243	0.32486662
DRB1*14:54	0.0	0.47252983	0.27244335	0.29146454
DRB1*04:01	0.0	0.0	0.27162105	0.22143838
DQA1*02:01-DQB1*04:02	0.0	0.2469202	0.27092642	0.28692886
DQA1*01:02-DQB1*05:01	0.0	0.53209805	0.3016226	0.43202385
DRB1*01:01	0.0	0.54527897	0.3437755	0.40323046
DRB1*03:01	0.0	0.084686644	0.27269503	0.3028119
DRB1*07:01	1.0	0.8201525	0.2832613	0.39508054
DRB1*01:01	0.0	0.640305	0.5515713	0.5570253
DRB1*08:01	0.0	0.53939843	0.2713737	0.30364612
DPA1*02:01-DPB1*05:01	0.0	0.0	0.2715211	-0.1582981
DRB1*09:01	0.0	0.50319886	0.4203979	0.5295664
DRB1*11:01	0.0	0.0	0.27352023	0.063367374
DRB1*14:54	0.0	0.7560895	0.45641664	0.6448699
DRB3*01:01	0.0	0.0	0.2854837	0.22475794
DRB1*11:01	0.0	0.0	0.29999495	0.47002557
DRB5*01:01	1.0	1.0	0.7289305	0.7577406
DRB1*01:01	0.0	0.0	0.27839178	0.24702826
DQA1*06:01-DQB1*04:02	0.0	0.084686644	0.32601044	0.3773245
DRB5*01:01	0.0	0.7278651	0.4085086	0.42099342
DRB1*11:01	0.0	0.15908493	0.27183753	0.34997895
DRB1*03:01	0.0	0.6614014	0.27269924	0.4171529
DRB1*15:01	0.0	0.7437481	0.29992303	0.47261605
DRB3*03:01	0.0	0.65906143	0.72860247	0.80051494
DRB1*04:04	0.0	0.6366076	0.4201053	0.5008198
DRB1*09:01	0.0	0.5997392	0.27179936	0.3939482
DRB3*03:01	0.0	0.42434025	0.40065044	0.39641237
DRB4*01:03	0.0	0.31951976	0.27394256	0.35107344
DRB1*04:04	0.0	0.0	0.36529243	0.3640399
DRB1*13:01	0.0	0.31477612	0.27389842	0.26452935
DRB1*07:01	0.0	0.62796354	0.3002109	0.39739612
DQA1*05:01-DQB1*03:02	0.0	0.31026414	0.27092263	0.23760697
DQA1*05:01-DQB1*04:02	0.0	0.55228406	0.7271982	0.6643118
DRB1*01:01	0.0	0.0	0.2765883	0.26649517
DRB5*01:01	0.0	0.084686644	0.45672113	0.53679
DRB1*03:01	0.0	0.0	0.27592626	0.24982885
DRB3*01:01	0.0	0.0	0.4053901	0.34585232
DRB1*04:01	0.0	0.0037729049	0.27149302	0.24596071
DRB1*04:01	0.0	0.0	0.2882276	0.43811396
DQA1*05:01-DQB1*04:02	0.0	0.36836886	0.27123886	0.38235682
DQA1*02:01-DQB1*03:01	0.0	0.084686644	0.2761431	0.32060185
DPA1*02:01-DPB1*05:01	0.0	0.0	0.2721267	0.002633378
DRB5*01:01	0.0	0.084686644	0.3744921	0.17141715
DRB1*09:01	0.0	0.084686644	0.30265707	0.48553404
DRB1*07:01	0.0	0.0	0.28284103	0.31852576
DRB1*09:01	0.0	0.43233243	0.60884535	0.7078837
DRB1*07:01	0.0	0.09588385	0.27222195	0.36561665
DQA1*02:01-DQB1*04:02	0.0	0.5221266	0.5429766	0.6389254
DQA1*01:02-DQB1*05:01	0.0	0.22842216	0.27333444	0.29861844
DRB1*08:01	0.0	0.22932386	0.27133158	0.3160664
DQA1*05:01-DQB1*03:03	0.0	0.52978736	0.4384897	0.44142577
DRB1*08:01	0.0	0.0	0.33168507	0.36597732
DRB3*01:01	0.0	0.18864937	0.2708934	0.20498064
DRB1*09:01	0.0	0.4439667	0.72326046	0.71599644
DRB3*01:01	0.0	0.0	0.35152987	0.3568236
DRB1*09:01	0.0	0.5938504	0.272279	0.38231233
DRB1*04:04	0.0	0.5165235	0.38725874	0.46313128
DQA1*02:01-DQB1*03:01	0.0	0.46459037	0.3811314	0.4238756
DRB3*01:01	0.0	0.0	0.27078542	0.14760143
DRB3*01:01	0.0	0.52587765	0.27083105	0.21354488
DQA1*05:01-DQB1*02:01	0.0	0.0	0.27202708	0.2098583
DRB5*01:01	0.0	0.3462648	0.46798414	0.5331874
DRB1*11:01	0.0	0.084686644	0.27247792	0.16300869
DRB1*03:01	0.0	0.0	0.33866867	0.46635965
DQA1*02:01-DQB1*03:01	0.0	0.4351578	0.27240565	0.19697073
DRB4*01:01	0.0	0.13587254	0.27131099	0.23886883
DRB3*02:02	0.0	0.0	0.27208912	0.048433073
DRB3*02:02	0.0	0.084686644	0.27175245	0.1556426
DRB1*07:01	0.0	0.084686644	0.27146256	0.22913793
DQA1*03:01-DQB1*03:02	0.0	0.21145475	0.2712237	0.1523614
DRB1*04:04	0.0	0.084686644	0.2717196	0.26017955
DRB1*11:01	0.0	0.0	0.27189028	0.27615622
DRB1*13:01	0.0	0.22082087	0.41682276	0.50015783
DRB1*07:01	0.0	0.0	0.276159	0.30476162
DRB1*01:01	0.0	0.5743748	0.54057246	0.2693247
DQA1*05:01-DQB1*03:03	0.0	0.5716429	0.3764553	0.43475077
DRB3*02:02	0.0	0.084686644	0.27205536	0.24116412
DRB1*04:04	0.0	0.19170222	0.27337638	0.37055477
DRB1*08:01	0.0	0.35811523	0.3639595	0.33824554
DRB4*01:03	1.0	0.8984626	0.7282572	0.76731783
DQA1*05:01-DQB1*02:01	0.0	0.7560895	0.27119675	0.27241188
DRB4*01:01	0.0	0.0	0.27168038	0.18168965
DRB1*15:01	0.0	0.0	0.27279207	0.12484328
DRB3*01:01	0.0	0.7437481	0.27093804	0.24678206
DRB1*03:01	0.0	0.0	0.27561203	0.31034157
DQA1*06:01-DQB1*04:02	0.0	0.32831106	0.5408108	0.54828614
DRB3*03:01	0.0	0.51031184	0.46723238	0.5494044
DRB3*02:02	1.0	0.8078111	0.7288346	0.6828591
DQA1*05:01-DQB1*03:02	0.0	0.084686644	0.27097958	0.17084867
DRB1*03:01	0.0	0.374966	0.27394146	0.42080846
DRB1*04:04	0.0	0.4874962	0.27189884	0.34663025
DRB3*01:01	0.0	0.084686644	0.27077138	0.120762445
DRB1*01:01	0.0	0.61562216	0.2872777	0.32197666
DRB1*15:01	0.0	0.2609537	0.27281415	0.24165091
DRB1*08:01	0.0	0.54527897	0.3179911	0.40846983
DRB1*13:01	0.0	0.55829746	0.27437449	0.3076971
DRB1*07:01	0.0	0.6714029	0.4317688	0.4694222
DRB5*01:01	1.0	0.83439964	0.7283399	0.7327324
DRB1*03:01	0.0	0.11634074	0.27465382	0.22429815
DRB1*04:05	0.0	0.37945396	0.36641058	0.40584177
DRB1*13:02	0.0	0.0	0.27209872	0.16284966
DRB1*04:05	0.0	0.0	0.27116168	0.13427076
DRB1*04:05	0.0	0.324582	0.27382582	0.34585094
DPA1*02:01-DPB1*01:01	0.0	0.0	0.2883754	0.20329496
DQA1*02:01-DQB1*04:02	0.0	0.5614576	0.5339786	0.58698726
DRB1*15:02	0.0	0.13895456	0.2710786	0.1117193
DRB5*01:01	0.0	0.77837855	0.7289838	0.76734203
DRB1*03:01	0.0	0.0	0.40052378	0.394793
DQA1*05:01-DQB1*03:02	0.0	0.5075799	0.28689018	0.41081354
DRB1*12:01	0.0	0.0	0.27094814	0.092416026
DRB1*14:54	0.0	0.084686644	0.27448803	0.40137562
DQA1*01:02-DQB1*05:01	1.0	0.85125035	0.72716856	0.6885752
DRB1*14:54	0.0	0.4889517	0.2725028	0.39904886
DRB4*01:01	0.0	0.5938504	0.2719325	0.17923093
DRB1*09:01	0.0	0.5075799	0.27183446	0.34754103
DRB1*04:01	0.0	0.15410528	0.35695487	0.34453365
DRB1*15:01	0.0	0.6502526	0.32024562	0.38207972
DRB1*04:01	0.0	0.0	0.27178577	0.07346093
DQB1*03:02	0.0	0.0	0.27145544	0.12822479
DRB3*01:01	0.0	0.0	0.29064193	0.2939525
DRB1*03:01	0.0	0.0	0.27176636	0.24851972
DRB3*02:02	0.0	0.0	0.27141085	0.22757089
DRB1*11:01	0.0	0.4519676	0.71522903	0.66810894
DRB1*04:01	1.0	0.85125035	0.31534097	0.42794868
DRB1*13:02	0.0	0.0	0.27237144	0.040033273
DQA1*02:01-DQB1*03:03	0.0	0.30811405	0.27084512	0.21367493
DRB3*02:02	0.0	0.084686644	0.2717311	0.19700703
DRB1*07:01	0.0	0.51360464	0.27207956	0.26138088
DRB1*13:01	0.0	0.084686644	0.4102678	0.47512445
DQA1*02:01-DQB1*03:03	0.0	0.40095103	0.27082458	0.13374546
DRB1*13:01	0.0	0.5117087	0.27415955	0.29717886
DQA1*05:01-DQB1*03:02	0.0	0.27159485	0.27085236	0.3065996
DRB1*14:54	0.0	0.7437481	0.7287878	0.7403277
DQA1*06:01-DQB1*04:02	0.0	0.338099	0.2711375	0.18998834
DQA1*05:01-DQB1*03:02	0.0	0.084686644	0.27102524	0.1431455
DRB1*01:01	0.0	0.0	0.2822352	0.3152847
DRB5*01:01	1.0	0.93593705	0.4103275	0.38344207
DRB1*13:01	0.0	0.4380723	0.36450997	0.4327214
DRB4*01:03	0.0	0.4654396	0.27357596	0.4105732
DQA1*01:03-DQB1*06:03	0.0	0.21225971	0.27091178	0.19358465
DRB1*15:01	0.0	0.084686644	0.31907088	0.44878265
DRB1*09:01	0.0	0.11316754	0.27124876	0.3723356
DRB1*01:01	0.0	0.14874962	0.27465528	0.27245972
DRB1*11:01	0.0	0.5205645	0.27322003	0.23827955
DPA1*02:01-DPB1*05:01	0.0	0.1876303	0.28131637	0.25180066
DRB1*12:01	0.0	0.0	0.2739588	0.13778976
DQA1*02:01-DQB1*04:02	0.0	0.71020716	0.5341311	0.61525536
DPA1*02:01-DPB1*05:01	0.0	0.0	0.2720585	-0.06331092
DRB3*03:01	0.0	0.32974097	0.40389806	0.37216544
DQA1*02:01-DQB1*02:02	0.0	0.0	0.2719984	0.27981296
DQA1*05:01-DQB1*03:02	0.0	0.41631356	0.2709382	0.3365523
DRB1*03:01	0.0	0.49659437	0.27165198	0.30853453
DRB1*03:01	0.0	0.77837855	0.27580667	0.37107405
DPB1*02:01	0.0	0.0	0.27146664	0.2288402
DQA1*05:01-DQB1*03:03	0.0	0.25539815	0.27824035	0.3334773
DRB1*13:01	0.0	0.21103676	0.27347365	0.2800891
DRB1*01:01	0.0	0.18991035	0.30226848	0.31340986
DRB1*04:01	0.0	0.0	0.7288682	0.6611453
DRB1*11:01	0.0	0.0	0.3876201	0.48015466
DRB1*08:02	0.0	0.084686644	0.52797294	0.5656184
DRB1*08:02	0.0	0.0	0.2716687	0.2010675
DPB1*04:02	0.0	0.26101595	0.27094954	0.1615111
DRB1*15:01	0.0	0.030340906	0.27346766	0.25616023
DRB5*01:01	0.0	0.5175173	0.46450448	0.49950346
DPA1*02:01-DPB1*05:01	0.0	0.0	0.27161244	0.108258165
DRB1*01:01	0.0	0.15026854	0.27519113	0.18616003
DPA1*01:03-DPB1*04:01	0.0	0.4025212	0.29858235	0.35948893
DRB1*04:04	0.0	0.12644082	0.27139232	0.34444398
DRB1*15:01	0.0	0.7328622	0.72854483	0.68309945
DRB5*01:01	0.0	0.0	0.3932079	0.263406
DRB1*08:01	0.0	0.49462363	0.47857812	0.5373082
DRB1*04:01	0.0	0.35829347	0.28854942	0.37706763
DRB3*03:01	0.0	0.27610245	0.72879905	0.7439309
DRB1*09:01	0.0	0.5830913	0.5605336	0.70888156
DRB1*09:01	0.0	0.35359737	0.27141434	0.27531388
DRB1*14:54	0.0	0.1623352	0.36282083	0.47796187
DQA1*06:01-DQB1*04:02	0.0	0.084686644	0.27089635	0.2272143
DRB1*04:01	0.0	0.0	0.27316386	0.15521231
DRB4*01:03	0.0	0.084686644	0.27328098	0.33050326
DRB1*08:01	0.0	0.0	0.27094227	0.19735125
DRB1*04:04	0.0	0.30565882	0.27146366	0.32043722
DRB1*08:01	0.0	0.610019	0.34383696	0.3959773
DRB1*08:01	0.0	0.084686644	0.27152035	0.27102336
DRB4*01:01	0.0	0.0	0.27160904	0.21241722
DRB1*15:01	1.0	0.8589568	0.7288684	0.67376715
DRB3*01:01	0.0	0.399268	0.27079582	0.21036687
DRB5*01:01	0.0	0.5480176	0.4494937	0.5182961
DRB1*07:01	0.0	0.5614576	0.27210948	0.27301148
DRB3*02:02	0.0	0.47888446	0.27171183	0.2285791
DQA1*02:01-DQB1*04:02	0.0	0.51031184	0.31184468	0.46669993
DRB3*01:01	0.0	0.17479752	0.27095264	0.20924917
DRB4*01:01	0.0	0.6953878	0.7001909	0.5964503
DRB1*04:01	0.0	0.084686644	0.27242804	0.21832803
DQA1*02:01-DQB1*04:02	0.0	0.17372565	0.27333635	0.33017454
DRB3*03:01	0.0	0.60473627	0.3933441	0.3460659
DQA1*01:02-DQB1*05:01	0.0	0.45370445	0.33220974	0.47650746
DRB5*01:01	0.0	0.32786068	0.4019173	0.3829595
DQA1*02:01-DQB1*03:01	0.0	0.31405473	0.3736688	0.4790127
DRB1*04:04	0.0	0.5938504	0.27164212	0.27915025
DRB1*11:01	0.0	0.7629388	0.48234862	0.4873111
DRB4*01:03	0.0	0.6796851	0.42785537	0.5250553
DQA1*02:01-DQB1*03:03	0.0	0.3465001	0.27087244	0.23077849
DQA1*01:02-DQB1*05:01	0.0	0.10471151	0.27127147	0.2890651
DQA1*05:01-DQB1*04:02	0.0	0.3444039	0.27235717	0.29160485
DRB4*01:03	0.0	0.084686644	0.2728034	0.25544846
DQA1*01:02-DQB1*05:01	0.0	0.084686644	0.28652897	0.3512816
DQA1*02:01-DQB1*03:03	0.0	0.26976258	0.27081656	0.23876342
DRB1*15:01	0.0	0.28502506	0.28997976	0.3763428
DQA1*02:01-DQB1*04:02	0.0	0.084686644	0.2707867	0.2804394
DRB1*04:01	0.0	0.11016053	0.27284572	0.20323217
DRB3*03:01	0.0	0.29202667	0.4178362	0.3849106
DRB4*01:01	1.0	0.8651899	0.27134493	0.17250654
DRB5*01:01	0.0	0.0	0.38745433	0.30993202
DRB3*01:01	0.0	0.2509642	0.27085397	0.2975015
DRB1*04:04	0.0	0.084686644	0.2712722	0.28539863
DQA1*02:01-DQB1*03:03	0.0	0.24335392	0.27088863	0.2690699
DRB1*13:01	0.0	0.084686644	0.2743102	0.24083337
DRB1*04:04	0.0	0.62158704	0.27260798	0.2977906
DRB1*03:01	0.0	0.18825172	0.27287087	0.20753893
DQA1*02:01-DQB1*04:02	0.0	0.467452	0.270885	0.31759393
DQA1*01:01-DQB1*05:01	0.0	0.0	0.27225637	0.0711428
DRB1*04:04	0.0	0.084686644	0.27152655	0.28026447
DRB1*08:02	0.0	0.6714029	0.3693284	0.47325423
DRB3*01:01	0.0	0.15587519	0.27079648	0.18362978
DQA1*03:03-DQB1*04:02	0.0	0.36543146	0.27105084	0.22455963
DQA1*01:02-DQB1*05:01	0.0	0.49193338	0.2724752	0.35638893
DRB1*01:01	0.0	0.56986547	0.27714452	0.3261706
DRB1*07:01	0.0	0.31720328	0.27222195	0.27875403
DRB1*04:01	0.0	0.0	0.27306393	0.25197622
DRB5*01:01	0.0	0.77837855	0.4206318	0.44468746
DQA1*01:02-DQB1*05:01	0.0	0.4640285	0.27208948	0.36213502
DRB1*03:01	0.0	0.44218066	0.40692493	0.41945943
DRB5*01:01	0.0	0.0	0.39079216	0.2949465
DRB5*01:01	0.0	0.6953878	0.3963658	0.3245219
DRB5*01:01	0.0	0.277246	0.4139362	0.37895077
DQA1*03:03-DQB1*04:02	0.0	0.41664842	0.40780285	0.3822633
DQA1*05:01-DQB1*03:02	0.0	0.34509736	0.27084577	0.2588631
DRB1*01:01	0.0	0.41800016	0.2774569	0.30890805
DRB4*01:03	0.0	0.3652389	0.27312523	0.35689706
DRB4*01:03	0.0	0.084686644	0.273176	0.36580154
DRB3*03:01	0.0	0.5165235	0.40744135	0.41542724
DRB1*04:04	0.0	0.39426363	0.36687312	0.51393586
DRB1*11:01	1.0	0.8790795	0.53558254	0.5843304
DRB3*01:01	0.0	0.17916243	0.27874318	0.27886057
DQA1*05:01-DQB1*03:02	0.0	0.4089286	0.27102092	0.20496297
DRB3*02:02	0.0	0.039004628	0.27654234	0.41668507
DRB1*08:01	0.0	0.27197972	0.27118132	0.32069662
DRB3*03:01	0.0	0.084686644	0.38804874	0.3293235
DRB1*09:01	0.0	0.6461442	0.2719767	0.32988885
DRB1*11:01	0.0	0.0	0.27206552	0.2519144
DRB3*02:02	1.0	0.89543205	0.27206063	0.3746775
DRB3*01:01	0.0	0.0	0.28384474	0.39433196
DRB1*13:01	0.0	0.0	0.2738758	0.27215037
DQA1*01:02-DQB1*05:01	0.0	0.6545521	0.41219044	0.40159133
DRB1*07:01	0.0	0.30175477	0.2736378	0.3591918
DQA1*01:02-DQB1*05:01	0.0	0.62158704	0.6545237	0.6792804
DRB1*11:01	0.0	0.0	0.27304333	0.22541627
DRB1*04:04	0.0	0.084686644	0.28945297	0.44521204
DRB1*03:01	0.0	0.084686644	0.2734471	0.20243108
DRB1*04:01	0.0	0.0	0.2790006	0.34556392
DQA1*01:03-DQB1*06:03	0.0	0.084686644	0.55954605	0.547894
DPA1*02:01-DPB1*14:01	0.0	0.0	0.2722162	0.26238683
DRB1*11:01	1.0	0.83439964	0.72875434	0.69190186
DQA1*03:01-DQB1*03:02	0.0	0.10194683	0.2875119	0.35094717
DRB3*03:01	0.0	0.35351264	0.46885875	0.5885689
DRB1*13:02	0.0	0.29768428	0.2714584	0.22187635
DRB1*03:02	0.0	0.0	0.27239347	0.22166255
DRB1*03:01	0.0	0.44954166	0.4370199	0.45703277
DQA1*05:01-DQB1*04:02	0.0	0.084686644	0.27148396	0.1674264
DRB1*07:01	0.0	0.0	0.2720289	0.2782143
DRB1*14:54	0.0	0.41531616	0.299464	0.49195048
DRB3*01:01	0.0	0.084686644	0.5374874	0.55447656
DRB1*15:01	0.0	0.6567793	0.27239895	0.28062555
DQA1*02:01-DQB1*03:01	0.0	0.31975463	0.3393636	0.47889075
DRB3*01:01	0.0	0.084686644	0.2710205	0.21181914
DRB1*07:01	0.0	0.0	0.27522588	0.37320468
DRB3*01:01	0.0	0.084686644	0.2708044	0.21469533
DRB4*01:03	0.0	0.084686644	0.27277017	0.2999499
DQA1*01:02-DQB1*06:02	0.0	0.0	0.27086353	0.124167494
DRB1*03:01	0.0	0.4954069	0.27142835	0.2788581
DRB4*01:03	0.0	0.6567793	0.45805135	0.6430948
DRB5*01:01	0.0	0.7969252	0.39625728	0.30658856
DQA1*05:01-DQB1*04:02	0.0	0.084686644	0.2718472	0.32709095
DRB1*01:01	0.0	0.71020716	0.28352237	0.43197522
DRB1*09:01	0.0	0.6231404	0.27121168	0.30945656
DRB1*11:01	1.0	0.8000585	0.527191	0.40367505
DQA1*02:01-DQB1*03:03	0.0	0.23622759	0.2715715	0.2977427
DRB1*03:01	1.0	0.87187403	0.28531912	0.43837193
DRB1*09:01	0.0	0.41222697	0.27167428	0.3268369
DRB1*07:01	0.0	0.51801825	0.2746261	0.36887845
DRB3*02:02	0.0	0.71020716	0.31987935	0.40047348
DRB3*01:01	0.0	0.0	0.2710714	0.26103285
DRB1*13:02	0.0	0.13507996	0.27263114	0.21236742
DRB1*15:02	0.0	0.16937329	0.27181572	0.19417432
DRB1*03:01	0.0	0.0	0.27162275	0.20832232
DRB3*02:02	0.0	0.084686644	0.27176785	0.07281075
DRB1*04:01	0.0	0.40559492	0.29369733	0.424749
DRB1*04:04	0.0	0.19550087	0.28029004	0.3600127
DQA1*03:03-DQB1*04:02	0.0	0.47439077	0.27095196	0.21654025
DRB1*11:01	0.0	0.0	0.2726977	0.27217874
DRB1*01:01	0.0	0.086681254	0.27514154	0.04675124
DRB1*03:01	0.0	0.0	0.27190548	0.1582562
DRB1*04:01	0.0	0.40266526	0.2727695	0.18875584
DQA1*05:01-DQB1*03:01	0.0	0.46374887	0.38367116	0.43798938
DQA1*05:01-DQB1*03:02	0.0	0.33166033	0.27088332	0.2850426
DQA1*05:01-DQB1*03:02	0.0	0.2922447	0.27083597	0.20012665
DRB1*03:01	0.0	0.40368012	0.27232847	0.2679461
DRB5*01:01	0.0	0.0	0.37600017	0.13231832
DRB1*14:54	0.0	0.48606324	0.27194816	0.36792585
DRB1*08:01	0.0	0.084686644	0.2708517	0.20356953
DQA1*02:01-DQB1*03:01	0.0	0.23558684	0.34116107	0.46645072
DRB1*14:54	1.0	0.83439964	0.7286038	0.7664771
DRB1*07:01	0.0	0.50985086	0.3653274	0.4331033
DRB1*11:04	0.0	0.0	0.29753768	0.26394522
DRB1*01:01	0.0	0.65906143	0.2795703	0.29461753
DQA1*05:01-DQB1*03:03	0.0	0.244077	0.53795797	0.59299624
DQA1*05:01-DQB1*03:03	0.0	0.51031184	0.30425593	0.3821882
DRB1*08:01	0.0	0.60220397	0.54857415	0.6088439
DPA1*03:01-DPB1*04:02	0.0	0.0	0.27890852	0.13922694
DRB1*14:54	0.0	0.3781177	0.27991435	0.34091556
DRB4*01:01	0.0	0.0	0.2721282	0.0728583
DRB1*13:01	0.0	0.7969252	0.7285066	0.7110755
DPA1*01:03-DPB1*04:01	0.0	0.0	0.27396786	0.15657154
DQA1*03:03-DQB1*04:02	0.0	0.084686644	0.27141356	0.19644132
DRB1*04:01	1.0	1.0	0.2719283	0.20190725
DRB3*01:01	0.0	0.084686644	0.3705027	0.3153482
DRB1*04:01	0.0	0.11221652	0.27158737	0.28036427
DQA1*05:01-DQB1*02:01	0.0	0.0	0.27214426	0.2786217
DQA1*02:01-DQB1*03:03	0.0	0.084686644	0.36916608	0.4524779
DPA1*01:03-DPB1*02:01	0.0	0.0	0.27436358	0.18845496
DPA1*01:03-DPB1*02:01	0.0	0.0	0.27312946	0.0987531
DRB1*04:04	0.0	0.18408175	0.3036815	0.44351378
DQA1*05:01-DQB1*03:03	0.0	0.32792488	0.27089685	0.2977083
DRB1*01:01	0.0	0.598531	0.27885365	0.32208985
DRB1*04:04	0.0	0.58831435	0.2917495	0.43941888
DRB1*01:01	0.0	0.0	0.27510113	0.18509522
DRB1*08:02	0.0	0.24368893	0.27190933	0.12888274
DRB4*01:03	0.0	0.35705286	0.3349963	0.43362316
DRB1*08:01	0.0	0.5426191	0.27084032	0.23064885
DRB4*01:03	0.0	0.51554024	0.27199146	0.30873358
DQA1*05:01-DQB1*03:02	0.0	0.36581776	0.4512669	0.302985
DQA1*01:01-DQB1*05:01	0.0	0.35722908	0.27115905	0.052744932
DRB1*03:01	0.0	0.64221066	0.31225878	0.46694544
DQA1*01:01-DQB1*05:01	0.0	0.0	0.2714127	-0.017721616
DRB1*11:01	0.0	0.5027719	0.3654724	0.4744009
DRB1*13:02	0.0	0.0	0.27387765	0.19751886
DQA1*05:01-DQB1*02:01	0.0	0.3719182	0.2711797	0.29304206
DQA1*02:01-DQB1*03:03	0.0	0.49384698	0.30774325	0.34624183
DQA1*06:01-DQB1*04:02	0.0	0.2329983	0.2709433	0.16229478
DQA1*05:01-DQB1*02:01	0.0	0.17562203	0.27374306	0.42176333
DRB1*01:01	0.0	0.18487604	0.28117445	0.3089754
DRB1*01:01	0.0	0.0	0.27531615	0.16046393
DQA1*01:02-DQB1*05:01	0.0	0.44441864	0.3978118	0.3710061
DQA1*01:03-DQB1*06:03	0.0	0.084686644	0.4707409	0.45113716
DRB1*03:01	0.0	0.0	0.27200302	0.07120789
DRB1*15:01	0.0	0.37233266	0.28358978	0.41654828
DPB1*04:02	0.0	0.0	0.27092862	0.17122474
DRB1*07:01	0.0	0.6714029	0.27475467	0.29663333
DQA1*01:02-DQB1*05:01	0.0	0.6263277	0.40506113	0.44821033
DRB1*10:01	0.0	0.0	0.27108815	0.20976034
DRB1*04:01	0.0	0.50150293	0.2714509	0.21593937
DRB1*01:01	0.0	0.0	0.27525556	0.2388891
DRB1*15:01	0.0	0.2548722	0.2729564	0.32316276
DRB1*04:01	0.0	0.0	0.27629453	0.27345416
DRB1*07:01	0.0	0.0	0.2732258	0.12710151
DRB1*08:01	0.0	0.42041433	0.27080053	0.20224944
DRB1*01:01	0.0	0.5473253	0.27467933	0.31557807
DRB1*04:01	0.0	0.14493828	0.27306417	0.34176692
DQA1*05:01-DQB1*04:02	0.0	0.28287002	0.27126577	0.25573698
DPA1*03:01-DPB1*04:02	0.0	0.16965097	0.27189717	0.18124124
DRB1*09:01	0.0	0.6614014	0.30221987	0.5436669
DPB1*01:01	0.0	0.29749924	0.4075395	0.3265632
DRB5*01:01	0.0	0.32818216	0.39794663	0.3144336
DRB1*08:01	0.0	0.17094624	0.2708405	0.2727866
DPA1*01:03-DPB1*04:01	0.0	0.0	0.27306134	0.08843947
DQA1*02:01-DQB1*04:02	0.0	0.59733844	0.27100274	0.29431865
DQA1*01:02-DQB1*06:02	0.0	0.35522264	0.27098364	0.17469007
DRB1*09:01	0.0	0.6263277	0.27155375	0.3516144
DRB3*02:02	0.0	0.38583854	0.271824	0.15838182
DRB1*14:54	0.0	0.66380215	0.28277382	0.5180961
DRB5*01:01	0.0	0.6714029	0.46320525	0.506653
DRB5*01:01	0.0	0.36936915	0.3919665	0.26375654
DQA1*05:01-DQB1*03:03	0.0	0.62796354	0.45620683	0.41695723
DRB3*01:01	0.0	0.49080396	0.53494227	0.57810265
DRB1*07:01	0.0	0.084686644	0.27382714	0.32539576
DRB1*03:01	0.0	0.0	0.2748077	0.21852684
DRB1*03:01	0.0	0.084686644	0.27323484	0.29072526
DRB1*07:01	0.0	0.35133588	0.27149576	0.26858222
DRB1*08:01	0.0	0.20237139	0.27098504	0.22876486
DRB1*01:01	0.0	0.12450104	0.27578807	0.2366437
DRB3*02:02	0.0	0.0	0.27157778	0.05024182
DRB1*04:04	0.0	0.0	0.2724808	0.16811106
DQA1*01:01-DQB1*05:01	0.0	0.0	0.29737797	0.20857108
DRB3*02:02	0.0	0.24606861	0.27131927	0.23229939
DRB1*09:01	0.0	0.6296289	0.29250902	0.48953125
DQA1*03:03-DQB1*04:02	0.0	0.084686644	0.2708603	0.1370261
DRB1*12:01	0.0	0.0	0.27122873	0.09551842
DRB1*04:01	0.0	0.084686644	0.27141505	0.20164666
DRB3*01:01	0.0	0.17613022	0.27207395	0.2688093
DRB3*01:01	0.0	0.0	0.27127108	0.12750745
DRB1*08:02	0.0	0.0	0.27213174	0.19498578
DPB1*05:01	0.0	0.29749924	0.27752143	0.39653257
DQA1*05:01-DQB1*02:01	0.0	0.0	0.27167162	0.080179386
DQA1*02:01-DQB1*03:03	0.0	0.6185565	0.3861785	0.40957633
DRB5*01:01	0.0	0.7969252	0.45783067	0.491461
DRB1*09:01	0.0	0.5309355	0.42153233	0.5372545
DRB1*13:02	0.0	0.32371882	0.3448941	0.451475
DRB1*03:01	0.0	0.0	0.27168545	0.1855427
DRB1*04:01	0.0	0.4325314	0.27165627	0.21398246
DQA1*05:01-DQB1*04:02	0.0	0.3036121	0.27126056	0.2868326
DRB1*09:01	0.0	0.18232407	0.27455905	0.35609445
DRB1*07:01	0.0	0.35556847	0.3892911	0.45587072
DQA1*05:01-DQB1*04:02	0.0	0.43393633	0.4497516	0.42332384
DRB1*13:02	0.0	0.0	0.27174598	0.13423127
DRB3*01:01	0.0	0.0	0.27117002	0.15773225
DRB1*11:01	1.0	1.0	0.27285758	0.23926249
DRB1*03:01	0.0	0.0	0.27268928	0.2713748
DRB5*01:01	0.0	0.49193338	0.444724	0.5293673
DQA1*05:01-DQB1*03:02	0.0	0.21932128	0.27093711	0.26021028
DQA1*02:01-DQB1*03:01	0.0	0.5093922	0.27375498	0.31311724
DRB1*04:01	0.0	0.0	0.27328634	0.2579425
DRB1*03:01	0.0	0.3394715	0.2756729	0.29899544
DRB3*03:01	0.0	0.72312444	0.72898936	0.80339175
DRB4*01:03	0.0	0.084686644	0.27262914	0.299224
DRB1*09:01	0.0	0.23497397	0.27264482	0.3696
DRB3*01:01	0.0	0.7328622	0.35418624	0.34211037
DRB1*15:01	0.0	0.023842258	0.27236474	0.23025122
DRB1*14:54	0.0	0.41400284	0.27198017	0.36128262
DRB1*14:54	0.0	0.7328622	0.7286623	0.7445694
DRB1*15:01	0.0	0.72312444	0.28564095	0.41624722
DQA1*05:01-DQB1*03:03	0.0	0.084686644	0.27102917	0.20557824
DRB1*11:01	0.0	0.084686644	0.27178493	0.26447082
DRB1*04:04	0.0	0.0	0.2712949	0.2567352
DRB3*01:01	0.0	0.33903587	0.27087912	0.16061786
DRB1*09:01	0.0	0.58514524	0.33989727	0.45132712
DQA1*01:01-DQB1*05:01	0.0	0.0	0.2715484	0.0013871267
DRB1*03:01	0.0	0.06233429	0.530635	0.5178704
DRB1*03:01	0.0	0.0	0.27197757	0.29984793
DRB1*08:02	0.0	0.4415197	0.2765762	0.40922347
DPA1*02:01-DPB1*05:01	0.0	0.0	0.27217373	0.06984628
DRB3*02:02	0.0	0.4692125	0.2713834	0.2791824
DRB1*13:02	0.0	0.3851202	0.2716142	0.23035792
DRB5*01:01	0.0	0.40724674	0.72721964	0.74243397
DRB1*04:05	0.0	0.0	0.27119288	0.109010644
DQA1*02:01-DQB1*03:03	0.0	0.49619684	0.28707325	0.35738453
DRB1*04:04	0.0	0.68261945	0.30315113	0.442785
DRB1*13:01	0.0	0.6366076	0.27639312	0.32407126
DRB1*03:01	0.0	0.68565	0.27230892	0.26943433
DRB4*01:01	0.0	0.29722238	0.27295136	0.29446974
DQA1*02:01-DQB1*03:01	0.0	0.6953878	0.35204604	0.52174515
DQA1*05:01-DQB1*03:03	0.0	0.084686644	0.29615477	0.4054228
DRB3*01:01	0.0	0.4089286	0.27150863	0.22484717
DQA1*03:03-DQB1*04:02	0.0	0.084686644	0.27094	0.28586033
DRB1*01:01	0.0	0.5303597	0.28231803	0.33427498
DPB1*20:01	0.0	0.0	0.280004	0.2825695
DRB1*04:05	0.0	0.33910832	0.44195694	0.44991896
DRB1*11:01	0.0	0.084686644	0.2727609	0.1290772
DRB1*13:02	0.0	0.0	0.27983063	0.39380303
DQA1*01:01-DQB1*05:01	0.0	0.0	0.27166343	0.12567762
DRB3*03:01	0.0	0.16831648	0.39640707	0.3945684
DQA1*02:01-DQB1*03:01	0.0	0.3113314	0.27211747	0.26426524
DQA1*03:03-DQB1*04:02	0.0	0.48326233	0.30606237	0.2995606
DRB3*01:01	0.0	0.33939874	0.27085584	0.26263508
DRB1*11:01	0.0	0.25228637	0.27291906	0.2745249
DRB1*09:01	0.0	0.49231294	0.27142033	0.37883145
DRB5*01:01	0.0	0.68565	0.43238527	0.4187595
DRB1*11:01	0.0	0.084686644	0.27200016	0.21428463
DRB1*03:01	0.0	0.0	0.27323282	0.09246797
DRB1*14:54	0.0	0.33910832	0.2720179	0.23262313
DQA1*05:01-DQB1*03:03	0.0	0.24556667	0.27110046	0.25342757
DQA1*01:02-DQB1*05:01	0.0	0.34325954	0.27171144	0.25107962
DRB3*02:02	0.0	0.084686644	0.72879666	0.62074494
DRB1*04:03	0.0	0.0	0.27151236	0.26178962
DRB3*03:01	0.0	0.35150152	0.3977523	0.42435595
DRB1*01:01	0.0	0.0	0.27420518	0.19186577
DRB1*15:01	0.0	0.49043053	0.27331525	0.3123317
DRB5*01:01	0.0	0.0	0.39347604	0.25305068
DRB1*03:01	0.0	0.084686644	0.2715984	0.18708947
DRB1*03:01	0.0	0.084686644	0.2721866	0.24375346
DPA1*02:01-DPB1*05:01	0.0	0.08103508	0.4091813	0.3456418
DQB1*03:01	0.0	0.72312444	0.27104193	0.14638278
DRB1*04:01	0.0	0.5027719	0.27196196	0.1876801
DPA1*03:01-DPB1*04:02	0.0	0.0	0.2731851	0.09962768
DQA1*02:01-DQB1*03:03	0.0	0.16097492	0.2709831	0.21968624
DQA1*03:01-DQB1*03:02	0.0	0.084686644	0.31212938	0.29154983
DRB1*09:01	0.0	0.6502526	0.2712788	0.3518357
DQA1*01:01-DQB1*05:01	0.0	0.21302426	0.27354643	0.22928861
DRB1*11:01	1.0	0.83439964	0.7288396	0.6852666
DRB1*14:54	0.0	0.084686644	0.27210814	0.37068942
DQA1*05:01-DQB1*02:01	0.0	0.41270792	0.30326214	0.42930982
DRB1*04:04	0.0	0.35678917	0.27847487	0.45253786
DRB1*03:01	0.0	0.348164	0.27215046	0.29795942
DPA1*02:01-DPB1*01:01	0.0	0.0	0.28609604	0.28466782
DQA1*05:01-DQB1*04:02	0.0	0.084686644	0.27122095	0.28036985
DRB1*15:01	1.0	0.93142766	0.7288808	0.65078783
DRB1*01:01	0.0	0.36100933	0.2816859	0.26334414
DRB1*11:01	0.0	0.6185565	0.72891665	0.66446316
DRB4*01:03	0.0	0.084686644	0.2725668	0.20418957
DRB1*13:01	0.0	0.6073399	0.3237766	0.48288956
DRB1*09:01	0.0	0.6200593	0.31005844	0.48724315
DRB5*01:01	0.0	0.084686644	0.3999344	0.2875122
DQA1*02:01-DQB1*03:01	0.0	0.084686644	0.2717417	0.31611237
DRB1*15:01	0.0	0.25575048	0.2718592	0.27770457
DRB1*13:01	0.0	0.027602104	0.27333778	0.33810353
DQA1*02:01-DQB1*04:02	0.0	0.24294327	0.27078372	0.1654033
DQA1*05:01-DQB1*02:01	0.0	0.0	0.2712681	0.1738405
DQA1*01:02-DQB1*05:01	0.0	0.5771899	0.27183753	0.37789172
DRB1*15:01	1.0	0.85502326	0.72888803	0.66373605
DQA1*05:01-DQB1*02:01	0.0	0.18105689	0.40186176	0.426492
DRB1*15:01	0.0	0.0	0.58560413	0.67121446
DRB1*07:01	0.0	0.348164	0.27201977	0.28790414
DRB1*04:01	0.0	0.0	0.27126783	0.2990211
DQA1*02:01-DQB1*04:02	0.0	0.26571077	0.2708291	0.30871838
DQA1*06:01-DQB1*04:02	0.0	0.40846685	0.27090165	0.227864
DPA1*01:03-DPB1*02:01	0.0	0.0	0.27277288	0.14932567
DRB4*01:03	0.0	0.084686644	0.3630423	0.46763745
DRB4*01:03	0.0	0.37306246	0.42762977	0.4514191
DRB4*01:01	0.0	0.41400284	0.29636875	0.41841438
DQA1*05:01-DQB1*03:02	0.0	0.37745675	0.5446617	0.58139455
DPA1*01:03-DPB1*02:01	0.0	0.0	0.27428803	0.18199798
DRB3*03:01	0.0	0.33172724	0.39584875	0.4077973
DRB1*01:01	0.0	0.47921395	0.27629912	0.23831859
DRB1*04:05	0.0	0.58108205	0.4384639	0.4227005
DRB4*01:01	0.0	0.084686644	0.27129954	0.179005
DQA1*02:01-DQB1*03:03	0.0	0.42655408	0.27085328	0.33155012
DRB3*01:01	0.0	0.30636823	0.27143165	0.17485508
DRB1*07:01	0.0	0.30321798	0.27248687	0.27126852
DQA1*05:01-DQB1*03:02	0.0	0.15176506	0.27158773	0.31747493
DQA1*05:01-DQB1*03:03	0.0	0.31361356	0.3163132	0.35489652
DRB1*08:01	0.0	0.16522776	0.2729919	0.31510192
DQA1*05:01-DQB1*03:03	0.0	0.59616107	0.5394947	0.5524912
DRB5*01:01	0.0	0.640305	0.7280816	0.74181116
DRB1*15:01	0.0	0.42023978	0.72864	0.7205797
DQA1*02:01-DQB1*03:01	0.0	0.33824253	0.27270436	0.258724
DQB1*03:01	0.0	0.3620255	0.28133193	0.32300064
DRB3*01:01	0.0	0.084686644	0.27079195	0.16565171
DRB1*13:01	0.0	0.47161323	0.27386898	0.33728108
DPA1*02:01-DPB1*05:01	0.0	0.0	0.2725661	-0.022405818
DRB3*02:02	0.0	0.44441864	0.2721643	0.18831187
DRB3*03:01	0.0	0.576242	0.44149452	0.53352594
DRB4*01:01	0.0	0.42488876	0.47474235	0.4185948
DRB1*04:04	0.0	0.084686644	0.728747	0.70619917
DQA1*01:02-DQB1*05:01	0.0	0.57345515	0.5273632	0.58216274
DQA1*02:01-DQB1*03:03	0.0	0.2143973	0.2709994	0.3033459
DRB3*01:01	0.0	0.0	0.3266125	0.38590577
DQA1*02:01-DQB1*04:02	0.0	0.24713433	0.5186734	0.61629605
DQA1*01:01-DQB1*05:01	0.0	0.0	0.27133727	0.03755533
DRB1*08:01	0.0	0.084686644	0.27135792	0.33721668
DQA1*01:01-DQB1*05:01	0.0	0.0	0.27169085	-0.09466319
DQA1*06:01-DQB1*04:02	0.0	0.6567793	0.27104107	0.3717393
DRB5*01:01	0.0	0.0	0.3879664	0.23332316
DQA1*02:01-DQB1*03:01	0.0	0.72312444	0.39145216	0.43501255
DRB1*07:01	0.0	0.71020716	0.27177846	0.37012488
DRB4*01:03	0.0	0.7328622	0.7287898	0.695616
DPA1*02:01-DPB1*01:01	0.0	0.0	0.27129486	0.20932296
DRB1*04:04	0.0	0.74971294	0.57955647	0.70980644
DRB1*15:01	0.0	0.29038623	0.3165894	0.4255266
DRB3*01:01	0.0	0.0	0.29808778	0.3728659
DRB1*08:02	0.0	0.39505696	0.27150476	0.29602584
DRB1*04:04	0.0	0.084686644	0.2720173	0.274415
DRB1*04:01	0.0	0.4671618	0.40896356	0.38362172
DRB4*01:01	0.0	0.084686644	0.2847474	0.32590207
DRB1*11:01	1.0	0.8984626	0.27321753	0.36873263
DRB1*09:01	0.0	0.4889517	0.44655228	0.59891355
DRB1*15:01	0.0	0.307237	0.2757961	0.3761228
DRB1*09:01	0.0	0.51953757	0.39255652	0.49067792
DQA1*06:01-DQB1*04:02	0.0	0.5040586	0.27102408	0.22125599
DRB4*01:03	1.0	0.85125035	0.7259504	0.7194857
DQA1*01:02-DQB1*06:02	0.0	0.2527693	0.2714323	0.1415067
DQA1*02:01-DQB1*03:01	0.0	0.48360783	0.2724587	0.2615635
DQB1*03:01	0.0	0.27493668	0.2716205	0.22866115
DRB1*08:02	0.0	0.38172492	0.27192363	0.25357318
DRB1*07:01	1.0	0.87187403	0.7288863	0.6764941
DRB5*01:01	0.0	0.6714029	0.4456195	0.4172829
DRB1*07:01	0.0	0.45221373	0.27201748	0.29757854
DRB1*07:01	0.0	0.3716086	0.2718647	0.24418858
DRB1*13:02	0.0	0.5949985	0.44637555	0.48519453
DRB1*04:01	0.0	0.0	0.2719692	0.22554782
DRB1*04:01	0.0	0.62472034	0.4126285	0.44974038
DRB1*03:01	0.0	0.71861506	0.30233318	0.39670584
DRB1*13:02	0.0	0.5872459	0.32352832	0.4160591
DRB1*13:01	0.0	0.28612173	0.37833676	0.48818508
DRB3*02:02	0.0	0.46658415	0.72840214	0.6520916
DRB3*03:01	0.0	0.24971578	0.4001696	0.36266956
DRB3*01:01	0.0	0.084686644	0.5198415	0.50812906
DRB1*04:05	0.0	0.084686644	0.2716519	0.31609306
DRB1*04:01	0.0	0.0	0.27508134	0.4036773
DRB1*15:01	0.0	0.33112687	0.3353237	0.41641918
DRB5*01:01	0.0	0.7437481	0.57198036	0.68296176
DRB1*09:01	0.0	0.69202656	0.29014626	0.44822618
DRB3*01:01	0.0	0.084686644	0.2716604	0.2253232
DQA1*05:01-DQB1*04:02	0.0	0.17662872	0.2713927	0.3015122
DQA1*02:01-DQB1*04:02	0.0	0.084686644	0.2708941	0.25958303
DQA1*02:01-DQB1*04:02	0.0	0.4112725	0.27094868	0.3729703
DRB1*04:01	0.0	0.16937329	0.27154034	0.24566749
DRB1*07:01	0.0	0.33430603	0.27293336	0.28510058
DQA1*03:03-DQB1*04:02	0.0	0.33939874	0.2709375	0.27570012
DRB1*11:01	0.0	0.13764217	0.27242166	0.29636547
DRB5*01:01	0.0	0.084686644	0.3940514	0.2448295
DRB1*07:01	0.0	0.084686644	0.2716078	0.1589779
DRB1*01:01	1.0	0.84077615	0.27963448	0.30517843
DRB1*07:01	0.0	0.0	0.271856	0.26356795
DRB4*01:03	1.0	0.87187403	0.7288864	0.7242906
DQA1*02:01-DQB1*04:02	0.0	0.4660101	0.27078176	0.2616311
DQA1*05:01-DQB1*03:03	0.0	0.30074415	0.30813214	0.36637887
DQA1*01:02-DQB1*06:02	0.0	0.12297101	0.27109057	0.1301288
DQA1*02:01-DQB1*03:03	0.0	0.5338698	0.2711368	0.28878573
DQA1*01:03-DQB1*06:03	0.0	0.084686644	0.29789504	0.36656597
DRB1*01:01	1.0	1.0	0.2768105	0.33540872
DQA1*02:01-DQB1*04:02	0.0	0.48785794	0.27133796	0.27225408
DQA1*06:01-DQB1*04:02	0.0	0.62472034	0.38851768	0.40561196
DRB4*01:01	0.0	0.3379557	0.27137	0.2417455
DRB5*01:01	0.0	0.4313439	0.4263856	0.40120035
DRB1*04:03	0.0	0.557524	0.2717766	0.1913957
DRB1*08:01	0.0	0.4159799	0.43907613	0.48456857
DRB1*04:01	0.0	0.640305	0.27167892	0.16287693
DQA1*02:01-DQB1*04:02	0.0	0.35635135	0.27080178	0.34178156
DQB1*03:01	0.0	0.47252983	0.2802348	0.31565556
DRB1*04:04	0.0	0.71861506	0.3385297	0.4932936
DQA1*05:01-DQB1*03:03	0.0	0.3070831	0.2708911	0.27839166
DRB1*04:04	0.0	0.24968822	0.27235523	0.2554755
DRB1*13:02	0.0	0.2616095	0.27238876	0.29148778
DRB1*15:01	0.0	0.5716429	0.27187654	0.32494336
DRB1*11:01	0.0	0.0	0.2745996	0.24431995
DQA1*03:03-DQB1*04:02	0.0	0.084686644	0.3758583	0.24696729
DRB3*02:02	0.0	0.23954913	0.27218685	0.25177887
DRB1*15:01	0.0	0.09894378	0.27233893	0.22716513
DRB1*09:01	0.0	0.19066365	0.27156907	0.21093842
DRB5*01:01	0.0	0.084686644	0.46896702	0.5429255
DRB1*11:01	0.0	0.0	0.2722907	0.19041896
DQA1*01:02-DQB1*05:01	0.0	0.63132477	0.7240236	0.6971753
DQA1*02:01-DQB1*04:02	0.0	0.5107751	0.2708019	0.26813796
DQA1*05:01-DQB1*04:02	0.0	0.44764572	0.4368772	0.36647204
DQA1*02:01-DQB1*03:03	0.0	0.084686644	0.27085984	0.1783458
DRB3*01:01	0.0	0.084686644	0.27085114	0.21694234
DRB3*01:01	0.0	0.3142207	0.27088866	0.26706532
DRB1*11:01	0.0	0.14874962	0.27562496	0.17116997
DRB1*04:04	0.0	0.084686644	0.72862214	0.6994068
DRB1*01:01	0.0	0.0	0.274354	0.21011981
DQA1*01:02-DQB1*05:01	0.0	0.49346107	0.31160113	0.45396242
DRB1*08:01	0.0	0.10456814	0.27084404	0.2678822
DRB3*01:01	0.0	0.0	0.54067826	0.5169964
DQA1*02:01-DQB1*03:01	0.0	0.7437481	0.27248532	0.34719726
DRB1*11:01	0.0	0.26249123	0.27282506	0.23921475
DRB1*14:54	0.0	0.59733844	0.2858526	0.46542463
DRB1*08:01	0.0	0.21281259	0.2710752	0.28607154
DRB1*04:01	0.0	0.0	0.28566533	0.21675172
DRB1*01:01	0.0	0.0	0.27597433	0.06423331
DQA1*01:01-DQB1*05:01	0.0	0.0	0.27234665	0.01266972
DPA1*03:01-DPB1*04:02	0.0	0.0	0.27225703	0.12278966
DQA1*01:02-DQB1*05:01	0.0	0.5459561	0.27157706	0.32209346
DRB1*01:01	1.0	1.0	0.72815686	0.63916665
DRB1*04:01	0.0	0.0	0.27248958	0.064651944
DQA1*05:01-DQB1*03:03	0.0	0.43598118	0.27103737	0.2926493
DRB5*01:01	0.0	0.21402198	0.39636052	0.39025217
DRB1*01:01	0.0	0.0	0.27560875	0.16715285
DQA1*05:01-DQB1*03:02	0.0	0.15233018	0.27121624	0.2812502
DRB1*09:01	0.0	0.28350332	0.27179632	0.34996787
DRB1*15:01	0.0	0.084686644	0.27273664	0.14426222
DQA1*05:01-DQB1*03:02	0.0	0.15209989	0.27196327	0.32530043
DRB1*08:02	0.0	0.521767	0.29277694	0.35500258
DRB1*13:01	0.0	0.598531	0.34691525	0.5160252
DRB1*03:01	0.0	0.0	0.27233067	0.16878274
DPA1*02:01-DPB1*05:01	0.0	0.46347007	0.3073636	0.23759302
DQA1*03:03-DQB1*04:02	0.0	0.084686644	0.27104577	0.122959174
DRB1*01:01	0.0	0.28686014	0.35471427	0.49708608
DQA1*05:01-DQB1*03:02	0.0	0.36073413	0.27085814	0.33757088
DRB3*03:01	0.0	0.35368222	0.40167272	0.41527304
DRB1*13:02	0.0	0.4911789	0.47512478	0.43706128
DRB1*13:02	0.0	0.0	0.27175024	0.13181776
DRB3*03:01	0.0	0.084686644	0.7285553	0.78133726
DQA1*01:02-DQB1*05:01	0.0	0.5672618	0.29917717	0.4405782
DRB1*15:02	0.0	0.1862333	0.27216592	0.06145046
DRB4*01:01	0.0	0.0	0.27367133	0.23478964
DRB1*11:01	0.0	0.0	0.27291006	0.21344271
DRB4*01:03	1.0	0.8984626	0.72883195	0.7346972
DPA1*02:01-DPB1*05:01	0.0	0.0	0.2716701	0.115249254
DRB3*03:01	0.0	0.674082	0.7261146	0.7789029
DPA1*02:01-DPB1*01:01	0.0	0.0	0.27232894	0.070607014
DRB3*01:01	0.0	0.2491389	0.27109143	0.23090667
DQA1*01:01-DQB1*05:01	0.0	0.0	0.27130038	-0.017093047
DRB3*01:01	0.0	0.084686644	0.27085552	0.1306043
DRB3*02:02	0.0	0.0	0.27144125	0.20979175
DRB5*01:01	0.0	0.13026516	0.46708182	0.5021572
DRB1*03:01	1.0	0.83439964	0.72885674	0.6749793
DRB1*04:01	0.0	0.0	0.3333787	0.4086718
DQA1*05:01-DQB1*03:02	0.0	0.31789213	0.2709305	0.24973953
DQA1*02:01-DQB1*03:03	0.0	0.44532922	0.37870792	0.41972157
DRB1*04:04	0.0	0.7560895	0.7284884	0.6758498
DQA1*02:01-DQB1*03:03	0.0	0.6461442	0.27736333	0.37707153
DQA1*01:01-DQB1*05:01	0.0	0.0	0.27218217	-0.0297532
DRB3*01:01	0.0	0.084686644	0.28981933	0.33549643
DQA1*02:01-DQB1*03:01	0.0	0.54663813	0.27631986	0.38131952
DPA1*01:03-DPB1*02:01	0.0	0.0	0.2730604	0.095386155
DRB1*04:01	0.0	0.6545521	0.59329087	0.5771233
DQA1*05:01-DQB1*03:03	0.0	0.5707499	0.30123863	0.46312293
DRB1*07:01	0.0	0.084686644	0.27181074	0.25122416
DQA1*03:03-DQB1*04:02	0.0	0.084686644	0.27103078	0.15433183
DRB1*04:01	1.0	0.84396636	0.72885865	0.66620415
DRB1*11:01	0.0	0.0	0.27306443	0.20408669
DRB1*07:01	0.0	0.674082	0.36947	0.52472985
DRB1*14:54	0.0	0.48968816	0.27174234	0.30446514
DRB3*03:01	0.0	0.54067326	0.44531676	0.54006106
DRB1*01:01	1.0	0.92712814	0.72838277	0.6398251
DQA1*01:01-DQB1*05:01	0.0	0.0	0.27185187	-0.005452223
DRB3*01:01	0.0	0.0	0.36113772	0.3413941
DRB5*01:01	0.0	0.46950918	0.38783115	0.33927315
DQA1*03:01-DQB1*03:02	0.0	0.0	0.3052966	0.2826593
DQA1*03:03-DQB1*04:02	0.0	0.7629388	0.27147666	0.21721825
DRB4*01:03	0.0	0.32135585	0.27202228	0.3375355
DRB1*01:01	0.0	0.10805997	0.2767748	0.15956417
DRB1*03:01	0.0	0.5938504	0.72847676	0.70717937
DRB5*01:01	1.0	0.85125035	0.443605	0.5061664
DRB1*11:01	0.0	0.45002177	0.27421194	0.27591243
DRB3*01:01	0.0	0.19446445	0.28485104	0.38129333
DRB1*11:01	0.0	0.1712405	0.27658215	0.3237944
DQB1*03:02	0.0	0.29749924	0.29273093	0.3079028
DQA1*03:03-DQB1*04:02	0.0	0.084686644	0.3846369	0.37727067
DRB1*07:01	0.0	0.15913662	0.27222127	0.31042993
DRB1*15:01	0.0	0.06822178	0.2749829	0.3104672
DQA1*06:01-DQB1*04:02	0.0	0.2795384	0.27111378	0.26958224
DRB1*13:02	0.0	0.0	0.27537352	0.245635
DRB3*01:01	0.0	0.0	0.27209222	0.30265316
DRB1*13:01	1.0	0.85125035	0.27984658	0.22194284
DQA1*02:01-DQB1*03:01	0.0	0.7278651	0.62151724	0.695541
DRB1*11:01	1.0	0.8673647	0.72883236	0.6784028
DQA1*02:01-DQB1*03:01	0.0	0.084686644	0.27252105	0.3047048
DRB4*01:03	0.0	0.36036846	0.27237692	0.32275015
DRB1*14:54	0.0	0.42076442	0.27162835	0.37032068
DRB4*01:01	0.0	0.084686644	0.2741783	0.34434077
DRB3*02:02	1.0	0.85125035	0.46111456	0.52214175
DPA1*02:01-DPB1*14:01	0.0	0.22967815	0.2944545	0.4190502
DRB4*01:03	0.0	0.3434113	0.32445967	0.47200987
DRB1*08:01	0.0	0.5672618	0.31059933	0.38613364
DQA1*05:01-DQB1*02:01	0.0	0.0	0.27189034	0.20760971
DQA1*05:01-DQB1*02:01	0.0	0.0	0.31256992	0.45232287
DRB1*14:54	0.0	0.348164	0.27310002	0.38442054
DRB1*04:04	0.0	0.56986547	0.271589	0.3188458
DRB1*03:01	0.0	0.7703366	0.48177287	0.45220146
DRB1*09:01	0.0	0.0	0.2715262	0.34574315
DRB1*09:01	0.0	0.18469654	0.29331744	0.42722902
DRB1*07:01	0.0	0.0	0.2721328	0.23960838
DRB1*11:01	0.0	0.4734556	0.2934648	0.3963077
DRB1*11:01	0.0	0.60096335	0.27359223	0.33814704
DRB4*01:01	0.0	0.34945214	0.27133393	0.20565209
DQA1*05:01-DQB1*03:02	0.0	0.52753305	0.27100527	0.3264064
DRB1*03:01	0.0	0.738145	0.7288016	0.6957598
DQA1*01:02-DQB1*05:01	0.0	0.084686644	0.7260437	0.67662513
DRB3*03:01	0.0	0.33506614	0.39624372	0.39599282
DQA1*06:01-DQB1*04:02	0.0	0.084686644	0.27086902	0.20337823
DRB1*03:01	0.0	0.02062367	0.27153715	0.25602826
DQA1*05:01-DQB1*03:02	0.0	0.25789303	0.27090147	0.20067954
DRB1*04:04	0.0	0.5107751	0.2719992	0.35812798
DRB1*09:01	0.0	0.49779728	0.2713039	0.32870802
DQA1*02:01-DQB1*03:03	0.0	0.5707499	0.5338786	0.55577314
DRB1*11:01	0.0	0.084686644	0.2730853	0.1574775
DRB1*08:01	0.0	0.089783125	0.2709107	0.26460442
DPB1*04:01	0.0	0.084686644	0.27275977	0.054011054
DRB1*04:01	0.0	0.33266896	0.2722184	0.15069643
DRB1*13:01	0.0	0.3905223	0.27471548	0.24039623
DRB1*03:01	0.0	0.5487152	0.27424112	0.37065294
DRB1*13:01	0.0	0.61562216	0.30083683	0.4088618
DRB1*04:01	0.0	0.63953674	0.27138385	0.28414196
DRB1*15:01	0.0	0.7629388	0.3573152	0.4891393
DQA1*05:01-DQB1*03:02	0.0	0.4686219	0.2728041	0.35008106
DQA1*01:02-DQB1*05:01	0.0	0.55012625	0.27182108	0.3361551
DPA1*01:03-DPB1*02:01	0.0	0.0	0.32578194	0.33222643
DRB1*15:01	0.0	0.12678269	0.27233043	0.31040296
DRB1*13:01	0.0	0.48500293	0.27780026	0.33974063
DRB1*01:01	0.0	0.43618816	0.2796164	0.3442324
DQA1*01:02-DQB1*05:01	0.0	0.084686644	0.52407366	0.63406956
DRB1*03:01	0.0	0.29749924	0.27160993	0.0512838
DRB1*07:01	0.0	0.3021427	0.27334943	0.39089957
DQA1*01:02-DQB1*05:01	0.0	0.6060289	0.27241817	0.3134107
DRB1*03:01	0.0	0.0	0.27210057	0.1942311
DQA1*02:01-DQB1*03:01	0.0	0.36352378	0.27173755	0.35026005
DRB1*11:01	0.0	0.4117485	0.27384573	0.25434512
DRB1*09:01	0.0	0.20013675	0.27180874	0.23079398
DQA1*01:01-DQB1*05:01	0.0	0.0	0.27611658	0.115349315
DQA1*01:02-DQB1*05:01	0.0	0.084686644	0.45051163	0.42476425
DRB1*03:01	0.0	0.5242514	0.27393517	0.3337057
DQA1*05:01-DQB1*03:02	0.0	0.34242928	0.27093458	0.27391216
DRB1*13:02	0.0	0.0	0.2719318	0.12449183
DRB1*11:01	0.0	0.6296289	0.7288669	0.6888713
DRB1*03:01	0.0	0.54663813	0.2733852	0.31986812
DRB1*10:01	0.0	0.0	0.2722778	0.029174797
DQA1*05:01-DQB1*03:02	0.0	0.084686644	0.5202162	0.5047698
DRB1*08:01	0.0	0.28200623	0.2710702	0.30296084
DQA1*03:03-DQB1*04:02	0.0	0.37485918	0.2710144	0.16115642
DQA1*02:01-DQB1*04:02	0.0	0.18458432	0.27108425	0.26493374
DRB1*03:01	0.0	0.0	0.27262136	0.2773815
DRB4*01:03	0.0	0.5949985	0.2729023	0.33469847
DRB1*04:01	0.0	0.71431553	0.27191964	0.21951169
DRB1*07:01	0.0	0.30321798	0.27280813	0.24168357
DRB1*13:01	0.0	0.027395517	0.27378613	0.3640413
DRB1*03:01	0.0	0.39269707	0.272367	0.31472442
DRB3*03:01	0.0	0.2680331	0.39559418	0.3848551
DRB1*11:01	0.0	0.30703184	0.33027965	0.4397647
DQA1*03:03-DQB1*04:02	0.0	0.084686644	0.2708989	0.17038748
DRB4*01:03	0.0	0.084686644	0.30855876	0.38798043
DRB1*04:04	0.0	0.6796851	0.72728485	0.74198747
DRB1*15:01	0.0	0.29749924	0.27327803	0.23893291
DRB1*07:01	0.0	0.41800016	0.27255768	0.25122216
DRB1*07:01	0.0	0.29749924	0.27227318	0.25064263
DRB1*04:04	0.0	0.50319886	0.7279724	0.7002015
DRB1*08:01	0.0	0.084686644	0.27109033	0.19096324
DRB1*07:01	0.0	0.36156222	0.27212897	0.36235872
DRB5*01:01	0.0	0.42711592	0.3907147	0.28971753
DRB1*03:01	0.0	0.591596	0.27162406	0.29241237
DQA1*05:01-DQB1*03:02	0.0	0.39802554	0.2708276	0.25441134
DRB1*07:01	0.0	0.7328622	0.43317434	0.5221892
DQA1*05:01-DQB1*04:02	0.0	0.69887584	0.35497376	0.50013006
DRB5*01:01	0.0	0.084686644	0.39867014	0.42997292
DRB1*13:01	0.0	0.54196596	0.2742371	0.32806578
DRB1*03:01	0.0	0.0	0.27367678	0.3682479
DRB1*08:02	1.0	1.0	0.72882044	0.6754842
DQA1*02:01-DQB1*03:01	0.0	0.084686644	0.5677792	0.7007078
DQA1*05:01-DQB1*04:02	0.0	0.34595206	0.31652823	0.45200065
DRB4*01:03	0.0	0.084686644	0.27167672	0.33079544
DRB1*13:01	0.0	0.45270798	0.27368653	0.17970094
DQA1*05:01-DQB1*02:01	0.0	0.24146974	0.27121112	0.2131536
DRB1*13:02	0.0	0.1758324	0.28756404	0.3412693
DQA1*03:03-DQB1*04:02	0.0	0.084686644	0.2709156	0.10490466
DQA1*05:01-DQB1*03:02	0.0	0.32213682	0.27091667	0.25654235
DRB1*04:04	0.0	0.56226474	0.27205107	0.30771995
DRB1*04:04	0.0	0.6384378	0.72161096	0.67996
DRB1*03:01	0.0	0.28294894	0.27699938	0.22584376
DQA1*05:01-DQB1*03:02	0.0	0.46687254	0.315058	0.4267803
DQA1*05:01-DQB1*04:02	0.0	0.33667597	0.4150025	0.49905404
DRB1*11:01	0.0	0.084686644	0.27216598	0.1663926
DRB1*13:01	0.0	0.42093995	0.27576035	0.22148064
DRB4*01:01	0.0	0.47822896	0.6081077	0.6094773
DRB1*11:01	0.0	0.084686644	0.4012159	0.41014254
DPA1*03:01-DPB1*04:02	0.0	0.0	0.27429268	0.011744358
DQA1*05:01-DQB1*03:02	0.0	0.35991338	0.27086705	0.21809867
DRB1*13:01	0.0	0.398852	0.2732734	0.33516136
DRB1*04:01	0.0	0.43743998	0.40214384	0.48032138
DRB4*01:03	0.0	0.4631921	0.3946224	0.48252234
DRB4*01:03	1.0	0.8984626	0.72863555	0.70204896
DRB1*04:04	0.0	0.31095645	0.27144647	0.2649726
DPA1*02:01-DPB1*05:01	0.0	0.0	0.27165186	0.09098915
DQA1*02:01-DQB1*03:01	0.0	0.3447885	0.2736709	0.26509437
DQA1*02:01-DQB1*03:01	0.0	0.6567793	0.2757904	0.31375206
DRB1*14:54	0.0	0.7871874	0.7287726	0.7733048
DRB3*02:02	0.0	0.0	0.27495894	0.28868458
DRB1*12:01	0.0	0.0	0.27099416	0.06829641
DRB1*04:04	1.0	0.8078111	0.41568756	0.5650061
DRB3*03:01	0.0	0.7871874	0.3966976	0.41889307
DPB1*05:01	0.0	0.36156222	0.27119678	0.35884464
DQA1*01:02-DQB1*05:01	0.0	0.58618957	0.4057177	0.50643283
DPB1*20:01	0.0	0.0	0.2713315	0.19076726
DRB4*01:03	0.0	0.7969252	0.72889286	0.72927594
DRB1*01:01	0.0	0.2915055	0.27467442	0.23031792
DQA1*05:01-DQB1*03:03	0.0	0.43056068	0.271155	0.28635487
DRB1*03:02	0.0	0.0	0.2844092	0.2951059
DRB1*03:01	0.0	0.2355159	0.27260178	0.4099346
DRB3*01:01	0.0	0.11535024	0.27082482	0.19767132
DQA1*03:03-DQB1*04:02	0.0	0.6060289	0.3182725	0.37404868
DQA1*02:01-DQB1*04:02	1.0	1.0	0.54804295	0.63475406
DRB1*01:01	0.0	0.32408777	0.28204882	0.33614445
DRB1*14:54	0.0	0.738145	0.2887888	0.48992667
DRB1*10:01	0.0	0.0	0.27110595	-0.018915541
DRB1*11:01	0.0	0.0	0.27393085	0.3109173
DRB1*09:01	0.0	0.4003866	0.7263683	0.6686026
DRB1*04:01	0.0	0.0	0.27221626	0.24440917
DRB1*03:01	0.0	0.77837855	0.34875274	0.45516232
DQA1*02:01-DQB1*03:01	0.0	0.6887833	0.2741284	0.28147003
DRB3*03:01	0.0	0.70250076	0.39449656	0.2958711
DRB3*02:02	0.0	0.37867212	0.27148646	0.22319523
DRB1*04:04	0.0	0.2040037	0.27153647	0.2678555
DRB1*03:01	0.0	0.0	0.2719069	0.2996197
DRB1*08:01	0.0	0.54067326	0.27217102	0.29989463
DRB1*03:01	0.0	0.084686644	0.27192214	0.17882761
DQA1*05:01-DQB1*03:01	0.0	0.0	0.27135918	0.23850477
DRB1*08:02	0.0	0.0	0.2713914	0.22226384
DRB1*07:01	0.0	0.70250076	0.7273198	0.6844557
DRB1*09:01	0.0	0.674082	0.33536398	0.46757004
DRB1*14:54	0.0	0.5841126	0.39421925	0.5664456
DQA1*06:01-DQB1*04:02	0.0	0.4846522	0.27109396	0.2353585
DRB3*01:01	0.0	0.5338698	0.2736325	0.3086442
DQA1*05:01-DQB1*03:03	0.0	0.48121598	0.54865205	0.5714114
DQA1*05:01-DQB1*04:02	0.0	0.5369004	0.71372074	0.66480136
DRB5	0.0	0.0	0.2711945	0.062741704
DRB3*02:02	0.0	0.40024602	0.27309704	0.3148431
DQA1*06:01-DQB1*04:02	0.0	0.084686644	0.27259552	0.26240847
DQA1*05:01-DQB1*03:02	0.0	0.3902698	0.43755955	0.497174
DRB1*04:04	0.0	0.33625332	0.2718848	0.2912986
DRB1*03:02	0.0	0.0	0.37577713	0.40129414
DRB3*01:01	0.0	0.052056737	0.3582662	0.38337883
DRB1*04:01	0.0	0.052443888	0.27184302	0.2408672
DRB1*01:01	0.0	0.59616107	0.5231028	0.5246657
DRB1*07:01	0.0	0.5145674	0.2718429	0.37240225
DRB1*14:54	0.0	0.084686644	0.27213648	0.35030153
DRB1*04:04	0.0	0.5084816	0.2722161	0.33762243
DRB3*01:01	0.0	0.5544935	0.28279188	0.32880166
DRB1*04:01	0.0	0.0	0.72780186	0.62286824
DRB1*03:01	0.0	0.4766103	0.27311644	0.2998347
DRB1*07:01	0.0	0.5356762	0.27303615	0.23776555
DRB1*14:54	0.0	0.58108205	0.46136507	0.53043246
DRB1*07:01	0.0	0.24039228	0.2723232	0.27984717
DRB1*14:54	0.0	0.7062737	0.43016288	0.56985664
DRB1*04:01	0.0	0.084686644	0.2716402	0.13719779
DRB1*07:01	0.0	0.6141892	0.72763723	0.67150795
DRB1*04:01	0.0	0.18927771	0.27292907	0.2786263
DQA1*06:01-DQB1*04:02	0.0	0.084686644	0.27087644	0.17504492
DRB1*11:01	0.0	0.084686644	0.27495697	0.33354837
DRB1*13:01	0.0	0.5084816	0.4448671	0.5608268
DRB3*02:02	0.0	0.084686644	0.2716972	0.17595842
DRB1*01:01	0.0	0.61562216	0.33006206	0.45925227
DQA1*01:02-DQB1*05:01	0.0	0.35166746	0.27269349	0.38316318
DRB1*04:01	0.0	0.41548166	0.2727865	0.07889069
DRB1*13:01	0.0	0.39014378	0.27446	0.2604722
DRB3*02:02	0.0	0.0860835	0.27161214	0.20109078
DRB1*13:01	0.0	0.2205592	0.27427158	0.3038086
DRB1*09:01	0.0	0.084686644	0.36480153	0.5284227
DRB1*07:01	0.0	0.3157281	0.35588476	0.37267888
DRB1*08:01	0.0	0.62158704	0.29169318	0.3691912
DRB3*01:01	0.0	0.40485376	0.53987014	0.5843638
DQA1*05:01-DQB1*03:02	0.0	0.48395464	0.5498536	0.6414961
DRB1*04:04	0.0	0.084686644	0.72754246	0.61485875
DRB1*09:01	0.0	0.25158072	0.27536553	0.48623726
DRB1*13:01	0.0	0.084686644	0.41300845	0.4748281
DQA1*02:01-DQB1*03:01	0.0	0.738145	0.72880936	0.71159947
DRB4*01:01	0.0	0.29749924	0.7282027	0.5970731
DRB1*11:01	0.0	0.0	0.27172142	0.25901315
DRB1*03:01	0.0	0.0	0.27288923	0.2375606
DRB5*01:01	0.0	0.7871874	0.39668077	0.36203158
DQA1*01:02-DQB1*05:01	1.0	0.8078111	0.7276862	0.73489225
DRB1*08:02	0.0	0.56307906	0.27828956	0.28970793
DQA1*01:02-DQB1*05:01	0.0	0.49820176	0.27223694	0.34016222
DRB1*07:01	0.0	0.32677597	0.2719073	0.26110265
DRB5*01:01	0.0	0.22205874	0.38871014	0.28025684
DPA1*01:03-DPB1*04:01	0.0	0.0	0.27322713	0.094578676
DRB1*15:01	1.0	0.9689021	0.4383021	0.5369557
DRB4*01:01	0.0	0.0	0.2716185	0.0344823
DRB1*03:01	0.0	0.28591767	0.2717336	0.14345893
DRB1*13:01	0.0	0.6366076	0.28734595	0.29216346
DPA1*01:03-DPB1*02:01	0.0	0.12479299	0.38952	0.39809892
DRB1*13:01	0.0	0.34657866	0.2813329	0.3161148
DRB1*01:01	0.0	0.36156222	0.5192122	0.41366395
DRB4*01:03	0.0	0.084686644	0.2723907	0.30329797
DRB5*01:01	0.0	0.6662669	0.40432793	0.38365385
DPA1*02:01-DPB1*05:01	0.0	0.0	0.27183065	0.03581094
DQA1*02:01-DQB1*03:03	0.0	0.084686644	0.27102718	0.2712704
DRB3*01:01	0.0	0.4019471	0.27094936	0.20380065
DQA1*02:01-DQB1*04:02	0.0	0.3165195	0.27085248	0.32777774
DRB1*14:54	0.0	0.34713045	0.27210778	0.34548083
DRB1*07:01	0.0	0.30821776	0.27340695	0.22767544
DQA1*02:01-DQB1*04:02	0.0	0.3627716	0.27185404	0.3334292
DRB3*02:02	0.0	0.084686644	0.27174896	0.10912181
DPA1*03:01-DPB1*04:02	0.0	0.0	0.27322674	0.13889688
DRB1*15:01	0.0	0.21194787	0.27274963	0.24241993
DRB1*08:02	0.0	0.084686644	0.35800987	0.4107148
DRB1*13:02	0.0	0.74971294	0.7285848	0.6673535
DQA1*01:02-DQB1*06:02	0.0	0.0	0.27095324	0.0983377
DRB1*13:01	0.0	0.40223372	0.27527937	0.2959722
DQB1*03:01	0.0	0.23110902	0.27114165	0.3037864
DQA1*05:01-DQB1*02:01	0.0	0.14602667	0.2712461	0.1239169
DQA1*03:03-DQB1*04:02	0.0	0.084686644	0.27096835	0.18007204
DRB3*02:02	0.0	0.0	0.2715944	0.14003378
DPA1*01:03-DPB1*02:01	0.0	0.37068588	0.3138653	0.47021356
DRB1*09:01	0.0	0.59616107	0.27242407	0.4062889
DRB1*08:01	0.0	0.28599924	0.27848676	0.30286166
DRB3*02:02	0.0	0.0	0.27682364	0.40638152
DRB1*13:02	0.0	0.0	0.27233154	0.12195336
DQA1*01:02-DQB1*05:01	0.0	0.3255785	0.34191254	0.41811308
DQA1*02:01-DQB1*03:03	0.0	0.63132477	0.45682132	0.4106933
DPA1*01:03-DPB1*04:01	0.0	0.0	0.3136987	0.34644952
DQA1*05:01-DQB1*03:02	0.0	0.53209805	0.5389114	0.5839409
DRB1*13:01	0.0	0.58009356	0.27725738	0.3599054
DQA1*05:01-DQB1*03:03	0.0	0.403389	0.37009555	0.45839795
DRB1*08:01	0.0	0.33368874	0.27092618	0.2819363
DQA1*01:02-DQB1*05:01	0.0	0.71861506	0.27346897	0.3944243
DRB1*04:01	1.0	1.0	0.72251654	0.64377743
DRB4*01:03	0.0	0.7328622	0.72869235	0.73207235
DRB1*15:01	0.0	0.15546678	0.27585173	0.23732075
DQA1*02:01-DQB1*04:02	0.0	0.3018516	0.27078044	0.29715145
DRB1*04:04	0.0	0.3914116	0.27205575	0.3304978
DRB3*01:01	0.0	0.17613022	0.27113363	0.26802906
DRB3*02:02	0.0	0.0	0.27165967	0.16268092
DRB1*09:01	0.0	0.0	0.2718219	0.28933296
DQA1*02:01-DQB1*03:01	0.0	0.084686644	0.27254632	0.34624293
DRB1*08:01	0.0	0.2866544	0.27095073	0.29054868
DQA1*06:01-DQB1*04:02	0.0	0.084686644	0.27091095	0.21714377
DRB5*01:01	0.0	0.5949985	0.43940905	0.50719106
DRB1*11:01	0.0	0.19496596	0.27239197	0.21148649
DQA1*05:01-DQB1*03:02	0.0	0.4428464	0.28684106	0.43935743
DRB1*01:01	1.0	0.8984626	0.3482467	0.29188547
DRB1*04:04	0.0	0.5997392	0.27791983	0.38023096
DRB1*03:01	0.0	0.0	0.27456087	0.22921121
DRB1*03:03	0.0	0.35811523	0.27389312	0.40360323
DRB1*11:01	0.0	0.6567793	0.44863817	0.5674026
DRB1*08:02	0.0	0.71020716	0.5608076	0.54783463
DRB3*03:01	1.0	0.93593705	0.4375519	0.38045394
DQA1*02:01-DQB1*04:02	0.0	0.34235418	0.27145532	0.32519677
DRB3*02:02	0.0	0.054637752	0.2713054	0.25614387
DPA1*01:03-DPB1*04:01	0.0	0.0	0.27245212	0.124389775
DRB1*11:01	0.0	0.17006908	0.27192414	0.26711896
DRB1*15:01	0.0	0.7703366	0.7289004	0.6514932
DRB5*01:01	0.0	0.0	0.38520232	0.30590895
DRB1*09:01	0.0	0.20012063	0.27290145	0.41112074
DRB1*11:01	0.0	0.33569276	0.30453673	0.45181295
DRB1*01:01	0.0	0.69958955	0.28220713	0.29393068
DRB1*03:01	0.0	0.7560895	0.7282804	0.7121671
DQA1*03:03-DQB1*04:02	0.0	0.084686644	0.27089593	0.18074858
DRB4*01:03	0.0	0.25507638	0.27196676	0.24182507
DRB1*03:03	0.0	0.34432715	0.3093333	0.39643827
DRB3*03:01	0.0	0.6127781	0.45656198	0.5683906
DRB1*08:01	0.0	0.5997392	0.5440658	0.57201624
DRB1*04:04	1.0	0.8078111	0.27956116	0.3925563
DRB1*01:01	0.0	0.50802964	0.27652937	0.26185802
DRB1*01:01	0.0	0.15846686	0.27781346	0.34277442
DQA1*02:01-DQB1*03:01	0.0	0.591596	0.41013527	0.50919384
DRB1*14:54	1.0	0.8201525	0.27210337	0.4161314
DRB1*03:01	0.0	0.55829746	0.38353947	0.47066185
DRB1*11:01	0.0	0.29343104	0.27333304	0.25778472
DQA1*02:01-DQB1*04:02	0.0	0.6073399	0.5422595	0.61302143
DRB1*01:01	0.0	0.13292894	0.285756	0.28026572
DRB5*01:01	0.0	0.0	0.37674347	0.28730875
DRB1*01:01	0.0	0.47161323	0.7256537	0.69597644
DRB3*02:02	0.0	0.4871359	0.271814	0.2200692
DRB5*01:01	0.0	0.084686644	0.41119075	0.31045777
DRB4*01:03	0.0	0.084686644	0.27350342	0.35563037
DRB1*11:01	0.0	0.049113996	0.2719636	0.2921979
DRB1*04:05	0.0	0.5286533	0.27116093	0.22688141
DRB1*04:01	0.0	0.77837855	0.2718112	0.337029
DQA1*01:02-DQB1*05:01	0.0	0.5716429	0.72552913	0.73952806
DPA1*02:01-DPB1*05:01	0.0	0.0	0.27280173	0.014843918
DQA1*02:01-DQB1*03:03	0.0	0.19028623	0.27080715	0.13840678
DRB4*01:01	0.0	0.46018842	0.7285413	0.6601354
DRB1*03:01	0.0	0.0	0.272923	0.338322
DRB5*01:01	0.0	0.084686644	0.38109353	0.27996725
DRB5*01:01	1.0	0.8078111	0.41810727	0.43586776
DRB1*09:01	0.0	0.30356273	0.27222127	0.34690884
DQA1*02:01-DQB1*03:03	0.0	0.084686644	0.27140775	0.33616328
DRB1*11:01	0.0	0.0	0.27286652	0.093513794
DRB1*14:54	0.0	0.084686644	0.2772135	0.3833685
DPA1*01:03-DPB1*02:01	0.0	0.0	0.27296782	0.04260712
DRB1*15:01	0.0	0.0	0.27337697	0.14927119
DQA1*03:03-DQB1*04:02	0.0	0.084686644	0.52587795	0.54933196
DRB1*03:01	0.0	0.12799296	0.27169412	0.3075462
DRB1*03:02	0.0	0.064062975	0.27209914	0.33222693
DQA1*02:01-DQB1*03:01	0.0	0.43536296	0.27444813	0.32448164
DRB1*11:01	0.0	0.4086205	0.2738824	0.41642645
DRB1*07:01	0.0	0.32243896	0.72838205	0.6874667
DRB1*08:01	0.0	0.23525633	0.2709311	0.19062707
DRB1*01:01	0.0	0.5107751	0.72850925	0.57800376
DRB4*01:03	0.0	0.5614576	0.3910907	0.55124056
DRB1*01:01	0.0	0.7703366	0.72851247	0.69764084
DQA1*05:01-DQB1*04:02	0.0	0.2127387	0.7274081	0.6713741
DPB1*01:01	0.0	0.29749924	0.27141428	0.2922134
DRB1*03:01	0.0	0.5058025	0.38027763	0.40937865
DRB1*04:04	0.0	0.6662669	0.27221236	0.34725276
DPA1*01:03-DPB1*04:01	0.0	0.0	0.2732573	0.113863386
DRB1*04:03	0.0	0.44536677	0.27145863	0.31619388
DRB1*13:02	0.0	0.084686644	0.3063917	0.3702825
DRB1*04:05	0.0	0.4654396	0.29652053	0.34611022
DQA1*01:02-DQB1*05:01	0.0	0.7278651	0.2752465	0.41677758
DRB4*01:03	0.0	0.60096335	0.27493662	0.3581506
DQA1*02:01-DQB1*03:03	0.0	0.44954166	0.53645384	0.563728
DQA1*02:01-DQB1*03:01	0.0	0.31760448	0.2720563	0.2510912
DQA1*03:01-DQB1*03:02	0.0	0.084686644	0.27271393	0.14234859
DRB1*09:01	0.0	0.3716086	0.2716243	0.30161175
DQA1*03:03-DQB1*04:02	0.0	0.37756658	0.27091533	0.14243197
DRB1*07:01	0.0	0.0	0.27357402	0.2971384
DRB1*04:04	0.0	0.084686644	0.2714628	0.30194303
DRB1*14:54	0.0	0.54527897	0.27366287	0.39100403
DRB1*04:05	0.0	0.4329878	0.27118775	0.24509338
DRB1*15:01	0.0	0.0	0.27282295	0.16053522
DRB1*13:01	0.0	0.084686644	0.27259648	0.2691249
DQA1*05:01-DQB1*03:02	0.0	0.414166	0.27082327	0.24124297
DQA1*02:01-DQB1*03:01	0.0	0.5010838	0.27405316	0.266323
DQA1*06:01-DQB1*04:02	0.0	0.084686644	0.27096668	0.19535866
DRB1*04:01	0.0	0.047799416	0.27142298	0.22412202
DRB1*07:01	0.0	0.55155915	0.29538637	0.3698176
DRB1*04:04	0.0	0.640305	0.27218917	0.40202957
DRB5*01:01	1.0	0.93593705	0.42248708	0.4304683
DRB1*15:01	0.0	0.0	0.27430397	0.1915097
DRB1*07:01	0.0	0.39871374	0.27263302	0.3314367
DQA1*05:01-DQB1*04:02	0.0	0.60473627	0.4195198	0.49846163
DRB1*07:01	0.0	0.49462363	0.27226266	0.2933314
DRB1*04:04	0.0	0.27795395	0.27155086	0.27746293
DRB1*07:01	0.0	0.3625845	0.2728785	0.3700387
DRB4*01:03	0.0	0.084686644	0.2723112	0.30131856
DRB1*04:04	0.0	0.084686644	0.2718719	0.29583868
DRB3*03:01	0.0	0.1838788	0.39259622	0.3641846
DRB3*02:02	0.0	0.084686644	0.2713498	0.11389998
DRB1*01:01	0.0	0.44764572	0.27745223	0.40509734
DRB1*08:02	0.0	0.0	0.28323758	0.34608603
DRB1*12:01	0.0	0.0	0.27093655	0.06142158
DRB1*08:02	0.0	0.31372365	0.46156394	0.44216332
DRB1*03:01	0.0	0.0	0.2730592	0.26575223
DRB1*04:01	0.0	0.0	0.2716297	0.14631861
DRB1*01:01	0.0	0.35556847	0.308095	0.37442556
DRB1*03:01	0.0	0.35275334	0.27172315	0.29991224
DRB3*01:01	0.0	0.40470624	0.2708078	0.22792652
DRB1*04:01	0.0	0.023916453	0.27126563	0.24680164
DRB1*12:02	0.0	0.48189306	0.27103877	0.18711576
DQA1*03:01-DQB1*03:01	0.0	0.04721221	0.27157077	0.29645088
DRB1*01:01	0.0	0.0	0.28695247	0.30743974
DRB1*11:01	1.0	0.8868946	0.7264146	0.6425954
DRB1*15:01	0.0	0.0	0.2746124	0.11348703
DRB1*15:01	1.0	0.87187403	0.72871864	0.6717305
DQA1*05:01-DQB1*03:03	0.0	0.3449428	0.5445349	0.6185632
DRB1*04:04	0.0	0.28542972	0.27145493	0.2046577
DQA1*05:01-DQB1*03:03	0.0	0.084686644	0.2709098	0.31382132
DRB4*01:01	0.0	0.0	0.2717025	0.25471148
DRB1*13:02	0.0	0.0	0.27165022	0.3017068
DQA1*01:02-DQB1*05:01	0.0	0.5303597	0.40362015	0.46310672
DRB1*11:01	0.0	0.6366076	0.35034502	0.4369047
DRB1*15:01	0.0	0.053463414	0.27226275	0.2607346
DRB1*08:02	0.0	0.0	0.27146772	0.13055387
DQA1*03:03-DQB1*04:02	0.0	0.084686644	0.53955793	0.51939905
DQA1*06:01-DQB1*04:02	0.0	0.44419238	0.2709547	0.25585815
DRB3*03:01	0.0	0.71431553	0.38642368	0.2865862
DQA1*06:01-DQB1*04:02	0.0	0.28450164	0.27092546	0.21113166
DRB3*01:01	0.0	0.084686644	0.27089787	0.10982808
DQA1*05:01-DQB1*03:03	0.0	0.28185004	0.27092364	0.21107113
DRB1*03:01	0.0	0.1118934	0.27230564	0.20764855
DQA1*02:01-DQB1*04:02	0.0	0.34034893	0.27088442	0.24429083
DRB1*04:01	0.0	0.0	0.27212352	0.15651873
DRB1*15:01	0.0	0.5672618	0.2719212	0.32763293
DRB1*13:01	1.0	0.83439964	0.27732873	0.36783144
DRB4*01:03	0.0	0.68565	0.28507492	0.4894851
DRB1*14:54	0.0	0.35342795	0.29032123	0.42621872
DQA1*05:01-DQB1*04:02	0.0	0.5743748	0.27145693	0.29213467
DRB4*01:03	0.0	0.27286047	0.2727354	0.2127898
DRB5*01:01	0.0	0.084686644	0.39003786	0.2979397
DQA1*02:01-DQB1*03:03	0.0	0.084686644	0.2709184	0.22025108
DRB1*04:01	0.0	0.0	0.2721205	0.27003682
DRB1*03:01	0.0	0.0	0.30463746	0.26152968
DRB3*02:02	0.0	0.084686644	0.72879946	0.62735367
DRB1*13:01	0.0	0.38656247	0.2744145	0.3174145
DRB5*01:01	0.0	0.15105167	0.3902239	0.35349068
DRB1*07:01	0.0	0.3869266	0.2743218	0.3798721
DRB1*08:01	0.0	0.30465475	0.27086177	0.24832776
DRB1*03:01	0.0	0.46459037	0.3354708	0.35038498
DRB1*11:01	0.0	0.0	0.2947417	0.26345268
DQA1*05:01-DQB1*03:02	0.0	0.3548781	0.2708511	0.20657751
DRB1*09:01	0.0	0.47222328	0.7263681	0.6604116
DRB1*04:01	0.0	0.4612694	0.32034755	0.42929682
DRB3*02:02	0.0	0.6263277	0.27203402	0.24211094
DRB1*15:01	0.0	0.084686644	0.27316034	0.18501547
DRB5*01:01	0.0	0.18680352	0.3889226	0.2502412
DQA1*03:01-DQB1*03:02	0.0	0.084686644	0.27719733	0.18679047
DRB1*14:54	0.0	0.74971294	0.27381524	0.31737503
DQA1*01:01-DQB1*05:01	0.0	0.0	0.2894122	0.1496296
DQA1*02:01-DQB1*03:03	0.0	0.3190518	0.27080017	0.24620524
DRB3*01:01	0.0	0.49779728	0.541425	0.53266764
DRB3*01:01	0.0	0.4114309	0.32629618	0.3636114
DRB5*01:01	0.0	0.1850075	0.39168635	0.2880058
DRB1*03:01	0.0	0.39166728	0.27168244	0.19861722
DQA1*01:02-DQB1*05:01	0.0	0.12379281	0.27174184	0.19635418
DQA1*05:01-DQB1*03:01	0.0	0.23790981	0.28089592	0.4233738
DRB1*04:01	0.0	0.25699425	0.5175949	0.39063853
DRB1*14:54	0.0	0.559864	0.2724655	0.39806643
DRB1*03:01	0.0	0.64817554	0.27179134	0.3478363
DRB1*04:01	0.0	0.0	0.27475357	0.29684985
DRB1*03:01	0.0	0.0	0.53603846	0.5632492
DRB1*09:01	0.0	0.64221066	0.27137515	0.32497725
DRB1*07:01	0.0	0.63305235	0.2730948	0.31150392
DRB1*15:01	0.0	0.0	0.27382094	0.2388162
DQA1*05:01-DQB1*04:02	0.0	0.52753305	0.27154675	0.32377777
DRB1*03:01	0.0	0.6796851	0.49277574	0.51474786
DQA1*02:01-DQB1*03:01	0.0	0.084686644	0.27441972	0.32900062
DRB4*01:03	0.0	0.084686644	0.27235702	0.26626873
DQB1*04:02	0.0	0.0	0.27208263	0.1754261
DRB1*09:01	0.0	0.22460638	0.271323	0.27177462
DQA1*05:01-DQB1*04:02	0.0	0.7969252	0.27235124	0.31480622
DRB4*01:03	0.0	0.36221147	0.27265212	0.38297564
DQA1*05:01-DQB1*03:01	0.0	0.14456652	0.2778063	0.38270608
DRB1*01:01	0.0	0.33147258	0.27544692	0.24476144
DRB5*01:01	0.0	0.084686644	0.38377818	0.28905144
DRB3*03:01	0.0	0.5375186	0.398788	0.3960772
DRB1*03:01	0.0	0.0	0.27277783	0.20703164
DRB1*04:01	0.0	0.2998392	0.27135536	0.3126005
DRB5*01:01	0.0	0.5841126	0.43333465	0.43903443
DRB1*09:01	0.0	0.2093834	0.27118388	0.30740625
DPB1*04:02	0.0	0.0	0.27176875	0.24500528
DRB5*01:01	0.0	0.084686644	0.42213994	0.37622473
DQA1*05:01-DQB1*04:02	0.0	0.53151494	0.2711693	0.2763097
DRB1*03:01	1.0	1.0	0.728869	0.5926594
DRB1*13:02	0.0	0.16937329	0.3992779	0.46528885
DRB1*15:01	0.0	0.6953878	0.31214446	0.4283552
DQA1*02:01-DQB1*03:03	0.0	0.48677695	0.27621323	0.37386128
DQA1*02:01-DQB1*03:01	0.0	0.084686644	0.44867906	0.58144355
DPA1*03:01-DPB1*04:02	0.0	0.2659404	0.29307982	0.30903396
DRB1*08:02	0.0	0.0	0.27824533	0.40045205
DQA1*05:01-DQB1*03:02	0.0	0.4341388	0.2708372	0.23959097
DQA1*05:01-DQB1*04:02	0.0	0.27342856	0.27150318	0.3166473
DQA1*02:01-DQB1*03:01	0.0	0.48087928	0.36379796	0.5152842
DRB4*01:01	0.0	0.24119292	0.27165428	0.18506211
DRB1*13:01	0.0	0.011424911	0.29401594	0.3880696
DRB1*14:54	0.0	0.74971294	0.5304807	0.64011645
DRB1*09:01	0.0	0.0	0.27128685	0.312044
DQA1*05:01-DQB1*02:01	0.0	0.31295574	0.27117392	0.23951897
DQA1*05:01-DQB1*02:01	0.0	0.3800165	0.2732506	0.38115087
DRB5*01:01	0.0	0.084686644	0.38699532	0.2340627
DRB1*07:01	0.0	0.47888446	0.28783637	0.3493993
DRB1*04:04	0.0	0.5356762	0.29124802	0.38418666
DQA1*05:01-DQB1*03:02	0.0	0.32433456	0.53494227	0.5663055
DRB1*01:01	1.0	0.96252555	0.7051318	0.55381227
DRB1*09:01	1.0	0.85125035	0.72675645	0.72607774
DRB5*01:01	0.0	0.62472034	0.7284497	0.69956195
DRB1*15:02	0.0	0.72312444	0.27110595	0.21031106
DQA1*01:01-DQB1*05:01	0.0	0.0	0.27277312	0.09266829
DQA1*02:01-DQB1*03:01	0.0	0.52978736	0.72869027	0.69873923
DQA1*03:03-DQB1*04:02	0.0	0.5480176	0.2728135	0.28874534
DRB3*01:01	0.0	0.27847907	0.27092215	0.2722635
DRB1*07:01	0.0	0.2916789	0.2720381	0.3626556
DRB1*07:01	0.0	0.40166143	0.2716107	0.2860895
DRB1*01:01	0.0	0.0882672	0.7287448	0.6299666
DRB3*03:01	0.0	0.7629388	0.40109974	0.36969313
DQA1*01:02-DQB1*05:01	0.0	0.43786103	0.27204892	0.3047211
DRB1*04:01	0.0	0.16257103	0.2716299	0.17844787
DRB1*03:01	0.0	0.0	0.27185813	0.16906822
DRB4*01:03	0.0	0.35900992	0.273058	0.24829611
DRB1*13:01	1.0	0.8201525	0.42404538	0.5150085
DRB1*01:01	0.0	0.23558684	0.27899277	0.28447723
DRB1*01:01	0.0	0.5949985	0.27626422	0.24199542
DRB1*12:01	0.0	0.0	0.27100632	0.15706518
DRB1*08:01	1.0	0.87187403	0.5407355	0.5893836
DRB1*04:01	0.0	0.0	0.27166352	0.29278713
DRB4*01:01	0.0	0.084686644	0.2717078	0.059422232
DRB1*07:01	1.0	0.9565607	0.4568218	0.4942808
DRB1*10:01	0.0	0.0	0.27153862	0.1507132
DQA1*01:01-DQB1*05:01	0.0	0.0	0.27444178	0.17030197
DRB1*01:01	0.0	0.48121598	0.36707863	0.47238633
DRB1*13:02	0.0	0.13037115	0.3356932	0.45285645
DRB1*07:01	0.0	0.27537212	0.27254266	0.30908933
DRB1*15:01	0.0	0.23575252	0.27553746	0.3669218
DQA1*01:03-DQB1*06:03	0.0	0.23025677	0.27091128	0.1548447
DRB1*11:01	0.0	0.0	0.27253678	0.27028447
DRB1*03:01	0.0	0.0	0.2731801	0.19333401
DRB1*04:04	0.0	0.5117087	0.272735	0.41177535
DRB1*04:01	0.0	0.07006531	0.27241656	0.13421771
DQA1*01:02-DQB1*05:01	0.0	0.084686644	0.27243602	0.330053
DRB1*13:02	0.0	0.11254701	0.27269962	0.24178135
DQA1*01:02-DQB1*05:01	0.0	0.5872459	0.55592424	0.60008335
DQA1*02:01-DQB1*04:02	0.0	0.084686644	0.27080166	0.29419175
DPB1*02:01	0.0	0.0	0.2715919	0.18834767
DRB1*09:01	0.0	0.7629388	0.2728658	0.4112334
DQA1*05:01-DQB1*03:02	0.0	0.084686644	0.27084613	0.21905303
DRB1*03:01	0.0	0.43454504	0.30193856	0.39649346
DQA1*03:01-DQB1*03:02	0.0	0.5606573	0.27498415	0.24381039
DRB1*03:01	0.0	0.0	0.2726199	0.14270371
DRB3*01:01	0.0	0.43017152	0.2709396	0.19208878
DQA1*03:03-DQB1*04:02	0.0	0.39347702	0.27089927	0.1356644
DRB1*13:01	0.0	0.49193338	0.27371365	0.31939432
DRB1*01:01	0.0	0.6614014	0.5648708	0.58590746
DRB1*08:01	0.0	0.44555828	0.27086246	0.27673534
DRB1*07:01	0.0	0.32225755	0.2762986	0.39124522
DRB1*08:01	0.0	0.4236139	0.2712682	0.19643608
DRB1*08:02	0.0	0.0	0.27174526	0.18246013
DRB1*11:01	0.0	0.0	0.2970794	0.3861263
DRB1*11:01	1.0	0.85125035	0.7283156	0.66752934
DQA1*02:01-DQB1*03:03	0.0	0.31160015	0.27079493	0.1661632
DRB1*03:03	0.0	0.0	0.27290556	0.14019796
DRB3*01:01	0.0	0.45345432	0.27320346	0.29997858
DRB1*01:01	1.0	0.8399546	0.58783984	0.69535375
DQA1*05:01-DQB1*03:03	0.0	0.5552419	0.27233705	0.33839494
DQA1*02:01-DQB1*04:02	0.0	0.18754588	0.2709475	0.34271535
DQA1*03:03-DQB1*04:02	0.0	0.6768411	0.560185	0.5614321
DQA1*05:01-DQB1*04:02	0.0	0.39269707	0.27118683	0.20511517
DRB1*15:01	0.0	0.52753305	0.27523065	0.37486085
DRB1*04:04	0.0	0.60866976	0.3047098	0.44341287
DRB1*08:01	0.0	0.58939534	0.35748443	0.37873587
DRB1*11:01	0.0	0.45816875	0.38577977	0.48979405
DRB1*15:01	0.0	0.35982266	0.27556098	0.3885741
DRB3*02:02	0.0	0.084686644	0.27143502	0.26598743
DPA1*01:03-DPB1*04:01	0.0	0.0	0.27257317	0.1512186
DRB1*07:01	0.0	0.7703366	0.7282511	0.667995
DRB1*01:01	0.0	0.2965479	0.27521813	0.16062367
DRB1*04:05	0.0	0.2780288	0.28365877	0.41548046
DRB1*04:01	0.0	0.0	0.2729061	0.121495135
DRB3*03:01	0.0	0.42023978	0.4240162	0.46049735
DRB1*01:01	1.0	1.0	0.7277295	0.7170516
DRB1*15:01	0.0	0.0	0.27414834	0.25218153
DRB3*02:02	0.0	0.084686644	0.2721153	0.18923482
DRB1*04:04	0.0	0.512179	0.34078464	0.4566042
DRB1*04:04	0.0	0.7437481	0.27419716	0.38741285
DRB3	0.0	0.0	0.6358615	0.5534785
DRB1*14:54	0.0	0.25065747	0.27761132	0.3986695
DRB5*01:01	0.0	0.0	0.37648147	0.15625957
DRB1*03:01	0.0	0.0	0.2722723	0.17932293
DRB1*11:01	0.0	0.72312444	0.7288895	0.66786313
DRB1*08:01	0.0	0.24217817	0.27150807	0.26067194
DRB1*09:01	0.0	0.7871874	0.7221304	0.68596226
DRB3*01:01	0.0	0.4333316	0.27132502	0.22145501
DQA1*02:01-DQB1*03:01	0.0	0.58108205	0.3260421	0.51097906
DQA1*05:01-DQB1*04:02	0.0	0.65237737	0.2794606	0.3743219
DRB1*08:01	0.0	0.3220765	0.270854	0.27183297
DRB1*04:01	0.0	0.591596	0.7284664	0.67854345
DRB1*07:01	0.0	0.738145	0.2771739	0.4328868
DRB5*01:01	0.0	0.29042906	0.39071125	0.18545863
DRB1*13:01	0.0	0.18681747	0.2738522	0.3356571
DRB1*03:01	0.0	0.380469	0.2719537	0.33964732
DQA1*01:02-DQB1*05:01	0.0	0.68261945	0.69809425	0.6965359
DRB1*08:01	0.0	0.084686644	0.27081132	0.18891087
DRB1*09:01	0.0	0.43786103	0.27137986	0.33278662
DQA1*05:01-DQB1*03:02	0.0	0.31499925	0.2708687	0.25452176
DRB1*11:01	0.0	0.084686644	0.2725455	0.21426773
DRB5*01:01	0.0	0.7062737	0.447891	0.48864564
DRB1*04:01	0.0	0.20690551	0.4609504	0.35462952
DRB1*09:01	0.0	0.17399246	0.27136663	0.31779101
DRB4*01:03	1.0	0.93593705	0.7285486	0.7142638
DRB1*07:01	0.0	0.68565	0.29647592	0.40035844
DRB1*03:01	0.0	0.084686644	0.31139916	0.4324923
DQA1*05:01-DQB1*04:02	0.0	0.46072733	0.27130362	0.33172292
DQA1*05:01-DQB1*02:01	0.0	0.18171471	0.27115762	0.22405234
DQA1*05:01-DQB1*03:02	0.0	0.50492644	0.29036146	0.3923034
DPA1*02:01-DPB1*01:01	0.0	0.0	0.2726183	0.08885867
DRB1*09:01	0.0	0.26198637	0.27235937	0.43730012
DRB1*01:01	0.0	0.084686644	0.27646175	0.29226932
DRB1*03:01	0.0	0.35300574	0.27185982	0.22849298
DRB1*08:01	0.0	0.60096335	0.27093112	0.25400844
DPA1*03:01-DPB1*04:02	0.0	0.0	0.31329903	0.31942186
DRB1*03:01	0.0	0.68565	0.27200943	0.28768322
DQA1*01:03-DQB1*06:03	0.0	0.16461122	0.2719525	0.2132679
DQA1*02:01-DQB1*03:01	0.0	0.24821249	0.2724255	0.3036352
DQA1*02:01-DQB1*03:01	0.0	0.084686644	0.2721121	0.30976886
DQA1*05:01-DQB1*02:01	0.0	0.40368012	0.27133393	0.2981107
DRB5*01:01	0.0	0.14766541	0.3882639	0.3838972
DRB1*08:02	1.0	0.81627405	0.27348647	0.3366473
DRB1*03:01	0.0	0.5058025	0.27233663	0.3202174
DQA1*05:01-DQB1*03:02	0.0	0.23627523	0.27086377	0.27783218
DQA1*03:03-DQB1*04:02	0.0	0.084686644	0.27086037	0.14797205
DRB4*01:03	0.0	0.084686644	0.28444877	0.40470454
DRB1*03:01	0.0	0.40295407	0.4612747	0.35752782
DQA1*02:01-DQB1*04:02	0.0	0.084686644	0.53817093	0.6604435
DQA1*02:01-DQB1*04:02	0.0	0.084686644	0.27081966	0.31199214
DRB1*04:01	0.0	0.41728804	0.27193332	0.26307493
DRB1*13:02	0.0	0.0	0.27183452	0.16534975
DRB1*13:01	0.0	0.31111696	0.27351183	0.31177694
DRB1*07:01	0.0	0.064062975	0.34185094	0.4013429
DQA1*05:01-DQB1*03:02	0.0	0.084686644	0.2709281	0.20158973
DRB1*09:01	0.0	0.084686644	0.2713352	0.405659
DQA1*02:01-DQB1*04:02	0.0	0.084686644	0.27161038	0.30143735
DRB1*01:01	0.0	0.0067553376	0.65914047	0.6092783
DRB1*04:04	1.0	0.8984626	0.72602963	0.71742964
DRB1*08:01	0.0	0.38827407	0.270919	0.29398084
DQA1*01:02-DQB1*05:01	0.0	0.33389404	0.342365	0.3992317
DQA1*01:01-DQB1*05:01	0.0	0.18455401	0.27143288	0.028020494
DQA1*02:01-DQB1*03:03	0.0	0.32683942	0.27078816	0.19061482
DRB1*03:01	0.0	0.084686644	0.27165008	0.23808637
DRB1*04:01	0.0	0.4759707	0.27159917	0.16355231
DQA1*02:01-DQB1*03:01	1.0	0.85125035	0.27181697	0.3565072
DPA1*01:03-DPB1*04:01	0.0	0.41190773	0.32608342	0.2947431
DRB1*01:01	1.0	0.95598483	0.7286994	0.6983126
DRB1*13:02	0.0	0.0	0.2719032	0.10722605
DRB3*02:02	0.0	0.0	0.2735439	0.20240805
DQA1*01:02-DQB1*05:01	0.0	0.084686644	0.27314088	0.2652
DRB1*04:03	0.0	0.38218588	0.2852881	0.29638445
DQA1*01:01-DQB1*05:01	0.0	0.0	0.2728114	0.12867421
DQA1*01:03-DQB1*06:03	0.0	0.28797892	0.27125123	0.24201456
DQA1*01:02-DQB1*05:01	0.0	0.59271634	0.27187338	0.27914643
DPA1*03:01-DPB1*04:02	0.0	0.0	0.27325165	0.16544089
DRB1*15:01	0.0	0.1382754	0.2819438	0.34323034
DRB1*04:04	0.0	0.37058392	0.27157107	0.30022433
DRB3*02:02	0.0	0.084686644	0.27191907	0.2852607
DRB1*11:01	0.0	0.21714558	0.27207613	0.25992146
DRB1*14:54	0.0	0.23050267	0.27202183	0.34506425
DRB1*12:01	0.0	0.05265516	0.27489287	0.32214162
DPA1*02:01-DPB1*14:01	0.0	0.39373848	0.3012249	0.45854422
DQA1*06:01-DQB1*04:02	0.0	0.084686644	0.27094042	0.21882817
DQA1*03:01-DQB1*03:02	0.0	0.0	0.2717381	0.07793721
DRB1*11:01	0.0	0.15648617	0.27284276	0.14017999
DPB1*14:01	0.0	0.29749924	0.2720013	0.26054713
DRB1*04:04	0.0	0.77837855	0.7285049	0.7080536
DRB4*01:01	0.0	0.024146602	0.29618916	0.4102432
DRB1*08:01	0.0	0.399268	0.3562032	0.38806456
DRB1*09:01	0.0	0.084686644	0.27165604	0.21533766
DRB1*15:01	0.0	0.28362256	0.42110237	0.41193447
DRB1*04:01	0.0	0.36777386	0.27213407	0.20119628
DRB3*03:01	0.0	0.3077519	0.39378247	0.38852447
DQA1*02:01-DQB1*03:01	0.0	0.6614014	0.2725933	0.24392256
DRB4*01:03	0.0	0.7629388	0.2721355	0.3497484
DRB4*01:01	0.0	0.7437481	0.27156517	0.19457367
DRB1*03:01	0.0	0.5332755	0.43424058	0.45909634
DRB1*03:01	0.0	0.45295608	0.27164352	0.20606235
DRB1*03:01	0.0	0.39492425	0.27181533	0.25908402
DRB4*01:03	0.0	0.25062963	0.272268	0.22013262
DRB5*01:01	0.0	0.7969252	0.7286285	0.75952446
DRB1*15:01	0.0	0.11467657	0.27602342	0.3232686
DRB4*01:01	0.0	0.0	0.27155945	0.21144605
DRB1*08:01	0.0	0.29544276	0.27647638	0.25110248
DRB1*13:01	0.0	0.3119777	0.27305165	0.3247523
DQA1*05:01-DQB1*03:02	0.0	0.2298558	0.27086827	0.2510496
DRB1*09:01	0.0	0.6185565	0.27300754	0.32951584
DQA1*06:01-DQB1*04:02	0.0	0.084686644	0.27120912	0.28853792
DRB1*03:01	0.0	0.7703366	0.7286532	0.68308896
DRB1*01:01	0.0	0.3464216	0.27525088	0.30785114
DRB1*07:01	0.0	0.640305	0.3796229	0.48491982
DRB1*01:01	0.0	0.44373086	0.27689648	0.29186922
DRB1*11:01	0.0	0.261892	0.28781247	0.39403197
DRB5*01:01	1.0	0.93593705	0.46190745	0.5273769
DRB1*14:54	0.0	0.5830913	0.7243808	0.6280613
DRB1*08:01	0.0	0.084686644	0.27132195	0.26211742
DRB1*09:01	0.0	0.5242514	0.7285985	0.72929925
DRB3*02:02	0.0	0.3954562	0.29070815	0.4128385
DQA1*02:01-DQB1*03:03	0.0	0.4128688	0.2707742	0.21074381
DPB1*04:01	0.0	0.0037729049	0.27357355	0.26364326
DRB3*03:01	0.0	0.70250076	0.4391191	0.57879347
DRB1*07:01	1.0	0.81501657	0.39843896	0.5210864
DRB1*08:02	0.0	0.5446068	0.72846144	0.65212727
DRB1*04:01	0.0	0.41335312	0.27465475	0.30561695
DQA1*01:02-DQB1*05:01	0.0	0.5010838	0.2739889	0.3210554
DQA1*06:01-DQB1*04:02	0.0	0.5997392	0.56211597	0.55809754
DRB1*08:02	0.0	0.0	0.27240393	0.20675781
DRB1*04:01	0.0	0.31192368	0.2714406	0.16730502
DRB1*11:01	0.0	0.46045747	0.29115665	0.3516071
DRB1*04:04	0.0	0.13994074	0.2718181	0.22263315
DRB1*03:01	0.0	0.74971294	0.3949293	0.43886474
DRB1*11:01	0.0	0.084686644	0.2719155	0.31232235
DRB5*01:01	0.0	0.46236318	0.39135295	0.23655096
DPA1*02:01-DPB1*05:01	0.0	0.0	0.28065053	0.2628189
DRB3*02:02	0.0	0.12593399	0.27145702	0.27976456
DRB1*04:04	0.0	0.3616547	0.72866225	0.72012544
DQA1*02:01-DQB1*03:01	0.0	0.68261945	0.272231	0.3083152
DQA1*05:01-DQB1*04:02	0.0	0.4351578	0.27236018	0.36661515
DRB1*01:01	0.0	0.0	0.28777942	0.2785909
DQA1*05:01-DQB1*04:02	0.0	0.3108496	0.27132487	0.23046282
DQA1*02:01-DQB1*03:01	0.0	0.084686644	0.27191725	0.29710624
DQA1*01:02-DQB1*06:02	0.0	0.0	0.27083677	0.08582667
DQA1*06:01-DQB1*04:02	0.0	0.2822802	0.27691302	0.35719994
DRB1*07:01	0.0	0.60096335	0.28016424	0.44582054
DQA1*05:01-DQB1*04:02	0.0	0.49739456	0.28332055	0.35376027
DRB3*03:01	0.0	0.3673793	0.45868748	0.50722694
DRB1*11:01	0.0	0.6887833	0.72820795	0.7088727
DQA1*02:01-DQB1*03:03	0.0	0.6060289	0.27220368	0.32703725
DRB1*04:01	0.0	0.23504448	0.2872573	0.360265
DRB1*04:01	0.0	0.0	0.299391	0.44513974
DQA1*06:01-DQB1*04:02	0.0	0.24136898	0.42559338	0.43942603
DQA1*02:01-DQB1*04:02	0.0	0.084686644	0.27077797	0.22704041
DRB1*13:01	0.0	0.0	0.27477252	0.32460397
DRB1*01:01	0.0	0.29749924	0.27523202	0.22036281
DRB1*09:01	0.0	0.40846685	0.27179632	0.3654367
DRB5*01:01	0.0	0.21683615	0.39648783	0.3028424
DPB1*05:01	0.0	0.0	0.27121887	0.24854061
DRB1*04:04	0.0	0.71020716	0.32770666	0.47961423
DRB1*11:01	1.0	0.8531176	0.55271167	0.6521719
DRB1*09:01	0.0	0.28995934	0.28749135	0.50660557
DQA1*01:02-DQB1*05:01	0.0	0.6127781	0.27347177	0.34286183
DRB1*04:01	0.0	0.0	0.46373346	0.4089733
DRB1*04:04	0.0	0.7560895	0.27423674	0.41787663
DRB1*03:01	0.0	0.610019	0.27207386	0.25207263
DRB5*01:01	0.0	0.6662669	0.45560473	0.46868154
DRB3*01:01	0.0	0.2737854	0.29504836	0.33266568
DRB5*01:01	0.0	0.0	0.3910873	0.35706553
DRB4*01:01	0.0	0.21475528	0.5258253	0.44693413
DQA1*05:01-DQB1*03:03	0.0	0.36100933	0.27334002	0.36875355
DRB1*03:01	0.0	0.54663813	0.3986061	0.46687517
DRB1*11:01	0.0	0.7871874	0.3670686	0.46023843
DRB1*15:02	0.0	0.42749238	0.2714818	0.1136061
DQA1*02:01-DQB1*03:01	0.0	0.7328622	0.6819214	0.68459064
DRB1*09:01	0.0	0.378561	0.2742889	0.42167398
DRB1*08:02	0.0	0.0	0.2801775	0.40398934
DRB1*13:01	0.0	0.32811776	0.276928	0.29980734
DRB1*03:01	0.0	0.31623608	0.7274415	0.6587275
DRB1*13:01	0.0	0.0	0.27386865	0.34148765
DRB1*13:01	0.0	0.42844033	0.2761402	0.3499966
DRB1*03:01	0.0	0.6687992	0.278605	0.32512382
DRB1*09:01	0.0	0.31516692	0.27146354	0.39468625
DRB5*01:01	0.0	0.084686644	0.42399836	0.38626903
DQA1*05:01-DQB1*03:02	0.0	0.084686644	0.27091697	0.25487897
DRB1*13:02	0.0	0.30292347	0.2719979	0.24213114
DQA1*01:03-DQB1*06:03	0.0	0.084686644	0.27107838	0.33073747
DRB1*15:01	0.0	0.0	0.27344713	0.004130237
DRB1*09:01	0.0	0.738145	0.2713485	0.35966346
DQA1*05:01-DQB1*03:02	0.0	0.4805438	0.2711073	0.4201071
DRB3*02:02	0.0	0.084686644	0.39367494	0.4161165
DRB1*01:01	0.0	0.2666327	0.3647963	0.44847474
DRB3*01:01	0.0	0.6263277	0.27102208	0.27327642
DRB1*11:01	0.0	0.17645395	0.27435705	0.31242713
DRB1*14:54	0.0	0.7437481	0.2718106	0.3359287
DRB1*01:01	0.0	0.2460573	0.27722797	0.27582023
DRB1*09:01	0.0	0.084686644	0.27141327	0.27870366
DRB1*14:54	0.0	0.084686644	0.27194828	0.2613532
DRB1*15:01	0.0	0.0	0.3523631	0.3900099
DRB1*08:01	0.0	0.3370297	0.27098	0.31589472
DRB4*01:03	0.0	0.59733844	0.30024797	0.4722695
DRB1*04:04	0.0	0.5689894	0.27223337	0.3733497
DQA1*02:01-DQB1*04:02	0.0	0.27396435	0.27108675	0.26963994
DRB3*01:01	0.0	0.0	0.27276787	0.3449626
DRB1*04:04	0.0	0.2909442	0.2720135	0.26843846
DQA1*05:01-DQB1*04:02	0.0	0.084686644	0.27142143	0.27435467
DRB5*01:01	0.0	0.45270798	0.4162097	0.42502907
DRB1*07:01	1.0	1.0	0.72883296	0.69730985
DRB1*07:01	0.0	0.37967858	0.46091643	0.45097765
DRB1*14:54	0.0	0.4671618	0.2720887	0.42649361
DQA1*05:01-DQB1*03:02	0.0	0.37911808	0.27084318	0.30241773
DRB1*04:01	0.0	0.5949985	0.2717199	0.11992756
DRB1*07:01	0.0	0.4640285	0.63537365	0.6856444
DQA1*01:02-DQB1*05:01	0.0	0.34432715	0.27177575	0.3020116
DRB3*01:01	0.0	0.11796253	0.2738931	0.35439497
DRB1*04:04	0.0	0.0	0.27179587	0.25640908
DRB1*08:02	0.0	0.6567793	0.6338836	0.61218095
DRB1*07:01	1.0	0.96252555	0.27407017	0.3710516
DQA1*05:01-DQB1*02:01	0.0	0.0	0.2714436	0.20715412
DRB4*01:03	0.0	0.084686644	0.7286944	0.67732203
DQA1*05:01-DQB1*02:01	0.0	0.059991248	0.2711837	0.20078444
DQA1*01:03-DQB1*06:03	0.0	0.6567793	0.5681013	0.55914783
DPA1*01:03-DPB1*02:01	0.0	0.0	0.27394485	0.19791076
DRB1*14:54	0.0	0.5997392	0.2746077	0.51219964
DRB5*01:01	1.0	0.8984626	0.7281297	0.7794864
DQA1*02:01-DQB1*04:02	0.0	0.22150879	0.27088845	0.29901126
DQA1*05:01-DQB1*04:02	0.0	0.47533548	0.3271607	0.5071258
DRB5	0.0	0.0	0.2716293	-0.0007931441
DRB1*09:01	0.0	0.6662669	0.29365516	0.52256
DRB1*07:01	0.0	0.38535902	0.27246714	0.27001166
DRB1*04:01	0.0	0.0	0.27559048	0.25628057
DRB1*04:01	0.0	0.54663813	0.3754944	0.46221027
DRB3*03:01	0.0	0.26904652	0.41667452	0.39898705
DRB1*13:01	0.0	0.33903587	0.27762738	0.31026602
DRB1*01:01	1.0	0.98314923	0.7214912	0.64640754
DQA1*01:02-DQB1*05:01	0.0	0.084686644	0.27318144	0.34088644
DRB1*11:01	0.0	0.084686644	0.2785965	0.47334668
DRB1*14:54	0.0	0.5459561	0.27223748	0.32742468
DRB1*08:01	0.0	0.32408777	0.27095664	0.24653962
DRB1*07:01	0.0	0.084686644	0.27249497	0.32477972
DRB3*01:01	0.0	0.25560352	0.35021523	0.34485683
DRB1*13:01	0.0	0.46099797	0.36542657	0.46742126
DRB3*01:01	0.0	0.084686644	0.27284476	0.28209293
DRB1*11:01	0.0	0.51408476	0.42140388	0.4301243
DQA1*03:03-DQB1*04:02	0.0	0.084686644	0.27089784	0.26292348
DQA1*05:01-DQB1*03:02	0.0	0.084686644	0.2709401	0.16509804
DRB5*01:01	0.0	0.1712287	0.38121456	0.3470686
DQA1*05:01-DQB1*02:01	0.0	0.0	0.27129048	0.2235398
DRB1*03:01	0.0	0.084686644	0.27816492	0.40754226
DQA1*02:01-DQB1*03:01	0.0	0.25469753	0.72144365	0.6995826
DQA1*01:02-DQB1*05:01	0.0	0.33086127	0.2734459	0.31615075
DRB3*03:01	0.0	0.44510072	0.38732582	0.37537655
DRB1*11:01	0.0	0.6127781	0.41610283	0.4867178
DRB3*03:01	0.0	0.61707765	0.38375536	0.35414806
DQA1*02:01-DQB1*04:02	0.0	0.30994636	0.27104208	0.29786986
DRB1*15:01	0.0	0.0	0.2735056	0.09053945
DRB1*15:01	0.0	0.61707765	0.2940897	0.3688933
DRB3*01:01	0.0	0.6263277	0.54240507	0.57281923
DRB4*01:01	0.0	0.37443328	0.27178395	0.26969638
DRB1*04:01	0.0	0.46208853	0.4443025	0.48572823
DRB1*11:01	0.0	0.24922109	0.27260923	0.2310954
DRB1*04:01	0.0	0.0	0.2720772	0.018486932
DRB1*08:02	0.0	0.0	0.27195662	0.16615194
DRB1*04:04	0.0	0.084686644	0.27135512	0.3311901
DQA1*01:02-DQB1*05:01	0.0	0.62472034	0.7277371	0.669003
DRB1*07:01	0.0	0.6545521	0.2714011	0.31232753
DRB1*01:01	0.0	0.18678957	0.27934963	0.28525427
DRB3*02:02	0.0	0.610019	0.33258772	0.49521735
DRB5*01:01	0.0	0.70250076	0.448342	0.42122838
DRB5*01:01	0.0	0.0	0.39299232	0.31894958
DRB1*01:01	0.0	0.12450104	0.27654544	0.27541634
DRB1*10:01	0.0	0.0	0.27175	0.14790821
DQA1*02:01-DQB1*04:02	0.0	0.2660061	0.3232793	0.40851134
DRB1*08:01	0.0	0.37306246	0.31642205	0.26018712
DQA1*05:01-DQB1*04:02	0.0	0.37475252	0.27146733	0.21586114
DRB1*07:01	0.0	0.38753664	0.27365416	0.3074465
DQA1*05:01-DQB1*04:02	0.0	0.45221373	0.6090662	0.6276304
DQA1*01:02-DQB1*06:02	0.0	0.0	0.27086377	0.10670064
DRB1*08:01	0.0	0.41564742	0.27089685	0.25847825
DQA1*03:03-DQB1*04:02	0.0	0.44694465	0.30630523	0.3037355
DQA1*05:01-DQB1*03:02	0.0	0.53446805	0.30036077	0.4700851
DQA1*01:03-DQB1*06:03	0.0	0.084686644	0.27103457	0.22759762
DRB5*01:01	0.0	0.2573228	0.3862736	0.278268
DQA1*03:03-DQB1*04:02	0.0	0.084686644	0.27992928	0.25224677
DRB1*09:01	0.0	0.22037846	0.27174821	0.3768474
DRB1*03:01	0.0	0.0	0.27473706	0.16147494
DRB1*11:01	0.0	0.69887584	0.2800512	0.34942493
DQA1*02:01-DQB1*03:01	0.0	0.5820812	0.27273268	0.33354464
DRB1*04:01	0.0	0.2647655	0.2720931	0.27087948
DRB1*14:54	0.0	0.58108205	0.3471293	0.51391804
DRB1*03:01	0.0	0.4013766	0.27144536	0.28354582
DRB1*01:01	0.0	0.09186916	0.27629292	0.21857324
DQA1*05:01-DQB1*03:02	0.0	0.41017127	0.27126673	0.29367676
DRB1*13:02	0.0	0.0	0.2731234	0.13818213
DRB1*11:01	0.0	0.21047634	0.31399024	0.51817006
DRB1*11:01	0.0	0.7919281	0.3134502	0.3276622
DQA1*02:01-DQB1*03:01	0.0	0.7969252	0.29358044	0.4148334
DQA1*05:01-DQB1*03:02	0.0	0.084686644	0.27098906	0.22771451
DRB5*01:01	0.0	0.084686644	0.387702	0.17974573
DQA1*05:01-DQB1*04:02	0.0	0.43765026	0.2713809	0.37652007
DRB1*03:01	0.0	0.0	0.47614726	0.53111327
DRB1*04:04	0.0	0.77837855	0.5837412	0.6529559
DRB3*02:02	0.0	0.08863301	0.27193937	0.2892005
DRB1*08:02	0.0	0.0	0.2725044	0.27901572
DRB3*01:01	1.0	0.8984626	0.28496274	0.33526412
DQA1*02:01-DQB1*03:01	0.0	0.084686644	0.2738247	0.4179785
DRB5*01:01	0.0	0.6796851	0.39965245	0.30027628
DRB1*13:01	0.0	0.0	0.2730784	0.22546563
DPA1*01:03-DPB1*04:01	0.0	0.18333972	0.27731913	0.35655043
DPA1*02:01-DPB1*05:01	0.0	0.0	0.27235955	0.13965741
DQA1*02:01-DQB1*04:02	0.0	0.44694465	0.27083692	0.2842879
DRB1*04:05	0.0	0.14747378	0.27116805	0.25623766
DRB1*07:01	0.0	0.0	0.27185374	0.3374064
DRB1*08:01	0.0	0.2914189	0.27087677	0.16506311
DRB1*04:01	0.0	0.37411514	0.272199	0.3080105
DRB5*01:01	0.0	0.7560895	0.71520483	0.7394366
DRB1*04:01	0.0	0.084686644	0.27189928	0.20074722
DPA1*03:01-DPB1*04:02	0.0	0.5286533	0.30270356	0.37794074
DRB1*03:01	0.0	0.7703366	0.5730833	0.66445446
DRB1*04:05	0.0	0.36698645	0.27120483	0.30207473
DQA1*02:01-DQB1*03:01	0.0	0.4380723	0.27337995	0.40699747
DRB1*07:01	0.0	0.0	0.27246344	0.21011221
DRB1*01:01	0.0	0.63305235	0.27529392	0.2633432
DRB1*04:01	0.0	0.13189885	0.27370667	0.19223732
DRB1*15:01	0.0	0.39843786	0.2825014	0.45026764
DRB1*15:01	0.0	0.5242514	0.2944652	0.47193202
DQA1*05:01-DQB1*03:03	0.0	0.598531	0.27126533	0.313384
DQA1*03:03-DQB1*04:02	0.0	0.5084816	0.5524571	0.5006779
DQA1*05:01-DQB1*03:02	0.0	0.084686644	0.54740715	0.5490858
DRB1*04:04	0.0	0.0	0.27182025	0.12227494
DRB3*01:01	0.0	0.06848512	0.27087483	0.19827124
DRB3*01:01	0.0	0.43474886	0.27089494	0.23663977
DQA1*01:02-DQB1*05:01	0.0	0.5771899	0.27330858	0.32738677
DRB5*01:01	0.0	0.60220397	0.4301436	0.4206091
DPA1*02:01-DPB1*01:01	0.0	0.0	0.27189028	0.06291551
DRB1*13:02	0.0	0.084686644	0.27521485	0.31278712
DPA1*01:03-DPB1*04:01	0.0	0.0	0.27168733	0.13656133
DQA1*02:01-DQB1*03:03	0.0	0.44419238	0.54145634	0.6187398
DRB4*01:01	0.0	0.0	0.27142313	0.19602922
DRB1*04:04	0.0	0.674082	0.27152252	0.35072735
DRB1*07:01	0.0	0.084686644	0.2722669	0.20207521
DRB1*11:01	0.0	0.7437481	0.7286496	0.71583784
DRB3*01:01	0.0	0.0	0.2722438	0.2099308
DRB1*07:01	1.0	0.87187403	0.7287709	0.6532099
DRB3*01:01	0.0	0.4112725	0.27087745	0.1559954
DRB1*03:01	0.0	0.0	0.27251074	0.06907985
DRB1*11:01	0.0	0.29369676	0.2728259	0.31199762
DRB1*11:01	0.0	0.0	0.27300373	0.38307682
DRB1*07:01	0.0	0.4734556	0.27875972	0.339934
DRB4*01:01	0.0	0.58831435	0.31685066	0.4409341
DQA1*02:01-DQB1*04:02	0.0	0.6348129	0.31403285	0.4939917
DRB1*04:01	0.0	0.38346553	0.40385088	0.4273713
DQA1*05:01-DQB1*03:03	0.0	0.61138827	0.35919726	0.38957682
DRB5*01:01	0.0	0.65237737	0.40107405	0.3325861
DQA1*05:01-DQB1*03:02	0.0	0.084686644	0.27091393	0.20333067
DRB1*04:01	0.0	0.56641	0.7282664	0.67039424
DRB1*03:01	0.0	0.35325885	0.2714189	0.27781433
DQA1*02:01-DQB1*03:03	0.0	0.47040507	0.27280283	0.33403102
DRB1*15:01	0.0	0.0	0.2731367	0.17093831
DQA1*02:01-DQB1*03:01	0.0	0.084686644	0.27226266	0.2577739
DRB1*13:01	0.0	0.51801825	0.40277657	0.46971568
DRB1*13:01	0.0	0.084686644	0.27320656	0.15468168
DRB1*03:01	0.0	0.0	0.27298218	0.3577998
DPB1*04:02	0.0	0.0	0.27096605	0.15197316
DRB3*02:02	0.0	0.27443123	0.2718048	0.30845317
DRB1*11:01	1.0	1.0	0.72882706	0.68812215
DRB1*09:01	0.0	0.28944966	0.27615035	0.3027525
DQA1*06:01-DQB1*04:02	0.0	0.21936095	0.2709145	0.2749205
DRB1*08:02	0.0	0.3285694	0.27162144	0.21574396
DRB1*13:01	1.0	0.87187403	0.6495808	0.7118091
DRB1*04:04	0.0	0.44954166	0.27173856	0.2660614
DRB1*01:01	0.0	0.45573026	0.27885547	0.32542154
DQA1*02:01-DQB1*03:03	0.0	0.084686644	0.27081898	0.27464187
DRB1*15:01	0.0	0.43017152	0.2865556	0.4508998
DQA1*02:01-DQB1*03:03	0.0	0.084686644	0.2708832	0.20742682
DRB1*01:01	0.0	0.0	0.27656004	0.29236975
DRB1*03:01	0.0	0.7328622	0.27209693	0.21348181
DPA1*02:01-DPB1*05:01	0.0	0.0	0.27324942	0.05692654
DPA1*02:01-DPB1*05:01	0.0	0.0	0.27140257	0.006306283
DRB1*04:05	0.0	0.5040586	0.6494158	0.5429771
DRB1*04:04	0.0	0.49739456	0.27190605	0.29606658
DRB3*03:01	0.0	0.5066869	0.48993465	0.61243546
DRB1*15:01	0.0	0.55599636	0.2740212	0.27889946
DRB3*02:02	0.0	0.31192368	0.38562682	0.41625854
DRB1*14:54	0.0	0.47040507	0.27266175	0.3429955
DQA1*01:01-DQB1*05:01	0.0	0.0	0.31299916	0.16629747
DQA1*02:01-DQB1*03:01	0.0	0.3370297	0.27286756	0.3421493
DRB3*01:01	0.0	0.084686644	0.27088758	0.10379831
DRB1*14:54	0.0	0.3218958	0.27196592	0.3955315
DQA1*05:01-DQB1*04:02	0.0	0.58939534	0.2880069	0.3978373
DRB3*01:01	0.0	0.238836	0.27082732	0.22395477
DRB1*08:01	0.0	0.549418	0.54416275	0.5852215
DPA1*03:01-DPB1*04:02	0.0	0.0	0.2725638	0.06514885
DRB1*14:54	0.0	0.15055083	0.27176437	0.31156334
DRB1*04:05	0.0	0.28534865	0.28437248	0.3834001
DRB3*01:01	0.0	0.3681701	0.54295677	0.53133225
DRB1*07:01	0.0	0.02062367	0.27159703	0.22474933
DQB1*06:02	0.0	0.29749924	0.27179632	0.32509652
DRB3*01:01	0.0	0.0	0.2708428	0.046183325
DRB4*01:03	0.0	0.084686644	0.2737536	0.30484766
DQA1*03:03-DQB1*04:02	0.0	0.084686644	0.27399364	0.19890884
DQA1*01:02-DQB1*05:01	0.0	0.33172724	0.27155772	0.24731323
DRB1*08:01	0.0	0.48677695	0.2708526	0.2440789
DRB1*15:01	0.0	0.084686644	0.27352604	0.09264354
DRB1*04:01	0.0	0.0	0.2716568	0.3161005
DRB1*04:04	0.0	0.71861506	0.27204514	0.3137186
DRB1*04:05	0.0	0.69887584	0.2711493	0.22454834
DRB1*08:01	0.0	0.5537511	0.5435661	0.5626612
DRB4*01:03	0.0	0.28547028	0.27423546	0.42108467
DRB1*07:01	0.0	0.5205645	0.27454638	0.2931287
DRB3*03:01	0.0	0.4747046	0.3903498	0.3224139
DRB1*09:01	0.0	0.58108205	0.27168053	0.35587904
DRB1*12:01	0.0	0.0	0.27092782	0.076209195
DRB1*04:01	0.0	0.17466286	0.27142987	0.13159233
DRB1*12:01	0.0	0.53628623	0.27093327	0.1581091
DQA1*05:01-DQB1*03:01	0.0	0.3365349	0.27108818	0.29566514
DRB4*01:03	0.0	0.37756658	0.27195266	0.32796356
DRB1*08:01	0.0	0.0	0.27171862	0.2317031
DRB1*08:01	0.0	0.50624365	0.2709231	0.3517525
DRB3	0.0	0.0	0.27944127	0.3117202
DQA1*02:01-DQB1*03:03	0.0	0.49462363	0.27109635	0.24180225
DRB1*04:01	0.0	0.36946976	0.27136606	0.26574263
DRB3*02:02	0.0	0.084686644	0.7288485	0.6756212
DRB1*13:02	0.0	0.38126624	0.2724563	0.25298497
DRB1*11:01	0.0	0.5286533	0.27216926	0.21874443
DRB1*04:01	0.0	0.62472034	0.2715768	0.33181444
DRB5*01:01	0.0	0.0	0.38797987	0.1584836
DQA1*03:01-DQB1*03:01	0.0	0.0	0.27162156	0.30008054
DQA1*03:03-DQB1*04:02	0.0	0.31680378	0.2709503	0.19681638
DRB5*01:01	0.0	0.0	0.39792022	0.359595
DQA1*02:01-DQB1*03:01	0.0	0.37723747	0.27289245	0.34208128
DRB3*03:01	0.0	0.5938504	0.4540389	0.579168
DRB3*01:01	0.0	0.084686644	0.270768	0.08955199
DRB1*08:01	0.0	0.5781477	0.54331094	0.6041297
DRB1*04:01	1.0	0.8201525	0.2716461	0.20930412
DPB1*04:01	0.0	0.36156222	0.2715283	0.33399934
DRB1*08:01	0.0	0.084686644	0.2710243	0.14164305
DRB1*10:01	0.0	0.0	0.27205327	0.12983787
DRB1*07:01	0.0	0.378561	0.29573673	0.41292295
DQA1*05:01-DQB1*04:02	0.0	0.46018842	0.2711945	0.33223277
DRB1*09:01	0.0	0.4173218	0.27175555	0.35233447
DRB1*15:01	0.0	0.3543979	0.2784558	0.35722646
DRB1*14:54	0.0	0.4488261	0.27605915	0.45930848
DRB1*13:01	0.0	0.58939534	0.27462298	0.37219232
DRB1*11:01	0.0	0.0	0.27855238	0.35814363
DRB1*04:05	0.0	0.0	0.27106503	0.15577
DRB1*03:01	0.0	0.31149253	0.27292004	0.34618044
DRB1*04:01	0.0	0.0	0.32015395	0.44187316
DRB1*04:04	0.0	0.71861506	0.33770573	0.45171127
DRB1*03:01	0.0	0.084686644	0.27143037	0.28045154
DQA1*06:01-DQB1*04:02	0.0	0.084686644	0.2708711	0.22288063
DRB1*15:01	0.0	0.4185122	0.2764659	0.12500733
DRB5*01:01	0.0	0.7969252	0.40533268	0.3203725
DRB5*01:01	0.0	0.084686644	0.42084584	0.3662072
DRB3*01:01	0.0	0.084686644	0.2710608	0.29593745
DRB1*11:01	0.0	0.0	0.27325377	0.24496078
DQA1*02:01-DQB1*03:01	0.0	0.084686644	0.27421126	0.3339948
DRB3*02:02	1.0	0.8984626	0.43853363	0.47032985
DRB4*01:03	0.0	0.3963945	0.2735665	0.25045452
DQA1*02:01-DQB1*03:01	0.0	0.48326233	0.27238044	0.205636
DRB4*01:01	0.0	0.0	0.27891976	0.30660132
DRB1*07:01	0.0	0.65237737	0.29353443	0.35192546
DRB3*02:02	0.0	0.57345515	0.27199495	0.3027393
DPA1*01:03-DPB1*04:01	0.0	0.0	0.28854123	0.27625048
DRB1*11:01	0.0	0.0	0.27251524	0.21659532
DRB1*03:01	0.0	0.64221066	0.30807036	0.40104064
DRB1*09:01	0.0	0.26322186	0.37760103	0.5236523
DRB4*01:01	0.0	0.44624886	0.27156436	0.2319282
DRB1*15:01	0.0	0.62158704	0.72867745	0.6972673
DRB1*14:54	0.0	0.39373848	0.2720813	0.36157396
DRB1*15:01	0.0	0.29060045	0.40409076	0.4832761
DRB1*07:01	0.0	0.17222416	0.27245554	0.2462878
DQA1*03:01-DQB1*03:02	0.0	0.2936081	0.27131733	0.19404069
DRB1*04:04	0.0	0.4236139	0.39401603	0.3723432
DRB1*01:01	0.0	0.005915586	0.28106454	0.31848547
DRB1*01:01	0.0	0.0	0.2745824	0.19713739
DRB1*03:01	0.0	0.40514952	0.271679	0.22059345
DRB1*01:01	0.0	0.5753037	0.44963783	0.41201955
DRB1*07:01	0.0	0.47191775	0.32852057	0.45289698
DRB1*03:01	0.0	0.20432355	0.3444728	0.349359
DRB3*01:01	0.0	0.0	0.271498	0.21658143
DQA1*01:03-DQB1*06:03	0.0	0.084686644	0.27281654	0.15857327
DRB1*13:01	0.0	0.60096335	0.2770426	0.2733483
DRB1*13:02	0.0	0.37327203	0.2717296	0.22800767
DRB1*03:01	0.0	0.3859588	0.2928477	0.43143812
DRB1*03:01	0.0	0.502347	0.2720289	0.3210639
DRB1*13:01	0.0	0.0	0.2737749	0.1096743
DRB1*15:01	0.0	0.50319886	0.27360457	0.29146922
DRB1*03:01	0.0	0.0	0.27299678	0.055020608
DRB1*08:01	0.0	0.084686644	0.270859	0.2711639
DRB5*01:01	0.0	0.0	0.3951324	0.28213736
DQB1*03:02	0.0	0.29749924	0.36681587	0.3227519
DRB1*04:03	0.0	0.51505256	0.27120513	0.27353647
DRB1*08:01	0.0	0.084686644	0.27094066	0.23219666
DRB1*14:54	0.0	0.51902837	0.4074546	0.56655014
DQA1*02:01-DQB1*03:01	0.0	0.084686644	0.27249616	0.23706594
DRB1*09:01	0.0	0.6366076	0.2712527	0.39786655
DRB1*07:01	0.0	0.084686644	0.27254307	0.10596389
DRB3*02:02	0.0	0.6366076	0.7286537	0.6499486
DQA1*02:01-DQB1*03:03	0.0	0.65237737	0.2713123	0.25200537
DRB1*13:02	0.0	0.4245227	0.27253982	0.35634738
DQA1*01:01-DQB1*05:01	0.0	0.0	0.2724176	-0.08906034
DQA1*01:02-DQB1*05:01	0.0	0.084686644	0.27178535	0.22700754
DRB1*03:01	0.0	0.5753037	0.39128664	0.43530145
DQA1*05:01-DQB1*03:02	0.0	0.19847573	0.5449447	0.5953383
DRB1*07:01	0.0	0.0	0.37130582	0.34715477
DRB1*04:01	0.0	0.0	0.40513042	0.4133767
DRB1*04:04	0.0	0.084686644	0.2911862	0.3075044
DQA1*05:01-DQB1*04:02	0.0	0.3507585	0.27165988	0.24979869
DRB3*03:01	0.0	0.084686644	0.40474167	0.48039207
DRB1*03:01	1.0	0.8476255	0.3761104	0.43862447
DQA1*01:01-DQB1*05:01	0.0	0.0	0.27166712	0.120362885
DRB3*03:01	0.0	0.74971294	0.72902197	0.79225016
DRB1*04:01	0.0	0.13663955	0.27344465	0.35619274
DRB4*01:03	0.0	0.5205645	0.72887933	0.70706666
DRB1*07:01	0.0	0.36591458	0.31827894	0.42590293
DRB1*11:01	0.0	0.49779728	0.27396905	0.32916814
DQA1*05:01-DQB1*04:02	0.0	0.6662669	0.27126244	0.29978773
DRB1*08:02	0.0	0.0	0.27177298	0.121579744
DRB1*09:01	0.0	0.55155915	0.27136463	0.35613686
DRB1*13:02	0.0	0.0	0.3644669	0.44826183
DRB1*04:04	0.0	0.3531744	0.27240634	0.35134414
DQA1*05:01-DQB1*03:03	0.0	0.5145674	0.2729865	0.34300116
DRB1*12:01	0.0	0.02062367	0.5862658	0.49861643
DRB1*14:54	0.0	0.60096335	0.27346718	0.4409252
DRB3*02:02	0.0	0.0	0.27132523	0.20933628
DQA1*02:01-DQB1*03:01	0.0	0.7871874	0.2722381	0.20228505
DRB1*04:04	0.0	0.46181467	0.2717075	0.34478962
DRB1*14:54	0.0	0.71020716	0.718068	0.726964
DRB1*11:01	1.0	1.0	0.7285853	0.68350464
DQA1*01:02-DQB1*05:01	0.0	0.084686644	0.34353667	0.4533089
DRB1*01:01	0.0	0.5381597	0.40940058	0.48765346
DRB1*04:01	0.0	0.0	0.27159294	0.09279809
DRB3*02:02	0.0	0.084686644	0.27206537	0.08283193
DPB1*02:01	0.0	0.0	0.27284524	0.22591713
DRB1*01:01	0.0	0.23627523	0.27659476	0.4335216
DRB1*04:01	0.0	0.24525106	0.27229726	0.32200763
DRB1*01:01	0.0	0.5721113	0.4243558	0.40565923
DRB3*01:01	0.0	0.2008161	0.2710287	0.19254026
DRB1*08:01	0.0	0.4775781	0.5437114	0.5944938
DRB1*11:01	0.0	0.6714029	0.54294735	0.58043295
DRB5*01:01	1.0	0.92301977	0.47977716	0.4616237
DRB1*14:54	0.0	0.41498607	0.28458294	0.4165688
DRB1*04:01	0.0	0.6887833	0.27150995	0.21281162
DQA1*05:01-DQB1*03:02	0.0	0.47040507	0.2709189	0.35012454
DRB1*01:01	0.0	0.0	0.27518806	0.112419315
DRB3*01:01	0.0	0.0	0.27091244	0.15467438
DRB1*01:01	1.0	0.91168845	0.35996336	0.38616246
DRB1*07:01	0.0	0.17662872	0.5638592	0.5922182
DRB1*03:02	0.0	0.0	0.27211055	0.17940259
DRB1*09:01	0.0	0.33745593	0.727151	0.7217372
DRB1*15:01	0.0	0.31612295	0.27307048	0.2845777
DQA1*05:01-DQB1*03:03	0.0	0.549418	0.2708937	0.28107458
DQA1*03:03-DQB1*04:02	0.0	0.39612544	0.27111512	0.21705008
DRB1*03:01	0.0	0.09253883	0.27513427	0.30812433
DRB1*12:01	0.0	0.0	0.27177864	0.12956393
DRB4*01:03	0.0	0.6185565	0.27329913	0.35933915
DQA1*01:02-DQB1*06:02	0.0	0.16812253	0.27123052	0.18120453
DQA1*03:03-DQB1*04:02	0.0	0.29285794	0.55951005	0.52933127
DRB3*01:01	0.0	0.5753037	0.27082744	0.21611574
DPA1*02:01-DPB1*01:01	0.0	0.0	0.273098	0.1430819
DPB1*04:01	0.0	0.11504809	0.2714415	0.07063026
DRB5*01:01	1.0	0.93593705	0.57241637	0.66300803
DRB3*01:01	0.0	0.29861504	0.40315023	0.3788077
DRB1*11:01	0.0	0.4900586	0.2724316	0.28597537
DRB1*15:01	0.0	0.0	0.2730412	0.2646149
DRB1*04:01	0.0	0.0	0.3059991	0.4249027
DQA1*02:01-DQB1*04:02	0.0	0.5165235	0.31390724	0.40111336
DQA1*01:03-DQB1*06:03	0.0	0.084686644	0.27123415	0.19552746
DRB1*11:01	0.0	0.0	0.41073972	0.44982246
DRB1*07:01	1.0	0.89543205	0.5450999	0.628556
DPA1*03:01-DPB1*04:02	0.0	0.55599636	0.5498064	0.51117235
DQA1*01:01-DQB1*05:01	0.0	0.0	0.27221942	-0.052405935
DRB1*12:01	0.0	0.0	0.2711786	0.12267432
DRB1*01:01	0.0	0.43723017	0.30588752	0.36221752
DRB4*01:03	0.0	0.60346144	0.27184537	0.29430747
DRB5*01:01	0.0	0.084686644	0.38757542	0.28362823
DQA1*03:03-DQB1*04:02	0.0	0.44671214	0.27131045	0.17525658
DRB5*01:01	0.0	0.084686644	0.3900421	0.3262117
DRB1*07:01	0.0	0.598531	0.2720047	0.30737498
DPA1*03:01-DPB1*04:02	0.0	0.0	0.27471435	0.13703945
DPB1*05:01	0.0	0.0	0.27220914	0.248227
DRB1*04:04	0.0	0.3932163	0.27140805	0.24707898
DRB1*15:01	1.0	1.0	0.50099814	0.5810493
DRB1*07:01	0.0	0.7278651	0.33613208	0.4446368
DQA1*05:01-DQB1*02:01	0.0	0.0	0.33382663	0.30473506
DRB1*13:02	0.0	0.0	0.2714034	0.25428385
DQA1*02:01-DQB1*03:03	0.0	0.084686644	0.27080476	0.13397548
DRB1*07:01	0.0	0.25681555	0.27202466	0.3027713
DRB1*01:01	0.0	0.0	0.28203687	0.29767558
DRB1*04:01	0.0	0.084686644	0.2716854	0.24059379
DRB1*15:01	0.0	0.60220397	0.33355185	0.41737786
DRB1*07:01	0.0	0.44419238	0.39442772	0.4563097
DRB1*08:01	0.0	0.39816278	0.27102065	0.29090753
DQA1*05:01-DQB1*03:03	0.0	0.2709338	0.27374598	0.3053406
DRB1*07:01	0.0	0.0	0.27212936	0.26910958
DRB1*01:01	1.0	1.0	0.72868955	0.6324394
DQA1*01:01-DQB1*05:01	0.0	0.0	0.27246654	-0.059561543
DRB1*04:01	0.0	0.33513555	0.27135843	0.3151926
DRB1*04:01	0.0	0.0	0.27201095	0.13599339
DRB1*08:02	0.0	0.05144839	0.27195027	0.29698864
DQA1*02:01-DQB1*04:02	0.0	0.084686644	0.27139768	0.2955151
DRB1*04:01	0.0	0.3932163	0.28367814	0.35840806
DRB1*04:01	0.0	0.0	0.36024055	0.4200525
DRB1*11:01	0.0	0.32408777	0.27199712	0.22013351
DRB1*09:01	0.0	0.49739456	0.27172303	0.30384955
DRB1*01:01	0.0	0.4554746	0.45967233	0.5101818
DQA1*01:02-DQB1*05:01	0.0	0.3909024	0.28513667	0.30684552
DRB1*09:01	0.0	0.0	0.27141953	0.29147708
DRB4*01:03	1.0	0.8984626	0.72888947	0.695428
DRB1*15:01	0.0	0.0	0.2722922	0.2067739
DRB1*15:01	0.0	0.060854908	0.27307332	0.16509634
DRB3*03:01	0.0	0.4822335	0.72908944	0.7724987
DRB1*03:01	0.0	0.42959085	0.2720154	0.32434073
DQB1*03:02	0.0	0.17600602	0.62160695	0.5647707
DQA1*05:01-DQB1*03:02	0.0	0.42434025	0.27083707	0.254352
DRB3*01:01	0.0	0.50492644	0.2710271	0.26321653
DRB1*04:01	0.0	0.0	0.27189806	0.29984316
DRB4*01:01	0.0	0.078364335	0.27164158	0.17667133
DRB1*15:01	0.0	0.1789059	0.27207795	0.30218223
DPA1*02:01-DPB1*05:01	0.0	0.0	0.27292815	0.037471704
DRB1*04:04	0.0	0.71431553	0.27176175	0.36960906
DRB1*11:01	1.0	0.93593705	0.27159974	0.30747902
DQA1*03:01-DQB1*03:02	0.0	0.3464216	0.27262852	0.23399702
DQA1*01:01-DQB1*05:01	0.0	0.0	0.27184758	0.02991923
DPA1*02:01-DPB1*05:01	0.0	0.0	0.27400285	0.11296294
DQA1*02:01-DQB1*03:01	0.0	0.7437481	0.27351987	0.34856066
DRB1*03:01	0.0	0.40470624	0.2889161	0.42508003
DRB1*09:01	0.0	0.62472034	0.271397	0.32457048
DRB3*02:02	0.0	0.45806366	0.27200323	0.1850839
DQA1*01:02-DQB1*05:01	0.0	0.2844615	0.2718928	0.2558945
DQA1*02:01-DQB1*03:01	0.0	0.43913588	0.408171	0.54171944
DRB1*13:02	0.0	0.3645681	0.2718534	0.20121267
DQA1*03:03-DQB1*04:02	0.0	0.32274207	0.27118048	0.19175395
DRB1*07:01	0.0	0.0	0.27220038	0.19110832
DRB1*01:01	0.0	0.102707475	0.27871266	0.2288594
DQA1*01:02-DQB1*05:01	0.0	0.6060289	0.27132398	0.36015448
DRB1*01:01	0.0	0.33186117	0.3383778	0.48476794
DRB3*01:01	0.0	0.084686644	0.33090734	0.33629778
DRB1*14:54	0.0	0.7703366	0.72877395	0.72816306
DRB5*01:01	0.0	0.0	0.39715862	0.31072456
DRB1*04:04	0.0	0.29749924	0.27144146	0.37979516
DRB1*08:01	0.0	0.52642614	0.2709941	0.30653974
DRB1*03:01	0.0	0.0	0.27186707	0.12792641
DQA1*02:01-DQB1*03:03	0.0	0.38464442	0.27097204	0.2074539
DRB1*03:02	0.0	0.0	0.2720638	0.10947884
DQA1*03:03-DQB1*04:02	0.0	0.1925445	0.31875765	0.34114215
DRB1*11:01	0.0	0.28306746	0.28283334	0.3628635
DQA1*05:01-DQB1*03:03	0.0	0.2088506	0.2708422	0.20347962
DPB1*01:01	0.0	0.29749924	0.28113446	0.32735714
DRB3*01:01	0.0	0.25928837	0.30170545	0.35321808
DQA1*01:02-DQB1*05:01	0.0	0.32183567	0.2718613	0.29231253
DRB1*15:01	0.0	0.6567793	0.72886366	0.6688237
DQA1*02:01-DQB1*03:03	0.0	0.29782328	0.27210835	0.35781834
DQA1*02:01-DQB1*02:02	0.0	0.0	0.30630493	0.43632677
DRB1*08:02	0.0	0.41400284	0.5577483	0.5701294
DRB3*03:01	0.0	0.3920521	0.41012114	0.40970373
DPA1*01:03-DPB1*04:01	0.0	0.0	0.28082088	0.25011027
DPA1*01:03-DPB1*04:01	0.0	0.0	0.27421886	0.043858744
DRB4*01:03	0.0	0.2740719	0.27546358	0.36453977
DRB3*01:01	0.0	0.0	0.27078024	0.111787386
DRB1*08:01	0.0	0.31623608	0.2709211	0.22961423
DQA1*02:01-DQB1*03:01	0.0	0.2687413	0.27379313	0.21690932
DRB1*01:01	1.0	1.0	0.27412266	0.24151507
DQA1*01:02-DQB1*05:01	0.0	0.084686644	0.27463183	0.34957752
DRB1*14:54	0.0	0.34888637	0.2721508	0.33127937
DRB4*01:01	0.0	0.15678814	0.27148014	0.26391652
DRB3*01:01	0.0	0.084686644	0.2707763	0.18629926
DRB3*02:02	0.0	0.5753037	0.27148443	0.30018052
DRB4*01:03	0.0	0.084686644	0.2724556	0.2985116
DPA1*01:03-DPB1*04:01	0.0	0.0	0.27280483	0.045790933
DRB1*11:01	0.0	0.48121598	0.7282018	0.63621783
DRB1*01:01	0.0	0.14299873	0.3436223	0.46656725
DRB1*07:01	0.0	0.6185565	0.27208355	0.26048347
DRB1*08:01	0.0	0.28686014	0.27370802	0.33423385
DRB3	0.0	0.0	0.2712443	0.25544697
DRB1*03:01	0.0	0.5725446	0.27307242	0.33998176
DRB3*02:02	0.0	0.084686644	0.2809646	0.27970514
DRB1*11:01	0.0	0.0	0.27233043	0.25830308
DRB1*11:01	0.0	0.29749924	0.3082512	0.45216635
DRB1*11:01	0.0	0.041097276	0.2721226	0.3876836
DRB1*13:01	0.0	0.72312444	0.2766138	0.4361355
DQA1*05:01-DQB1*03:03	0.0	0.20466141	0.3122211	0.37404728
DRB1*03:01	0.0	0.0	0.2938037	0.31153208
DRB1*01:01	0.0	0.28698838	0.27777386	0.35354838
DRB1*04:05	0.0	0.0	0.27159515	0.22542927
DQB1*03:02	0.0	0.07307245	0.54584104	0.5298936
DRB1*07:01	0.0	0.7871874	0.72874266	0.6719893
DRB1*01:01	0.0	0.51408476	0.2996539	0.41368937
DRB1*12:01	0.0	0.0	0.27108595	0.19936815
DRB1*07:01	0.0	0.4415197	0.27196637	0.32106835
DRB1*08:01	0.0	0.084686644	0.27080634	0.1608147
DQA1*02:01-DQB1*04:02	0.0	0.084686644	0.27088058	0.3252972
DRB1*03:01	0.0	0.41668198	0.27515322	0.2671282
DRB1*04:01	0.0	0.0	0.27194464	0.19448695
DRB1*09:01	0.0	0.5010838	0.6182976	0.68326664
DRB1*08:02	0.0	0.20298429	0.29363874	0.45512852
DRB1*03:01	0.0	0.17684141	0.27148056	0.21513548
DRB1*01:01	0.0	0.22337557	0.33257982	0.41585168
DRB4*01:01	0.0	0.5753037	0.27149737	0.32336426
DRB1*15:01	0.0	0.7560895	0.27619064	0.36730975
DRB1*04:01	1.0	0.8328719	0.72885674	0.6318215
DRB1*04:04	0.0	0.77837855	0.7228371	0.68782735
DRB1*10:01	0.0	0.0	0.27160788	0.21298721
DRB3*01:01	0.0	0.24081676	0.27132386	0.28397906
DRB1*04:01	0.0	0.13967226	0.27146497	0.17996612
DQA1*05:01-DQB1*03:02	0.0	0.52753305	0.5599347	0.6201093
DRB1*13:01	0.0	0.6545521	0.27678105	0.27668688
DRB3*03:01	0.0	0.5771899	0.3874719	0.25933728
DRB1*09:01	0.0	0.43786103	0.27177033	0.3159491
DRB3*03:01	1.0	0.87187403	0.39085072	0.3889425
DRB1*04:01	0.0	0.474078	0.27185673	0.28154185
DRB4*01:01	0.0	0.0	0.2716022	0.1713582
DRB1*03:01	0.0	0.13205302	0.2725001	0.11500508
DRB1*09:01	0.0	0.7629388	0.27174115	0.31221768
DQA1*05:01-DQB1*03:03	0.0	0.5552419	0.5423788	0.5876269
DRB1*13:01	0.0	0.3277324	0.28189114	0.37502155
DRB4*01:03	0.0	0.48189306	0.2734059	0.33296436
DRB5*01:01	0.0	0.084686644	0.39797783	0.31455466
DRB1*08:01	0.0	0.41648084	0.28754464	0.37046847
DPA1*03:01-DPB1*04:02	0.0	0.0	0.27330777	0.058883347
DRB1*08:01	0.0	0.65906143	0.54334515	0.5390514
DRB1*11:04	0.0	0.0	0.27131507	0.10974259
DQA1*05:01-DQB1*03:03	0.0	0.34961444	0.27118275	0.19629905
DRB3*01:01	0.0	0.084686644	0.27078715	0.12802419
DRB1*04:04	0.0	0.3520836	0.27163467	0.35449132
DRB1*11:01	1.0	0.93593705	0.29879037	0.46051523
DRB1*07:01	0.0	0.5552419	0.33148265	0.52575743
DRB3*03:01	0.0	0.71861506	0.41560897	0.42796257
DRB1*11:01	0.0	0.084686644	0.27345502	0.1992704
DRB1*03:03	0.0	0.22414552	0.27307382	0.30249658
DRB5*01:01	0.0	0.0	0.40130833	0.25791952
DRB3*01:01	0.0	0.36836886	0.35374197	0.27938616
DRB1*04:01	0.0	0.7098062	0.38383877	0.41950038
DRB1*13:01	0.0	0.6141892	0.38726366	0.50917363
DRB1*14:54	0.0	0.65237737	0.27997312	0.42937568
DRB1*11:01	0.0	0.79984623	0.7286933	0.6381843
DRB1*15:01	0.0	0.6567793	0.2729559	0.24690044
DRB5*01:01	0.0	0.084686644	0.64076686	0.743881
DRB1*13:01	0.0	0.084686644	0.27352482	0.12315535
DRB1*13:01	0.0	0.5872459	0.33303893	0.44187865
DRB1*08:01	0.0	0.71431553	0.54784405	0.6163528
DQA1*01:03-DQB1*06:03	0.0	0.084686644	0.27099	0.18216142
DRB1*03:01	0.0	0.0	0.27830926	0.33229628
DRB1*07:01	0.0	0.2942305	0.2924808	0.45429978
DRB3*03:01	0.0	0.77837855	0.44762668	0.54035604
DRB1*15:01	1.0	0.93593705	0.7283404	0.62712383
DRB3*02:02	0.0	0.7969252	0.27706322	0.29773206
DRB3*02:02	0.0	0.0	0.27189597	0.11931277
DRB4*01:01	0.0	0.71020716	0.37680453	0.3859713
DRB4*01:01	0.0	0.084276274	0.2714991	0.17333546
DRB1*08:01	0.0	0.36543146	0.27084193	0.24199745
DPA1*02:01-DPB1*05:01	0.0	0.0	0.27171364	0.024309896
DRB1*15:01	0.0	0.03061853	0.27311125	0.3256341
DRB1*13:01	0.0	0.65237737	0.28951222	0.35329908
DRB3*02:02	0.0	0.0	0.27230856	0.09833173
DPA1*01:03-DPB1*04:01	0.0	0.0	0.27264252	0.0968012
DQA1*01:01-DQB1*05:01	0.0	0.0	0.2717533	0.028210558
DRB4*01:01	0.0	0.0	0.27187663	0.14686939
DRB1*04:05	0.0	0.45965263	0.2711034	0.21313575
DQA1*02:01-DQB1*03:01	0.0	0.084686644	0.70517343	0.66639477
DQA1*05:01-DQB1*04:02	0.0	0.4173218	0.2714939	0.2865876
DRB4*01:03	0.0	0.33437487	0.272581	0.27848032
DRB1*04:04	0.0	0.71020716	0.34284258	0.31595576
DPB1*14:01	0.0	0.0	0.27186224	0.16766223
DRB1*15:01	1.0	1.0	0.72889376	0.6751313
DRB1*09:01	0.0	0.2674637	0.27127296	0.34861484
DRB1*13:01	1.0	0.8984626	0.72860837	0.7216654
DQA1*02:01-DQB1*03:03	0.0	0.084686644	0.27091894	0.24994358
DQA1*05:01-DQB1*03:03	0.0	0.32895827	0.27129805	0.22141036
DRB1*07:01	1.0	1.0	0.35803396	0.46281204
DRB1*04:01	0.0	0.0	0.27183166	0.21751675
DRB1*08:01	0.0	0.4128688	0.2708497	0.2579577
DRB4*01:01	0.0	0.16301215	0.27198395	0.1178078
DRB3*02:02	0.0	0.51408476	0.27301523	0.23454437
DRB1*14:54	0.0	0.3071344	0.27184895	0.36674955
DRB1*04:04	0.0	0.674082	0.7273028	0.7324862
DQA1*01:02-DQB1*05:01	0.0	0.084686644	0.2720796	0.2912322
DRB1*13:01	0.0	0.559864	0.2776349	0.34549022
DRB1*04:05	0.0	0.2780288	0.27142984	0.26689586
DRB5*01:01	0.0	0.084686644	0.46201822	0.4561613
DRB3*01:01	0.0	0.084686644	0.2708084	0.18323681
DRB3*03:01	0.0	0.5210823	0.41411674	0.47644463
DRB1*07:01	0.0	0.46687254	0.2720402	0.25870234
DPA1*03:01-DPB1*04:02	0.0	0.0	0.2739092	0.2253448
DRB1*08:02	1.0	0.8113436	0.28838763	0.4244261
DRB1*09:01	0.0	0.0	0.2715238	0.32910094
DRB1*04:01	0.0	0.63445807	0.27577874	0.34092912
DRB1*09:01	0.0	0.7437481	0.2719889	0.3838913
DRB3*03:01	0.0	0.084686644	0.4664397	0.5597023
DQA1*01:02-DQB1*05:01	0.0	0.084686644	0.27198386	0.34426773
DRB1*01:01	0.0	0.56812155	0.27415153	0.23701575
DRB3*03:01	0.0	0.44555828	0.72891706	0.7912616
DPA1*01:03-DPB1*02:01	0.0	0.27746898	0.3011789	0.34226528
DRB1*04:01	0.0	0.062595904	0.30542603	0.3903992
DRB1*04:01	0.0	0.7703366	0.41705498	0.45017418
DRB1*03:01	0.0	0.6545521	0.27391943	0.26476118
DQA1*05:01-DQB1*03:03	0.0	0.45221373	0.35387802	0.34354424
DQA1*02:01-DQB1*03:01	0.0	0.3480841	0.27171484	0.27796856
DRB3*03:01	0.0	0.27844146	0.39070767	0.3584598
DPB1*04:01	0.0	0.084686644	0.27142113	0.17093536
DRB1*11:01	1.0	0.8078111	0.7287941	0.681898
DQA1*05:01-DQB1*04:02	0.0	0.60220397	0.7229091	0.68401086
DRB1*04:01	1.0	0.8695919	0.72884905	0.65732574
DRB1*09:01	0.0	0.68261945	0.39827052	0.5550804
DRB1*03:01	0.0	0.14874962	0.2738281	0.13598633
DQA1*01:01-DQB1*05:01	0.0	0.0	0.27231824	0.09106044
DRB5*01:01	0.0	0.084686644	0.39997265	0.3323803
DRB1*15:01	0.0	0.32075956	0.2722346	0.21449968
DQA1*02:01-DQB1*04:02	0.0	0.37475252	0.27079815	0.30706587
DQA1*03:03-DQB1*04:02	0.0	0.3438681	0.27097112	0.23649073
DRB3*03:01	0.0	0.2476988	0.4048917	0.41272238
DRB3*02:02	0.0	0.084686644	0.27167976	0.17608699
DRB1*04:05	0.0	0.5820812	0.2996502	0.3474081
DRB1*13:02	0.0	0.0	0.27143696	0.14124489
DQA1*02:01-DQB1*04:02	1.0	0.8078111	0.33893442	0.4604008
DRB1*09:01	0.0	0.5614576	0.27138647	0.30083337
DPB1*01:01	0.0	0.29749924	0.27278423	0.35711545
DQA1*01:02-DQB1*05:01	0.0	0.084686644	0.7287431	0.703676
DRB3*02:02	0.0	0.56641	0.27154872	0.14629251
DRB1*04:01	0.0	0.11771777	0.2728455	0.34117267
DQA1*01:01-DQB1*05:01	0.0	0.0	0.27187586	-0.033932254
DRB1*11:01	0.0	0.4234332	0.39050597	0.4503949
DRB1*07:01	0.0	0.0	0.2719106	0.22257021
DQA1*02:01-DQB1*04:02	0.0	0.084686644	0.27083963	0.2991145
DRB1*11:01	1.0	1.0	0.53076416	0.5462595
DRB1*04:01	0.0	0.18999696	0.2721792	0.2691618
DRB4*01:03	0.0	0.69202656	0.2838847	0.4007807
DQA1*05:01-DQB1*03:02	0.0	0.4343417	0.27083892	0.30421647
DRB1*14:54	0.0	0.5544935	0.28283086	0.43015274
DRB1*04:05	0.0	0.46515563	0.3923743	0.3798382
DRB1*09:01	0.0	0.52978736	0.27146512	0.33295807
DRB1*07:01	0.0	0.0	0.27175838	0.2720983
DQA1*02:01-DQB1*03:01	0.0	0.084686644	0.2726581	0.26368058
DRB1*13:02	1.0	0.93593705	0.27339858	0.29625925
DRB1*04:01	0.0	0.088339284	0.2732933	0.15394321
DRB1*11:01	0.0	0.084686644	0.27243423	0.23248401
DRB1*03:01	0.0	0.59048915	0.7284459	0.66838056
DPA1*03:01-DPB1*04:02	0.0	0.0	0.27313313	0.10942904
DRB1*09:01	0.0	0.60866976	0.4397306	0.5543746
DRB1*03:01	0.0	0.3028255	0.27758646	0.29060474
DRB1*01:01	0.0	0.0	0.28176764	0.28393576
DQA1*01:02-DQB1*05:01	0.0	0.084686644	0.27225673	0.2201308
DQA1*05:01-DQB1*02:01	0.0	0.0	0.27153382	0.18231568
DRB1*11:01	0.0	0.72312444	0.7288664	0.6398938
DRB1*08:02	0.0	0.14444295	0.36767086	0.42374733
DRB3*03:01	0.0	0.5231829	0.72908735	0.78957397
DRB1*04:01	0.0	0.6200593	0.33510327	0.3901101
DQA1*05:01-DQB1*03:02	0.0	0.3171461	0.27126634	0.17638913
DRB1*01:01	0.0	0.47410923	0.4003664	0.4366059
DRB1*09:01	0.0	0.60220397	0.27190194	0.2985008
DPA1*01:03-DPB1*04:01	0.0	0.0	0.27312833	0.049419947
DRB5*01:01	0.0	0.0	0.38490313	0.24821249
DRB1*04:04	0.0	0.68565	0.480918	0.46491215
DRB1*04:05	0.0	0.55907744	0.2711247	0.20553705
DQA1*03:03-DQB1*04:02	0.0	0.54663813	0.34584287	0.33602378
DRB1*01:01	0.0	0.29454327	0.29261422	0.4072799
DRB1*01:01	0.0	0.23566698	0.27837017	0.33624968
DRB4*01:03	0.0	0.6887833	0.3712115	0.4992397
DRB5*01:01	0.0	0.41548166	0.4488018	0.4662206
DRB1*14:54	0.0	0.3680709	0.27153996	0.40687266
DRB1*03:01	0.0	0.7969252	0.7287475	0.66489446
DQA1*02:01-DQB1*04:02	0.0	0.54196596	0.27849898	0.34653303
DRB1*03:01	0.0	0.2512159	0.27149397	0.2770772
DPA1*01:03-DPB1*04:01	0.0	0.0	0.28922895	0.27867183
DQA1*05:01-DQB1*03:01	0.0	0.34280574	0.27091	0.17949945
DRB5*01:01	0.0	0.7328622	0.462517	0.57030785
DRB1*15:01	0.0	0.47693178	0.72593355	0.68949735
DRB1*04:04	0.0	0.38126624	0.27155942	0.40554732
DRB3*01:01	0.0	0.26786524	0.4271365	0.379083
DRB1*13:01	0.0	0.0	0.27387992	0.26801017
DRB1*01:01	0.0	0.3954562	0.32852018	0.43678275
DRB1*04:04	0.0	0.7703366	0.5065307	0.68457055
DRB1*04:01	0.0	0.3557419	0.27225956	0.27162102
DQA1*06:01-DQB1*04:02	0.0	0.28049457	0.2710445	0.23023239
DRB1*11:01	0.0	0.7703366	0.28009132	0.359956
DRB1*10:01	0.0	0.0	0.27123985	0.11088555
DRB1*07:01	0.0	0.51360464	0.3439752	0.5050208
DRB1*12:01	0.0	0.36495084	0.2773235	0.27150407
DRB1*08:01	0.0	0.32489228	0.2708036	0.20545688
DQA1*05:01-DQB1*04:02	1.0	0.83439964	0.27237943	0.2992168
DRB1*09:01	0.0	0.16431543	0.30912864	0.448765
DQA1*06:01-DQB1*04:02	0.0	0.084686644	0.2708823	0.19619894
DRB1*07:01	0.0	0.060438067	0.37300453	0.49853477
DRB3*01:01	0.0	0.29159215	0.2709459	0.24157408
DRB1*11:01	0.0	0.22092173	0.27301043	0.18916002
DRB5*01:01	0.0	0.5053634	0.4175945	0.32048425
DQA1*01:01-DQB1*05:01	0.0	0.0	0.35343945	0.20070061
DRB4*01:03	0.0	0.5672618	0.41773564	0.5191449
DRB4*01:01	0.0	0.07197858	0.27265793	0.16941085
DQA1*05:01-DQB1*04:02	0.0	0.30984065	0.3253989	0.5026581
DQA1*05:01-DQB1*03:02	0.0	0.084686644	0.27103922	0.23439404
DQA1*02:01-DQB1*03:01	0.0	0.39400068	0.28045306	0.36576727
DRB1*11:01	0.0	0.74971294	0.47186223	0.5834774
DRB5*01:01	0.0	0.1372496	0.41021523	0.47046754
DRB1*04:05	0.0	0.0	0.27133018	0.027368814
DRB3*03:01	1.0	0.8201525	0.4510162	0.5391865
DQA1*01:02-DQB1*05:02	0.0	0.0	0.27147645	0.15407729
DRB4*01:01	0.0	0.32081902	0.30360708	0.34603968
DRB1*09:01	0.0	0.45992014	0.28041887	0.39663216
DRB1*13:02	0.0	0.084686644	0.27263477	0.13288966
DPA1*01:03-DPB1*04:01	0.0	0.0	0.27263588	0.09679524
DRB3*01:01	0.0	0.084686644	0.27128565	0.1364727
DRB3*01:01	0.0	0.0	0.2710591	0.18970403
DQA1*01:02-DQB1*05:01	0.0	0.23469248	0.27415985	0.27358696
DRB1*11:01	0.0	0.7278651	0.27297658	0.3204141
DRB1*04:05	0.0	0.0	0.2720642	0.16680685
DRB1*07:01	0.0	0.2534841	0.27159	0.2532526
DRB1*08:01	0.0	0.64221066	0.54120743	0.5837666
DRB5*01:01	1.0	0.93593705	0.72777563	0.7788266
DQA1*03:03-DQB1*04:02	0.0	0.47100717	0.2709328	0.2144252
DRB1*14:54	0.0	0.084686644	0.27178356	0.29884538
DQA1*05:01-DQB1*03:02	0.0	0.41800016	0.40540662	0.4377645
DRB1*11:01	0.0	0.6384378	0.27947202	0.39350235
DQA1*02:01-DQB1*03:01	0.0	0.084686644	0.27212209	0.25790712
DRB1*13:01	0.0	0.44717774	0.2784571	0.42419222
DPA1*02:01-DPB1*05:01	0.0	0.0	0.2720892	0.024111025
DRB1*08:01	0.0	0.6263277	0.5088146	0.5674117
DQA1*02:01-DQB1*04:02	1.0	0.83439964	0.45554575	0.41145134
DQA1*02:01-DQB1*04:02	0.0	0.49942595	0.5227284	0.5631045
DRB1*03:01	0.0	0.118974894	0.4449825	0.48844752
DQA1*05:01-DQB1*04:02	0.0	0.5791155	0.27126718	0.18569183
DRB1*04:05	0.0	0.71020716	0.43427244	0.43950132
DRB4*01:03	0.0	0.7871874	0.71640193	0.6876843
DRB1*09:01	0.0	0.28551087	0.27170652	0.3084993
DRB1*13:02	0.0	0.0	0.29320616	0.29248393
DRB1*07:01	1.0	0.8201525	0.27260572	0.28398982
DPA1*01:03-DPB1*04:01	0.0	0.0	0.27362776	0.062253363
DRB1*13:01	0.0	0.0	0.27472225	0.23003182
DRB1*04:05	0.0	0.4514773	0.28004286	0.33361474
DRB4*01:03	0.0	0.4734556	0.27225304	0.26140052
DRB3*01:01	0.0	0.084686644	0.32246104	0.39815745
DRB1*04:01	0.0	0.53209805	0.2720304	0.37882766
DQA1*05:01-DQB1*03:02	0.0	0.084686644	0.330456	0.44282308
DRB1*08:02	0.0	0.22325133	0.27231443	0.26665145
DRB1*04:04	0.0	0.7871874	0.72870344	0.7231909
DRB1*07:01	0.0	0.6502526	0.276713	0.4761022
DQA1*03:03-DQB1*04:02	0.0	0.084686644	0.27105084	0.21275026
DRB1*08:01	0.0	0.084686644	0.27106678	0.17829558
DRB1*13:01	0.0	0.6185565	0.27398574	0.2976759
DRB1*09:01	0.0	0.35530898	0.2713428	0.33217835
DRB1*04:01	0.0	0.0	0.43391392	0.2535073
DRB3*03:01	0.0	0.55907744	0.40169492	0.38271308
DRB1*14:54	1.0	0.8078111	0.31802788	0.47193262
DRB1*15:01	0.0	0.2592578	0.2765694	0.19787371
DQA1*05:01-DQB1*03:03	0.0	0.61562216	0.2708292	0.26964477
DRB1*04:05	0.0	0.075354114	0.2711228	0.145879
DRB1*12:01	0.0	0.43474886	0.27109396	0.2178722
DRB1*03:01	0.0	0.5997392	0.4358815	0.4562219
DRB3*03:01	1.0	0.93593705	0.7289472	0.8217972
DRB1*13:01	0.0	0.29343104	0.2779159	0.37984967
DRB1*09:01	0.0	0.2755185	0.27141702	0.3631017
DRB1*12:01	0.0	0.0	0.27122557	0.25601256
DRB3*01:01	0.0	0.17488332	0.27080452	0.12064048
DRB1*04:05	0.0	0.0	0.271409	0.07575277
DRB1*01:01	0.0	0.0	0.27628368	0.21450713
DPA1*01:03-DPB1*04:01	0.0	0.0	0.2719499	0.1438424
DRB1*08:01	0.0	0.084686644	0.27092785	0.22233564
DRB1*03:01	0.0	0.02062367	0.4683791	0.26187938
DRB1*13:02	0.0	0.0	0.27133745	0.24846038
DRB5*01:01	0.0	0.084686644	0.44526637	0.50550437
DQA1*03:03-DQB1*04:02	0.0	0.084686644	0.2713917	0.15600005
DRB1*09:01	0.0	0.5647295	0.27185422	0.4396064
DRB3*03:01	1.0	0.8984626	0.46723396	0.6275794
DQA1*01:02-DQB1*06:02	0.0	0.0	0.27081275	-0.01218275
DRB1*15:01	0.0	0.33969006	0.27392676	0.23618183
DRB5*01:01	0.0	0.5432769	0.72763616	0.73501617
DQA1*02:01-DQB1*03:01	0.0	0.44086346	0.7286026	0.7092094
DQA1*02:01-DQB1*04:02	0.0	0.48500293	0.27084938	0.36411574
DRB5*01:01	0.0	0.084686644	0.45724282	0.477936
DQA1*05:01-DQB1*03:02	0.0	0.42711592	0.27388597	0.4076653
DQA1*02:01-DQB1*04:02	0.0	0.084686644	0.53711575	0.66609156
DQA1*01:02-DQB1*05:01	0.0	0.60096335	0.2749847	0.31705695
DRB1*01:01	0.0	0.084686644	0.27544993	0.18673453
DRB3*01:01	0.0	0.21689409	0.2722031	0.19461912
DQA1*05:01-DQB1*04:02	0.0	0.36361822	0.27119505	0.2923077
DRB1*07:01	0.0	0.6687992	0.3827195	0.517123
DQA1*05:01-DQB1*03:03	0.0	0.44741145	0.29660577	0.39260557
DRB3*02:02	0.0	0.10229179	0.27190626	0.2942196
DRB1*11:01	0.0	0.084686644	0.27194646	0.1700016
DRB1*08:01	0.0	0.22179355	0.29564467	0.40407908
DRB3*01:01	0.0	0.1496505	0.43132398	0.41086838
DQA1*03:01-DQB1*03:01	0.0	0.084686644	0.27168897	0.2277404
DQA1*01:02-DQB1*05:01	0.0	0.5781477	0.27178052	0.35827494
DRB1*09:01	0.0	0.60866976	0.7241013	0.7108874
DRB1*09:01	0.0	0.42692825	0.32832995	0.5116179
DQA1*03:03-DQB1*04:02	0.0	0.084686644	0.27091953	0.15672389
DQA1*06:01-DQB1*04:02	0.0	0.36767507	0.32612577	0.3853086
DRB1*08:01	0.0	0.0	0.2710048	0.28238752
DRB1*11:01	0.0	0.0	0.27277026	0.3335279
DRB1*07:01	0.0	0.22559871	0.27240926	0.28670412
DQA1*02:01-DQB1*03:03	0.0	0.44042853	0.43758556	0.48146412
DRB1*14:54	1.0	0.8201525	0.37452692	0.5879621
DQA1*05:01-DQB1*03:03	0.0	0.26620352	0.3164956	0.38950476
DRB1*13:01	1.0	0.85125035	0.72820914	0.702243
DRB1*13:01	0.0	0.39230955	0.27552125	0.28980407
DRB1*14:54	0.0	0.25513482	0.27174893	0.32282165
DRB1*07:01	0.0	0.0	0.27239797	0.19773898
DRB1*09:01	0.0	0.30616498	0.27152798	0.35257688
DRB1*09:01	0.0	0.48570848	0.27143034	0.3776965
DRB1*03:01	0.0	0.016114322	0.29616788	0.40583804
DQA1*06:01-DQB1*04:02	0.0	0.25090834	0.2716258	0.2404817
DRB1*09:01	0.0	0.43393633	0.4644957	0.54066586
DRB3*01:01	0.0	0.084686644	0.27080017	0.20928106
DRB1*04:01	0.0	0.55155915	0.2726058	0.27740407
DRB1*03:01	0.0	0.084686644	0.27211002	0.22711363
DRB1*08:02	0.0	0.0	0.4327545	0.5008178
DRB3*02:02	0.0	0.0	0.27218074	0.19345328
DRB1*15:01	0.0	0.0	0.27263623	0.1907722
DRB5*01:01	0.0	0.084686644	0.37840557	0.26927534
DPA1*01:03-DPB1*02:01	0.0	0.5309355	0.3061734	0.440742
DRB1*01:01	0.0	0.35811523	0.6076029	0.6201614
DRB1*08:01	0.0	0.084686644	0.2708385	0.2055305
DRB1*13:01	0.0	0.6441565	0.2727229	0.32849866
DRB1*08:01	0.0	0.16876301	0.27083993	0.24828357
DRB1*04:04	0.0	0.2369208	0.27161774	0.30072066
DRB5*01:01	0.0	0.0	0.3834238	0.25997722
DQA1*01:02-DQB1*05:01	0.0	0.084686644	0.27338773	0.27599123
DRB5*01:01	0.0	0.403389	0.3936218	0.28706244
DRB1*08:01	0.0	0.4612694	0.27083755	0.27308774
DRB4*01:01	0.0	0.0	0.27190554	0.15965295
DRB1*01:01	0.0	0.34110743	0.2964099	0.42411098
DQA1*05:01-DQB1*04:02	0.0	0.084686644	0.27144063	0.22772744
DRB1*04:04	0.0	0.084686644	0.27146226	0.24259949
DRB1*04:01	0.0	0.52642614	0.7277294	0.5543779
DQA1*02:01-DQB1*03:03	0.0	0.7703366	0.54139584	0.5935112
DRB1*03:01	0.0	0.0	0.27253807	0.2539883
DRB3*01:01	0.0	0.36495084	0.2756413	0.32146788
DQA1*01:03-DQB1*06:03	0.0	0.084686644	0.2712436	0.12928638
DRB5*01:01	0.0	0.71020716	0.49061954	0.7018206
DRB1*11:01	0.0	0.4044413	0.27467087	0.414597
DRB1*08:02	0.0	0.20199244	0.27158493	0.2954877
DRB5*01:01	0.0	0.7278651	0.47445482	0.60234296
DQA1*01:02-DQB1*05:01	0.0	0.6796851	0.3448812	0.51897717
DRB1*13:01	0.0	0.35652623	0.27499875	0.3533937
DQA1*02:01-DQB1*04:02	0.0	0.66380215	0.2763813	0.44886777
DPA1*01:03-DPB1*03:01	0.0	0.0	0.2807116	0.43161538
DQA1*06:01-DQB1*04:02	0.0	0.51603055	0.27098897	0.31193766
DRB4*01:03	1.0	0.87187403	0.728859	0.67323935
DRB1*09:01	0.0	0.7969252	0.27174002	0.32596132
DRB1*13:01	0.0	0.7871874	0.4829381	0.5202172
DQA1*02:01-DQB1*03:03	0.0	0.36591458	0.4170639	0.35903028
DQA1*05:01-DQB1*04:02	0.0	0.58831435	0.36624083	0.44677153
DQA1*03:01-DQB1*03:02	0.0	0.084686644	0.27284744	0.20557556
DRB1*10:01	0.0	0.0	0.32235077	0.19982454
DRB1*04:01	1.0	0.84942013	0.7285465	0.6664049
DRB1*03:01	0.0	0.0	0.27176479	0.22622785
DRB4*01:03	0.0	0.6461442	0.2729401	0.38429597
DRB5*01:01	0.0	0.0	0.46797964	0.46348104
DRB1*13:02	1.0	1.0	0.72883964	0.6359555
DRB1*08:01	0.0	0.5356762	0.5223874	0.5836874
DRB3*03:01	0.0	0.36064258	0.47998512	0.7062149
DQA1*06:01-DQB1*04:02	0.0	0.19053283	0.2708793	0.20142248
DRB1*08:01	0.0	0.084686644	0.2708371	0.21792057
DQA1*02:01-DQB1*04:02	0.0	0.64817554	0.2734468	0.37409976
DRB1*01:01	0.0	0.28961924	0.27711895	0.3346496
DRB1*04:01	0.0	0.598531	0.2737442	0.35431
DRB5*01:01	0.0	0.1391293	0.44174582	0.53712094
DPA1*02:01-DPB1*14:01	0.0	0.42023978	0.523111	0.5290429
DRB1*13:02	0.0	0.2369688	0.27186102	0.08052451
DRB1*13:02	0.0	0.39518985	0.27193752	0.27579978
DRB1*03:01	0.0	0.13082682	0.3777436	0.4233608
DRB1*09:01	0.0	0.69887584	0.3185795	0.48746744
DRB3*02:02	0.0	0.77837855	0.27169335	0.21176904
DRB1*09:01	0.0	0.37690952	0.2714931	0.3059569
DRB1*11:01	0.0	0.18444821	0.27201995	0.23319939
DRB1*08:02	0.0	0.084686644	0.27152365	0.2660424
DRB1*07:01	0.0	0.084686644	0.2722668	0.27466854
DPA1*02:01-DPB1*05:01	0.0	0.0	0.28538826	0.16981545
DRB1*03:01	0.0	0.0	0.27201307	0.25766364
DRB1*11:01	0.0	0.08206246	0.27514476	0.3208219
DRB1*04:04	0.0	0.5473253	0.27135885	0.2832384
DQA1*05:01-DQB1*03:01	0.0	0.0	0.27108127	0.24384767
DRB1*03:01	0.0	0.066024534	0.2747188	0.20328733
DQA1*05:01-DQB1*03:02	0.0	0.380469	0.34441423	0.4008235
DRB1*11:01	0.0	0.5117087	0.27381867	0.4012165
DRB3*02:02	0.0	0.084686644	0.27174926	0.17476061
DRB1*15:01	0.0	0.04541219	0.28072968	0.33591136
DPA1*03:01-DPB1*04:02	0.0	0.0	0.2724434	0.13483334
DRB1*13:01	0.0	0.47010547	0.27282453	0.32727206
DQA1*06:01-DQB1*04:02	0.0	0.084686644	0.2708915	0.09301291
DRB1*03:01	0.0	0.6953878	0.59448874	0.60510194
DRB1*15:01	0.0	0.30002898	0.27293965	0.24484104
DQA1*05:01-DQB1*03:02	0.0	0.084686644	0.2709832	0.26132807
DQA1*05:01-DQB1*04:02	0.0	0.40368012	0.3250015	0.3873072
DRB3*01:01	0.0	0.3125198	0.27111137	0.21598676
DRB1*01:01	0.0	0.3055075	0.27456594	0.29869935
DQA1*02:01-DQB1*03:01	0.0	0.3473679	0.72823805	0.68634707
DRB1*15:01	0.0	0.19130589	0.2745773	0.32122856
DRB1*04:04	0.0	0.5606573	0.27280685	0.2618341
DQA1*01:02-DQB1*05:01	0.0	0.71020716	0.72880983	0.7065097
DRB1*07:01	0.0	0.084686644	0.27230814	0.21019492
DRB1*04:01	0.0	0.5036277	0.27130008	0.2980694
DRB3*01:01	0.0	0.29307795	0.27126718	0.15373841
DQA1*02:01-DQB1*03:03	0.0	0.59733844	0.27087894	0.3349961
DRB3*02:02	0.0	0.44042853	0.27233276	0.25436714
DQA1*01:02-DQB1*05:02	0.0	0.0	0.43320215	0.40422416
DRB3*01:01	0.0	0.16565956	0.28481558	0.41759416
DRB1*13:01	0.0	0.6545521	0.2840472	0.37789807
DRB3*01:01	0.0	0.26769772	0.47212943	0.3734543
DRB1*07:01	0.0	0.398852	0.27271256	0.18255773
DRB5*01:01	0.0	0.084686644	0.5284921	0.7020782
DRB1*11:01	0.0	0.32514122	0.2716808	0.3344142
DRB1*07:01	0.0	0.0	0.27176076	0.1596641
DQA1*05:01-DQB1*04:02	0.0	0.25919673	0.27165118	0.18347353
DRB4*01:01	0.0	0.0	0.27563193	0.23960942
DRB4*01:03	0.0	0.63305235	0.2747188	0.3130961
DRB1*15:01	0.0	0.50150293	0.276154	0.30761918
DRB1*09:01	0.0	0.36156222	0.27126706	0.38233522
DRB1*09:01	0.0	0.5753037	0.27226517	0.31837472
DRB1*04:01	0.0	0.0	0.27276105	0.27791157
DRB1*11:01	0.0	0.29749924	0.27489898	0.41870478
DRB1*15:01	0.0	0.13663955	0.29054138	0.340921
DRB1*13:02	0.0	0.1856528	0.27171278	0.28800055
DRB1*01:01	0.0	0.62347347	0.37780076	0.50423926
DRB5*01:01	0.0	0.084686644	0.4671437	0.49619243
DQA1*02:01-DQB1*04:02	0.0	0.49269408	0.27084237	0.316156
DQA1*05:01-DQB1*03:03	0.0	0.674082	0.27112618	0.3157988
DRB1*13:01	0.0	0.084686644	0.27633768	0.27537063
DPB1*01:01	0.0	0.29749924	0.4184129	0.44201085
DRB1*09:01	0.0	0.45832658	0.2714223	0.30642614
DRB1*08:02	0.0	0.23315941	0.2717656	0.030367687
DRB4*01:03	0.0	0.3377412	0.33198395	0.50493646
DRB1*14:54	0.0	0.6141892	0.2813197	0.3985197
DRB1*01:01	0.0	0.0	0.27843267	0.24455768
DRB1*15:01	1.0	0.8868946	0.34212014	0.43876228
DRB1*11:01	0.0	0.0	0.27268004	0.18866718
DRB5*01:01	0.0	0.25405994	0.7275554	0.7236583
DRB1*03:01	0.0	0.71020716	0.27155653	0.3169877
DRB4*01:03	0.0	0.084686644	0.27267867	0.18287319
DQA1*02:01-DQB1*03:01	0.0	0.084686644	0.2728958	0.16668108
DQA1*05:01-DQB1*04:02	0.0	0.084686644	0.27183905	0.3396092
DRB1*09:01	0.0	0.4737663	0.27170974	0.3079037
DRB1*03:01	0.0	0.13994074	0.2742167	0.3382641
DRB1*14:54	0.0	0.7560895	0.33914435	0.53101134
DRB5*01:01	0.0	0.084686644	0.3897978	0.33519292
DRB1*03:01	0.0	0.0	0.27167782	0.2784445
DRB1*04:04	0.0	0.7328622	0.4733393	0.6014154
DQA1*02:01-DQB1*03:03	0.0	0.3806961	0.27078655	0.1284138
DRB1*11:01	0.0	0.0	0.28719082	0.39104766
DRB3*01:01	0.0	0.31668997	0.27081063	0.1630848
DRB1*04:01	0.0	0.60473627	0.2724255	0.2747562
DRB1*01:01	0.0	0.0	0.28018793	0.24474162
DPA1*02:01-DPB1*01:01	0.0	0.0	0.2716995	0.12378252
DQA1*06:01-DQB1*04:02	0.0	0.45395526	0.5298219	0.583734
DPA1*03:01-DPB1*04:02	0.0	0.0	0.28106213	0.07385429
DQA1*03:01-DQB1*03:02	0.0	0.0	0.27310285	0.17026368
DRB1*03:01	0.0	0.48535502	0.60231376	0.6547855
DRB1*07:01	0.0	0.02062367	0.7286532	0.63368267
DQA1*01:01-DQB1*05:01	0.0	0.0	0.27113006	-0.013062261
DRB1*11:01	0.0	0.22787663	0.2772899	0.3357658
DQB1*03:01	0.0	0.0	0.27118886	0.2015591
DQA1*02:01-DQB1*04:02	0.0	0.53151494	0.2708362	0.28312516
DRB1*15:01	0.0	0.738145	0.3108642	0.48276356
DQA1*05:01-DQB1*03:02	0.0	0.20430668	0.38137016	0.43146333
DQA1*03:03-DQB1*04:02	0.0	0.084686644	0.27096573	0.16706607
DRB1*15:01	0.0	0.0	0.27357656	0.19771555
DQA1*05:01-DQB1*03:02	0.0	0.084686644	0.47395974	0.38771525
DRB1*12:01	0.0	0.0	0.27097207	0.10817749
DRB1*10:01	0.0	0.11186859	0.27097052	0.037742265
DRB1*03:01	0.0	0.5480176	0.4190566	0.4963685
DRB1*13:02	0.0	0.51031184	0.27237892	0.25383338
DQA1*02:01-DQB1*04:02	0.0	0.24716114	0.27081662	0.2930973
DQA1*05:01-DQB1*04:02	0.0	0.46045747	0.2715754	0.35979265
DRB1*07:01	0.0	0.10135275	0.40564415	0.43236217
DQA1*05:01-DQB1*03:01	0.0	0.0	0.27095214	0.25979498
DQA1*02:01-DQB1*04:02	0.0	0.42470554	0.32310736	0.46116015
DRB1*04:01	0.0	0.41400284	0.5222045	0.5013064
DRB1*08:02	0.0	0.41631356	0.297735	0.42016867
DRB1*13:01	0.0	0.5089358	0.27833092	0.16844133
DRB1*15:01	0.0	0.16732812	0.27300718	0.24883595
DQA1*06:01-DQB1*04:02	0.0	0.084686644	0.27111113	0.29202786
DRB4*01:03	0.0	0.55829746	0.28533584	0.39847124
DRB1*01:01	0.0	0.62236047	0.27850738	0.33075464
DRB1*11:01	0.0	0.033173937	0.27265164	0.2491689
DRB3*03:01	0.0	0.316406	0.39426854	0.38615844
DRB3*01:01	0.0	0.38218588	0.46716487	0.45143393
DRB4*01:03	0.0	0.738145	0.39407995	0.51658934
DRB1*03:01	0.0	0.084686644	0.27159685	0.24649063
DRB1*13:01	0.0	0.3554819	0.2753931	0.2633656
DPA1*03:01-DPB1*04:02	0.0	0.7278651	0.41231135	0.4415497
DRB1*04:01	0.0	0.0	0.271779	0.19549128
DRB1*07:01	1.0	0.90483916	0.46798998	0.4852557
DRB3*02:02	0.0	0.0	0.27134556	0.24688399
DRB1*13:01	0.0	0.0	0.27307498	0.2976051
DQA1*02:01-DQB1*03:03	0.0	0.56986547	0.27101764	0.33642748
DQA1*05:01-DQB1*02:01	0.0	0.0	0.27115688	0.16851968
DRB1*01:01	0.0	0.0	0.45836982	0.18340552
DRB1*11:01	0.0	0.37669155	0.72743803	0.61229444
DQA1*02:01-DQB1*03:01	0.0	0.084686644	0.2727273	0.27619082
DQA1*02:01-DQB1*03:01	0.0	0.6796851	0.27907708	0.35166213
DRB1*13:02	0.0	0.084686644	0.27154034	0.19058901
DRB1*04:04	0.0	0.7969252	0.72853243	0.711107
DRB1*09:01	0.0	0.22981136	0.2775504	0.45428005
DRB4*01:03	0.0	0.084686644	0.27327403	0.31300753
DRB1*07:01	0.0	0.4117485	0.27169842	0.30893806
DRB1*07:01	0.0	0.0	0.27199745	0.17698762
DRB1*07:01	0.0	0.0	0.27158704	0.28143445
DRB1*14:54	0.0	0.39625987	0.27309206	0.4599885
DRB1*08:01	0.0	0.6060289	0.54260063	0.5609091
DRB1*11:01	0.0	0.084686644	0.27188078	0.26918668
DRB1*08:01	0.0	0.28657228	0.271059	0.21247834
DRB1*03:01	0.0	0.0	0.2730365	0.124634035
DRB1*11:01	0.0	0.14755586	0.27287653	0.27817848
DRB1*11:01	0.0	0.6796851	0.29239509	0.42093238
DRB1*09:01	0.0	0.71020716	0.72740746	0.7165836
DQB1*03:01	0.0	0.29749924	0.27867535	0.3531497
DRB3*02:02	0.0	0.2233963	0.3978138	0.37429592
DRB1*13:01	0.0	0.18939242	0.27622786	0.32850724
DQA1*03:03-DQB1*04:02	0.0	0.084686644	0.27088314	0.15001392
DRB4*01:03	0.0	0.299508	0.27462524	0.31348106
DRB5*01:01	0.0	0.72312444	0.6617354	0.74943054
DRB5*01:01	0.0	0.084686644	0.39780733	0.2957037
DRB1*11:01	0.0	0.02062367	0.38453624	0.47577217
DQA1*05:01-DQB1*03:02	0.0	0.22222233	0.35974574	0.3985413
DQA1*05:01-DQB1*03:02	0.0	0.36836886	0.2718003	0.24142966
DRB1*07:01	0.0	0.576242	0.2730054	0.3473412
DRB1*01:01	0.0	0.35497278	0.2897799	0.36246163
DRB1*01:01	0.0	0.21284957	0.27821794	0.30892327
DRB1*08:02	0.0	0.6263277	0.2717256	0.21657285
DRB1*13:02	0.0	0.103310354	0.2719999	0.25164357
DRB3*01:01	0.0	0.084686644	0.3092587	0.36365813
DRB1*03:01	0.0	0.30331635	0.27192906	0.23957378
DRB1*11:01	0.0	0.45885473	0.27263957	0.38936326
DRB1*03:01	0.0	0.36767507	0.27498198	0.27252737
DRB3*03:01	0.0	0.37647408	0.41968977	0.46005163
DRB3*03:01	0.0	0.31388906	0.40181527	0.39305982
DRB1*13:02	0.0	0.7703366	0.34585097	0.48760638
DRB1*03:01	0.0	0.7437481	0.5096948	0.65280664
DQA1*05:01-DQB1*04:02	0.0	0.34079078	0.2718525	0.2518076
DQA1*05:01-DQB1*03:02	0.0	0.31399947	0.27097407	0.20122352
DRB1*11:01	0.0	0.5002512	0.27218205	0.24535668
DRB3*01:01	0.0	0.0	0.27079335	0.117921926
DQA1*02:01-DQB1*03:03	0.0	0.1720694	0.32600382	0.37177068
DRB1*09:01	0.0	0.5949985	0.27119496	0.28997374
DRB5*01:01	0.0	0.11858062	0.4037324	0.28487763
DQA1*01:02-DQB1*06:02	0.0	0.2080571	0.2712839	0.24095806
DRB1*04:01	0.0	0.13267228	0.27168742	0.22834793
DQA1*05:01-DQB1*04:02	0.0	0.45098954	0.27147883	0.25494316
DQA1*02:01-DQB1*04:02	0.0	0.3686678	0.27078244	0.22057629
DRB3*01:01	0.0	0.0	0.27077827	0.12951788
DQA1*02:01-DQB1*03:03	0.0	0.43892217	0.27083367	0.24616578
DQA1*05:01-DQB1*04:02	0.0	0.084686644	0.2712327	0.3368229
DRB1*04:01	0.0	0.68565	0.2713954	0.2515543
DRB1*13:02	0.0	0.084686644	0.29813012	0.41802314
DRB1*04:01	0.0	0.23530346	0.27221987	0.12554052
DRB5*01:01	0.0	0.7278651	0.46576032	0.52161694
DRB1*11:01	0.0	0.0	0.27312827	0.1920324
DQA1*05:01-DQB1*03:02	0.0	0.2463339	0.2710016	0.26867333
DRB3*02:02	0.0	0.6441565	0.27188587	0.38728225
DRB3*01:01	0.0	0.02062367	0.2708256	0.21652839
DRB1*11:01	0.0	0.4728374	0.2721275	0.32824948
DQA1*01:03-DQB1*06:03	0.0	0.284904	0.27100888	0.17510319
DRB4*01:03	0.0	0.48535502	0.27233794	0.33750752
DRB1*09:01	0.0	0.2133874	0.27271423	0.40488744
DRB1*14:54	0.0	0.47161323	0.3044048	0.49124834
DRB5*01:01	0.0	0.084686644	0.37931928	0.33173475
DRB1*08:01	0.0	0.42525622	0.544581	0.5662657
DRB1*04:05	0.0	0.5647295	0.27125338	0.2491562
DQA1*01:01-DQB1*05:01	0.0	0.0	0.27141863	0.014811382
DRB3*03:01	0.0	0.084686644	0.4430371	0.49151143
DRB5*01:01	0.0	0.3386744	0.45120633	0.5000875
DRB1*13:01	0.0	0.77837855	0.36441892	0.46311137
DRB1*03:01	0.0	0.46347007	0.38025483	0.32994884
DQA1*05:01-DQB1*04:02	0.0	0.5247903	0.27230552	0.27654272
DRB5*01:01	0.0	0.0	0.38925996	0.254836
DRB1*07:01	0.0	0.6296289	0.28233555	0.4784331
DRB3*02:02	0.0	0.084686644	0.2717737	0.28484395
DRB1*04:01	0.0	0.5058025	0.31678784	0.42315325
DRB3*03:01	0.0	0.24019319	0.41252765	0.40313283
DRB3*01:01	0.0	0.45624372	0.27085727	0.2226173
DRB1*08:02	0.0	0.36572102	0.2717076	0.24126604
DRB1*04:04	0.0	0.3386744	0.27151975	0.25651696
DRB1*11:01	1.0	0.92301977	0.4782862	0.57582474
DRB1*13:02	0.0	0.0	0.29427445	0.44618234
DQA1*01:02-DQB1*05:01	0.0	0.5716429	0.271735	0.34487763
DRB1*04:04	0.0	0.084686644	0.27170053	0.28970337
DRB1*03:01	0.0	0.46832806	0.7286445	0.6089854
DPA1*02:01-DPB1*05:01	0.0	0.0	0.27234367	-0.001890853
DRB1*13:02	0.0	0.0730643	0.2725435	0.2505044
DPA1*01:03-DPB1*03:01	0.0	0.22504845	0.27178267	0.29494855
DQA1*01:02-DQB1*05:01	0.0	0.34689355	0.2716111	0.30844307
DRB1*09:01	0.0	0.084686644	0.28012434	0.43673918
DRB1*13:01	0.0	0.084686644	0.2747152	0.27550504
DQA1*06:01-DQB1*04:02	0.0	0.23441184	0.27139038	0.24270809
DRB3*01:01	0.0	0.35241786	0.27802613	0.264681
DRB1*08:02	1.0	0.9689021	0.7288316	0.67672324
DPA1*03:01-DPB1*04:02	0.0	0.0	0.27300307	0.12698346
DRB1*01:01	0.0	0.77837855	0.33437374	0.33933064
DRB1*03:01	0.0	0.0	0.45618385	0.2985576
DQA1*02:01-DQB1*03:03	0.0	0.59048915	0.27092528	0.358879
DRB3*03:01	1.0	0.93593705	0.46370965	0.51943886
DQA1*03:03-DQB1*04:02	0.0	0.4331309	0.27523258	0.2981998
DRB1*13:02	0.0	0.69202656	0.34794813	0.47165087
DRB3*03:01	0.0	0.384882	0.39879072	0.38808227
DQA1*05:01-DQB1*02:01	0.0	0.0	0.27116638	0.13043398
DRB1*11:01	0.0	0.5253324	0.28799772	0.4450201
DRB1*11:01	0.0	0.094830945	0.40912917	0.44310793
DQA1*02:01-DQB1*03:03	0.0	0.24004416	0.27098775	0.1770963
DQA1*06:01-DQB1*04:02	0.0	0.30253226	0.27091053	0.21774814
DRB3*01:01	0.0	0.18704098	0.3517129	0.39209378
DRB3*01:01	0.0	0.36987334	0.5403257	0.50047505
DPA1*02:01-DPB1*05:01	0.0	0.0	0.27545106	0.19329378
DQA1*01:04-DQB1*05:03	0.0	0.0	0.27380955	0.25968
DRB1*09:01	0.0	0.55675703	0.29519236	0.50462765
DRB3*01:01	0.0	0.29749924	0.27101502	0.058244593
DRB1*01:01	0.0	0.79389465	0.3729701	0.4806213
DRB3*01:01	0.0	0.14302479	0.27084774	0.26790932
DRB1*13:01	1.0	0.87187403	0.7271218	0.6947647
DRB1*01:01	0.0	0.12450104	0.7258477	0.64057076
DRB4*01:03	0.0	0.5231829	0.27161983	0.3853747
DRB1*04:04	0.0	0.0	0.27810353	0.37573743
DRB1*04:06	0.0	0.0	0.2710614	0.02220375
DPA1*01:03-DPB1*02:01	0.0	0.0	0.27369237	0.04735192
DRB1*11:01	0.0	0.0	0.27237552	0.21942273
DRB1*04:05	0.0	0.0	0.2719645	0.114996485
DQA1*02:01-DQB1*04:02	1.0	1.0	0.5372894	0.5972753
DRB1*01:01	0.0	0.0	0.2769971	0.16368681
DRB1*07:01	0.0	0.084686644	0.27255562	0.16244456
DRB3*01:01	0.0	0.38500103	0.37153903	0.4052887
DQA1*01:02-DQB1*05:01	0.0	0.26850462	0.27157378	0.2553775
DQA1*01:02-DQB1*05:01	0.0	0.58108205	0.72734666	0.6817882
DRB3*01:01	0.0	0.0	0.271004	0.14729613
DQA1*05:01-DQB1*04:02	0.0	0.43556857	0.4798474	0.44787702
DRB1*14:54	0.0	0.36000422	0.27189648	0.26432657
DRB1*01:01	0.0	0.576242	0.27653396	0.21172282
DRB1*04:01	0.0	0.35275334	0.28329983	0.24407873
DQA1*06:01-DQB1*04:02	0.0	0.24149495	0.2708538	0.15741062
DRB1*14:54	0.0	0.7629388	0.7288237	0.75290036
DQA1*05:01-DQB1*02:01	0.0	0.0	0.27116883	0.18974754
DRB1*01:01	0.0	0.0	0.27805188	0.2614769
DQA1*01:02-DQB1*05:01	0.0	0.084686644	0.27258024	0.22493145
DPA1*01:03-DPB1*04:01	0.0	0.0	0.27408683	-0.0028485581
DRB1*07:01	0.0	0.4117485	0.38662803	0.3680373
DRB1*01:01	0.0	0.5820812	0.27934867	0.27437696
DQA1*05:01-DQB1*04:02	0.0	0.084686644	0.27121794	0.22695503
DRB1*08:02	0.0	0.61562216	0.71262735	0.67003876
DRB1*01:01	0.0	0.37171167	0.3239541	0.3966646
DRB4*01:03	0.0	0.4874962	0.2960151	0.43725535
DRB3*03:01	1.0	0.8984626	0.46303433	0.6140559
DRB5*01:01	0.0	0.0	0.3995785	0.2373968
DRB1*03:03	0.0	0.0	0.27291477	0.22956708
DPA1*01:03-DPB1*02:01	0.0	0.0	0.27371877	0.2339985
DRB1*14:54	0.0	0.71861506	0.2719581	0.4168221
DRB5*01:01	0.0	0.084686644	0.3852886	0.19184765
DRB1*04:01	0.0	0.0	0.27145055	0.23086765
DQA1*02:01-DQB1*04:02	0.0	0.4380723	0.27096263	0.25211838
DRB1*08:01	0.0	0.15593511	0.27128863	0.20406905
DRB1*04:01	1.0	0.91168845	0.28434327	0.27577946
DRB1*04:04	0.0	0.16083787	0.27235734	0.3294749
DRB1*09:01	1.0	0.85125035	0.7262045	0.7178957
DRB1*09:01	0.0	0.71861506	0.27204546	0.44814035
DRB1*11:01	0.0	0.5530147	0.27248287	0.26342282
DQA1*02:01-DQB1*03:03	0.0	0.084686644	0.27084002	0.29543874
DPA1*01:03-DPB1*04:01	0.0	0.0	0.27221796	0.16590253
DRB1*08:02	0.0	0.58108205	0.271582	0.23784599
DRB1*08:01	0.0	0.43786103	0.27150682	0.3154257
DRB3*03:01	0.0	0.69202656	0.41553652	0.3885644
DRB1*11:01	0.0	0.14847277	0.41487554	0.44822618
DRB1*11:01	0.0	0.055708922	0.27283275	0.25265384
DQA1*01:01-DQB1*05:01	0.0	0.0	0.27146187	0.0025228932
DRB1*01:01	0.0	0.6687992	0.32519928	0.45805356
DRB1*08:02	0.0	0.012280174	0.27238977	0.291537
DRB1*01:01	0.0	0.44003883	0.40201086	0.4742926
DRB1*07:01	0.0	0.6348129	0.34061265	0.49843195
DRB1*13:01	0.0	0.6768411	0.35021782	0.51334274
DQA1*01:01-DQB1*05:01	0.0	0.0	0.27284244	0.10613511
DQA1*05:01-DQB1*04:02	0.0	0.084686644	0.27150926	0.311284
DRB1*13:01	0.0	0.084686644	0.27409065	0.26849756
DPA1*01:03-DPB1*02:01	0.0	0.0	0.2728445	0.22276792
DRB1*15:02	0.0	0.1862333	0.27108458	0.07363831
DQA1*05:01-DQB1*04:02	1.0	0.8078111	0.27128062	0.3094673
DRB1*04:01	0.0	0.0	0.27234295	0.066844486
DRB1*04:04	0.0	0.58009356	0.29405054	0.4748324
DPA1*01:03-DPB1*02:01	0.0	0.0	0.31506264	0.37304112
DRB1*07:01	0.0	0.7437481	0.27158654	0.31107944
DRB1*03:01	0.0	0.0	0.27632165	0.2771308
DRB1*01:01	0.0	0.6127781	0.273902	0.22443238
DQA1*02:01-DQB1*03:03	0.0	0.084686644	0.2708133	0.28275177
DRB1*04:01	0.0	0.233575	0.2734098	0.2325154
DRB1*09:01	0.0	0.7629388	0.5562674	0.61522084
DRB1*13:02	1.0	1.0	0.27735385	0.36401597
DRB1*03:01	0.0	0.2032834	0.27148405	0.27810714
DRB3*03:01	0.0	0.35385212	0.38747695	0.34272024
DRB1*11:01	0.0	0.4159799	0.30723017	0.46917245
DQA1*02:01-DQB1*03:03	0.0	0.49346107	0.27081418	0.2593284
DRB5*01:01	0.0	0.2337835	0.39798823	0.36303473
DRB1*13:01	0.0	0.48360783	0.7287224	0.6734586
DRB1*04:01	0.0	0.6441565	0.27172172	0.094881065
DQA1*06:01-DQB1*04:02	0.0	0.7871874	0.55254906	0.56221056
DRB1*01:01	1.0	1.0	0.7286208	0.6734352
DRB4*01:03	0.0	0.33724257	0.27375266	0.35288033
DQA1*03:01-DQB1*03:02	0.0	0.0	0.27177608	-0.015782803
DQA1*01:01-DQB1*05:01	0.0	0.0	0.2715988	0.027681246
DQA1*02:01-DQB1*03:01	0.0	0.46687254	0.27214897	0.34185466
DRB1*08:01	0.0	0.42146862	0.38330218	0.42120752
DQA1*01:03-DQB1*06:03	0.0	0.40237734	0.27089638	0.12735337
DQA1*06:01-DQB1*04:02	0.0	0.21490642	0.27087176	0.21607712
DQA1*03:01-DQB1*03:02	0.0	0.0	0.27164483	0.07866285
DRB1*04:05	0.0	0.52004963	0.27116415	0.13588503
DRB1*04:05	0.0	0.33527455	0.30409077	0.3740622
DRB1*08:02	0.0	0.6296289	0.27189055	0.27665672
DRB1*04:01	0.0	0.17533816	0.2714619	0.20343286
DRB4*01:03	0.0	0.39347702	0.28212333	0.3976033
DRB5*01:01	1.0	0.87187403	0.45468628	0.48542306
DRB3*01:01	0.0	0.084686644	0.3329103	0.3751018
DQA1*05:01-DQB1*04:02	0.0	0.40954784	0.2983908	0.40548244
DRB1*12:01	0.0	0.3464216	0.27098215	0.15348771
DRB1*08:01	0.0	0.19255936	0.27084446	0.24967992
DRB4*01:01	0.0	0.13661523	0.2713751	0.2558465
DRB1*11:01	0.0	0.084686644	0.27436593	0.23109019
DPA1*02:01-DPB1*05:01	0.0	0.0	0.27170965	0.08103583
DRB1*09:01	0.0	0.53209805	0.7243592	0.69967437
DRB1*09:01	0.0	0.502347	0.27125204	0.330744
DQA1*02:01-DQB1*03:01	0.0	0.3187605	0.27234447	0.38013908
DQA1*06:01-DQB1*04:02	0.0	0.25417554	0.2709676	0.20602807
DRB4*01:03	0.0	0.44906402	0.2724527	0.22411874
DRB5*01:01	0.0	0.0	0.39118233	0.31808504
DRB1*13:01	1.0	0.85125035	0.27481356	0.4666545
DRB4*01:03	0.0	0.559864	0.7276687	0.6816728
DRB1*15:01	0.0	0.5997392	0.72881484	0.64414287
DQA1*01:03-DQB1*06:03	0.0	0.35556847	0.27090696	0.14751095
DRB1*01:01	0.0	0.34451547	0.27785105	0.27107403
DQA1*06:01-DQB1*04:02	0.0	0.30698064	0.5687818	0.5613575
DRB1*15:01	0.0	0.3493711	0.28044835	0.33536002
DRB1*01:01	0.0	0.0	0.274156	0.30291703
DQA1*05:01-DQB1*04:02	0.0	0.22716144	0.2712112	0.22546148
DRB1*07:01	0.0	0.0	0.2719183	0.2534078
DRB1*01:01	0.0	0.62236047	0.71964365	0.6708878
DRB3*02:02	0.0	0.084686644	0.29401204	0.40951064
DRB3*01:01	0.0	0.29749924	0.2708098	0.2194964
DQA1*01:03-DQB1*06:03	0.0	0.4428464	0.2709174	0.14256454
DRB4*01:01	0.0	0.3076487	0.27147645	0.19582018
DRB1*07:01	0.0	0.42129207	0.2721061	0.22980276
DRB1*14:54	0.0	0.084686644	0.2724321	0.32703504
DRB1*04:01	0.0	0.0	0.27141023	0.32443094
DRB1*08:01	0.0	0.1652609	0.27085486	0.28615084
DRB3*01:01	0.0	0.0	0.27080435	0.1492019
DRB1*11:01	0.0	0.084686644	0.2733492	0.33779275
DRB3*01:01	0.0	0.49659437	0.5402168	0.5831156
DRB4*01:03	0.0	0.26884294	0.27261138	0.283132
DQA1*02:01-DQB1*03:01	0.0	0.27780446	0.27213418	0.31373197
DPB1*04:01	0.0	0.084686644	0.2717315	0.18321094
DRB1*07:01	0.0	0.5614576	0.3347784	0.4527553
DRB3*01:01	0.0	0.0	0.27252707	0.16670391
DPA1*01:03-DPB1*04:01	0.0	0.27055326	0.30318293	0.37432486
DRB1*09:01	0.0	0.6796851	0.41121563	0.5261841
DQA1*01:02-DQB1*05:01	0.0	0.6461442	0.29895142	0.3955064
DRB3*01:01	0.0	0.0	0.2708274	0.15338981
DRB3*02:02	0.0	0.6366076	0.27368167	0.29301724
DRB1*15:01	1.0	1.0	0.72838575	0.5705657
DRB1*09:01	0.0	0.74971294	0.27243304	0.28354552
DQA1*02:01-DQB1*04:02	0.0	0.4565015	0.27572483	0.38418135
DQA1*02:01-DQB1*04:02	0.0	0.084686644	0.27083814	0.2690015
DRB3*01:01	0.0	0.084686644	0.27096745	0.3524239
DRB3*02:02	0.0	0.084686644	0.27137494	0.19654769
DRB1*03:01	0.0	0.011814787	0.27153486	0.24848783
DRB1*13:02	0.0	0.0	0.27340356	0.3253708
DRB1*03:01	0.0	0.084686644	0.27195686	0.20540586
DRB1*04:05	0.0	0.084686644	0.27154544	0.20382473
DQA1*05:01-DQB1*04:02	0.0	0.5145674	0.38424128	0.3592421
DRB1*01:01	0.0	0.45098954	0.36007592	0.4737828
DRB1*11:01	0.0	0.1680314	0.27245694	0.247859
DRB4*01:01	0.0	0.5338698	0.27134934	0.1487112
DRB1*11:01	0.0	0.0	0.27139193	0.2394183
DRB4*01:01	0.0	0.0	0.27415052	0.29647896
DRB1*04:05	0.0	0.15658672	0.5225435	0.45748982
DRB1*04:01	0.0	0.084686644	0.27213928	0.12449626
DRB1*11:01	0.0	0.6185565	0.2722426	0.24877402
DQA1*02:01-DQB1*04:02	0.0	0.084686644	0.27081868	0.2555032
DRB1*11:01	0.0	0.0	0.27204144	0.14447287
DRB1*15:01	0.0	0.48486248	0.2777865	0.37792006
DRB1*11:01	0.0	0.04619196	0.2722406	0.3318748
DQA1*05:01-DQB1*03:01	0.0	0.0	0.27112544	0.14130402
DQA1*01:01-DQB1*05:01	0.0	0.409083	0.2718561	0.046465613
DRB1*03:01	0.0	0.4734556	0.27422383	0.15167397
DRB1*13:01	0.0	0.51953757	0.27364028	0.3629978
DRB3*02:02	0.0	0.0	0.2719045	0.20761245
DRB1*11:01	0.0	0.3353441	0.27254754	0.22899446
DRB1*04:01	0.0	0.6953878	0.53705543	0.5463258
DRB1*13:01	1.0	1.0	0.7287931	0.71660775
DRB4*01:01	0.0	0.5221266	0.27222762	0.102829106
DRB3*02:02	0.0	0.5075799	0.2715934	0.26765057
DRB5*01:01	0.0	0.48535502	0.4038233	0.32419312
DQA1*03:03-DQB1*04:02	0.0	0.084686644	0.27085987	0.14361092
DPA1*03:01-DPB1*04:02	0.0	0.0	0.2720871	0.21389297
DRB1*03:01	0.0	0.32895827	0.27288553	0.2445428
DRB1*01:01	0.0	0.22114396	0.29487255	0.4529806
DQA1*06:01-DQB1*04:02	0.0	0.084686644	0.27091488	0.24140778
DRB1*03:01	0.0	0.0	0.2720458	0.24811924
DQA1*02:01-DQB1*03:03	0.0	0.42006555	0.2711365	0.32150754
DQA1*01:03-DQB1*06:03	0.0	0.084686644	0.27184254	0.26678368
DRB1*11:01	0.0	0.5221266	0.2719648	0.35065612
DRB1*03:01	1.0	1.0	0.27227876	0.20374495
DRB1*01:01	0.0	0.0	0.27535674	0.23137474
DRB1*03:01	0.0	0.3119777	0.27191156	0.19639394
DRB4*01:01	0.0	0.5664804	0.2745462	0.33387634
DRB1*08:02	0.0	0.6231404	0.31760192	0.463793
DRB3*02:02	0.0	0.34744722	0.27210912	0.29967925
DRB1*07:01	0.0	0.4686219	0.2834351	0.38363573
DRB1*07:01	0.0	0.55599636	0.2715861	0.3183623
DPA1*02:01-DPB1*14:01	0.0	0.6714029	0.44296607	0.46549538
DQA1*02:01-DQB1*04:02	0.0	0.71861506	0.54140997	0.61901677
DRB1*03:01	0.0	0.512179	0.72880965	0.67057157
DRB4*01:03	0.0	0.084686644	0.27271998	0.25205246
DQA1*02:01-DQB1*03:03	0.0	0.396935	0.2708103	0.24531868
DRB1*15:01	0.0	0.15310198	0.4004882	0.4934574
DQA1*02:01-DQB1*03:01	0.0	0.64221066	0.2721913	0.3169073
DRB1*11:01	0.0	0.084686644	0.27238485	0.23973802
DRB1*01:01	0.0	0.23456141	0.27537778	0.34448683
DRB1*11:01	1.0	0.9456748	0.7288531	0.7018832
DRB1*08:02	0.0	0.02062367	0.2721319	0.13448456
DRB1*01:01	0.0	0.365584	0.2807099	0.32224897
DRB1*04:01	0.0	0.20462757	0.45438918	0.4213942
DRB1*04:03	0.0	0.38103774	0.27128634	0.14968166
DRB1*04:01	0.0	0.0	0.2968203	0.2169806
DRB1*14:54	0.0	0.6796851	0.72883147	0.73561525
DQA1*06:01-DQB1*04:02	0.0	0.084686644	0.5582537	0.5348277
DRB1*07:01	0.0	0.43743998	0.2727831	0.30619356
DRB1*07:01	0.0	0.59048915	0.7286847	0.6936822
DQB1*02:01	0.0	0.36156222	0.2717306	0.30927086
DRB1*01:01	0.0	0.15061682	0.2779407	0.26141053
DRB5*01:01	0.0	0.3780072	0.3947086	0.4175873
DRB1*13:02	0.0	0.59616107	0.27206922	0.32105076
DRB1*04:04	0.0	0.2509642	0.2716904	0.24752524
DRB1*08:01	0.0	0.084686644	0.27083895	0.2046459
DRB3*02:02	0.0	0.084686644	0.27145123	0.28701892
DRB4*01:01	0.0	0.084686644	0.2721503	0.13818741
DRB1*01:01	0.0	0.029849399	0.27619985	0.3017409
DRB1*11:01	0.0	0.0	0.27254134	0.26933047
DRB3*01:01	0.0	0.3795662	0.27083176	0.254004
DRB1*12:02	0.0	0.48189306	0.27154616	0.12782368
DRB1*14:54	0.0	0.33903587	0.27217913	0.3351059
DQA1*02:01-DQB1*03:01	0.0	0.084686644	0.27303153	0.21592623
DRB5*01:01	0.0	0.738145	0.47247338	0.47782657
DQB1*03:02	0.0	0.31812292	0.27272993	0.14281297
DRB4*01:03	0.0	0.7328622	0.46259347	0.5945789
DRB3*01:01	0.0	0.11291632	0.27084303	0.22470132
DRB1*14:54	0.0	0.084686644	0.27203488	0.32997566
DRB1*03:01	0.0	0.0	0.27244	0.19493309
DQA1*05:01-DQB1*03:02	0.0	0.5369004	0.53981394	0.57100236
DRB1*07:01	0.0	0.5791155	0.27620485	0.41967067
DRB1*11:01	0.0	0.23617998	0.31202993	0.41586003
DRB1*09:01	0.0	0.092826046	0.5329235	0.60467863
DRB1*11:01	0.0	0.3885212	0.27769932	0.344076
DQA1*02:01-DQB1*04:02	0.0	0.4333316	0.27097097	0.2639505
DQA1*05:01-DQB1*03:02	0.0	0.48121598	0.27093643	0.23653027
DRB1*04:04	0.0	0.3021427	0.28962955	0.36676303
DRB1*04:01	0.0	0.3260808	0.27176723	0.33489576
DRB1*09:01	0.0	0.51312697	0.72390866	0.73142105
DRB1*04:04	0.0	0.38926655	0.35952333	0.44692037
DQA1*01:03-DQB1*06:03	0.0	0.44464543	0.27097374	0.20382634
DRB1*01:01	0.0	0.74971294	0.5599218	0.675858
DRB3*01:01	0.0	0.084686644	0.2708716	0.09677697
DQA1*06:01-DQB1*04:02	0.0	0.49580103	0.36705452	0.33683446
DRB1*04:04	0.0	0.2871489	0.27196148	0.22646531
DRB4*01:03	0.0	0.6461442	0.35187113	0.48409358
DQA1*03:01-DQB1*03:02	0.0	0.4900586	0.27196363	0.12156492
DQA1*02:01-DQB1*03:01	0.0	0.3998256	0.2728343	0.27702495
DRB4*01:03	0.0	0.47010547	0.27208236	0.35760644
DPA1*01:03-DPB1*04:01	0.0	0.039236072	0.27250484	0.27395454
DRB5*01:01	0.0	0.02062367	0.5215697	0.6945927
DRB5*01:01	0.0	0.29749924	0.43458796	0.40253893
DRB1*11:01	0.0	0.69887584	0.28419542	0.3481391
DQA1*05:01-DQB1*03:02	0.0	0.35300574	0.54466414	0.54880285
DRB1*13:01	1.0	0.93593705	0.32878983	0.43263826
DRB1*03:01	0.0	0.0	0.27205765	0.13654706
DRB1*14:54	0.0	0.5126518	0.27174395	0.42565528
DRB1*03:01	0.0	0.64221066	0.27207753	0.3535876
DRB5*01:01	0.0	0.18557017	0.3895818	0.3297956
DRB1*01:01	0.0	0.37485918	0.2768738	0.21797252
DRB4*01:03	0.0	0.19925462	0.27156785	0.3149141
DRB1*04:01	0.0	0.59733844	0.2719253	0.24867043
DRB1*08:02	0.0	0.0	0.2717217	0.24640492
DRB1*03:01	0.0	0.6073399	0.27139	0.34788695
DRB1*04:04	0.0	0.27515414	0.27150628	0.2617009
DRB1*15:01	0.0	0.02062367	0.27452826	0.117919855
DRB3*02:02	0.0	0.35530898	0.27172682	0.33895805
DRB3*01:01	0.0	0.084686644	0.536432	0.5347238
DRB3*01:01	0.0	0.0	0.270837	0.18783292
DRB1*13:02	0.0	0.36156222	0.27174878	0.30688754
DRB1*04:01	0.0	0.07081831	0.27338362	0.2620761
DQA1*02:01-DQB1*04:02	0.0	0.50802964	0.4671498	0.5198444
DRB1*04:01	0.0	0.738145	0.27312097	0.34154686
DRB3*03:01	0.0	0.738145	0.43183753	0.47117934
DQA1*02:01-DQB1*03:01	0.0	0.25831547	0.27826586	0.342339
DRB3*02:02	0.0	0.59048915	0.27145016	0.28917304
DRB1*04:04	0.0	0.674082	0.7259336	0.68522704
DRB1*01:01	0.0	0.15930225	0.27540445	0.2385017
DQA1*02:01-DQB1*04:02	0.0	0.084686644	0.54025203	0.58712184
DRB1*01:01	0.0	0.0	0.27572897	0.11810029
DQA1*05:01-DQB1*03:02	0.0	0.48326233	0.27111664	0.2627157
DQA1*02:01-DQB1*03:01	0.0	0.45676005	0.27873123	0.4886138
DQA1*03:03-DQB1*04:02	0.0	0.40755025	0.34099627	0.37143433
DQA1*03:01-DQB1*03:02	0.0	0.0	0.27169144	0.12735423
DRB3*01:01	0.0	0.30852968	0.27079195	0.12533796
DRB1*11:01	0.0	0.46099797	0.306673	0.4113544
DRB3*01:01	0.0	0.0	0.27081183	0.20264664
DRB1*15:01	0.0	0.48968816	0.27430752	0.32297832
DRB1*03:01	0.0	0.674082	0.27222872	0.23491785
DRB1*04:05	0.0	0.40223372	0.27146798	0.23331192
DRB4*01:03	0.0	0.62796354	0.27255175	0.31102094
DRB4*01:01	0.0	0.4747046	0.27139837	0.15114772
DRB3*02:02	0.0	0.084686644	0.2806433	0.22826457
DRB1*07:01	0.0	0.0	0.27257872	0.29242247
DRB1*13:01	0.0	0.51408476	0.39287615	0.50982076
DRB4*01:03	0.0	0.37007582	0.27194571	0.40482458
DRB1*07:01	0.0	0.02062367	0.27269045	0.2990246
DRB1*12:01	0.0	0.11255326	0.27116984	0.17840347
DRB1*04:04	0.0	0.084686644	0.271769	0.19953403
DRB1*15:01	0.0	0.084686644	0.27273944	0.23183697
DRB1*09:01	0.0	0.38241723	0.2719591	0.3520957
DRB4*01:01	0.0	0.0	0.2714865	0.108271815
DQA1*01:02-DQB1*06:02	0.0	0.0	0.27139148	0.123066224
DRB3*02:02	0.0	0.0	0.2716851	0.21121246
DRB1*13:01	0.0	0.18859246	0.2747079	0.2775727
DQA1*01:03-DQB1*06:03	0.0	0.084686644	0.27137306	0.24311277
DRB1*11:01	0.0	0.7871874	0.27453065	0.34124294
DRB1*03:01	0.0	0.33874658	0.2715311	0.33733556
DQA1*05:01-DQB1*02:01	0.0	0.0	0.27136272	0.21401232
DRB1*04:01	0.0	0.0	0.27210885	0.078449436
DRB1*03:01	0.0	0.59271634	0.27159438	0.2153838
DRB5*01:01	0.0	0.15390961	0.39027438	0.31081715
DRB1*03:01	0.0	0.37129998	0.29321674	0.28209934
DRB1*11:01	0.0	0.0	0.27241278	0.19560239
DRB1*08:02	1.0	0.8842155	0.43635622	0.44794175
DQA1*05:01-DQB1*03:02	0.0	0.30012402	0.27383295	0.33215576
DRB1*04:04	0.0	0.3959912	0.5126888	0.5284852
DRB1*07:01	0.0	0.1530342	0.27162957	0.17689344
DQA1*05:01-DQB1*04:02	0.0	0.26531845	0.2712148	0.27415043
DRB1*07:01	0.0	0.07057165	0.27189627	0.31786844
DRB1*15:01	0.0	0.02062367	0.27527863	0.2368165
DRB1*01:01	1.0	0.8113436	0.40871707	0.5367414
DRB1*04:01	0.0	0.5949985	0.48517856	0.40853062
DRB1*07:01	0.0	0.084686644	0.2731286	0.3611712
DRB1*03:01	0.0	0.4067933	0.27210617	0.1989047
DRB1*11:01	0.0	0.084686644	0.500718	0.6629753
DRB3*03:01	1.0	0.85125035	0.39873895	0.4801732
DRB1*11:01	0.0	0.084686644	0.2730137	0.26096448
DRB1*03:01	0.0	0.19363458	0.2715894	0.34985626
DRB4*01:03	0.0	0.084686644	0.27241534	0.3706339
DQB1*03:01	0.0	0.09097247	0.27107117	0.1491077
DRB1*07:01	0.0	0.30415678	0.27283874	0.31586275
DPA1*01:03-DPB1*02:01	0.0	0.0	0.27444986	0.16252261
DRB1*13:01	0.0	0.6461442	0.274206	0.2900917
DQA1*01:02-DQB1*05:01	0.0	0.71431553	0.275951	0.32664135
DQA1*01:02-DQB1*05:01	0.0	0.40846685	0.27179626	0.23626003
DRB1*11:01	0.0	0.31015807	0.27243635	0.2863126
DQA1*05:01-DQB1*03:02	0.0	0.15086235	0.2712896	0.29158115
DRB1*15:01	0.0	0.7560895	0.27447855	0.30164132
DRB5*01:01	1.0	0.93593705	0.4656704	0.5005771
DQA1*05:01-DQB1*03:02	0.0	0.20323393	0.27198783	0.32242835
DQA1*02:01-DQB1*03:03	0.0	0.24716114	0.2707785	0.20500827
DRB1*07:01	0.0	0.7328622	0.72791415	0.67262566
DRB1*03:03	0.0	0.0	0.27515388	0.27536097
DQA1*02:01-DQB1*04:02	0.0	0.084686644	0.27076992	0.19214424
DRB4*01:03	1.0	0.8984626	0.72882915	0.70775354
DRB1*12:01	0.0	0.36156222	0.271089	0.22973895
DRB1*01:01	0.0	0.52587765	0.42355478	0.4070617
DRB1*07:01	0.0	0.16582617	0.2745685	0.2939218
DRB1*04:04	0.0	0.47565255	0.27582592	0.41049892
DRB1*01:01	0.0	0.17081708	0.28049317	0.31803778
DRB1*07:01	0.0	0.084686644	0.27203366	0.2142249
DRB1*04:01	0.0	0.77837855	0.2728609	0.21779284
DRB1*13:02	0.0	0.0	0.27190545	0.30406222
DQA1*05:01-DQB1*03:03	0.0	0.29255083	0.27258894	0.255625
DRB1*15:01	0.0	0.084686644	0.27975553	0.32887545
DQA1*05:01-DQB1*03:03	0.0	0.084686644	0.27091098	0.29527274
DRB1*13:02	0.0	0.0	0.376098	0.44014063
DRB1*15:01	0.0	0.29749924	0.27480057	0.264901
DRB1*07:01	0.0	0.0	0.27326703	0.32136995
DQA1*03:01-DQB1*03:01	0.0	0.084686644	0.27186182	0.1764979
DRB1*04:01	0.0	0.15875478	0.27160922	0.19756731
DRB1*03:01	0.0	0.29431975	0.271884	0.18892476
DRB3*03:01	0.0	0.25539815	0.4045411	0.3423372
DRB3*01:01	0.0	0.0	0.27137288	0.27961174
DRB1*08:01	0.0	0.5771899	0.27621928	0.3648087
DRB1*03:01	0.0	0.72312444	0.27264708	0.20553148
DRB5*01:01	0.0	0.0	0.38243476	0.1309847
DRB1*15:01	0.0	0.35705286	0.27692923	0.3355665
DRB1*03:01	0.0	0.51701903	0.2723419	0.27363142
DQA1*05:01-DQB1*03:02	0.0	0.25660747	0.27082142	0.21863505
DRB4*01:03	0.0	0.5326849	0.27310812	0.3539159
DRB1*01:01	0.0	0.10130849	0.3623057	0.51806843
DRB1*15:01	0.0	0.0	0.3253247	0.45066252
DRB1*03:01	0.0	0.0	0.4183499	0.47526357
DRB1*09:01	0.0	0.63305235	0.33351377	0.5450983
DRB3*02:02	0.0	0.5432769	0.34095332	0.38844875
DRB1*09:01	0.0	0.5487152	0.27167058	0.3351347
DRB1*07:01	0.0	0.6296289	0.27315295	0.37177727
DQA1*05:01-DQB1*03:03	0.0	0.40939265	0.546698	0.60615414
DQA1*05:01-DQB1*04:02	0.0	0.28161627	0.27131015	0.19560584
DRB1*13:02	1.0	0.8066629	0.72878766	0.66523105
DRB1*03:01	0.0	0.3340998	0.27212656	0.2504906
DRB1*03:01	0.0	0.0	0.27214414	0.16804874
DRB1*07:01	0.0	0.13255584	0.31699815	0.42369863
DRB5*01:01	0.0	0.674082	0.45326588	0.4432331
DQA1*01:02-DQB1*05:01	0.0	0.29025796	0.27222416	0.30651933
DRB1*07:01	0.0	0.4864194	0.29546165	0.36463818
DRB3*01:01	0.0	0.084686644	0.27087012	0.23731187
DRB1*04:04	0.0	0.23490351	0.34977022	0.38784567
DRB1*04:04	0.0	0.7278651	0.7279647	0.6530694
DRB3*01:01	0.0	0.45911992	0.27081582	0.22292873
DRB1*04:01	0.0	0.0	0.27202383	0.15385911
DRB1*09:01	1.0	0.8790795	0.45423302	0.4939069
DQA1*02:01-DQB1*03:03	0.0	0.4488261	0.5410215	0.5990133
DRB1*08:02	0.0	0.12145422	0.6437912	0.6441407
DQA1*05:01-DQB1*04:02	0.0	0.3531744	0.2712274	0.26392487
DRB1*15:01	0.0	0.40939265	0.30076137	0.3926508
DRB3*02:02	0.0	0.084686644	0.38971052	0.38921365
DRB1*07:01	0.0	0.25592715	0.2728376	0.2565223
DRB1*03:01	0.0	0.557524	0.271671	0.26027086
DRB4*01:03	0.0	0.71020716	0.27347344	0.331798
DRB1*09:01	0.0	0.34713045	0.2723321	0.35117915
DQA1*05:01-DQB1*04:02	0.0	0.084686644	0.27121317	0.26445335
DRB1*08:02	0.0	0.084686644	0.27182096	0.08967864
DRB1*15:02	0.0	0.1922185	0.27139458	0.19959053
DQA1*06:01-DQB1*04:02	0.0	0.084686644	0.2709103	0.1703678
DRB1*01:01	0.0	0.71871996	0.72861356	0.5742558
DRB1*11:01	0.0	0.37080836	0.29011622	0.35956427
DQB1*04:02	0.0	0.0	0.271209	0.15668532
DRB1*15:01	0.0	0.65237737	0.7287738	0.6711602
DRB1*04:04	0.0	0.69202656	0.72802925	0.7004396
DRB1*04:01	0.0	0.7703366	0.27318487	0.3367938
DRB1*03:02	0.0	0.40877444	0.27321765	0.29453
DRB1*14:54	0.0	0.71431553	0.7287414	0.72503173
DQA1*05:01-DQB1*03:03	0.0	0.42182273	0.27085543	0.2726807
DRB1*11:01	0.0	0.084686644	0.27226585	0.25294206
DQA1*05:01-DQB1*02:01	0.0	0.27504534	0.45523795	0.42211327
DQA1*02:01-DQB1*04:02	0.0	0.27817863	0.27079502	0.25672045
DQA1*01:02-DQB1*05:01	0.0	0.42525622	0.27226028	0.28676218
DRB1*09:01	0.0	0.2710726	0.2732585	0.32493734
DQA1*05:01-DQB1*03:02	0.0	0.26129663	0.27091363	0.26785937
DRB5*01:01	0.0	0.4341388	0.3916759	0.2972647
DRB1*11:01	0.0	0.0	0.2726541	0.28082162
DRB3*01:01	0.0	0.39707062	0.2710868	0.322338
DRB1*07:01	1.0	0.9082004	0.7284778	0.64190584
DRB3*02:02	0.0	0.44764572	0.27127802	0.2760835
DRB1*09:01	0.0	0.084686644	0.59695196	0.6953677
DRB1*09:01	0.0	0.18301778	0.2729773	0.29505593
DRB1*09:01	0.0	0.65906143	0.71958375	0.6905625
DRB1*04:01	0.0	0.69887584	0.27139762	0.20547429
DQA1*01:01-DQB1*05:01	0.0	0.0	0.2718766	0.030280635
DQA1*02:01-DQB1*03:01	0.0	0.51554024	0.27214864	0.26927412
DRB1*09:01	0.0	0.2644418	0.27135774	0.28723675
DRB1*13:02	0.0	0.15808776	0.37235862	0.40270868
DRB1*04:01	0.0	0.2511599	0.27377185	0.3580657
DRB1*15:01	0.0	0.39954638	0.27266303	0.22928378
DRB1*07:01	0.0	0.5084816	0.27492717	0.3627727
DRB3*03:01	0.0	0.45270798	0.4669211	0.4505299
DQA1*05:01-DQB1*03:02	0.0	0.39166728	0.42186972	0.46427473
DRB1*03:01	0.0	0.0	0.7278164	0.66786575
DRB3*01:01	0.0	0.12030368	0.27079618	0.18213382
DRB3*02:02	0.0	0.40877444	0.28438836	0.3817661
DRB5*01:01	0.0	0.084686644	0.43543985	0.4030513
DRB1*04:04	1.0	0.8078111	0.27632022	0.37829807
DRB1*08:01	0.0	0.084686644	0.27097288	0.23499304
DQA1*02:01-DQB1*03:01	0.0	0.4514773	0.27342892	0.32849255
DPA1*02:01-DPB1*05:01	0.0	0.20777662	0.27139646	0.22073576
DRB1*01:01	0.0	0.0	0.27397487	0.25719997
DRB1*15:01	0.0	0.06338523	0.27390808	0.16962603
DRB1*11:01	0.0	0.119728	0.27200302	0.20487162
DQA1*05:01-DQB1*03:02	0.0	0.42093995	0.27119246	0.28262642
DQA1*02:01-DQB1*03:01	0.0	0.084686644	0.28898516	0.30781075
DRB5*01:01	0.0	0.084686644	0.3921949	0.23140469
DRB1*04:05	0.0	0.13367179	0.27113038	0.23806623
DRB1*11:01	1.0	0.8201525	0.53098744	0.57583857
DQA1*05:01-DQB1*03:02	0.0	0.5002512	0.55173206	0.601086
DRB3*01:01	0.0	0.0	0.2709145	0.22059599
DQA1*05:01-DQB1*04:02	0.0	0.7062737	0.7271735	0.6839287
DRB3*01:01	0.0	0.3837001	0.2708951	0.29730877
DRB1*07:01	0.0	0.084686644	0.2717662	0.29364416
DRB1*15:01	0.0	0.3166331	0.27344474	0.249913
DRB1*15:01	0.0	0.4293981	0.27329406	0.2519969
DRB1*08:02	0.0	0.02062367	0.2903173	0.32341853
DRB1*07:01	0.0	0.30652094	0.27307105	0.24638283
DRB5*01:01	0.0	0.16400969	0.39461207	0.39904156
DRB1*07:01	0.0	0.5107751	0.3919064	0.43189374
DRB3*01:01	0.0	0.33186117	0.27825296	0.32644024
DQA1*02:01-DQB1*03:01	0.0	0.084686644	0.273185	0.32656857
DRB1*15:01	1.0	0.9689021	0.7223027	0.6059714
DRB3*02:02	0.0	0.084686644	0.27141652	0.21889412
DRB1*03:01	0.0	0.28873238	0.7287081	0.66248804
DQA1*02:01-DQB1*03:01	0.0	0.46072733	0.35045138	0.5171219
DQA1*05:01-DQB1*03:02	0.0	0.36514276	0.2711193	0.27117756
DRB3*01:01	0.0	0.19383006	0.27085048	0.16261178
DRB1*03:01	0.0	0.0	0.27790743	0.3256422
DQA1*02:01-DQB1*03:03	0.0	0.084686644	0.27085465	0.26441303
DRB1*15:01	0.0	0.084686644	0.2731073	0.26468638
DRB5*01:01	0.0	0.33625332	0.40677592	0.39712346
DQA1*01:01-DQB1*05:01	0.0	0.0	0.27196887	0.12199991
DRB1*08:02	0.0	0.084686644	0.27137694	0.22804001
DRB1*01:01	0.0	0.12450104	0.27351525	0.23227099
DPA1*03:01-DPB1*04:02	0.0	0.0	0.31166378	0.27983925
DQA1*01:01-DQB1*05:01	0.0	0.0	0.2723854	0.1067015
DRB1*12:01	0.0	0.3599907	0.27100396	0.18415353
DRB3*02:02	0.0	0.0	0.27160132	0.13475496
DRB1*07:01	0.0	0.5036277	0.30423382	0.38609007
DRB3*02:02	0.0	0.0	0.27189782	0.20721525
DRB1*04:05	0.0	0.291246	0.27218354	0.16215008
DRB5*01:01	0.0	0.0	0.397071	0.30718195
DRB1*14:54	0.0	0.71861506	0.27155027	0.37569535
DQA1*01:04-DQB1*05:03	0.0	0.0	0.35304543	0.42947134
DQA1*02:01-DQB1*03:01	0.0	0.7062737	0.728412	0.7189788
DRB4*01:03	0.0	0.5040586	0.27571937	0.2844459
DRB4*01:01	0.0	0.559864	0.27127627	0.19618765
DRB1*04:01	0.0	0.5432769	0.27166784	0.25599846
DRB1*07:01	0.0	0.59271634	0.32220528	0.5103986
DRB1*03:01	0.0	0.14473452	0.4262023	0.44061753
DRB1*04:01	0.0	0.4759707	0.272503	0.14837658
DQA1*02:01-DQB1*04:02	0.0	0.40426508	0.27094334	0.3043306
DRB5*01:01	0.0	0.38218588	0.72741604	0.7386561
DRB1*07:01	0.0	0.38876897	0.37105304	0.5163062
DRB1*07:01	0.0	0.3561768	0.3547913	0.49084815
DRB1*15:01	0.0	0.18416306	0.2736088	0.2886357
DRB1*14:54	0.0	0.7969252	0.40058333	0.5404936
DRB1*10:01	0.0	0.0	0.27159598	0.1588507
DRB1*14:54	0.0	0.44811606	0.27554852	0.40659395
DRB5*01:01	0.0	0.084686644	0.38806683	0.25874886
DQA1*06:01-DQB1*04:02	0.0	0.7437481	0.2713953	0.27765837
DRB5*01:01	0.0	0.4893192	0.5151684	0.58935153
DRB1*09:01	0.0	0.403389	0.2712529	0.31070113
DRB3*02:02	0.0	0.084686644	0.27196407	0.25107506
DRB3*01:01	0.0	0.084686644	0.27085042	0.07142358
DQA1*03:03-DQB1*04:02	0.0	0.084686644	0.2714517	0.2091352
DRB4*01:03	0.0	0.7278651	0.27417955	0.3958434
DRB1*08:01	0.0	0.22306526	0.27113923	0.26671582
DQA1*03:01-DQB1*03:02	0.0	0.0	0.27283764	0.19302109
DQA1*05:01-DQB1*04:02	0.0	0.20830324	0.2715373	0.31347656
DPA1*01:03-DPB1*02:01	0.0	0.0	0.2742014	0.13465527
DRB1*13:01	0.0	0.0	0.27426562	0.20447999
DRB1*14:54	0.0	0.6073399	0.2720497	0.31443095
DRB1*11:01	0.0	0.31629267	0.27335697	0.28897807
DRB1*07:01	0.0	0.68261945	0.27556816	0.40480137
DRB1*03:01	1.0	0.93593705	0.4810489	0.40859103
DRB4*01:01	0.0	0.084686644	0.271371	0.29103187
DRB5*01:01	0.0	0.084686644	0.38800043	0.35047567
DRB1*07:01	0.0	0.43870896	0.27211726	0.3022059
DRB1*11:01	0.0	0.30842558	0.2728654	0.2143201
DRB1*07:01	0.0	0.42217818	0.27188453	0.24134552
DRB1*03:01	0.0	0.0	0.2738191	0.37442628
DRB1*09:01	0.0	0.084686644	0.27151015	0.27580717
DQA1*05:01-DQB1*04:02	0.0	0.7703366	0.34155834	0.4761571
DRB1*03:01	0.0	0.02062367	0.27290043	0.0883596
DRB1*15:01	0.0	0.0	0.2727055	0.2082254
DRB1*04:01	0.0	0.5614576	0.41558412	0.22176895
DRB1*03:01	0.0	0.04825319	0.27151614	0.16979432
DRB1*11:01	0.0	0.084686644	0.27301437	0.25289425
DRB1*07:01	0.0	0.084686644	0.3529908	0.4013913
DRB1*04:04	0.0	0.38765913	0.27187395	0.32879993
DQA1*06:01-DQB1*04:02	0.0	0.30455494	0.43981043	0.47444257
DRB1*15:01	0.0	0.0	0.27231783	0.20169848
DQB1*04:02	0.0	0.29749924	0.27108085	0.28700265
DRB5*01:01	0.0	0.64817554	0.44505426	0.46625254
DRB1*13:02	0.0	0.36156222	0.27189374	0.33995497
DQA1*02:01-DQB1*03:03	0.0	0.5356762	0.35865322	0.3385137
DRB3*01:01	0.0	0.084686644	0.27083394	0.18127993
DRB1*09:01	0.0	0.5997392	0.27210838	0.3700976
DRB1*07:01	1.0	0.8984626	0.7283697	0.72637093
DRB1*04:05	0.0	0.0	0.27278146	0.1756055
DRB3*01:01	0.0	0.6348129	0.27085996	0.21592936
DRB1*04:01	1.0	0.8201525	0.27559948	0.28912714
DRB1*13:01	0.0	0.33172724	0.28213578	0.3669167
DRB1*08:01	0.0	0.3055075	0.27143753	0.29612216
DRB1*14:54	0.0	0.2877291	0.27193323	0.36404172
DRB1*09:01	0.0	0.47822896	0.53679633	0.6068046
DRB1*15:02	0.0	0.45098954	0.2711176	0.23676372
DRB1*08:01	0.0	0.47790295	0.2711091	0.256072
DRB1*01:01	0.0	0.1635855	0.28102916	0.29837912
DQA1*03:03-DQB1*04:02	0.0	0.084686644	0.31823143	0.3925349
DRB4*01:01	0.0	0.0	0.27227658	0.1275585
DRB1*03:01	0.0	0.0	0.27190703	0.23491386
DQA1*02:01-DQB1*03:01	0.0	0.71020716	0.32021752	0.40441707
DRB1*08:01	0.0	0.3348582	0.27094004	0.2856517
DRB1*04:04	0.0	0.5356762	0.2783942	0.4408888
DRB3*03:01	0.0	0.23131202	0.3943414	0.33689478
DQA1*01:03-DQB1*06:03	0.0	0.084686644	0.27089566	0.051169164
DRB1*11:01	0.0	0.60473627	0.72844386	0.7159448
DRB1*15:01	1.0	1.0	0.72877586	0.64156127
DRB1*13:01	1.0	0.87187403	0.41423205	0.49659678
DQA1*05:01-DQB1*03:03	0.0	0.3009358	0.2710016	0.20186952
DRB3*02:02	0.0	0.0	0.36289564	0.4132222
DRB1*08:02	0.0	0.084686644	0.27179793	0.26986298
DRB1*04:04	0.0	0.084686644	0.27175683	0.33072078
DRB1*08:01	0.0	0.084686644	0.27108622	0.2449446
DRB1*04:04	0.0	0.74971294	0.728327	0.7217235
DRB1*08:01	0.0	0.43173805	0.271161	0.33683488
DRB3*01:01	0.0	0.084686644	0.27226323	0.27801117
DRB1*07:01	0.0	0.44374153	0.27840337	0.35964236
DPA1*01:03-DPB1*04:01	0.0	0.36211842	0.27349374	0.31999558
DRB1*07:01	0.0	0.7969252	0.27259877	0.28930447
DRB1*09:01	0.0	0.21914294	0.27306783	0.3821291
DQA1*01:02-DQB1*05:01	0.0	0.27862966	0.2720004	0.19178608
DRB1*12:01	0.0	0.0	0.27158532	0.21837613
DRB1*13:01	0.0	0.084686644	0.37334067	0.45574185
DRB1*07:01	0.0	0.39899045	0.27356488	0.27133533
DRB1*15:01	0.0	0.47790295	0.7271328	0.6246716
DRB1*11:01	0.0	0.24630733	0.2719968	0.2908744
DQA1*02:01-DQB1*03:03	0.0	0.3334157	0.40365088	0.42402157
DRB1*01:01	0.0	0.7678381	0.72877717	0.69164526
DRB1*01:01	1.0	0.9162165	0.55020934	0.6546234
DRB5*01:01	0.0	0.69887584	0.42179847	0.42685238
DQA1*05:01-DQB1*03:02	0.0	0.084686644	0.270925	0.16720355
DQA1*05:01-DQB1*03:02	0.0	0.24081676	0.27092925	0.26224676
DQA1*06:01-DQB1*04:02	0.0	0.37078795	0.4572655	0.3973333
DRB3*03:01	0.0	0.6185565	0.45758155	0.58283186
DRB4*01:03	0.0	0.4871359	0.29335326	0.41084713
DRB1*07:01	0.0	0.3983002	0.27248013	0.13257706
DQA1*01:01-DQB1*05:01	0.0	0.0	0.27120686	0.02736795
DQA1*02:01-DQB1*03:01	0.0	0.2848234	0.27350095	0.2644039
DRB1*11:01	0.0	0.16937329	0.27324665	0.19374013
DRB1*15:01	0.0	0.26392615	0.3272066	0.40609115
DPB1*04:01	0.0	0.2369208	0.30191234	0.35505116
DRB3*02:02	0.0	0.0	0.27148622	0.2584933
DRB1*03:01	0.0	0.7560895	0.27201846	0.3372937
DRB1*07:01	0.0	0.084686644	0.2721663	0.113875665
DQA1*03:03-DQB1*04:02	0.0	0.084686644	0.27127898	0.15902069
DRB5*01:01	0.0	0.5446068	0.4504794	0.5146767
DRB5*01:01	0.0	0.0	0.429104	0.36200342
DRB1*04:04	0.0	0.64817554	0.40175655	0.4498678
DQA1*03:03-DQB1*04:02	0.0	0.084686644	0.27097726	0.2190299
DRB1*04:01	0.0	0.084686644	0.27157065	0.3330039
DPA1*03:01-DPB1*04:02	0.0	0.0	0.2738894	0.06308412
DRB3*01:01	0.0	0.084686644	0.2754716	0.27171507
DPA1*02:01-DPB1*05:01	0.0	0.0	0.27152997	-0.077374086
DRB4*01:03	0.0	0.084686644	0.27355286	0.3819115
DRB3*01:01	0.0	0.6614014	0.27084365	0.18924356
DQA1*01:02-DQB1*05:01	0.0	0.084686644	0.27180114	0.30734533
DRB1*11:01	0.0	0.29749924	0.27297854	0.41149464
DRB1*14:54	0.0	0.7328622	0.34901246	0.5041389
DRB3*02:02	0.0	0.5672618	0.27134526	0.29011065
DRB1*11:01	0.0	0.6662669	0.2755121	0.36925283
DRB1*04:01	0.0	0.12812595	0.2723621	0.12061817
DRB1*09:01	0.0	0.3340998	0.27158412	0.38095537
DQA1*05:01-DQB1*02:01	1.0	0.9275492	0.7276707	0.67628455
DRB1*08:01	0.0	0.0	0.34687874	0.21002194
DPA1*02:01-DPB1*05:01	0.0	0.0	0.2721925	0.07709167
DQA1*02:01-DQB1*03:01	0.0	0.084686644	0.27243704	0.3423709
DRB1*13:02	0.0	0.0	0.27305338	0.07554201
DRB1*07:01	0.0	0.74971294	0.2726109	0.24414107
DQA1*02:01-DQB1*04:02	0.0	0.7871874	0.32303908	0.4449878
DRB4*01:03	0.0	0.49779728	0.27264842	0.32750452
DPA1*01:03-DPB1*02:01	0.0	0.0	0.2833081	0.38568744
DRB1*03:01	0.0	0.58618957	0.7288263	0.66548264
DRB4*01:03	0.0	0.084686644	0.7289044	0.67379534
DRB4*01:01	0.0	0.29749924	0.2713885	0.01547268
DRB1*03:01	1.0	1.0	0.72886634	0.6159091
DQA1*05:01-DQB1*03:03	0.0	0.54663813	0.3161188	0.41955587
DQA1*02:01-DQB1*03:01	0.0	0.084686644	0.34951678	0.4009678
DRB1*15:01	0.0	0.0	0.27382854	0.1978685
DRB1*04:01	0.0	0.2040037	0.27174586	0.28961024
DQA1*02:01-DQB1*04:02	0.0	0.43913588	0.3541637	0.39353386
DRB3*01:01	0.0	0.39256772	0.27810702	0.2836882
DRB1*09:01	0.0	0.591596	0.33577102	0.5302812
DRB1*13:02	0.0	0.16902736	0.27216604	0.25608778
DRB1*01:01	1.0	0.96983093	0.28631136	0.32622114
DRB1*03:01	0.0	0.0	0.27218717	0.16871843
DRB1*11:01	0.0	0.084686644	0.27271476	0.29633233
DRB1*04:05	0.0	0.37680048	0.28311	0.34009603
DRB1*04:01	0.0	0.32792488	0.27176267	0.22736779
DQA1*02:01-DQB1*04:02	0.0	0.324644	0.27097932	0.30059284
DRB4*01:01	0.0	0.50985086	0.5684104	0.60317385
DRB1*04:04	0.0	0.3157844	0.27301702	0.35113212
DQA1*06:01-DQB1*04:02	0.0	0.084686644	0.2709444	0.1880244
DRB3*01:01	0.0	0.0	0.27098447	0.12736288
DQA1*06:01-DQB1*04:02	0.0	0.5841126	0.56752	0.6023614
DQA1*01:02-DQB1*06:02	0.0	0.0	0.27147356	0.10556433
DRB1*14:54	0.0	0.35608965	0.27276263	0.28750828
DRB1*13:02	0.0	0.59048915	0.27186292	0.15139619
DRB4*01:03	0.0	0.7703366	0.7288416	0.693447
DRB4*01:03	0.0	0.42182273	0.27250856	0.32653788
DRB1*04:01	0.0	0.37285337	0.72837126	0.6740988
DRB1*09:01	0.0	0.5820812	0.27453682	0.37742642
DRB1*01:01	0.0	0.56556594	0.43457282	0.46762666
DRB3*02:02	0.0	0.084686644	0.33850846	0.377225
DRB4*01:03	0.0	0.37745675	0.45978788	0.39030713
DQA1*01:01-DQB1*05:01	0.0	0.0	0.27172625	-0.01592227
DRB1*08:01	0.0	0.44741145	0.27103272	0.26332068
DRB1*15:01	0.0	0.38346553	0.27294537	0.37143338
DRB1*07:01	0.0	0.0	0.27152932	0.20409682
DRB1*04:04	0.0	0.59616107	0.47202015	0.44187173
DQA1*01:02-DQB1*06:02	0.0	0.28322572	0.27099845	0.17737073
DRB3*01:01	0.0	0.45395526	0.27096283	0.2495279
DRB1*03:01	0.0	0.0	0.27179086	0.19779262
DRB1*04:04	0.0	0.2593495	0.27169326	0.2916415
DRB1*11:01	0.0	0.4410817	0.40785807	0.49694195
DRB1*15:01	0.0	0.4464802	0.27324036	0.11395229
DRB1*08:02	0.0	0.5743748	0.27916715	0.3473336
DQA1*01:02-DQB1*05:01	0.0	0.37945396	0.27159077	0.31825194
DRB1*08:02	0.0	0.0	0.27539688	0.41984072
DRB1*11:01	0.0	0.084686644	0.27287108	0.2721202
DRB1*15:01	0.0	0.084686644	0.2729399	0.15484187
DQA1*02:01-DQB1*03:03	0.0	0.19328974	0.27080804	0.1910978
DRB1*07:01	0.0	0.016114322	0.2716119	0.35764208
DRB3*01:01	0.0	0.3311934	0.2708754	0.23021144
DRB1*08:01	0.0	0.6687992	0.54072154	0.64561176
DRB1*09:01	0.0	0.50802964	0.27183664	0.35006282
DQA1*05:01-DQB1*03:03	0.0	0.52697796	0.2708318	0.2563522
DRB1*11:01	0.0	0.084686644	0.27244008	0.24916932
DRB1*14:54	0.0	0.72312444	0.27576265	0.4351696
DRB3*03:01	0.0	0.53939843	0.47141963	0.60294414
DRB1*08:02	0.0	0.36437735	0.38531658	0.27279976
DRB1*07:01	0.0	0.081918836	0.27364218	0.27102616
DRB1*13:01	0.0	0.363241	0.27539062	0.40937337
DRB1*08:01	0.0	0.38680506	0.54604554	0.5809348
DRB1*15:01	0.0	0.28923813	0.27253127	0.24408624
DRB1*11:01	0.0	0.25481394	0.27206388	0.23186204
DRB1*11:01	0.0	0.0	0.27293587	0.2950725
DRB1*04:05	0.0	0.060413186	0.27260515	0.18550321
DRB1*08:02	0.0	0.0	0.27315894	0.09338454
DQA1*02:01-DQB1*04:02	0.0	0.084686644	0.2708219	0.34026122
DRB3*01:01	0.0	0.084686644	0.27091783	0.224597
DRB1*04:05	0.0	0.24061675	0.27118617	0.24171263
DRB1*09:01	0.0	0.7703366	0.271255	0.3522355
DRB3*02:02	0.0	0.084686644	0.271591	0.24324629
DRB1*04:05	0.0	0.47790295	0.27110532	0.06475771
DRB1*04:01	0.0	0.45859027	0.27158666	0.15005419
DQA1*05:01-DQB1*02:01	0.0	0.18722299	0.45102274	0.41104975
DRB1*11:01	0.0	0.084686644	0.27298084	0.21686834
DRB1*13:02	0.0	0.02062367	0.35218903	0.44673774
DRB1*11:01	1.0	0.85125035	0.7287667	0.7000755
DRB3*03:01	0.0	0.28756297	0.39774525	0.37030402
DRB3*01:01	0.0	0.25708374	0.402961	0.31413588
DRB1*01:01	0.0	0.0	0.2767298	0.24591026
DRB1*14:54	0.0	0.36073413	0.27513582	0.27403003
DRB1*11:01	0.0	0.0	0.27220634	0.21048489
DRB1*11:01	0.0	0.084686644	0.27264056	0.18308154
DRB1*07:01	0.0	0.58514524	0.34851325	0.5278146
DRB1*04:01	0.0	0.37078935	0.27470562	0.32807717
DRB1*11:01	0.0	0.084686644	0.27229565	0.2956167
DRB1*07:01	0.0	0.0	0.2995043	0.3967523
DPB1*04:02	0.0	0.084686644	0.27090344	0.07379923
DRB1*15:01	0.0	0.12942901	0.30014518	0.44482175
DRB5*01:01	0.0	0.46980685	0.3941163	0.22162637
DQA1*05:01-DQB1*03:02	0.0	0.7437481	0.2709574	0.22923204
DRB1*13:01	0.0	0.34556258	0.27906725	0.28263497
DRB1*09:01	0.0	0.7703366	0.71200323	0.6794031
DRB1*09:01	0.0	0.59048915	0.7271124	0.6850755
DRB1*04:04	0.0	0.69202656	0.2750827	0.48741773
DRB1*04:04	0.0	0.084686644	0.27159446	0.16208264
DRB1*04:01	0.0	0.0	0.27165106	0.2364349
DRB1*13:01	0.0	0.084686644	0.27404982	0.28554454
DQA1*02:01-DQB1*04:02	0.0	0.084686644	0.27081692	0.24867943
DRB3*01:01	0.0	0.0	0.2725633	0.3596337
DQA1*01:01-DQB1*05:01	0.0	0.06449382	0.2740124	0.13217923
DQA1*03:03-DQB1*04:02	0.0	0.084686644	0.5102647	0.48180482
DRB3*01:01	0.0	0.27138558	0.2795528	0.36544722
DRB1*14:54	0.0	0.7062737	0.28380573	0.44668135
DRB1*13:01	0.0	0.1615145	0.27362344	0.23888764
DRB3*01:01	0.0	0.0	0.27124003	0.21682426
DRB5*01:01	0.0	0.02062367	0.40774176	0.28500855
DQA1*02:01-DQB1*04:02	0.0	0.36669287	0.27353647	0.31980547
DRB1*04:01	0.0	0.0	0.27214783	0.15428752
DRB1*14:54	0.0	0.084686644	0.4029641	0.5191535
DQA1*02:01-DQB1*03:01	0.0	0.56986547	0.27165958	0.32048404
DQA1*05:01-DQB1*02:01	0.0	0.14780253	0.27149013	0.26740253
DRB1*01:01	0.0	0.0	0.27855316	0.27125743
DRB1*11:01	0.0	0.0	0.2728751	0.29418316
DQA1*05:01-DQB1*03:02	0.0	0.31812292	0.27090842	0.27491036
DRB1*07:01	0.0	0.13107076	0.27157938	0.30724254
DQA1*02:01-DQB1*03:03	0.0	0.28894275	0.53572196	0.5883244
DRB5*01:01	0.0	0.72312444	0.62411827	0.74789214
DQA1*01:03-DQB1*06:03	0.0	0.084686644	0.27101338	0.18784395
DPA1*01:03-DPB1*02:01	0.0	0.0	0.27417454	0.0012587383
DQA1*05:01-DQB1*03:03	0.0	0.084686644	0.2713681	0.20295176
DRB3*01:01	0.0	0.084686644	0.5302099	0.5582655
DRB1*11:01	0.0	0.61562216	0.27498725	0.3904113
DRB3*03:01	0.0	0.34571818	0.7283714	0.7995728
DRB1*07:01	0.0	0.77837855	0.37007475	0.5017035
DQA1*06:01-DQB1*04:02	0.0	0.084686644	0.27115774	0.18867856
DQA1*02:01-DQB1*03:01	0.0	0.4112725	0.3811708	0.49742135
DRB1*07:01	0.0	0.37979108	0.27250528	0.33482993
DRB1*11:01	1.0	0.86098814	0.7288953	0.69371563
DRB1*07:01	0.0	0.56641	0.27195582	0.34522656
DQA1*03:01-DQB1*03:02	0.0	0.0	0.28048137	0.2524482
DRB5*01:01	0.0	0.084686644	0.38556468	0.2789436
DQA1*05:01-DQB1*03:03	0.0	0.28390136	0.54219896	0.59789693
DRB1*13:02	0.0	0.084686644	0.27191675	0.25892115
DRB3*01:01	0.0	0.0	0.2760579	0.36076406
DRB1*07:01	0.0	0.0	0.27235085	0.2676235
DRB1*07:01	0.0	0.086862825	0.27391902	0.37958628
DRB1*01:01	0.0	0.0	0.27633432	0.24337816
DQA1*02:01-DQB1*04:02	0.0	0.6366076	0.3251064	0.4403678
DQA1*05:01-DQB1*04:02	0.0	0.4205892	0.27494848	0.3638705
DQA1*02:01-DQB1*04:02	0.0	0.21361087	0.2715638	0.3146136
DQA1*05:01-DQB1*03:01	0.0	0.26479793	0.2710978	0.25778967
DRB3*02:02	0.0	0.24174741	0.27191013	0.12656078
DQA1*06:01-DQB1*04:02	0.0	0.084686644	0.27106768	0.2434583
DQB1*05:01	0.0	0.29749924	0.3651997	0.42196295
DQA1*05:01-DQB1*03:03	0.0	0.2336213	0.27089494	0.29844704
DRB3*01:01	0.0	0.4759707	0.2713035	0.24821135
DRB3*03:01	0.0	0.6348129	0.45489195	0.6139652
DPA1*02:01-DPB1*14:01	0.0	0.06568906	0.27268305	0.33503446
DRB1*15:01	0.0	0.70250076	0.2728688	0.29023528
DRB1*08:01	0.0	0.33910832	0.35732478	0.36071005
DPA1*01:03-DPB1*04:01	0.0	0.1801048	0.29347235	0.30592152
DRB1*01:02	0.0	0.0	0.60606086	0.56375396
DRB1*09:01	0.0	0.30326715	0.2719353	0.25321448
DRB1*01:01	0.0	0.0	0.27541834	0.2627127
DQA1*02:01-DQB1*04:02	0.0	0.084686644	0.27087075	0.22961873
DRB1*01:01	0.0	0.084686644	0.27862272	0.27144316
DQA1*03:03-DQB1*04:02	0.0	0.084686644	0.27100703	0.1801208
DRB1*11:01	0.0	0.052401517	0.38168156	0.46346226
DPA1*01:03-DPB1*04:01	0.0	0.0	0.27258322	0.07141698
DRB1*14:54	0.0	0.65906143	0.2739944	0.4292378
DQA1*06:01-DQB1*04:02	0.0	0.38827407	0.37972882	0.35776356
DQA1*02:01-DQB1*04:02	0.0	0.5280915	0.5374837	0.6409315
DRB1*03:01	0.0	0.4734556	0.38078734	0.40709308
DQA1*05:01-DQB1*03:03	0.0	0.50150293	0.28272176	0.3549779
DRB1*11:01	0.0	0.39679956	0.27240178	0.2979893
DQA1*01:02-DQB1*05:01	0.0	0.58514524	0.44825235	0.58257014
DQA1*02:01-DQB1*04:02	0.0	0.21392839	0.27091357	0.33900622
DRB1*08:02	0.0	0.3065719	0.33146256	0.4310873
DRB1*09:01	0.0	0.084686644	0.27162465	0.22585258
DQA1*05:01-DQB1*04:02	0.0	0.21718433	0.27118275	0.24449804
DRB1*08:01	0.0	0.25107598	0.27105173	0.33072898
DRB1*09:01	0.0	0.084686644	0.27155402	0.2758313
DQA1*05:01-DQB1*02:01	0.0	0.63305235	0.27122393	0.16511667
DRB1*09:01	0.0	0.25239977	0.27123067	0.29250684
DQA1*03:03-DQB1*04:02	0.0	0.43598118	0.27145976	0.23519376
DRB4*01:01	0.0	0.0	0.27627146	0.37591168
DQA1*05:01-DQB1*04:02	0.0	0.084686644	0.27121106	0.25784633
DRB1*11:01	1.0	0.85125035	0.48209587	0.44535097
DRB1*11:01	0.0	0.7629388	0.42800397	0.5055972
DQA1*05:01-DQB1*04:02	0.0	0.30204555	0.27394062	0.36066878
DQA1*02:01-DQB1*03:01	0.0	0.4713097	0.7275398	0.691625
DRB1*15:01	0.0	0.52587765	0.27224952	0.18911466
DRB1*04:04	0.0	0.19060549	0.2725297	0.376897
DRB4*01:03	1.0	0.93593705	0.7284647	0.7171188
DRB1*15:01	1.0	0.8630652	0.42692754	0.4985406
DQA1*03:03-DQB1*04:02	0.0	0.084686644	0.27088547	0.15999407
DRB1*09:01	0.0	0.32696646	0.27198222	0.34568956
DRB3*03:01	0.0	0.4686219	0.41038623	0.45799986
DQA1*03:03-DQB1*04:02	0.0	0.084686644	0.27090508	0.18026948
DRB1*11:01	0.0	0.18390583	0.27300033	0.2947835
DRB1*11:01	1.0	0.93593705	0.72707593	0.6719949
DQA1*02:01-DQB1*03:01	0.0	0.38080984	0.27352843	0.32754162
DRB1*07:01	0.0	0.44858882	0.27665973	0.29428783
DRB1*04:03	0.0	0.0	0.27117026	0.18322477
DRB4*01:03	0.0	0.6953878	0.72858363	0.73776007
DRB3*01:01	0.0	0.084686644	0.27105343	0.2212019
DRB1*08:02	0.0	0.0	0.27487418	0.36603305
DRB1*11:01	0.0	0.55907744	0.32370806	0.422177
DRB4*01:03	0.0	0.52587765	0.7288407	0.70985544
DRB1*04:01	0.0	0.5093922	0.3183421	0.41833267
DQA1*01:03-DQB1*06:03	0.0	0.084686644	0.2716693	0.1374093
DRB1*01:01	0.0	0.38559848	0.55220747	0.48460886
DRB1*15:01	0.0	0.016224414	0.28258035	0.27174774
DRB1*07:01	0.0	0.45521963	0.28075513	0.4614738
DRB1*08:01	0.0	0.084686644	0.27126682	0.21271136
DRB1*13:01	0.0	0.7437481	0.27770647	0.37240925
DRB1*13:01	0.0	0.31946114	0.273569	0.2824237
DRB4*01:01	0.0	0.35125318	0.2714715	0.3212329
DRB1*13:02	0.0	0.37680048	0.2722938	0.18279809
DRB1*07:01	0.0	0.5771899	0.72876155	0.68714464
DRB1*07:01	1.0	0.98314923	0.7288417	0.7309586
DRB1*07:01	0.0	0.0	0.43706155	0.5269412
DQA1*01:02-DQB1*05:01	0.0	0.45965263	0.27173838	0.3518997
DRB1*03:01	0.0	0.34961444	0.27250496	0.33509344
DQA1*02:01-DQB1*03:01	0.0	0.3410125	0.3045048	0.39732644
DRB3*02:02	0.0	0.51031184	0.2786062	0.34975806
DRB1*13:02	0.0	0.18174112	0.27222487	0.20497796
DQA1*01:02-DQB1*05:02	0.0	0.0	0.30165792	0.26162395
DRB3*03:01	0.0	0.43373433	0.39368808	0.3549718
DRB3*02:02	0.0	0.0	0.27264193	0.056779273
DRB1*04:04	0.0	0.44218066	0.27312008	0.38745707
DRB1*15:01	0.0	0.084686644	0.27284533	0.15727723
DRB1*15:01	0.0	0.3690679	0.2753253	0.29647717
DRB1*08:02	0.0	0.5530147	0.27264488	0.28132418
DQA1*05:01-DQB1*03:03	0.0	0.42824996	0.307847	0.37318385
DRB1*08:02	1.0	0.9456748	0.7288167	0.6849014
DRB3*03:01	1.0	1.0	0.49267125	0.57745254
DRB1*03:01	0.0	0.084686644	0.27207947	0.17552212
DQA1*02:01-DQB1*03:01	0.0	0.084686644	0.7274219	0.7033241
DRB1*11:01	0.0	0.27417955	0.27234772	0.2468431
DRB1*04:01	0.0	0.1799881	0.27194744	0.01087793
DQA1*05:01-DQB1*03:03	0.0	0.3068783	0.27084047	0.29934418
DRB1*13:02	0.0	0.49080396	0.2720026	0.22346577
DRB3*02:02	0.0	0.084686644	0.7288434	0.6417679
DRB1*04:05	0.0	0.35661379	0.2711187	0.18817309
DQA1*05:01-DQB1*03:02	0.0	0.44532922	0.2709533	0.31495956
DRB1*09:01	0.0	0.7629388	0.58169615	0.7015447
DQA1*03:01-DQB1*03:02	0.0	0.09421926	0.2880778	0.31973916
DRB1*01:01	1.0	0.92712814	0.43910465	0.4106976
DRB1*09:01	0.0	0.33192822	0.27145898	0.19544706
DRB1*08:02	0.0	0.24034247	0.4620732	0.42450818
DRB1*01:01	0.0	0.0	0.303623	0.36860466
DQA1*02:01-DQB1*04:02	0.0	0.23083904	0.2713123	0.27034685
DRB1*15:01	0.0	0.7959039	0.27283826	0.30568507
DRB1*07:01	0.0	0.4677431	0.7282581	0.71151614
DRB1*04:04	0.0	0.12428091	0.27184892	0.36999422
DQA1*05:01-DQB1*04:02	0.0	0.4128688	0.27137488	0.22923794
DRB4*01:03	0.0	0.5672618	0.27212062	0.39372447
DRB1*13:01	0.0	0.48677695	0.31756607	0.45393834
DRB1*01:01	0.0	0.68261945	0.53191715	0.5382769
DRB1*08:01	0.0	0.084686644	0.27161065	0.24654159
DRB4*01:01	0.0	0.47439077	0.27195624	0.2582073
DRB4*01:03	0.0	0.084686644	0.27291018	0.34210518
DQA1*03:03-DQB1*04:02	0.0	0.084686644	0.27089024	0.07332214
DRB1*08:01	0.0	0.71431553	0.5449697	0.61099577
DRB1*09:01	0.0	0.6461442	0.2723756	0.27880204
DRB1*07:01	1.0	0.8078111	0.32785255	0.49504063
DQA1*05:01-DQB1*03:02	0.0	0.48020953	0.30623755	0.4779751
DRB3*01:01	0.0	0.084686644	0.270811	0.24561483
DQA1*06:01-DQB1*04:02	0.0	0.3879046	0.27116305	0.31678355
DRB1*07:01	0.0	0.024637576	0.27213126	0.15617937
DRB5*01:01	0.0	0.2047122	0.3871079	0.35133705
DRB1*04:01	0.0	0.0	0.28052273	0.3148866
DRB1*04:04	0.0	0.5771899	0.27202097	0.3502133
DRB1*09:01	0.0	0.21868877	0.2742709	0.449558
DPA1*01:03-DPB1*02:01	0.0	0.0	0.27341858	0.20222875
DPA1*01:03-DPB1*02:01	0.0	0.0	0.27284727	0.06700192
DRB1*07:01	0.0	0.79389465	0.27193296	0.3165886
DRB1*11:01	0.0	0.22930177	0.27415437	0.32616976
DRB1*09:01	0.0	0.0	0.2720306	0.3578018
DRB3*01:01	0.0	0.09552462	0.27080327	0.17954683
DQA1*02:01-DQB1*03:03	0.0	0.36064258	0.32450274	0.3969463
DRB3*03:01	0.0	0.5830913	0.44857898	0.52170694
DQA1*02:01-DQB1*03:01	0.0	0.084686644	0.27245325	0.1649979
DRB3*01:01	0.0	0.47070563	0.27125132	0.32425177
DQA1*02:01-DQB1*03:03	0.0	0.084686644	0.2708335	0.2976251
DRB5*01:01	0.0	0.559864	0.40986654	0.39326635
DRB1*04:01	0.0	0.0	0.27209732	0.16864893
DRB3*01:01	0.0	0.090228565	0.3073437	0.39299145
DRB1*04:04	0.0	0.084686644	0.2856918	0.37613454
DQA1*05:01-DQB1*03:02	0.0	0.3365349	0.31541777	0.39689425
DRB1*13:02	0.0	0.3627716	0.2731974	0.14017853
DRB1*04:01	0.0	0.084686644	0.27139685	0.22099575
DRB1*04:01	0.0	0.0	0.27241513	0.15719718
DRB1*13:01	0.0	0.53209805	0.27484575	0.30795762
DQA1*01:02-DQB1*05:01	0.0	0.4846522	0.2728882	0.3115017
DRB4*01:03	0.0	0.71861506	0.72859657	0.73404497
DQA1*05:01-DQB1*03:03	0.0	0.49501443	0.28992918	0.42781356
DRB1*08:02	1.0	0.91531336	0.72882706	0.6850652
DRB1*14:54	0.0	0.6768411	0.72863096	0.74684346
DQA1*05:01-DQB1*03:02	0.0	0.38452584	0.27092665	0.32063207
DRB1*01:01	0.0	0.09985954	0.2784531	0.22208145
DRB3*01:01	0.0	0.084686644	0.27114972	0.17604777
DRB1*04:01	0.0	0.12886831	0.27167904	0.274515
DRB4*01:01	0.0	0.0	0.273252	0.3034629
DRB5*01:01	0.0	0.7969252	0.45794615	0.48693594
DRB1*04:05	0.0	0.31567183	0.31111717	0.316211
DRB1*04:01	0.0	0.0	0.34320733	0.3893275
DQA1*02:01-DQB1*03:01	0.0	0.29842812	0.35489592	0.3154855
DRB3*01:01	0.0	0.5771899	0.27076718	0.1529266
DRB4*01:03	0.0	0.6185565	0.27575412	0.4114603
DRB1*08:01	0.0	0.31847015	0.38323423	0.37299493
DRB1*04:04	0.0	0.54527897	0.2752015	0.40113792
DQA1*02:01-DQB1*04:02	0.0	0.30505508	0.27081886	0.2648972
DRB1*13:01	0.0	0.46980685	0.27722305	0.3112933
DQA1*01:02-DQB1*05:01	0.0	0.084686644	0.48173127	0.502058
DRB1*15:01	0.0	0.34618652	0.28018582	0.30892786
DRB1*09:01	0.0	0.7062737	0.27124375	0.29131854
DRB1*04:01	0.0	0.5432769	0.72879386	0.68171394
DRB4*01:03	0.0	0.738145	0.37010157	0.5001651
DQA1*05:01-DQB1*02:01	0.0	0.1316604	0.3156752	0.33005354
DRB1*13:02	0.0	0.610019	0.27157864	0.24449712
DRB1*01:01	0.0	0.53446805	0.2880856	0.3233995
DRB1*09:01	0.0	0.69202656	0.38532344	0.47977558
DRB1*13:01	0.0	0.2633495	0.273031	0.29327902
DRB1*01:01	0.0	0.60866976	0.59982705	0.6177458
DRB3*01:01	0.0	0.5205645	0.27147266	0.2525656
DRB1*11:01	0.0	0.0	0.272014	0.16788149
DRB1*14:54	0.0	0.45780146	0.2738991	0.41634575
DPA1*01:03-DPB1*04:01	0.0	0.0	0.27353695	0.13570422
DRB1*09:01	0.0	0.5716429	0.272417	0.35265437
DRB1*15:01	0.0	0.56556594	0.27212045	0.23456338
DRB1*08:02	0.0	0.0	0.33991233	0.43539146
DRB3*02:02	0.0	0.084686644	0.2731658	0.30732414
DQA1*05:01-DQB1*03:02	0.0	0.46891674	0.45550168	0.48371628
DRB1*08:02	0.0	0.0	0.28991044	0.42512956
DQA1*06:01-DQB1*04:02	0.0	0.084686644	0.3227811	0.41977438
DRB1*04:04	0.0	0.5771899	0.5332223	0.5962023
DRB3*01:01	0.0	0.14874962	0.2774581	0.33792457
DQA1*02:01-DQB1*03:01	0.0	0.084686644	0.48161697	0.46658918
DQA1*05:01-DQB1*04:02	0.0	0.39816278	0.41301015	0.47189996
DQA1*05:01-DQB1*03:02	0.0	0.34425047	0.271019	0.3272405
DRB1*08:02	0.0	0.084686644	0.27219516	0.118359454
DQA1*05:01-DQB1*03:02	0.0	0.16179082	0.27103135	0.22779271
DRB1*04:01	1.0	0.9254628	0.28273326	0.32650843
DQA1*01:02-DQB1*06:02	0.0	0.4173218	0.27086756	0.1122481
DRB1*11:01	0.0	0.084686644	0.27238366	0.2488775
DRB1*15:01	0.0	0.010562984	0.27425706	0.27455273
DRB5*01:01	0.0	0.3932163	0.45742732	0.541903
DRB1*04:05	0.0	0.0	0.2732368	0.20231655
DRB3*02:02	0.0	0.0	0.27144593	0.22656819
DQA1*02:01-DQB1*04:02	0.0	0.4067933	0.27079222	0.28113368
DQA1*05:01-DQB1*03:03	0.0	0.310903	0.27874622	0.3054917
DRB1*09:01	0.0	0.48360783	0.27153987	0.29478982
DPA1*02:01-DPB1*05:01	0.0	0.0	0.271941	0.0763255
DRB1*08:01	0.0	0.51031184	0.31442595	0.43825516
DRB1*04:01	0.0	0.69887584	0.2724397	0.29581398
DRB1*04:01	0.0	0.44620267	0.32573608	0.418861
DRB1*01:01	0.0	0.0	0.27601576	0.23527041
DRB1*10:01	0.0	0.25234306	0.27110693	0.072422795
DRB3*01:01	0.0	0.16925783	0.27084228	0.2576948
DQA1*02:01-DQB1*03:01	0.0	0.34417388	0.27282426	0.3043795
DRB1*01:01	0.0	0.6545521	0.72802633	0.63947064
DRB1*09:01	0.0	0.1512034	0.2726819	0.37317213
DRB1*11:01	0.0	0.5286533	0.27342483	0.34647173
DRB1*09:01	0.0	0.2910734	0.27143598	0.2979172
DRB1*04:01	0.0	0.0	0.27469152	0.23968205
DRB1*03:01	0.0	0.084686644	0.27217317	0.20771345
DRB1*04:04	0.0	0.6461442	0.30092052	0.4968942
DRB1*09:01	0.0	0.4428464	0.27166086	0.25593457
DRB1*13:01	0.0	0.6545521	0.37569907	0.46765056
DRB1*04:04	0.0	0.41515097	0.27194667	0.30509117
DPA1*01:03-DPB1*04:01	0.0	0.0	0.2769581	0.22817558
DRB1*08:01	0.0	0.6461442	0.5326569	0.5566022
DRB1*04:01	1.0	0.93142766	0.7287794	0.63800025
DQA1*05:01-DQB1*04:02	0.0	0.2515245	0.2711866	0.18358254
DRB1*08:01	0.0	0.47693178	0.27896473	0.3780678
DRB1*07:01	0.0	0.29749924	0.27239397	0.10250459
DPA1*02:01-DPB1*05:01	0.0	0.0	0.27150884	0.15390018
DRB1*15:01	0.0	0.68565	0.27317065	0.278614
DRB1*09:01	0.0	0.032176264	0.27134496	0.24488494
DRB1*03:02	0.0	0.0	0.27241945	0.14274159
DRB1*03:01	1.0	0.8984626	0.72879446	0.6187235
DRB4*01:01	0.0	0.61138827	0.40523064	0.47874627
DQA1*05:01-DQB1*03:03	0.0	0.084686644	0.27135456	0.2351087
DPB1*04:01	0.0	0.084686644	0.271925	0.027608141
DRB1*01:01	0.0	0.38230157	0.33042127	0.38354567
DRB1*11:01	0.0	0.47822896	0.2722576	0.26577398
DRB1*13:01	0.0	0.084686644	0.2731891	0.25749642
DRB1*03:01	0.0	0.4234332	0.27137628	0.29359946
DPA1*01:03-DPB1*02:01	0.0	0.36146984	0.33501065	0.3471153
DRB1*04:05	0.0	0.084686644	0.27130103	0.10427561
DRB3*03:01	1.0	0.85125035	0.4428832	0.59018207
DRB1*09:01	0.0	0.5753037	0.27150404	0.29209054
DRB3*03:01	0.0	0.39734244	0.39942428	0.44681457
DRB1*04:05	0.0	0.33632362	0.35737073	0.48062834
DQA1*02:01-DQB1*03:03	0.0	0.37274897	0.27095175	0.27204576
DRB1*01:01	0.0	0.29119155	0.50185305	0.5126945
DQA1*05:01-DQB1*03:02	0.0	0.46515563	0.27146137	0.29936662
DRB1*09:01	0.0	0.5185219	0.27240786	0.31893554
DQA1*02:01-DQB1*03:03	0.0	0.36916822	0.27971038	0.32906452
DPA1*02:01-DPB1*05:01	0.0	0.0	0.28640985	0.16479534
DRB3*01:01	0.0	0.18840773	0.28819308	0.31447735
DRB1*11:01	0.0	0.084686644	0.27422836	0.30081204
DRB1*14:54	0.0	0.44835213	0.40939918	0.51708466
DRB1*09:01	0.0	0.41614658	0.44674084	0.47813556
DRB1*09:01	0.0	0.61138827	0.35457662	0.46375874
DRB1*08:01	0.0	0.6296289	0.5291955	0.5741938
DRB1*11:01	0.0	0.08091522	0.27384797	0.24238262
DRB5*01:01	0.0	0.6384378	0.7269447	0.7406942
DRB1*11:01	0.0	0.0	0.27307564	0.21992096
DRB1*03:01	0.0	0.084686644	0.27187213	0.17283776
DRB1*04:01	0.0	0.0	0.27250564	0.19245186
DRB1*09:01	0.0	0.6127781	0.4008236	0.47443554
DRB4*01:03	0.0	0.084686644	0.2723538	0.3254132
DRB1*01:01	0.0	0.46437097	0.72536254	0.7112756
DRB1*13:01	0.0	0.738145	0.7284607	0.73218375
DRB1*04:04	0.0	0.01223585	0.27208558	0.26787585
DRB5*01:01	0.0	0.64817554	0.39595285	0.32669464
DRB1*07:01	0.0	0.084686644	0.27247512	0.28877395
DQA1*03:03-DQB1*04:02	0.0	0.3505942	0.552788	0.5490674
DRB1*03:01	0.0	0.084686644	0.27249414	0.16425753
DRB1*13:02	0.0	0.0	0.2719537	0.11494277
DRB1*07:01	0.0	0.54196596	0.27170104	0.30677435
DRB1*13:01	0.0	0.60096335	0.27526814	0.38743958
DRB1*08:01	0.0	0.084686644	0.2708037	0.23438028
DRB5*01:01	0.0	0.084686644	0.45478198	0.558284
DRB1*11:01	0.0	0.0	0.27415586	0.29312053
DRB1*01:01	0.0	0.58108205	0.27504063	0.18807596
DRB1*11:01	0.0	0.10573877	0.31233582	0.47144267
DRB1*04:01	0.0	0.12400069	0.27134505	0.2595509
DRB3*02:02	0.0	0.0	0.27177152	0.13062498
DRB3*03:01	0.0	0.6796851	0.39615855	0.37196502
DRB1*11:01	0.0	0.50150293	0.40440434	0.51609147
DRB1*03:01	0.0	0.1662943	0.27196833	0.14784935
DRB1*14:54	0.0	0.22144789	0.27387953	0.27324095
DRB1*13:02	0.0	0.65906143	0.27634504	0.30469087
DRB1*11:01	0.0	0.45026276	0.35443544	0.45429978
DRB3*01:01	0.0	0.0	0.27081946	0.064151965
DQA1*01:01-DQB1*05:01	0.0	0.0	0.27159196	0.009153798
DRB1*03:01	0.0	0.0	0.27337468	0.20798531
DRB4*01:03	0.0	0.4276812	0.2724125	0.29023775
DRB1*14:54	0.0	0.6714029	0.72847664	0.73725086
DRB3*02:02	0.0	0.084686644	0.45914754	0.3892641
DRB3*03:01	0.0	0.51902837	0.45228735	0.58507997
DRB1*04:01	0.0	0.39899045	0.27159452	0.17637941
DRB1*11:01	0.0	0.084686644	0.27418882	0.30685097
DRB1*08:01	0.0	0.0	0.28569916	0.36318552
DQA1*01:02-DQB1*05:01	0.0	0.6567793	0.34290373	0.45014343
DRB1*11:01	0.0	0.084686644	0.27204913	0.30523503
DRB1*15:01	0.0	0.58939534	0.2730973	0.2980592
DRB1*12:01	0.0	0.0	0.27094853	0.09351406
DRB3*01:01	0.0	0.0	0.27118444	0.14373186
DRB1*08:01	0.0	0.15114647	0.27150863	0.25052652
DRB3*03:01	0.0	0.5231829	0.39087167	0.3548272
DRB1*03:01	0.0	0.4889517	0.2714866	0.25692436
DQB1*03:02	0.0	0.26055002	0.272059	0.15269056
DRB1*01:01	0.0	0.18837935	0.27882358	0.33215347
DRB1*08:01	0.0	0.084686644	0.27087158	0.25089225
DQA1*03:01-DQB1*03:02	0.0	0.13628352	0.2715745	0.118800886
DRB1*04:05	0.0	0.17987154	0.27127913	0.22666678
DQA1*01:02-DQB1*05:01	0.0	0.71431553	0.3429028	0.41986302
DQA1*01:01-DQB1*05:01	0.0	0.55252826	0.31306922	0.29666853
DRB1*09:01	0.0	0.521603	0.28811145	0.38508576
DRB3*03:01	0.0	0.084686644	0.39231792	0.39321503
DRB1*04:04	0.0	0.4734556	0.27368551	0.32826424
DRB3*01:01	0.0	0.2429945	0.27082548	0.17041543
DRB1*03:01	0.0	0.0	0.27171463	0.2797204
DRB3*01:01	0.0	0.084686644	0.29351625	0.3697917
DRB1*14:54	0.0	0.4565015	0.2725427	0.36761543
DRB1*13:02	0.0	0.0	0.27357298	0.13985282
DRB1*03:01	0.0	0.0	0.27207625	0.35101643
DRB1*13:01	0.0	0.74971294	0.72868526	0.7376615
DRB3*03:01	0.0	0.4734556	0.39397135	0.40879813
DRB1*07:01	0.0	0.0	0.27331185	0.27237704
DRB1*07:01	0.0	0.65906143	0.27273843	0.26046792
DRB1*04:04	0.0	0.3874143	0.27198806	0.35364965
DRB3*02:02	0.0	0.0	0.271936	0.19224969
DQA1*05:01-DQB1*04:02	0.0	0.084686644	0.27137724	0.24894503
DRB5*01:01	0.0	0.640305	0.39836702	0.34797046
DQA1*01:02-DQB1*05:01	0.0	0.62472034	0.27180547	0.33473054
DRB1*14:54	0.0	0.28366232	0.27376097	0.33621445
DRB1*15:01	0.0	0.44532922	0.7288244	0.6479924
DRB1*13:01	0.0	0.6441565	0.27401662	0.36519727
DRB3*03:01	0.0	0.43681195	0.40434393	0.42869315
DQA1*05:01-DQB1*04:02	0.0	0.71431553	0.27146137	0.3836864
DRB1*07:01	0.0	0.19080922	0.27205735	0.28385946
DQA1*01:02-DQB1*05:01	0.0	0.28873238	0.27308974	0.3760989
DRB1*08:01	0.0	0.4032438	0.27264085	0.34634852
DPB1*04:01	0.0	0.0	0.27130637	0.2030805
DRB3*01:01	0.0	0.084686644	0.27080107	0.11732159
DRB1*13:01	0.0	0.7969252	0.36752668	0.4686229
DRB4*01:01	0.0	0.38058248	0.6367979	0.6219132
DQA1*05:01-DQB1*04:02	0.0	0.084686644	0.2712405	0.20686015
DQA1*06:01-DQB1*04:02	0.0	0.084686644	0.27105612	0.24611035
DRB1*04:05	0.0	0.45395526	0.27538362	0.3637701
DRB1*03:01	0.0	0.0	0.27507904	0.36745235
DRB1*04:04	0.0	0.576242	0.7285046	0.6918872
DQB1*03:01	0.0	0.36156222	0.4028626	0.40068936
DRB3*02:02	0.0	0.42379496	0.271963	0.2953178
DQB1*02:01	0.0	0.0	0.27147946	0.25027385
DRB1*15:02	0.0	0.1862333	0.27107367	0.12803632
DQA1*05:01-DQB1*03:02	0.0	0.084686644	0.2711717	0.24075845
DRB1*01:01	0.0	0.084686644	0.29600093	0.3717249
DQA1*06:01-DQB1*04:02	0.0	0.6231404	0.27318075	0.31763437
DRB3*01:01	0.0	0.48535502	0.5428292	0.56800056
DQA1*02:01-DQB1*04:02	0.0	0.39679956	0.27092543	0.28619212
DPA1*02:01-DPB1*14:01	0.0	0.28852245	0.27310857	0.3263305
DRB4*01:03	0.0	0.6185565	0.3063801	0.49709198
DRB1*09:01	0.0	0.598531	0.37926078	0.45217273
DRB1*03:01	0.0	0.084686644	0.27196586	0.116172366
DRB1*04:01	0.0	0.20122285	0.27172923	0.15572909
DRB3*02:02	0.0	0.7969252	0.35317796	0.41460368
DRB1*03:01	0.0	0.3531744	0.287643	0.42173812
DRB1*11:01	1.0	0.8201525	0.47422138	0.5899085
DQA1*05:01-DQB1*04:02	0.0	0.3801294	0.27186176	0.39372852
DRB1*03:01	0.0	0.43075585	0.3422064	0.32522735
DRB1*15:01	0.0	0.55228406	0.7287483	0.6427568
DRB1*12:01	0.0	0.60473627	0.2711902	0.23740399
DRB1*11:01	0.0	0.7629388	0.2746128	0.35497767
DQA1*01:03-DQB1*06:03	0.0	0.5010838	0.27257627	0.33613172
DRB1*08:02	0.0	0.3957233	0.27789453	0.4329678
DRB1*07:01	0.0	0.084686644	0.40713564	0.4213743
DQA1*05:01-DQB1*04:02	0.0	0.4343417	0.27183348	0.24426791
DRB4*01:01	0.0	0.0	0.2780074	0.25084955
DRB3*01:01	1.0	0.8201525	0.27096704	0.20365626
DRB1*07:01	1.0	0.8984626	0.7284622	0.7254579
DRB1*08:02	0.0	0.41749093	0.28674302	0.4428151
DRB1*12:01	0.0	0.0	0.27111435	0.09008176
DRB1*03:01	0.0	0.0	0.27277863	0.18655017
DRB1*15:01	0.0	0.6231404	0.2865333	0.3917582
DRB1*07:01	0.0	0.6687992	0.72861624	0.6371792
DQA1*02:01-DQB1*03:03	0.0	0.66380215	0.54086393	0.62702155
DRB1*08:01	0.0	0.006024035	0.3806674	0.42512104
DQA1*02:01-DQB1*04:02	1.0	0.87187403	0.54040384	0.61026806
DQA1*05:01-DQB1*03:03	0.0	0.18009183	0.31053424	0.33648106
DRB1*11:01	0.0	0.45002177	0.3783474	0.48958704
DRB1*03:01	0.0	0.4747046	0.27662748	0.31434524
DRB5*01:01	0.0	0.6953878	0.41721544	0.39768723
DQA1*02:01-DQB1*03:01	0.0	0.24930336	0.72836655	0.6594134
DRB1*08:02	0.0	0.3416064	0.27694714	0.30225393
DQA1*01:03-DQB1*06:03	0.0	0.2069749	0.28593093	0.2913265
DRB1*07:01	0.0	0.380469	0.28394783	0.49015328
DRB1*11:01	0.0	0.53814095	0.27191085	0.2699268
DRB4*01:03	0.0	0.7969252	0.6637005	0.714751
DRB1*11:01	0.0	0.24612162	0.27311376	0.26581123
DRB1*04:01	0.0	0.084686644	0.2717116	0.13553128
DRB1*11:01	0.0	0.37285337	0.2732039	0.2955303
DQA1*05:01-DQB1*02:01	0.0	0.0	0.27134743	0.19689593
DRB1*07:01	0.0	0.7560895	0.7287717	0.7085762
DRB1*01:01	0.0	0.6545521	0.27882957	0.32850444
DRB1*03:01	0.0	0.0	0.27186042	0.21486253
DQA1*03:03-DQB1*04:02	0.0	0.084686644	0.27098167	0.26896423
DRB1*08:02	0.0	0.0	0.2719797	0.19001582
DRB4*01:03	1.0	0.93593705	0.7284211	0.76261187
DRB1*14:54	0.0	0.45598662	0.272148	0.2504882
DRB1*07:01	0.0	0.4640285	0.6408335	0.6887599
DRB1*11:01	0.0	0.084686644	0.27302295	0.24046245
DQA1*02:01-DQB1*04:02	0.0	0.084686644	0.27085894	0.24363461
DRB1*07:01	1.0	0.8424415	0.72886	0.70723295
DRB1*08:01	0.0	0.35216704	0.27084625	0.24845734
DRB1*04:01	0.0	0.084686644	0.27200857	0.26587436
DRB1*04:04	0.0	0.02062367	0.27190614	0.18965375
DRB1*08:02	0.0	0.30631736	0.27290913	0.1987251
DQA1*06:01-DQB1*04:02	0.0	0.084686644	0.27099437	0.2453382
DQA1*05:01-DQB1*03:02	0.0	0.5226533	0.30813155	0.4275976
DQA1*02:01-DQB1*03:01	0.0	0.46515563	0.44054353	0.5472849
DRB1*08:01	0.0	0.084686644	0.38209432	0.29794192
DQA1*05:01-DQB1*03:03	0.0	0.38058248	0.27592763	0.30752942
DRB1*11:01	0.0	0.0	0.27503702	0.19276214
DRB1*14:54	0.0	0.36504674	0.27276656	0.3384389
DRB3*01:01	0.0	0.3697723	0.43816125	0.44878528
DQA1*01:02-DQB1*05:01	0.0	0.084686644	0.2718147	0.16305766
DQA1*05:01-DQB1*03:02	0.0	0.5210823	0.2711212	0.35741207
DQA1*06:01-DQB1*04:02	0.0	0.21374148	0.27087027	0.19275919
DRB1*11:01	0.0	0.31720328	0.28914875	0.3919822
DRB1*01:01	0.0	0.0	0.27470034	0.25288576
DRB1*13:01	0.0	0.43017152	0.2741059	0.3145752
DRB1*11:01	0.0	0.43892217	0.27220833	0.27948114
DRB1*04:05	0.0	0.16533828	0.27122864	0.22625974
DRB1*15:01	0.0	0.020162705	0.38093072	0.3343235
DQA1*02:01-DQB1*03:01	0.0	0.5332755	0.3202873	0.45298
DRB1*11:01	0.0	0.4671618	0.2819679	0.29924244
DRB1*08:01	0.0	0.47628996	0.31885907	0.36273816
DRB4*01:03	0.0	0.30267876	0.27216753	0.29521528
DRB1*13:02	0.0	0.076527	0.27164662	0.19528136
DRB1*07:01	0.0	0.28542972	0.27390495	0.33641523
DRB1*04:05	0.0	0.038700677	0.2715566	0.1738146
DQA1*01:02-DQB1*05:01	0.0	0.50713235	0.27170727	0.3398945
DRB1*11:01	0.0	0.6953878	0.27556783	0.20392576
DRB3*01:01	0.0	0.32347366	0.27099532	0.21649548
DRB1*13:01	0.0	0.33961713	0.27511358	0.34430012
DRB1*01:01	0.0	0.14874962	0.30595115	0.35593748
DRB1*01:01	0.0	0.21281259	0.2753624	0.2347959
DQA1*05:01-DQB1*03:02	0.0	0.39256772	0.5442658	0.653388
DRB1*08:02	0.0	0.0	0.27225113	0.15997025
DRB1*14:02	1.0	0.9406777	0.34146768	0.36928573
DQA1*06:01-DQB1*04:02	0.0	0.084686644	0.2710556	0.13106602
DRB1*01:01	0.0	0.7703366	0.728306	0.6429773
DRB1*03:01	0.0	0.0	0.27161178	0.21557668
DQA1*06:01-DQB1*04:02	0.0	0.084686644	0.27095106	0.198865
DRB3*01:01	0.0	0.27219033	0.2716681	0.26498982
DQB1*06:02	0.0	0.44624886	0.27262554	0.25638387
DRB3*02:02	0.0	0.084686644	0.2715376	0.23242167
DRB3*01:01	0.0	0.0	0.28268164	0.2565306
DQA1*02:01-DQB1*04:02	0.0	0.084686644	0.27078563	0.25454745
DRB1*07:01	0.0	0.48535502	0.33356652	0.49102077
DQA1*01:02-DQB1*06:02	0.0	0.0	0.2711551	0.14453188
DRB3*02:02	0.0	0.084686644	0.2725844	0.34190664
DQA1*01:02-DQB1*05:01	0.0	0.58514524	0.27310613	0.2975718
DRB1*07:01	1.0	0.8066629	0.27699128	0.4203858
DRB1*01:01	0.0	0.42271397	0.723187	0.68718964
DRB5*01:01	0.0	0.6461442	0.39403164	0.24660176
DPA1*02:01-DPB1*05:01	0.0	0.0	0.27177167	0.26427445
DRB1*03:01	0.0	0.5010838	0.27176824	0.26845977
DRB3*03:01	0.0	0.26891074	0.40391117	0.31675014
DRB3*02:02	0.0	0.084686644	0.273484	0.42744723
DRB1*01:01	1.0	1.0	0.27597132	0.2931728
DQA1*03:01-DQB1*03:02	0.0	0.23617998	0.27104017	0.19211495
DRB1*11:01	0.0	0.084686644	0.28586233	0.3851078
DQA1*03:03-DQB1*04:02	0.0	0.5058025	0.27233443	0.26799622
DRB1*07:01	0.0	0.15472434	0.39866614	0.35599294
DRB1*07:01	0.0	0.403826	0.27178556	0.39137834
DRB1*13:02	0.0	0.21794327	0.4135497	0.37834045
DRB1*11:01	0.0	0.0	0.27256194	0.23656598
DRB1*07:01	0.0	0.44741145	0.27402568	0.35993198
DRB1*04:01	0.0	0.0	0.27235404	0.047803663
DQA1*06:01-DQB1*04:02	0.0	0.45832658	0.29364336	0.3902706
DRB4*01:01	0.0	0.1391293	0.39262283	0.3887586
DRB1*08:01	0.0	0.37222886	0.27957448	0.36681244
DRB1*08:01	0.0	0.4327308	0.40420574	0.27877522
DRB1*03:01	0.0	0.69202656	0.2718067	0.19954467
DRB1*03:01	0.0	0.0	0.29508424	0.46298382
DRB1*04:05	0.0	0.55599636	0.27143925	0.16905364
DRB1*15:01	1.0	1.0	0.2739602	0.32066622
DRB3*03:01	0.0	0.3579373	0.7257813	0.7688992
DPA1*02:01-DPB1*05:01	0.0	0.0	0.2715425	-0.0452969
DQA1*02:01-DQB1*03:03	0.0	0.37295786	0.27092797	0.27243736
DQA1*05:01-DQB1*03:01	0.0	0.07972071	0.27100855	0.33149344
DQA1*05:01-DQB1*03:02	0.0	0.4942345	0.28574422	0.33400485
DRB1*11:01	1.0	0.8984626	0.49912113	0.62003124
DRB3*02:02	0.0	0.0	0.27258146	0.13458034
DRB1*13:01	0.0	0.50319886	0.35604897	0.47790363
DRB1*03:01	0.0	0.24708076	0.27177122	0.26982322
DRB1*15:01	0.0	0.52642614	0.2813335	0.25357243
DRB3*03:01	0.0	0.21266484	0.38435835	0.2849408
DRB1*12:01	0.0	0.0	0.27101314	0.20472053
DRB1*08:01	0.0	0.084686644	0.27085343	0.31034908
DQA1*03:01-DQB1*03:01	0.0	0.14523141	0.27256897	0.30330294
DRB3*02:02	0.0	0.6384378	0.27212027	0.13460785
DRB1*01:01	0.0	0.19108644	0.2776456	0.27528295
DQA1*02:01-DQB1*04:02	0.0	0.559864	0.5248378	0.6091901
DRB3*02:02	0.0	0.084686644	0.2721263	0.3648599
DQA1*05:01-DQB1*03:02	0.0	0.27443123	0.36933085	0.41328132
DRB1*03:01	0.0	0.0	0.27188313	0.17916298
DQA1*03:03-DQB1*04:02	0.0	0.084686644	0.27112815	0.09920431
DRB1*11:01	0.0	0.0	0.27296755	0.16802499
DRB1*01:01	0.0	0.63662535	0.27721757	0.19767743
DQA1*03:03-DQB1*04:02	0.0	0.2942751	0.27116174	0.19978753
DRB1*14:54	0.0	0.084686644	0.27182457	0.24842328
DRB1*04:05	0.0	0.18069054	0.27169657	0.30612248
DQA1*02:01-DQB1*04:02	0.0	0.084686644	0.27084532	0.20239586
DQA1*05:01-DQB1*03:02	0.0	0.084686644	0.2721159	0.32065278
DRB4*01:03	1.0	0.8201525	0.2749699	0.3813373
DQA1*01:03-DQB1*06:03	0.0	0.31010512	0.55733466	0.5789906
DRB1*03:01	0.0	0.42325288	0.27373275	0.27977768
DRB1*13:02	0.0	0.6614014	0.44350594	0.4854935
DRB1*13:02	0.0	0.0	0.27200195	0.23550498
DRB1*14:54	0.0	0.7969252	0.45099646	0.57302797
DRB1*12:01	0.0	0.0	0.2709939	0.17946681
DPA1*02:01-DPB1*14:01	0.0	0.4173218	0.3355943	0.43842337
DRB1*14:54	0.0	0.300792	0.27222338	0.29950076
DPA1*01:03-DPB1*02:01	0.0	0.25104803	0.3107023	0.42259178
DRB1*04:04	0.0	0.084686644	0.28134412	0.38200077
DRB1*04:04	0.0	0.7062737	0.3998489	0.5410683
DRB1*07:01	0.0	0.02062367	0.27238572	0.1704996
DRB3*03:01	0.0	0.48500293	0.45745766	0.48833296
DRB4*01:01	0.0	0.04721221	0.27187195	0.047735088
DRB1*09:01	0.0	0.66380215	0.33718595	0.5277124
DRB1*01:01	0.0	0.14874962	0.32572496	0.25841978
DRB1*12:01	0.0	0.06689336	0.27106544	0.25174215
DRB1*04:01	0.0	0.084686644	0.27149075	0.2884972
DRB1*07:01	0.0	0.284904	0.27189693	0.2506366
DRB1*03:01	0.0	0.09964197	0.443762	0.50429296
DRB1*01:01	0.0	0.40619218	0.49297467	0.4225541
DRB1*11:01	0.0	0.084686644	0.27306128	0.20143923
DQA1*01:01-DQB1*05:01	0.0	0.34086463	0.27122784	0.11982881
DQA1*02:01-DQB1*03:01	0.0	0.46459037	0.32825258	0.4829764
DPA1*01:03-DPB1*02:01	0.0	0.2871076	0.2822364	0.328687
DRB4*01:03	0.0	0.6231404	0.60553515	0.7132072
DRB1*03:01	0.0	0.26571077	0.27165183	0.19122848
DRB1*13:02	0.0	0.0	0.274068	0.22624353
DQA1*02:01-DQB1*04:02	0.0	0.27519044	0.30444866	0.39077005
DRB1*04:04	0.0	0.084686644	0.27209184	0.32519004
DRB1*13:01	0.0	0.7969252	0.27330622	0.3372108
DRB1*03:01	0.0	0.5672618	0.35379434	0.43065998
DRB1*01:01	0.0	0.49719387	0.28134704	0.39682344
DRB1*01:01	0.0	0.0	0.28166452	0.27582565
DRB5*01:02	0.0	0.02062367	0.2742266	0.24826345
DRB1*07:01	0.0	0.6687992	0.72882104	0.69259346
DRB1*03:01	0.0	0.0	0.3075611	0.31326938
DRB1*12:01	0.0	0.45074666	0.34472767	0.32266563
DRB5*01:01	1.0	0.85125035	0.4043908	0.34637365
DRB1*13:01	0.0	0.4686219	0.7281929	0.6739129
DRB4*01:01	0.0	0.0	0.27215472	0.038930774
DPB1*03:01	0.0	0.0	0.27132145	0.09479248
DRB3*01:01	0.0	0.084686644	0.27080986	0.12808603
DRB1*03:01	0.0	0.0	0.2718265	0.094810106
DRB3*02:02	0.0	0.084686644	0.27215362	0.24187979
DRB1*09:01	0.0	0.37348208	0.27193323	0.3536466
DRB1*11:01	0.0	0.3110099	0.2734216	0.22837791
DRB3*02:02	0.0	0.2950369	0.44566196	0.38470653
DRB5*01:01	0.0	0.18196592	0.39875662	0.35596016
DQA1*03:03-DQB1*04:02	0.0	0.084686644	0.27104795	0.21553686
DRB3*01:01	0.0	0.084686644	0.37182435	0.37002942
DRB5*01:01	0.0	0.084686644	0.3955762	0.28959745
DRB3*02:02	1.0	0.83439964	0.2715657	0.24891225
DRB1*09:01	0.0	0.7062737	0.2843756	0.45314786
DRB1*11:01	0.0	0.0	0.27192625	0.1653476
DRB1*01:01	0.0	0.19853908	0.2822762	0.43763074
DRB1*15:01	0.0	0.0	0.2727716	0.15314218
DRB1*11:01	0.0	0.3030706	0.27344877	0.20631874
DQA1*05:01-DQB1*03:02	0.0	0.24694695	0.27098116	0.24411103
DRB1*04:01	0.0	0.0	0.38050014	0.49181983
DRB1*01:01	1.0	1.0	0.72867715	0.63590586
DQA1*01:01-DQB1*05:01	0.0	0.0	0.2726574	0.032867752
DPA1*02:01-DPB1*05:01	0.0	0.0	0.281566	0.09226275
DRB5*01:01	0.0	0.18454346	0.3873019	0.29373774
DRB1*08:02	0.0	0.79389465	0.2720295	0.20860055
DQA1*03:03-DQB1*04:02	0.0	0.084686644	0.27111304	0.23501942
DRB3*02:02	0.0	0.084686644	0.2715307	0.33896336
DRB1*04:04	0.0	0.6953878	0.3851911	0.51446235
DRB1*09:01	0.0	0.43765026	0.27193046	0.35690352
DRB1*01:01	0.0	0.0	0.2741593	0.24751058
DRB5*01:01	0.0	0.20807467	0.38789603	0.37504888
DRB4*01:01	0.0	0.38024247	0.27273288	0.29820436
DRB1*07:01	0.0	0.2446752	0.28003058	0.36613995
DRB3*03:01	0.0	0.43723017	0.40340766	0.381426
DRB1*14:54	0.0	0.7328622	0.6049441	0.69346976
DPA1*02:01-DPB1*05:01	0.0	0.0	0.27150634	0.038731158
DRB1*04:04	0.0	0.6231404	0.2724105	0.38563612
DRB1*07:01	0.0	0.22587508	0.27470523	0.26144168
DRB5*01:01	0.0	0.02062367	0.41198516	0.32631925
DRB1*03:01	0.0	0.084686644	0.44463754	0.42535338
DRB1*14:54	0.0	0.36100933	0.27245855	0.3989325
DRB1*03:01	0.0	0.02062367	0.27186736	0.12394727
DRB1*13:01	0.0	0.21340601	0.2748258	0.31266704
DRB3*03:01	0.0	0.5820812	0.39912066	0.40752593
DRB1*15:01	0.0	0.10630341	0.31492957	0.38861036
DRB1*08:02	0.0	0.7328622	0.46571377	0.45986828
DRB1*15:01	0.0	0.5387676	0.576425	0.65602064
DRB1*08:02	0.0	0.24540873	0.27141756	0.22511342
DRB1*09:01	0.0	0.6502526	0.27152818	0.33298188
DRB1*11:01	0.0	0.5949985	0.27706242	0.40111807
DRB1*04:04	0.0	0.68565	0.27269244	0.25471622
DQA1*05:01-DQB1*03:02	0.0	0.4169845	0.27084586	0.2259027
DRB3*03:01	0.0	0.35309002	0.4100201	0.46673784
DRB1*01:01	0.0	0.3534126	0.27672035	0.28856596
DQA1*01:02-DQB1*05:01	0.0	0.57345515	0.27267534	0.37259844
DQA1*02:01-DQB1*03:01	0.0	0.65237737	0.27268937	0.2886339
DRB1*04:05	0.0	0.55012625	0.3058608	0.38312873
DRB1*08:01	0.0	0.084686644	0.2708273	0.25767028
DPA1*01:03-DPB1*04:01	0.0	0.0	0.27263224	0.114654414
DRB4*01:01	0.0	0.51312697	0.3266309	0.40593323
DRB1*04:04	0.0	0.0	0.29376146	0.4410455
DRB1*03:01	0.0	0.49501443	0.27198088	0.10116761
DRB5*01:01	0.0	0.674082	0.4434347	0.4292312
DRB1*12:01	0.0	0.0	0.27126658	0.14656931
DRB1*11:01	0.0	0.084686644	0.27262312	0.39458424
DRB3*03:01	0.0	0.7629388	0.7287243	0.79212224
DRB1*07:01	1.0	1.0	0.27188426	0.36335555
DRB1*11:04	0.0	0.0	0.2711877	0.07093606
DRB1*07:01	0.0	0.5508399	0.2752725	0.3920656
DQA1*03:03-DQB1*04:02	0.0	0.26959157	0.32203734	0.35609338
DRB1*04:05	0.0	0.0	0.27141947	0.11725635
DQA1*02:01-DQB1*03:01	0.0	0.28961924	0.27147368	0.29056135
DPA1*01:03-DPB1*04:01	0.0	0.0	0.27207723	0.09159944
DRB1*13:01	0.0	0.2543492	0.27598462	0.3394198
DRB1*11:01	0.0	0.6366076	0.27248716	0.2366778
DQB1*03:01	0.0	0.7278651	0.27111486	0.24843046
DRB1*03:01	0.0	0.0	0.272448	0.27423894
DPB1*04:02	0.0	0.6714029	0.2710068	0.21779999
DRB1*07:01	0.0	0.52697796	0.29252255	0.46528718
DRB1*07:01	0.0	0.35670143	0.27177876	0.3259883
DQA1*05:01-DQB1*04:02	0.0	0.4874962	0.72120476	0.6648211
DRB1*08:02	0.0	0.5292186	0.4997929	0.3116618
DRB1*04:01	0.0	0.62472034	0.71037275	0.60088044
DRB1*01:01	0.0	0.49244538	0.2829057	0.3639774
DQA1*05:01-DQB1*02:01	0.0	0.60866976	0.27349553	0.29996583
DRB1*14:54	0.0	0.40066838	0.271814	0.35075173
DRB1*13:01	1.0	0.93593705	0.7287495	0.7375994
DRB1*08:02	0.0	0.2215291	0.27155346	0.29199788
DPA1*02:01-DPB1*05:01	0.0	0.0	0.27301502	0.13892835
DRB1*11:01	0.0	0.0	0.30059412	0.31644595
DRB1*13:01	0.0	0.640305	0.7287477	0.69984055
DQA1*06:01-DQB1*04:02	0.0	0.084686644	0.27097535	0.14972329
DRB1*13:01	1.0	0.85125035	0.2866372	0.39557278
DQA1*02:01-DQB1*03:03	0.0	0.4822335	0.2708445	0.24439234
DRB3*03:01	0.0	0.4278704	0.39732167	0.3905013
DRB3*02:02	0.0	0.26709715	0.27170062	0.080076806
DPB1*04:01	0.0	0.084686644	0.29723504	0.34254575
DRB1*03:01	0.0	0.3861998	0.27161852	0.18397108
DRB4*01:01	0.0	0.35892007	0.4419549	0.44039688
DQA1*02:01-DQB1*03:03	0.0	0.3211169	0.27175227	0.25426558
DQA1*05:01-DQB1*03:01	0.0	0.3914116	0.27102575	0.1898813
DRB3*01:01	0.0	0.0	0.41267788	0.34776005
DRB3*01:01	0.0	0.02062367	0.5398759	0.56549567
DRB4*01:03	0.0	0.084686644	0.3025631	0.40249658
DRB1*03:01	0.0	0.55155915	0.27222458	0.27110666
DRB1*09:01	0.0	0.084686644	0.27147046	0.3224207
DRB1*03:01	0.0	0.0	0.34079713	0.39549825
DRB1*14:54	0.0	0.5107751	0.35770997	0.49524447
DRB1*09:01	0.0	0.43935007	0.27320507	0.3114819
DRB1*04:01	0.0	0.0	0.27289453	0.2417247
DRB1*15:01	0.0	0.47822896	0.72888124	0.65726995
DRB1*08:01	0.0	0.1618973	0.2711366	0.27902177
DRB1*04:01	1.0	0.8201525	0.27150553	0.32502106
DRB4*01:01	0.0	0.324706	0.2743741	0.33005762
DRB1*11:01	0.0	0.610019	0.27173063	0.2951633
DRB1*03:01	0.0	0.0	0.31999716	0.4052174
DQA1*02:01-DQB1*04:02	0.0	0.26986533	0.27087325	0.28572953
DQA1*01:02-DQB1*05:01	0.0	0.26164085	0.27192217	0.30579463
DQA1*05:01-DQB1*03:03	0.0	0.5084816	0.2720467	0.337024
DRB1*03:01	0.0	0.0	0.41061836	0.38616672
DQA1*01:02-DQB1*05:01	1.0	0.87187403	0.72444594	0.67334104
DRB1*13:01	0.0	0.40724674	0.27586803	0.35537705
DQA1*05:01-DQB1*03:03	0.0	0.084686644	0.5445653	0.54067785
DQA1*05:01-DQB1*04:02	0.0	0.46459037	0.2712188	0.35316285
DQA1*01:01-DQB1*05:01	0.0	0.0	0.27104962	0.053992085
DRB1*11:01	0.0	0.0	0.27224168	0.32927576
DRB1*01:01	0.0	0.0	0.27649286	0.18658754
DRB1*07:01	0.0	0.72312444	0.34534743	0.50178564
DRB1*04:01	0.0	0.0	0.27160737	0.15871686
DRB5*01:01	0.0	0.7278651	0.45529598	0.5610487
DRB3*01:01	0.0	0.59271634	0.34101	0.37646708
DRB1*13:01	0.0	0.738145	0.48700124	0.53155303
DRB1*01:01	0.0	0.0	0.27603272	0.08510522
DQA1*01:02-DQB1*05:01	0.0	0.5303597	0.72547364	0.69229555
DRB3*01:01	0.0	0.35530898	0.270806	0.17180333
DRB1*04:01	0.0	0.5253324	0.37011847	0.4221122
DRB1*01:01	0.0	0.2165855	0.27735156	0.25272226
DRB1*07:01	0.0	0.5387676	0.2724906	0.36061797
DRB1*04:04	0.0	0.27041525	0.27274334	0.2882538
DRB5*01:01	0.0	0.7969252	0.47604132	0.50552374
DQA1*01:02-DQB1*05:01	0.0	0.084686644	0.27175146	0.31515512
DQA1*03:01-DQB1*03:02	0.0	0.22983357	0.28551805	0.25756457
DRB1*04:01	0.0	0.4067933	0.2721456	0.27672055
DRB1*15:01	0.0	0.47921395	0.35710534	0.45358
DQA1*01:02-DQB1*06:02	0.0	0.0	0.27088878	0.08803303
DRB1*01:01	0.0	0.084686644	0.2816256	0.3578407
DRB1*04:01	0.0	0.0	0.27158102	0.21115562
DRB1*13:01	0.0	0.27746898	0.27449244	0.29628184
DQA1*02:01-DQB1*04:02	0.0	0.084686644	0.27083153	0.28090546
DRB4*01:03	0.0	0.084686644	0.27267942	0.26173505
DQA1*05:01-DQB1*03:02	0.0	0.3857184	0.27107948	0.3077541
DRB1*04:05	0.0	0.0	0.27165332	0.12351429
DRB3*01:01	0.0	0.0	0.27223915	0.2149457
DRB1*04:05	0.0	0.14416109	0.28028783	0.31696787
DRB1*04:01	0.0	0.4512331	0.36865905	0.4317318
DPB1*01:01	0.0	0.29749924	0.36413854	0.4104854
DRB1*13:01	0.0	0.4276812	0.27527925	0.24200648
DRB4*01:01	0.0	0.42806	0.27996665	0.38636413
DQA1*03:03-DQB1*04:02	0.0	0.084686644	0.27087173	0.18295205
DQA1*05:01-DQB1*03:03	0.0	0.36581776	0.27095425	0.14032921
DRB5*01:01	0.0	0.4128688	0.39950505	0.33559683
DRB1*03:01	0.0	0.0	0.27214786	0.14000013
DRB1*07:01	0.0	0.44262394	0.27183917	0.3021392
DQA1*02:01-DQB1*04:02	0.0	0.6887833	0.28055805	0.37363252
DRB1*07:01	0.0	0.25368524	0.28313735	0.4323415
DRB3*03:01	0.0	0.54131734	0.45542625	0.5329411
DRB4*01:03	0.0	0.29068625	0.27238527	0.2619529
DRB1*08:01	0.0	0.0	0.2755419	0.32936823
DPA1*03:01-DPB1*04:02	0.0	0.0	0.27265108	0.050935276
DRB1*09:01	0.0	0.40166143	0.27139935	0.3902996
DRB1*04:01	0.0	0.18075585	0.33600047	0.46386698
DRB1*01:01	0.0	0.0	0.2748528	0.17495936
DRB1*03:01	1.0	1.0	0.72883666	0.6258031
DRB3*01:01	0.0	0.5002512	0.27083978	0.19931701
DRB3*02:02	0.0	0.0	0.27150658	0.1593673
DQA1*03:03-DQB1*04:02	0.0	0.4112725	0.28542653	0.33152416
DRB1*04:04	0.0	0.6614014	0.38052407	0.46820703
DRB4*01:03	0.0	0.084686644	0.27604765	0.2987525
DQA1*01:01-DQB1*05:01	0.0	0.0	0.27141684	0.02513881
DRB1*04:01	0.0	0.45780146	0.27236518	0.37170747
DRB1*07:01	0.0	0.0	0.2740475	0.19955787
DQA1*02:01-DQB1*03:01	0.0	0.34409735	0.27253565	0.2793024
DPA1*03:01-DPB1*04:02	0.0	0.2607361	0.30505484	0.42801735
DRB1*15:01	0.0	0.40529776	0.27361676	0.30227253
DPB1*04:02	0.0	0.0	0.2710698	0.09834344
DQA1*03:03-DQB1*04:02	0.0	0.084686644	0.27099127	0.18231222
DRB1*07:01	0.0	0.6768411	0.4393254	0.4934853
DRB1*04:01	0.0	0.0	0.27172965	0.13310683
DRB5*01:01	1.0	0.8201525	0.4255928	0.46299455
DRB1*07:01	0.0	0.4351578	0.27170843	0.31026545
DRB3*02:02	0.0	0.0	0.7286379	0.61337733
DRB4*01:01	0.0	0.02062367	0.27203837	0.10458168
DRB1*04:04	0.0	0.45221373	0.3093129	0.50166976
DRB1*11:01	0.0	0.42488876	0.28715947	0.36021936
DRB1*11:01	1.0	0.83439964	0.6459287	0.6332953
DQA1*05:01-DQB1*03:03	0.0	0.4198917	0.2708394	0.24698776
DRB1*15:01	0.0	0.3438681	0.27280205	0.3039309
DRB1*11:01	0.0	0.1273895	0.7283862	0.6536956
DRB1*03:01	0.0	0.02062367	0.35442585	0.50232935
DRB3*02:02	1.0	0.85125035	0.3109103	0.39212662
DQA1*02:01-DQB1*03:01	0.0	0.5487152	0.36173916	0.38806754
DRB1*09:01	0.0	0.27332178	0.2716241	0.25683662
DRB1*11:01	0.0	0.64221066	0.27191162	0.33569577
DRB4*01:03	0.0	0.56641	0.272278	0.41130432
DQA1*02:01-DQB1*03:03	0.0	0.17034887	0.27083072	0.29455733
DRB4*01:03	0.0	0.6768411	0.27199486	0.24398941
DPA1*02:01-DPB1*05:01	0.0	0.0	0.27170235	-0.056892753
DRB3*01:01	0.0	0.51360464	0.2711545	0.2806286
DRB1*01:01	0.0	0.04721221	0.27550665	0.09640569
DQA1*02:01-DQB1*04:02	0.0	0.33253384	0.27079073	0.29683945
DRB1*08:01	0.0	0.37327203	0.34183064	0.43138167
DQA1*02:01-DQB1*03:01	0.0	0.6614014	0.72835654	0.7018206
DRB1*01:01	0.0	0.0	0.3852815	0.3813178
DQA1*05:01-DQB1*04:02	0.0	0.45780146	0.2718625	0.3194982
DRB1*13:02	0.0	0.21995813	0.53378814	0.5347119
DRB1*11:01	0.0	0.7930948	0.30404648	0.39267686
DRB1*03:01	0.0	0.0	0.27356356	0.38163954
DRB1*03:01	0.0	0.0	0.27172828	0.17516357
DRB1*12:01	0.0	0.24131864	0.27095973	0.16297576
DRB1*07:01	0.0	0.0	0.27186856	0.25399998
DQA1*02:01-DQB1*03:01	0.0	0.62796354	0.32351568	0.47288564
DRB1*11:01	0.0	0.084686644	0.7244616	0.6289528
DRB3*02:02	0.0	0.36836886	0.27276906	0.32493892
DRB3*01:01	0.0	0.09381541	0.2708614	0.16221789
DRB3*03:01	1.0	0.8984626	0.7289674	0.775297
DRB1*13:02	0.0	0.12676811	0.27190626	0.23406842
DRB3*02:02	0.0	0.71861506	0.7288574	0.65734375
DQA1*06:01-DQB1*04:02	0.0	0.084686644	0.3142522	0.346104
DQA1*05:01-DQB1*03:02	0.0	0.37979108	0.55194306	0.5794438
DQA1*05:01-DQB1*04:02	0.0	0.084686644	0.27129513	0.31991562
DRB1*12:01	0.0	0.0	0.27092066	0.09250579
DRB1*03:01	0.0	0.0	0.27216908	0.23920077
DQA1*01:03-DQB1*06:03	0.0	0.084686644	0.27094737	0.17860344
DRB1*04:04	0.0	0.5725446	0.6272733	0.696917
DRB1*03:01	0.0	0.084686644	0.27250358	0.32844475
DRB1*14:54	0.0	0.69887584	0.2783405	0.53762156
DPA1*01:03-DPB1*04:01	0.0	0.0	0.2727937	0.17355174
DQA1*02:01-DQB1*04:02	0.0	0.084686644	0.27081552	0.2842357
DRB1*01:01	0.0	0.13378178	0.28182682	0.35924783
DRB1*03:01	0.0	0.39532292	0.27562797	0.31432533
