HLA	label	affinity	cls_prob	reg_yhat
DRB1*13:01	0.0	0.4815539	0.35359728	0.39190525
DRB1*12:01	0.0	0.0	0.28645104	0.21596967
DRB1*03:01	0.0	0.6127781	0.5518704	0.5436081
DRB1*03:01	0.0	0.7969252	0.28323632	0.24389043
DRB1*03:01	0.0	0.0	0.29562902	0.25952882
DRB3*02:02	0.0	0.0	0.28537986	0.2221896
DQA1*02:01-DQB1*03:03	0.0	0.084686644	0.27458727	0.2032058
DRB1*09:01	1.0	0.8078111	0.44309285	0.39418018
DRB1*15:01	1.0	0.8201525	0.6953806	0.61687803
DRB1*09:01	0.0	0.084686644	0.2838441	0.26880276
DRB1*03:03	0.0	0.26325375	0.28896004	0.21380278
DQA1*02:01-DQB1*03:01	0.0	0.71020716	0.2855237	0.35412964
DRB3*02:02	0.0	0.77837855	0.7085737	0.6394197
DRB1*13:01	0.0	0.30733976	0.3157114	0.3147654
DQA1*02:01-DQB1*04:02	0.0	0.084686644	0.27433193	0.222848
DQA1*01:01-DQB1*05:01	0.0	0.0	0.27440825	0.19274716
DQA1*01:04-DQB1*05:03	0.0	0.0	0.4269116	0.449625
DQA1*02:01-DQB1*03:03	0.0	0.33632362	0.27453464	0.19135769
DRB1*11:01	0.0	0.0	0.3342699	0.38267025
DRB1*04:04	0.0	0.64221066	0.63329166	0.57418084
DQA1*05:01-DQB1*04:02	0.0	0.084686644	0.27834684	0.1656498
DQA1*02:01-DQB1*03:03	0.0	0.27728313	0.2743748	0.20209517
DRB3*02:02	0.0	0.37778664	0.29302213	0.24792978
DRB5*01:01	1.0	0.87187403	0.3925801	0.4246655
DRB1*01:01	0.0	0.0	0.3299704	0.3321404
DRB1*04:04	0.0	0.45098954	0.28159004	0.3094429
DRB1*04:04	0.0	0.20814495	0.28179145	0.2734748
DRB3*01:01	0.0	0.0	0.274585	0.20252837
DQA1*01:03-DQB1*06:03	0.0	0.084686644	0.30608284	0.3049497
DRB1*11:01	0.0	0.38452584	0.30292314	0.25878417
DRB1*03:01	0.0	0.3704821	0.28295055	0.2519911
DRB1*11:01	0.0	0.2866544	0.36197373	0.3763369
DQA1*03:01-DQB1*03:02	0.0	0.084686644	0.28030905	0.26320875
DRB1*08:01	0.0	0.71020716	0.59907174	0.5713949
DRB1*07:01	0.0	0.0	0.28383842	0.21245933
DRB1*03:01	0.0	0.0	0.2822262	0.23866332
DQA1*05:01-DQB1*03:01	0.0	0.13757662	0.2746689	0.22372043
DQA1*05:01-DQB1*03:02	0.0	0.291246	0.27431366	0.20420255
DQA1*02:01-DQB1*03:03	0.0	0.084686644	0.27496567	0.22771654
DRB3*03:01	0.0	0.084686644	0.32723135	0.28294367
DRB1*04:04	0.0	0.22668768	0.2799139	0.29893854
DRB1*07:01	0.0	0.72312444	0.52425563	0.57940435
DRB1*14:54	0.0	0.3124111	0.31888404	0.31055188
DRB1*04:04	0.0	0.084686644	0.27532935	0.20184712
DRB1*14:54	0.0	0.6502526	0.522782	0.5910061
DRB4*01:03	0.0	0.20593953	0.3049286	0.35517853
DQA1*03:03-DQB1*04:02	0.0	0.084686644	0.2763372	0.18601586
DRB1*07:01	0.0	0.4775781	0.41901046	0.49590015
DRB1*08:02	0.0	0.4020903	0.29239705	0.3329097
DRB1*04:01	0.0	0.25484306	0.2769103	0.2212323
DRB5*01:01	0.0	0.65237737	0.42887488	0.5090593
DQA1*06:01-DQB1*04:02	0.0	0.6545521	0.5312452	0.5680061
DRB1*04:01	1.0	1.0	0.71601754	0.6240463
DRB1*07:01	0.0	0.0	0.33295685	0.33888555
DRB1*08:01	0.0	0.38126624	0.27420563	0.2032184
DRB1*15:01	0.0	0.15851821	0.30168384	0.29530245
DQA1*02:01-DQB1*04:02	0.0	0.6887833	0.6193424	0.58166707
DRB1*13:01	0.0	0.5338698	0.31865212	0.28853002
DRB1*03:01	0.0	0.5439395	0.40831167	0.4709983
DQA1*05:01-DQB1*03:03	0.0	0.5949985	0.29842556	0.36314747
DRB1*04:01	0.0	0.02062367	0.29522702	0.26466364
DRB1*15:01	1.0	1.0	0.3093731	0.2943921
DQA1*05:01-DQB1*02:01	0.0	0.0	0.29213023	0.2387622
DQA1*02:01-DQB1*03:01	0.0	0.63132477	0.27686808	0.19064978
DRB1*11:01	1.0	0.8984626	0.5017942	0.53370386
DRB1*14:54	0.0	0.3014649	0.30447453	0.28721058
DRB1*08:01	0.0	0.15535752	0.2806742	0.26236427
DQA1*02:01-DQB1*04:02	0.0	0.5537511	0.49661782	0.46615928
DRB1*03:01	0.0	0.05265516	0.506622	0.55302244
DRB3*01:01	0.0	0.7969252	0.6106624	0.5541033
DRB3*01:01	0.0	0.0	0.27787822	0.21454138
DRB1*15:01	0.0	0.0	0.31659895	0.38005564
DRB1*11:01	0.0	0.3261438	0.31605598	0.30375016
DQA1*05:01-DQB1*04:02	0.0	0.23286042	0.27442086	0.18610197
DRB5*01:01	0.0	0.7278651	0.51263916	0.570929
DRB1*04:04	0.0	0.4519676	0.39518917	0.40293363
DRB1*03:01	0.0	0.3185862	0.28159583	0.21849152
DQA1*02:01-DQB1*03:01	1.0	0.8984626	0.3052902	0.31505108
DRB3*01:01	0.0	0.0	0.2813605	0.13470776
DQA1*03:03-DQB1*04:02	0.0	0.084686644	0.27650523	0.19006649
DRB1*07:01	0.0	0.3588303	0.31050998	0.381924
DRB3*02:02	0.0	0.22701043	0.30013835	0.30156183
DRB1*14:54	0.0	0.46459037	0.3195347	0.38719603
DQA1*01:02-DQB1*05:01	0.0	0.5426191	0.29020748	0.30486292
DRB4*01:01	0.0	0.5716429	0.27804795	0.25738078
DRB3*01:01	0.0	0.02062367	0.40319577	0.37106663
DRB1*13:02	0.0	0.0	0.36602664	0.3948211
DRB1*01:01	1.0	1.0	0.72243756	0.569878
DRB3*02:02	0.0	0.3750729	0.37614948	0.37849402
DQA1*02:01-DQB1*04:02	0.0	0.28690132	0.46133503	0.45193613
DRB1*04:04	0.0	0.7437481	0.38052484	0.4390018
DRB5*01:01	0.0	0.284582	0.71121156	0.63149154
DQA1*06:01-DQB1*04:02	0.0	0.084686644	0.27433783	0.21315259
DRB1*09:01	0.0	0.3418301	0.28492197	0.31202555
DQA1*05:01-DQB1*03:02	0.0	0.084686644	0.2755481	0.20450956
DQA1*05:01-DQB1*03:03	0.0	0.084686644	0.27469873	0.19163914
DRB1*04:04	0.0	0.42041433	0.27550748	0.18557203
DRB3*03:01	0.0	0.69202656	0.40331802	0.5206164
DRB5*01:01	0.0	0.591596	0.33583754	0.27936244
DRB4*01:03	1.0	0.8078111	0.43231535	0.45279968
DRB3*02:02	0.0	0.084686644	0.3212966	0.31450474
DQA1*02:01-DQB1*03:01	0.0	0.591596	0.3051716	0.28134227
DRB1*08:02	0.0	0.24807702	0.28214183	0.28209233
DQA1*01:02-DQB1*05:01	0.0	0.084686644	0.2800858	0.23882021
DQA1*06:01-DQB1*04:02	0.0	0.44064572	0.27536124	0.20755398
DQB1*03:01	0.0	0.0	0.29456168	0.25824264
DRB3*01:01	0.0	0.0	0.27493694	0.20474863
DPA1*01:03-DPB1*04:01	0.0	0.0	0.28724435	0.20403424
DQA1*01:02-DQB1*05:01	0.0	0.51701903	0.31396946	0.24114537
DPA1*01:03-DPB1*03:01	0.0	0.5280915	0.29720783	0.35715616
DQA1*05:01-DQB1*03:02	0.0	0.084686644	0.2749095	0.21110041
DRB1*11:01	0.0	0.47161323	0.58989125	0.5155091
DRB1*01:01	0.0	0.0	0.37842646	0.42745304
DRB1*09:01	0.0	0.084686644	0.29675752	0.36119238
DRB3*02:02	0.0	0.084686644	0.28337666	0.21292156
DRB1*14:54	0.0	0.55675703	0.55289364	0.5875088
DRB1*13:02	0.0	0.0	0.59051615	0.5979332
DRB1*09:01	0.0	0.7629388	0.31781736	0.36936462
DRB1*07:01	0.0	0.0	0.39598367	0.38137048
DRB1*07:01	0.0	0.35100552	0.29575905	0.3190532
DPA1*03:01-DPB1*04:02	0.0	0.0	0.28767905	0.24315
DRB3*01:01	0.0	0.18704098	0.2970262	0.3791778
DRB1*01:01	0.0	0.68565	0.3643758	0.36462402
DQA1*02:01-DQB1*03:01	0.0	0.29146218	0.27468237	0.20098248
DRB1*11:01	0.0	0.084686644	0.44450685	0.530432
DRB1*09:01	0.0	0.6263277	0.2905434	0.36429542
DRB1*14:54	0.0	0.2465733	0.29907665	0.22736134
DRB1*01:01	0.0	0.37038034	0.6559785	0.5317719
DRB1*04:04	0.0	0.3983002	0.2792469	0.23319302
DRB5*01:01	0.0	0.43999562	0.3677982	0.35400498
DRB1*01:01	0.0	0.220519	0.4000855	0.48535454
DRB3*01:01	0.0	0.0	0.2765537	0.19613308
DPA1*01:03-DPB1*02:01	0.0	0.0	0.28580728	0.291506
DQA1*01:02-DQB1*05:01	0.0	0.66380215	0.68768024	0.6312785
DQA1*05:01-DQB1*03:03	0.0	0.349777	0.3068056	0.3624005
DRB1*07:01	0.0	0.7871874	0.7219565	0.64317447
DRB4*01:01	0.0	0.084686644	0.27737722	0.2753675
DRB3*02:02	0.0	0.6231404	0.30128354	0.32423037
DQA1*05:01-DQB1*03:03	0.0	0.61138827	0.37525707	0.4164593
DQA1*03:03-DQB1*04:02	0.0	0.084686644	0.601921	0.5903554
DRB4*01:01	0.0	0.32837558	0.2858791	0.29022443
DRB1*08:01	0.0	0.16352041	0.27460068	0.17174575
DRB5*01:01	0.0	0.34303236	0.35208336	0.36759895
DRB1*01:01	0.0	0.11127518	0.33268693	0.36079603
DRB1*07:01	0.0	0.25085256	0.35435778	0.38469306
DRB1*08:01	0.0	0.25228637	0.27749532	0.18359531
DRB1*07:01	0.0	0.06332653	0.29260308	0.2802629
DPA1*02:01-DPB1*14:01	0.0	0.5231829	0.31621405	0.3198633
DRB1*12:01	0.0	0.0	0.2981563	0.24787237
DRB1*09:01	0.0	0.0848115	0.2748574	0.2034246
DRB1*09:01	0.0	0.7703366	0.49656668	0.51567835
DRB1*04:05	0.0	0.34969568	0.2810903	0.32798475
DRB4*01:01	0.0	0.084686644	0.2754866	0.21789779
DRB3*02:02	0.0	0.084686644	0.28741372	0.26125708
DRB1*08:02	0.0	0.0	0.40756056	0.37705794
DRB1*11:01	0.0	0.49095374	0.34593055	0.40131238
DPB1*01:01	0.0	0.29749924	0.66408294	0.57663375
DRB3*03:01	0.0	0.24641363	0.312756	0.2242428
DQA1*05:01-DQB1*03:03	0.0	0.3394715	0.27904847	0.2937407
DRB1*13:01	0.0	0.77837855	0.3420326	0.33323184
DRB1*04:05	0.0	0.32818216	0.55175877	0.5641126
DRB3*02:02	0.0	0.42525622	0.29161003	0.32594597
DRB1*09:01	0.0	0.46487257	0.28123945	0.27398098
DRB1*04:04	1.0	0.87187403	0.6796222	0.61242497
DQA1*05:01-DQB1*03:03	0.0	0.3782283	0.2785382	0.27102816
DRB3*02:02	0.0	0.43892217	0.29683515	0.25206465
DRB1*03:01	0.0	0.0	0.28257096	0.26044607
DRB1*11:01	0.0	0.14735536	0.3360241	0.28464404
DRB4*01:03	0.0	0.7703366	0.42362848	0.47922906
DRB3*02:02	1.0	0.93593705	0.4697627	0.5439457
DRB1*14:54	0.0	0.53151494	0.2887703	0.20065233
DRB1*09:01	0.0	0.3345817	0.2749524	0.2090503
DQA1*05:01-DQB1*02:01	0.0	0.0	0.28047967	0.2100443
DRB4*01:03	1.0	1.0	0.7173615	0.6632947
DRB1*04:05	0.0	0.7969252	0.27587557	0.21322246
DRB1*04:01	0.0	0.2300564	0.2803199	0.22219026
DRB5*01:01	0.0	0.44086346	0.38919243	0.4055828
DRB1*03:01	0.0	0.0	0.2796197	0.20060897
DRB3*03:01	0.0	0.5205645	0.4015893	0.43122882
DRB5*01:01	0.0	0.58618957	0.3362895	0.31471935
DRB1*13:01	0.0	0.0	0.31484008	0.2734917
DRB3*02:02	0.0	0.0	0.30150774	0.31409574
DRB1*04:04	0.0	0.53446805	0.27675876	0.22671996
DQA1*01:01-DQB1*05:01	0.0	0.0	0.28442204	0.23284596
DRB1*11:01	0.0	0.31835425	0.28513065	0.18011269
DRB1*01:01	0.0	0.60473627	0.6282179	0.6466551
DRB3*03:01	0.0	0.5426191	0.38200283	0.4279086
DRB3*03:01	0.0	0.7278651	0.4250966	0.45837292
DRB1*13:02	0.0	0.74971294	0.30859122	0.3418493
DRB1*01:01	0.0	0.0	0.2910366	0.197914
DRB1*08:02	1.0	0.8391403	0.49636668	0.48641223
DRB1*07:01	0.0	0.27335736	0.29989386	0.31264567
DRB1*13:01	0.0	0.4415197	0.33832645	0.3334819
DRB1*03:01	0.0	0.5487152	0.28402224	0.22366494
DRB1*13:01	0.0	0.084686644	0.31652397	0.25419086
DRB1*09:01	0.0	0.37369263	0.28381607	0.26835984
DRB3*02:02	0.0	0.084686644	0.29700226	0.31889474
DRB5*01:01	0.0	0.5872459	0.33269042	0.30239117
DRB5*01:01	0.0	0.47921395	0.3532988	0.38503695
DRB1*03:01	0.0	0.0	0.39966565	0.46290994
DQA1*06:01-DQB1*04:02	0.0	0.27555415	0.2751941	0.26209486
DQA1*05:01-DQB1*03:03	0.0	0.49501443	0.57443804	0.5717753
DRB1*11:01	0.0	0.31214	0.34764102	0.32798594
DRB3*01:01	0.0	0.2531975	0.27548525	0.1873054
DQA1*01:01-DQB1*05:01	0.0	0.021971729	0.30054337	0.32752317
DRB1*08:01	0.0	0.4276812	0.27633634	0.25291532
DRB1*09:01	0.0	0.084686644	0.27592054	0.23857056
DRB1*01:01	0.0	0.68565	0.4983539	0.38487917
DRB4*01:03	1.0	0.8078111	0.3771379	0.44599807
DRB1*09:01	0.0	0.7328622	0.27835244	0.25070512
DRB1*07:01	0.0	0.02062367	0.30319697	0.2363446
DRB5*01:01	0.0	0.084686644	0.3766962	0.5116373
DRB3*01:01	0.0	0.0	0.4839631	0.45208958
DRB1*15:01	0.0	0.47628996	0.3586444	0.3220471
DRB1*09:01	0.0	0.367519	0.3315736	0.3707396
DRB1*03:01	0.0	0.35608965	0.28624558	0.28582644
DRB1*13:01	0.0	0.3701772	0.32063663	0.27632248
DRB1*08:01	0.0	0.09528072	0.29710728	0.28781903
DRB4*01:01	0.0	0.33759844	0.28385553	0.3017897
DRB1*07:01	0.0	0.5753037	0.30315736	0.3516378
DRB3*03:01	0.0	0.31311977	0.31449106	0.22830014
DQA1*01:02-DQB1*05:01	0.0	0.738145	0.33201995	0.38218492
DRB1*07:01	0.0	0.11127518	0.66265404	0.57518744
DRB1*12:01	0.0	0.0	0.4678209	0.42326638
DRB1*08:01	0.0	0.58108205	0.275342	0.26397464
DRB1*11:01	0.0	0.3425797	0.45484352	0.47386444
DRB1*01:01	0.0	0.23311335	0.328815	0.29545286
DPA1*02:01-DPB1*05:01	0.0	0.2108918	0.31371766	0.40434423
DRB1*04:01	0.0	0.50192404	0.5097004	0.54661405
DRB3*01:01	0.0	0.084686644	0.49013284	0.43507177
DRB1*13:01	0.0	0.35784847	0.37847593	0.34811977
DRB1*04:05	0.0	0.22316858	0.28318244	0.2854894
DRB3*02:02	0.0	0.5781477	0.6093813	0.57825774
DRB1*04:04	0.0	0.34864494	0.2758863	0.2172994
DQA1*05:01-DQB1*03:03	0.0	0.29008722	0.276477	0.20560771
DRB1*04:02	0.0	0.5997392	0.28076565	0.22814375
DRB1*07:01	0.0	0.7328622	0.6257621	0.59955525
DQA1*01:01-DQB1*05:01	0.0	0.0	0.27917036	0.22321226
DQA1*06:01-DQB1*04:02	0.0	0.084686644	0.27957004	0.30002165
DPA1*01:03-DPB1*04:01	0.0	0.0	0.29357037	0.25203025
DPB1*14:01	0.0	0.0	0.28811842	0.2858993
DRB1*11:01	0.0	0.46515563	0.30559507	0.27266562
DRB1*07:01	0.0	0.30780354	0.29067534	0.23482117
DRB1*04:01	0.0	0.5369004	0.54548717	0.52725756
DRB3*01:01	0.0	0.084686644	0.32252634	0.31837296
DQA1*02:01-DQB1*03:01	0.0	0.084686644	0.27613488	0.20766869
DRB1*15:01	0.0	0.51031184	0.29596588	0.28619683
DRB1*14:54	0.0	0.084686644	0.31960624	0.30229536
DRB3*03:01	0.0	0.23054744	0.34745103	0.33065522
DQA1*01:01-DQB1*05:01	0.0	0.0	0.27465615	0.21892661
DRB1*08:01	0.0	0.084686644	0.28171307	0.2846327
DRB1*04:01	0.0	0.037289776	0.64324063	0.5637708
DRB1*07:01	0.0	0.15545684	0.30077496	0.37560827
DRB3*02:02	0.0	0.2792345	0.29311803	0.22765501
DRB3*03:01	0.0	0.5253324	0.33915767	0.32897383
DRB1*04:01	0.0	0.0	0.28538144	0.27564183
DQA1*02:01-DQB1*04:02	0.0	0.39153937	0.27990437	0.26377368
DRB1*04:01	0.0	0.4759707	0.27568123	0.1780846
DRB1*14:54	0.0	0.59271634	0.3962963	0.44969437
DRB4*01:03	0.0	0.5426191	0.29992682	0.3341309
DPB1*03:01	0.0	0.29749924	0.2791837	0.2921742
DPA1*01:03-DPB1*04:01	0.0	0.1740532	0.28084323	0.24351537
DRB3*01:01	0.0	0.0	0.27480438	0.21337375
DRB1*07:01	0.0	0.35530898	0.30535805	0.34657857
DRB1*09:01	0.0	0.27321512	0.27581212	0.20421906
DQA1*05:01-DQB1*03:03	0.0	0.27915868	0.2741548	0.19914071
DRB1*11:01	0.0	0.5949985	0.3024734	0.21191974
DQA1*06:01-DQB1*04:02	0.0	0.4829181	0.5353428	0.52992105
DRB1*01:01	0.0	0.68565	0.29112202	0.18396622
DQA1*02:01-DQB1*03:01	0.0	0.44858882	0.5860243	0.54332775
DRB1*13:02	0.0	0.20626613	0.72112775	0.62211365
DRB1*11:01	0.0	0.3752871	0.3219492	0.30743593
DPA1*03:01-DPB1*04:02	0.0	0.028282372	0.29128918	0.32284495
DRB1*07:01	0.0	0.44906402	0.3154504	0.32561198
DPA1*02:01-DPB1*05:01	0.0	0.0	0.2930047	0.29677913
DRB1*04:01	0.0	0.31748968	0.5030151	0.50758886
DQA1*02:01-DQB1*04:02	0.0	0.4439667	0.4197167	0.44020534
DPA1*01:03-DPB1*04:01	0.0	0.0	0.3058029	0.27581805
DRB1*01:01	0.0	0.68565	0.31952143	0.38119483
DRB1*14:54	0.0	0.25411773	0.29029822	0.21599682
DQA1*01:02-DQB1*06:02	0.0	0.38005185	0.42425588	0.38700545
DQA1*02:01-DQB1*03:01	0.0	0.4439667	0.28122008	0.24969532
DRB1*09:01	0.0	0.1630553	0.2753591	0.18760237
DRB1*09:01	0.0	0.6687992	0.34380487	0.38123125
DRB1*08:01	0.0	0.32476804	0.27521047	0.21013466
DPA1*02:01-DPB1*01:01	0.0	0.0	0.27955407	0.21212977
DQA1*02:01-DQB1*03:01	0.0	0.4942345	0.2754768	0.21288878
DRB4*01:03	0.0	0.48606324	0.29730222	0.35358799
DRB1*11:01	0.0	0.44717774	0.4918602	0.5185094
DRB1*08:01	0.0	0.36073413	0.30147606	0.33643234
DRB1*11:01	0.0	0.0	0.3031312	0.25900483
DRB1*01:01	0.0	0.7629388	0.5014009	0.51546776
DRB5*01:01	0.0	0.71861506	0.39951232	0.43710226
DRB3*01:01	0.0	0.36137757	0.34765354	0.3230677
DQA1*05:01-DQB1*04:02	0.0	0.40010568	0.2750921	0.18116185
DQA1*01:02-DQB1*05:01	0.0	0.4183412	0.28816056	0.29269925
DQA1*02:01-DQB1*03:03	0.0	0.37348208	0.27481604	0.24120906
DRB1*11:01	0.0	0.39625987	0.31351575	0.2785955
DRB1*01:01	0.0	0.23343627	0.31151292	0.29349846
DQA1*01:02-DQB1*05:01	0.0	0.084686644	0.29211968	0.28776255
DQA1*02:01-DQB1*03:03	0.0	0.6263277	0.3901246	0.34382397
DRB3*01:01	0.0	0.321956	0.47892046	0.46043417
DRB3*03:01	1.0	0.8078111	0.7103435	0.6848649
DPA1*02:01-DPB1*05:01	0.0	0.0	0.3186749	0.39776492
DQA1*03:03-DQB1*04:02	0.0	0.34720954	0.27458677	0.18167235
DRB3*02:02	0.0	0.5027719	0.2895426	0.23723018
DRB1*03:01	0.0	0.084686644	0.28182894	0.20815498
DRB4*01:03	0.0	0.72312444	0.41643152	0.4217399
DQA1*02:01-DQB1*04:02	0.0	0.5242514	0.2888116	0.24909538
DQA1*05:01-DQB1*02:01	0.0	0.0	0.35082385	0.2924698
DPB1*02:01	0.0	0.0	0.28217053	0.23719397
DRB1*04:01	0.0	0.36082578	0.282124	0.26802492
DQA1*03:03-DQB1*04:02	0.0	0.42006555	0.3751871	0.37084168
DQA1*05:01-DQB1*03:02	0.0	0.5107751	0.27615115	0.26394737
DRB3*03:01	0.0	0.6502526	0.713462	0.6790615
DPA1*01:03-DPB1*04:01	0.0	0.0	0.2813583	0.2487613
DRB1*01:01	0.0	0.3321969	0.31302705	0.33260897
DQA1*05:01-DQB1*03:03	0.0	0.345874	0.27430704	0.22008201
DRB1*04:05	0.0	0.44858882	0.36677027	0.3800965
DRB1*11:01	0.0	0.0	0.29950777	0.2473543
DRB1*03:01	0.0	0.2350915	0.38162798	0.37596557
DQA1*03:03-DQB1*04:02	0.0	0.1543799	0.2762205	0.15438172
DRB3*01:01	0.0	0.23039082	0.5864049	0.5693271
DRB3*02:02	0.0	0.45496538	0.29078907	0.26103795
DRB1*07:01	0.0	0.53939843	0.2962242	0.32839373
DQA1*03:01-DQB1*03:02	0.0	0.084686644	0.29732522	0.28989646
DRB1*13:01	0.0	0.39153937	0.3256644	0.30912858
DRB1*04:05	0.0	0.4234332	0.33602428	0.3994274
DQA1*01:03-DQB1*06:03	0.0	0.084686644	0.27452472	0.19410658
DRB1*15:01	0.0	0.27687556	0.31692773	0.33308834
DQA1*05:01-DQB1*03:02	0.0	0.084686644	0.3176606	0.29431754
DRB1*04:01	0.0	0.19428274	0.3580615	0.45718384
DRB1*01:01	1.0	0.9911911	0.36461246	0.37476492
DRB4*01:01	0.0	0.084686644	0.27530807	0.17836383
DRB1*11:01	0.0	0.084686644	0.32114008	0.3166987
DRB1*08:01	0.0	0.45002177	0.53657687	0.5361892
DRB1*07:01	0.0	0.20840894	0.32506827	0.3317803
DRB1*11:01	0.0	0.084686644	0.48642424	0.47707173
DQA1*03:01-DQB1*03:01	0.0	0.084686644	0.2803779	0.22424528
DRB1*03:01	0.0	0.0	0.44077238	0.39767247
DPA1*02:01-DPB1*01:01	0.0	0.26561254	0.3546461	0.39692247
DRB1*09:01	0.0	0.4081603	0.2805733	0.24737169
DRB1*15:01	0.0	0.5350701	0.31791016	0.34112024
DRB3*01:01	0.0	0.549418	0.2762946	0.27518672
DRB1*07:01	0.0	0.4293981	0.5868222	0.56929284
DQA1*06:01-DQB1*04:02	0.0	0.30535647	0.27652085	0.22829393
DRB4*01:03	0.0	0.62796354	0.3103628	0.39648685
DRB1*03:01	0.0	0.5066869	0.4668487	0.4796504
DRB3*01:01	0.0	0.5753037	0.27499157	0.19401918
DRB5*01:01	0.0	0.0	0.32016572	0.2119351
DRB1*09:01	1.0	0.87187403	0.38740572	0.44790927
DRB1*04:04	0.0	0.31176177	0.2973829	0.23681794
DRB3*01:01	0.0	0.084686644	0.27456185	0.2356625
DQA1*02:01-DQB1*03:01	0.0	0.084686644	0.2755642	0.17221822
DQA1*02:01-DQB1*04:02	0.0	0.28995934	0.27435362	0.2184815
DRB1*03:01	0.0	0.20530678	0.27935466	0.19483869
DQA1*02:01-DQB1*04:02	0.0	0.27934834	0.29935625	0.2996236
DRB1*03:01	0.0	0.47222328	0.490672	0.5209904
DRB4*01:01	0.0	0.0	0.27926695	0.26571792
DRB1*13:01	0.0	0.37593263	0.31256709	0.26759046
DRB1*13:02	0.0	0.27194467	0.3073775	0.33847994
DQA1*06:01-DQB1*04:02	0.0	0.084686644	0.27530107	0.2015147
DRB1*07:01	0.0	0.55514234	0.33948055	0.4202375
DRB1*13:02	0.0	0.0	0.29005218	0.23006704
DRB3*02:02	0.0	0.72312444	0.3150225	0.3435775
DRB1*13:02	0.0	0.098299	0.30664712	0.3326763
DRB3*03:01	0.0	0.5253324	0.66105884	0.63010144
DQA1*03:03-DQB1*04:02	0.0	0.41664842	0.29847154	0.37096265
DRB1*03:01	0.0	0.084686644	0.37952137	0.4157251
DRB1*04:04	0.0	0.084686644	0.27492043	0.19155926
DRB3*01:01	0.0	0.084686644	0.2896011	0.30758435
DRB1*07:01	0.0	0.3587406	0.4477503	0.5479539
DRB1*15:01	0.0	0.6502526	0.33656776	0.35583544
DQA1*05:01-DQB1*04:02	0.0	0.084686644	0.27744147	0.18597066
DRB1*08:01	0.0	0.50492644	0.28135243	0.1437719
DPB1*14:01	0.0	0.0	0.2829735	0.2059019
DRB1*04:05	0.0	0.5053634	0.4233173	0.30887115
DRB1*08:01	0.0	0.0	0.2951582	0.28695023
DQA1*05:01-DQB1*03:02	0.0	0.16988303	0.2963423	0.29397154
DQA1*01:03-DQB1*06:03	0.0	0.084686644	0.27499318	0.190041
DRB1*01:01	0.0	0.1353514	0.29907823	0.23906614
DRB1*07:01	0.0	0.4349531	0.29250064	0.30034566
DQA1*01:01-DQB1*05:01	0.0	0.15692808	0.5208921	0.54197264
DRB1*08:01	0.0	0.7629388	0.5541575	0.56095797
DRB1*08:01	0.0	0.45320487	0.27430984	0.22091766
DRB1*01:01	0.0	0.0	0.44669876	0.43712217
DRB3*03:01	0.0	0.37517992	0.345872	0.27464297
DRB3*02:02	0.0	0.0	0.29704106	0.23673126
DRB3*03:01	0.0	0.47693178	0.4049057	0.3900544
DRB1*11:01	0.0	0.0	0.31635126	0.32051662
DRB1*04:01	0.0	0.27149016	0.2822665	0.25459176
DRB3*01:01	0.0	0.40123454	0.2832676	0.28026363
DRB1*03:01	0.0	0.0	0.38259333	0.40985984
DRB1*14:54	0.0	0.43935007	0.3722789	0.3801758
DRB1*13:02	0.0	0.0	0.29473433	0.25399897
DRB1*11:01	0.0	0.69202656	0.41650572	0.44169056
DRB1*08:01	0.0	0.45676005	0.2911705	0.3303864
DQA1*05:01-DQB1*03:03	0.0	0.084686644	0.29962185	0.29261768
DRB1*04:04	0.0	0.26042616	0.28446501	0.2765066
DRB1*13:02	0.0	0.0	0.7183078	0.61022806
DQA1*05:01-DQB1*03:02	0.0	0.4351578	0.2743389	0.19452392
DRB4*01:01	0.0	0.0	0.2761941	0.22790153
DRB5*01:01	0.0	0.61562216	0.41753438	0.41314375
DRB1*04:04	0.0	0.23045792	0.2788001	0.25799084
DQA1*01:01-DQB1*05:01	0.0	0.36018214	0.53008723	0.53075475
DQA1*01:02-DQB1*05:01	0.0	0.68261945	0.28810102	0.2658892
DRB1*01:01	0.0	0.70250076	0.30541068	0.2752304
DRB1*07:01	0.0	0.5841126	0.30521294	0.31206518
DRB1*08:02	0.0	0.33430603	0.2823702	0.27423367
DRB1*08:02	0.0	0.0	0.27566576	0.19783677
DQA1*02:01-DQB1*03:03	0.0	0.3909024	0.27418223	0.23319957
DQA1*02:01-DQB1*03:03	0.0	0.6127781	0.29502174	0.35927975
DRB1*07:01	0.0	0.6461442	0.72236836	0.5999564
DRB1*11:01	0.0	0.47822896	0.3605973	0.3953331
DRB1*11:01	0.0	0.62472034	0.3842053	0.34904543
DRB1*04:05	0.0	0.1708288	0.2765956	0.19387811
DQA1*01:03-DQB1*06:03	0.0	0.40559492	0.28062087	0.28499532
DRB1*03:01	0.0	0.2969923	0.28046682	0.22865155
DQA1*02:01-DQB1*03:03	0.0	0.640305	0.29256436	0.28776458
DRB1*07:01	0.0	0.36156222	0.2998239	0.3659683
DRB4*01:01	0.0	0.5066869	0.3105507	0.28195044
DRB1*13:01	0.0	0.12871936	0.3096737	0.22391775
DRB1*04:04	0.0	0.23108649	0.29824662	0.26377317
DQA1*05:01-DQB1*03:01	0.0	0.18782757	0.27570215	0.2274092
DRB1*13:02	0.0	0.084686644	0.29762968	0.2947163
DRB1*04:01	0.0	0.0	0.27894825	0.2382964
DRB1*04:05	0.0	0.12460774	0.6116392	0.5657834
DRB3*02:02	0.0	0.4186835	0.32149187	0.31767547
DQA1*05:01-DQB1*04:02	0.0	0.32671255	0.27786526	0.1895129
DRB3*03:01	0.0	0.19820704	0.3436486	0.3174265
DQA1*06:01-DQB1*04:02	0.0	0.084686644	0.27944016	0.16830505
DRB4*01:03	1.0	0.93593705	0.41292122	0.47279322
DRB1*03:01	0.0	0.23074922	0.7140674	0.62819546
DRB1*15:01	0.0	0.4658957	0.3898387	0.48756093
DRB4*01:03	0.0	0.5027719	0.3388574	0.36211348
DQA1*05:01-DQB1*03:02	0.0	0.18263026	0.27483076	0.22080244
DRB1*12:01	0.0	0.02062367	0.27459824	0.19183993
DQA1*05:01-DQB1*03:01	0.0	0.58831435	0.28540412	0.34535766
DPA1*02:01-DPB1*05:01	0.0	0.0	0.31948525	0.4452985
DRB1*09:01	0.0	0.6662669	0.27474815	0.21494472
DRB1*04:05	0.0	0.49080396	0.34165314	0.37329102
DRB1*12:01	0.0	0.084686644	0.32694975	0.35023743
DRB1*08:01	0.0	0.4460181	0.2824927	0.20382717
DQA1*05:01-DQB1*03:02	0.0	0.41270792	0.27794138	0.27873766
DRB1*13:01	0.0	0.21768959	0.3310844	0.3447038
DQA1*05:01-DQB1*03:01	0.0	0.32439637	0.3496906	0.37891582
DRB4*01:01	0.0	0.084686644	0.2822841	0.296113
DRB1*08:01	0.0	0.63132477	0.59138024	0.58758986
DRB1*13:02	0.0	0.0	0.30964267	0.4399143
DRB1*01:01	0.0	0.4795446	0.33084273	0.34716937
DQA1*01:02-DQB1*05:01	0.0	0.084686644	0.27741516	0.21052095
DQA1*01:02-DQB1*05:01	0.0	0.2792724	0.28529626	0.24743117
DPA1*02:01-DPB1*05:01	0.0	0.23815264	0.5770094	0.60995257
DRB1*03:01	0.0	0.084686644	0.28797123	0.2537859
DRB1*09:01	0.0	0.5872459	0.2839596	0.32622343
DQA1*05:01-DQB1*04:02	0.0	0.45026276	0.27807993	0.22730488
DPA1*02:01-DPB1*01:01	0.0	0.0	0.27540392	0.17585362
DRB1*08:02	0.0	0.0	0.2773961	0.21188192
DRB1*04:03	0.0	0.0	0.2818758	0.23094839
DRB1*13:01	0.0	0.557524	0.49085718	0.49309403
DRB1*04:01	0.0	0.0	0.2847798	0.24967523
DRB1*01:01	0.0	0.3464373	0.35351488	0.38564807
DRB3*03:01	0.0	0.23749845	0.3365901	0.28663924
DRB1*07:01	0.0	0.307237	0.29311788	0.24410343
DRB1*13:01	0.0	0.0	0.32974365	0.29518312
DQA1*05:01-DQB1*03:02	0.0	0.37078795	0.28029567	0.14970103
DQA1*05:01-DQB1*03:02	0.0	0.42692825	0.27464288	0.2078414
DRB1*15:01	0.0	0.4349531	0.3282815	0.34163094
DQA1*02:01-DQB1*04:02	0.0	0.34486562	0.27451053	0.21039267
DRB1*01:01	0.0	0.598531	0.4319454	0.49746323
DRB5*01:01	0.0	0.33939874	0.4038838	0.51135945
DRB1*08:02	0.0	0.58514524	0.6098692	0.6077697
DQA1*05:01-DQB1*03:02	0.0	0.2576525	0.28832972	0.35581562
DQA1*02:01-DQB1*04:02	0.0	0.412387	0.27468002	0.17633739
DRB3*02:02	0.0	0.11433839	0.4682555	0.47954747
DQA1*06:01-DQB1*04:02	0.0	0.23077166	0.28200516	0.28930724
DRB3*02:02	0.0	0.3201081	0.2777408	0.18296665
DRB4*01:01	0.0	0.43233243	0.5782612	0.5579331
DQA1*01:02-DQB1*05:01	0.0	0.52642614	0.27884984	0.20554416
DRB4*01:01	0.0	0.0	0.27787998	0.27323806
DRB1*04:01	0.0	0.5326849	0.29275492	0.29334864
DRB1*15:01	0.0	0.79795784	0.4643487	0.4964277
DRB3*03:01	0.0	0.64817554	0.7192299	0.6279389
DRB1*03:01	0.0	0.0	0.2816424	0.24620011
DRB1*04:04	0.0	0.0	0.34940943	0.26214424
DQA1*05:01-DQB1*03:02	0.0	0.58514524	0.274468	0.20506757
DRB1*12:01	0.0	0.0	0.27512294	0.17521076
DRB1*07:01	0.0	0.7703366	0.3094762	0.3637745
DRB1*04:04	0.0	0.22914724	0.27467477	0.1917367
DQA1*01:02-DQB1*05:01	0.0	0.474078	0.3824637	0.31831273
DRB1*08:02	0.0	0.0	0.34842056	0.3586666
DRB4*01:03	0.0	0.084686644	0.29462773	0.2783635
DRB5*01:01	1.0	0.93593705	0.7184181	0.69651854
DRB1*15:01	1.0	0.85125035	0.42880931	0.5107767
DRB1*08:01	0.0	0.6796851	0.2761123	0.2768937
DQA1*02:01-DQB1*03:03	0.0	0.559864	0.27485338	0.19281796
DRB1*08:01	0.0	0.68261945	0.60607576	0.5473593
DRB1*08:01	0.0	0.084686644	0.27625573	0.18757045
DRB4*01:01	0.0	0.29749924	0.27799585	0.1622535
DRB3*02:02	0.0	0.0	0.31385657	0.34893897
DRB1*08:01	0.0	0.167001	0.28574368	0.13386577
DRB4*01:03	0.0	0.34961444	0.41587928	0.41819724
DRB3*03:01	0.0	0.60220397	0.31381756	0.22613513
DRB1*03:01	0.0	0.5338698	0.2773191	0.19970259
DPA1*01:03-DPB1*03:01	0.0	0.68565	0.43781486	0.48906755
DRB1*13:01	0.0	0.6502526	0.4189352	0.43931586
DRB1*04:04	0.0	0.3616547	0.3250032	0.36790505
DRB4*01:03	0.0	0.5530147	0.7024399	0.6399826
DQA1*05:01-DQB1*03:02	0.0	0.084686644	0.2758627	0.2446164
DRB1*01:01	0.0	0.18171471	0.34019938	0.27968603
DRB1*13:01	0.0	0.6953878	0.71918046	0.67546225
DRB5*01:01	0.0	0.084686644	0.36023408	0.36895928
DQA1*02:01-DQB1*03:01	0.0	0.64817554	0.2760825	0.22333671
DRB1*07:01	0.0	0.62158704	0.31581557	0.3599319
DQA1*05:01-DQB1*03:03	0.0	0.28923813	0.27467787	0.18305795
DPA1*02:01-DPB1*05:01	0.0	0.03905256	0.29119483	0.3348657
DRB1*04:04	0.0	0.44064572	0.35445237	0.38861883
DRB1*07:01	0.0	0.7871874	0.29577297	0.3171153
DQA1*02:01-DQB1*03:01	0.0	0.33321145	0.27551556	0.2121998
DRB3*01:01	0.0	0.42655408	0.27442524	0.19752505
DQA1*05:01-DQB1*04:02	0.0	0.71861506	0.36194798	0.3791508
DRB3*01:01	0.0	0.060438067	0.27457035	0.21444555
DRB1*07:01	0.0	0.084686644	0.2902733	0.24846272
DQA1*01:02-DQB1*05:01	0.0	0.084686644	0.29464832	0.28177333
DRB1*09:01	0.0	0.6348129	0.5809511	0.61466885
DRB4*01:03	0.0	0.43173805	0.2952235	0.31329668
DRB1*08:01	0.0	0.44042853	0.57413703	0.5636101
DRB3*02:02	0.0	0.37582475	0.43563887	0.42834902
DPA1*03:01-DPB1*04:02	0.0	0.0	0.3214735	0.4412311
DRB1*15:01	0.0	0.0	0.33359048	0.3438233
DQA1*02:01-DQB1*03:03	0.0	0.34295675	0.38913873	0.36498693
DRB1*03:01	0.0	0.0	0.38676754	0.29876545
DRB1*14:54	0.0	0.084686644	0.28859895	0.19429699
DQA1*02:01-DQB1*03:01	0.0	0.5292186	0.2745134	0.19470349
DRB1*04:04	0.0	0.084686644	0.27672708	0.201053
DRB3*02:02	0.0	0.084686644	0.4861613	0.537446
DRB1*04:01	0.0	0.0	0.2842748	0.30835685
DQA1*05:01-DQB1*03:02	0.0	0.23648992	0.27516282	0.17755228
DRB1*15:01	0.0	0.06935401	0.29000822	0.21522138
DRB3*01:01	0.0	0.3321969	0.27437973	0.2243976
DRB1*08:01	0.0	0.30074415	0.53561616	0.52456164
DRB1*13:01	1.0	0.8984626	0.46364415	0.5346204
DPA1*02:01-DPB1*14:01	0.0	0.36916822	0.40165177	0.42407182
DRB1*01:01	0.0	0.53398913	0.34464294	0.3986364
DRB1*07:01	0.0	0.24159585	0.38189173	0.38154283
DQA1*05:01-DQB1*03:03	0.0	0.35714093	0.31024045	0.2980961
DRB1*04:01	0.0	0.0	0.28353792	0.23909704
DRB3*02:02	0.0	0.41515097	0.3968429	0.3365669
DQA1*05:01-DQB1*04:02	0.0	0.084686644	0.275087	0.1780279
DQA1*05:01-DQB1*02:01	0.0	0.0	0.27621055	0.21135329
DRB5*01:01	0.0	0.6384378	0.71259195	0.68829596
DQA1*05:01-DQB1*04:02	0.0	0.72312444	0.2798174	0.2528178
DRB5*01:01	0.0	0.7560895	0.70719576	0.6844825
DRB1*03:01	0.0	0.02062367	0.45158595	0.4078192
DQA1*02:01-DQB1*03:03	0.0	0.084686644	0.27735075	0.17265043
DRB1*01:01	0.0	0.47932294	0.71545833	0.63557726
DRB1*07:01	0.0	0.6200593	0.7078686	0.67611134
DPB1*14:01	0.0	0.0	0.30654424	0.3295991
DRB1*08:01	0.0	0.30994636	0.279669	0.3129298
DRB1*15:01	0.0	0.0	0.72071165	0.6168815
DRB1*13:01	0.0	0.6714029	0.31741875	0.3054821
DQA1*01:01-DQB1*05:01	0.0	0.0	0.54298353	0.46613944
DQA1*05:01-DQB1*02:01	0.0	0.029256426	0.30574962	0.34266365
DRB1*15:01	0.0	0.6687992	0.35698125	0.38751692
DRB1*13:02	0.0	0.084686644	0.29659888	0.25333318
DRB1*14:54	1.0	0.85125035	0.34488106	0.40510443
DRB1*10:01	0.0	0.47439077	0.31954494	0.30324057
DRB1*14:54	0.0	0.58618957	0.4680845	0.5134934
DQA1*01:03-DQB1*06:03	0.0	0.084686644	0.2863118	0.37419695
DRB1*01:01	0.0	0.1664285	0.33879337	0.3900888
DRB1*01:01	0.0	0.084686644	0.2992477	0.18274957
DQA1*03:03-DQB1*04:02	0.0	0.084686644	0.2774479	0.18510762
DRB3*03:01	0.0	0.44351694	0.4241234	0.45360237
DPA1*01:03-DPB1*04:01	0.0	0.0	0.27532858	0.15646605
DRB1*04:01	0.0	0.05227777	0.3814716	0.42750227
DRB1*14:54	0.0	0.6200593	0.3251015	0.35591784
DRB1*14:54	0.0	0.4871359	0.28899965	0.21206412
DQA1*06:01-DQB1*04:02	0.0	0.5369004	0.2790024	0.23224366
DRB3*03:01	0.0	0.5237156	0.36106175	0.37832963
DRB1*04:04	0.0	0.0	0.27470022	0.18690187
DRB1*14:54	0.0	0.4097033	0.32822037	0.33621666
DRB1*11:01	0.0	0.1562854	0.38061008	0.37354952
DRB1*11:01	0.0	0.0	0.38118502	0.42282823
DRB4*01:01	0.0	0.5084816	0.29352412	0.35896975
DRB4*01:03	0.0	0.59271634	0.7135795	0.6211043
DRB1*01:01	0.0	0.72312444	0.46711916	0.4766657
DRB1*08:01	0.0	0.38500103	0.35082906	0.3173259
DQA1*05:01-DQB1*03:03	0.0	0.3674778	0.2751324	0.17037079
DRB1*07:01	0.0	0.4169845	0.28681248	0.24572742
DRB1*11:01	0.0	0.591596	0.31829396	0.36771622
DRB1*04:01	0.0	0.0	0.34865224	0.33509764
DQA1*05:01-DQB1*04:02	0.0	0.55599636	0.28078532	0.14991252
DRB1*07:01	0.0	0.47822896	0.47180632	0.55866027
DRB1*01:01	0.0	0.084686644	0.28543282	0.17506687
DRB1*01:01	0.0	0.5459561	0.44817415	0.51565313
DRB1*15:01	1.0	1.0	0.3008987	0.30846512
DQA1*02:01-DQB1*03:01	0.0	0.6263277	0.3989554	0.38866857
DQA1*02:01-DQB1*03:03	0.0	0.084686644	0.27444476	0.20945102
DQA1*05:01-DQB1*03:02	0.0	0.19487457	0.35311958	0.32493734
DRB1*08:01	0.0	0.084686644	0.27470982	0.18664823
DQB1*04:02	0.0	0.29749924	0.44705394	0.44048357
DRB3*01:01	0.0	0.38405308	0.2762717	0.19489503
DRB3*02:02	0.0	0.0	0.34139815	0.44378084
DRB1*01:01	0.0	0.084686644	0.44812423	0.5203719
DRB1*04:01	0.0	0.7909603	0.28002384	0.25453874
DQA1*01:01-DQB1*05:01	0.0	0.0	0.27452385	0.19119236
DRB3*03:01	0.0	0.6545521	0.3305915	0.2758438
DQA1*01:02-DQB1*05:01	0.0	0.6567793	0.5931221	0.62271386
DRB1*15:01	0.0	0.32595497	0.3126334	0.32274717
DRB3*02:02	0.0	0.084686644	0.28566843	0.23144238
DRB1*07:01	0.0	0.29263848	0.2941434	0.28353536
DRB1*04:01	0.0	0.08327418	0.28685632	0.2702994
DRB4*01:03	0.0	0.6141892	0.2899755	0.2877462
DRB3*02:02	0.0	0.084686644	0.28488895	0.20779361
DRB1*13:02	0.0	0.0	0.36801273	0.38890916
DRB1*07:01	0.0	0.0	0.34080067	0.49566653
DRB1*04:05	0.0	0.0	0.27474284	0.18887924
DRB3*01:01	0.0	0.29763797	0.3418722	0.31599373
DQA1*02:01-DQB1*03:03	0.0	0.4737663	0.32494038	0.37119806
DRB1*08:01	0.0	0.6502526	0.27597946	0.21921454
DRB1*07:01	0.0	0.6545521	0.3020168	0.35219878
DRB1*04:05	0.0	0.0	0.27642795	0.21886459
DRB3*02:02	0.0	0.0	0.28199366	0.2291894
DQA1*01:02-DQB1*05:01	0.0	0.084686644	0.28595814	0.28447276
DRB1*08:01	0.0	0.2804177	0.32904932	0.34040922
DRB1*11:01	1.0	0.85125035	0.45456105	0.53076756
DRB1*07:01	0.0	0.5459561	0.32406065	0.36901218
DRB3*01:01	0.0	0.084686644	0.27441213	0.22176264
DRB1*07:01	0.0	0.5938504	0.3798278	0.45789087
DRB4*01:03	0.0	0.7560895	0.6371906	0.59765565
DRB1*04:01	0.0	0.6384378	0.36481565	0.4034158
DRB1*09:01	0.0	0.64221066	0.3537119	0.4144514
DRB5*01:01	0.0	0.56641	0.4077262	0.41414905
DQA1*05:01-DQB1*03:02	0.0	0.34116063	0.3741625	0.36961758
DRB1*03:01	0.0	0.37464598	0.2912293	0.26540768
DQA1*01:03-DQB1*06:03	0.0	0.5830913	0.37229073	0.3316146
DRB1*11:01	1.0	1.0	0.7229175	0.610356
DRB1*03:01	0.0	0.0	0.28465605	0.2436898
DRB1*13:02	0.0	0.0	0.33535305	0.2945754
DRB1*03:01	0.0	0.0	0.28737932	0.30560026
DQA1*01:03-DQB1*06:03	0.0	0.22932386	0.27593085	0.23065579
DRB5*01:01	0.0	0.6567793	0.36394963	0.413103
DRB1*07:01	0.0	0.3434113	0.7041518	0.6516244
DRB1*03:01	0.0	0.0	0.28144684	0.21729988
DRB1*03:01	0.0	0.084686644	0.29390723	0.30950055
DRB1*13:02	0.0	0.0	0.28935027	0.23103273
DQA1*01:02-DQB1*05:01	0.0	0.62158704	0.36451688	0.42225385
DRB4*01:03	0.0	0.6384378	0.2876783	0.28471607
DRB3*02:02	0.0	0.6887833	0.29839975	0.31080285
DRB1*03:01	0.0	0.6768411	0.4748009	0.5162475
DRB1*07:01	0.0	0.59271634	0.41710356	0.4528341
DRB1*04:04	0.0	0.62796354	0.41317892	0.4347605
DQA1*05:01-DQB1*04:02	0.0	0.557524	0.35207188	0.36935195
DRB1*11:01	0.0	0.15498105	0.43712178	0.5283642
DRB3*02:02	0.0	0.38668367	0.41016835	0.39933154
DRB1*04:01	0.0	0.3549641	0.28461358	0.34302548
DPA1*01:03-DPB1*04:02	0.0	0.0	0.27660203	0.22355801
DRB3*01:01	0.0	0.5089358	0.27534375	0.20021902
DQA1*01:02-DQB1*05:01	0.0	0.084686644	0.3054334	0.32224935
DRB1*04:05	0.0	0.42488876	0.5392593	0.5412124
DQA1*05:01-DQB1*03:03	0.0	0.33889112	0.28063402	0.14359117
DQA1*05:01-DQB1*02:01	0.0	0.5997392	0.57645476	0.6130265
DRB1*09:01	0.0	0.16764507	0.29498518	0.34552875
DQA1*05:01-DQB1*04:02	0.0	0.3954562	0.54425985	0.58230203
DRB4*01:03	0.0	0.7969252	0.3020959	0.35736084
DRB1*09:01	0.0	0.6687992	0.47774523	0.45698354
DRB1*08:02	0.0	0.2204989	0.28107882	0.2814378
DQA1*01:02-DQB1*05:01	0.0	0.4864194	0.27755597	0.20971826
DRB3*02:02	0.0	0.610019	0.4995739	0.5334477
DRB1*09:01	0.0	0.54131734	0.33813184	0.3531487
DQA1*05:01-DQB1*03:02	0.0	0.3493711	0.2743473	0.22458191
DQA1*06:01-DQB1*04:02	0.0	0.084686644	0.2742684	0.21792854
DQA1*02:01-DQB1*03:03	0.0	0.084686644	0.2745755	0.20568866
DRB1*04:04	0.0	0.084686644	0.27593988	0.19091077
DRB1*01:01	0.0	0.5492165	0.3523252	0.3894084
DRB1*04:04	0.0	0.7560895	0.28536007	0.29163873
DQA1*01:02-DQB1*05:01	0.0	0.5326849	0.2763132	0.19415052
DQA1*03:01-DQB1*03:02	0.0	0.24638703	0.31719708	0.41148648
DRB5*01:02	0.0	0.02062367	0.30323738	0.21351935
DQA1*01:01-DQB1*05:01	0.0	0.0	0.27599666	0.15998103
DRB1*03:01	0.0	0.19644059	0.2822941	0.2348148
DQA1*06:01-DQB1*04:02	0.0	0.3670845	0.35245833	0.36356172
DRB1*14:54	0.0	0.33300763	0.31135222	0.29882684
DRB1*01:01	0.0	0.3155185	0.3415646	0.4040579
DRB1*13:02	1.0	0.91168845	0.7201011	0.59810865
DRB4*01:01	0.0	0.373377	0.2780269	0.20538889
DRB1*07:01	0.0	0.0	0.2919314	0.23560427
DQA1*05:01-DQB1*02:01	0.0	0.49155536	0.27950495	0.27453873
DRB3*02:02	0.0	0.22283836	0.39390847	0.38090882
DRB5*01:01	1.0	0.8984626	0.57181156	0.583059
DRB1*11:01	0.0	0.29870862	0.36239377	0.33451167
DRB3*02:02	0.0	0.0	0.35946792	0.3941006
DQA1*02:01-DQB1*04:02	0.0	0.20112507	0.36791673	0.39026278
DRB1*15:01	0.0	0.62472034	0.39269054	0.46111572
DQA1*05:01-DQB1*02:01	0.0	0.0	0.2928757	0.2684766
DRB1*14:54	0.0	0.15597507	0.30827016	0.2905199
DPA1*01:03-DPB1*04:01	1.0	0.89610106	0.28214517	0.25514448
DQA1*05:01-DQB1*03:03	0.0	0.084686644	0.27422464	0.22034699
DRB1*11:01	0.0	0.0	0.34148258	0.2819276
DRB1*03:01	0.0	0.6687992	0.2890562	0.32636452
DRB3*02:02	0.0	0.25592715	0.28226268	0.22409905
DRB1*03:01	0.0	0.0	0.39919862	0.38726282
DRB4*01:03	1.0	0.8078111	0.69267386	0.6245691
DRB1*07:01	0.0	0.5375186	0.30150342	0.34245795
DRB1*14:54	0.0	0.55675703	0.3658394	0.38710856
DRB3*02:02	0.0	0.0	0.2842941	0.24430664
DRB1*04:04	0.0	0.17661624	0.2747086	0.17243512
DRB3*03:01	0.0	0.40954784	0.33310145	0.32030427
DRB1*11:01	0.0	0.6768411	0.34612235	0.46299312
DRB1*15:01	0.0	0.17657876	0.5309365	0.5576392
DRB1*08:02	0.0	0.0	0.28538847	0.27263632
DRB1*11:01	0.0	0.54527897	0.42988703	0.4740423
DRB1*04:04	0.0	0.084686644	0.27827248	0.22604877
DQA1*02:01-DQB1*03:03	0.0	0.5117087	0.52854425	0.48741424
DRB1*11:01	0.0	0.42562518	0.39685863	0.34056044
DRB1*11:01	0.0	0.6348129	0.413232	0.46968818
DQA1*03:01-DQB1*03:02	0.0	0.18757401	0.27708647	0.23232687
DRB1*01:01	0.0	0.0	0.30207914	0.2554403
DQA1*03:03-DQB1*04:02	0.0	0.3684684	0.27776495	0.16314133
DRB1*04:05	0.0	0.0	0.27450463	0.19397356
DQA1*03:01-DQB1*03:02	0.0	0.0	0.27484563	0.16770801
DPA1*02:01-DPB1*01:01	0.0	0.0	0.27853385	0.21060017
DQA1*02:01-DQB1*03:03	0.0	0.42711592	0.2741321	0.2011799
DQB1*03:02	0.0	0.25792316	0.2744905	0.19095835
DQA1*02:01-DQB1*04:02	0.0	0.27676472	0.41086122	0.4159118
DRB4*01:01	0.0	0.084686644	0.2773452	0.13289139
DRB1*04:01	0.0	0.34652954	0.3364137	0.3682838
DRB1*04:05	0.0	0.0	0.27442828	0.23208413
DQA1*01:01-DQB1*05:01	0.0	0.0	0.27449223	0.21491915
DRB1*03:01	0.0	0.7969252	0.7157868	0.64603674
DRB1*04:01	0.0	0.0	0.28311914	0.22411929
DRB1*15:01	0.0	0.5997392	0.37745947	0.4787842
DRB1*01:01	0.0	0.53814095	0.43103054	0.45240796
DRB1*15:01	0.0	0.0	0.29191467	0.25006843
DRB1*07:01	0.0	0.3449428	0.28909507	0.2897172
DRB1*07:01	0.0	0.30132028	0.40910158	0.46705282
DRB3*02:02	0.0	0.0	0.2913132	0.30579337
DRB3*02:02	1.0	0.85125035	0.66358757	0.56392
DPA1*03:01-DPB1*04:02	0.0	0.0	0.27496544	0.18800797
DQA1*02:01-DQB1*03:03	0.0	0.6714029	0.6000275	0.50296396
DRB1*04:05	0.0	0.28026417	0.27455005	0.20472698
DRB1*10:01	0.0	0.0	0.2753697	0.22546959
DRB1*11:01	0.0	0.084686644	0.32917225	0.3868523
DRB3*03:01	0.0	0.36926863	0.3231815	0.28853014
DQA1*01:03-DQB1*06:03	0.0	0.084686644	0.27720913	0.26262045
DRB1*04:05	0.0	0.084686644	0.42391527	0.4191503
DQA1*02:01-DQB1*03:01	0.0	0.7703366	0.27502817	0.17925262
DRB1*15:01	0.0	0.0	0.38178658	0.36747018
DRB1*03:01	0.0	0.19973473	0.28227356	0.23563874
DQA1*03:03-DQB1*04:02	0.0	0.084686644	0.27517673	0.24667776
DRB1*04:01	0.0	0.14078479	0.28170604	0.2575617
DRB1*04:01	0.0	0.02062367	0.27568787	0.18294959
DRB1*11:01	0.0	0.0	0.36150947	0.35594314
DQA1*05:01-DQB1*04:02	0.0	0.38500103	0.297745	0.26335782
DRB1*15:01	0.0	0.29749924	0.36931127	0.3596047
DRB1*12:01	0.0	0.089037485	0.32881472	0.35631996
DPA1*01:03-DPB1*02:01	0.0	0.0	0.27717143	0.23294382
DRB1*07:01	0.0	0.27072605	0.30081797	0.31813046
DRB1*03:01	0.0	0.68565	0.30765697	0.34927267
DQA1*05:01-DQB1*04:02	0.0	0.44811606	0.28871682	0.29606372
DQA1*02:01-DQB1*03:03	0.0	0.37233266	0.27582106	0.17880069
DRB1*13:02	1.0	0.8589568	0.40720552	0.40231484
DRB1*08:02	0.0	0.61562216	0.27684653	0.21307154
DRB1*03:01	0.0	0.5253324	0.62771165	0.6064704
DRB1*04:05	0.0	0.0	0.2908605	0.110958025
DRB1*09:01	0.0	0.63305235	0.2875048	0.3101712
DRB4*01:03	0.0	0.33939874	0.2889697	0.27294427
DRB1*07:01	0.0	0.35749403	0.38073504	0.4582963
DRB1*08:01	0.0	0.41190773	0.36707282	0.39235866
DRB3*03:01	0.0	0.4846522	0.46692133	0.50635433
DRB3*03:01	0.0	0.6073399	0.7217925	0.56661355
DQA1*06:01-DQB1*04:02	0.0	0.43999562	0.27627078	0.17807563
DRB4*01:03	0.0	0.084686644	0.29025492	0.27985597
DQA1*05:01-DQB1*04:02	0.0	0.34744722	0.27516946	0.28902784
DRB1*01:01	0.0	0.6953878	0.72283584	0.6574586
DRB1*07:01	0.0	0.18620558	0.33267325	0.35071552
DQA1*05:01-DQB1*02:01	0.0	0.084686644	0.35718295	0.3904755
DQA1*02:01-DQB1*03:01	1.0	0.8078111	0.6546419	0.51854557
DRB3*03:01	0.0	0.6384378	0.33673772	0.2974075
DQA1*05:01-DQB1*03:02	0.0	0.2566372	0.27732015	0.2340135
DRB3*01:01	0.0	0.0037729049	0.41126165	0.3621912
DRB1*08:01	0.0	0.53814095	0.42793772	0.45430374
DRB3*01:01	0.0	0.084686644	0.27554613	0.2629282
DRB1*03:03	0.0	0.44811606	0.48474774	0.50015736
DRB1*04:04	0.0	0.5432769	0.29191774	0.25704402
DRB1*11:01	0.0	0.084686644	0.3041116	0.26615468
DRB1*04:01	0.0	0.345874	0.29006028	0.33125833
DQA1*02:01-DQB1*04:02	0.0	0.35419285	0.274234	0.2145479
DPA1*02:01-DPB1*05:01	0.0	0.0	0.3153594	0.32792574
DQA1*06:01-DQB1*04:02	0.0	0.23007835	0.28448346	0.21008629
DRB1*13:02	0.0	0.0	0.28780285	0.23752514
DPA1*01:03-DPB1*02:01	0.0	0.0	0.2754747	0.20505783
DRB1*04:01	0.0	0.29458803	0.37376672	0.42171088
DPA1*02:01-DPB1*01:01	0.0	0.024637576	0.55036926	0.5622339
DRB1*08:01	0.0	0.15562594	0.48017526	0.4533443
DPA1*01:03-DPB1*04:01	0.0	0.0	0.3004657	0.3220748
DRB1*03:01	0.0	0.084686644	0.53312093	0.5540309
DRB1*13:01	1.0	0.87187403	0.7226384	0.65752
DQA1*02:01-DQB1*04:02	1.0	0.85125035	0.55559164	0.5817317
DRB1*15:01	0.0	0.68261945	0.71975267	0.5844508
DQA1*05:01-DQB1*03:02	0.0	0.28814584	0.2771582	0.28145134
DQA1*01:01-DQB1*05:01	0.0	0.0	0.27794197	0.27926952
DRB1*07:01	0.0	0.64221066	0.31599936	0.3535948
DRB1*04:01	0.0	0.084686644	0.3275613	0.40289292
DQA1*02:01-DQB1*03:01	0.0	0.2654817	0.51305026	0.5345143
DRB1*14:54	0.0	0.40455896	0.31276065	0.3463341
DRB1*04:04	0.0	0.084686644	0.35039514	0.394424
DRB1*04:01	0.0	0.084686644	0.40821764	0.48687214
DQA1*01:01-DQB1*05:01	0.0	0.0	0.28327987	0.12906766
DPA1*02:01-DPB1*01:01	0.0	0.0	0.2753313	0.15461618
DRB1*04:04	0.0	0.084686644	0.27906287	0.24719097
DRB1*12:01	0.0	0.58514524	0.3412378	0.4079052
DRB1*09:01	0.0	0.17411399	0.4932637	0.5113591
DRB1*04:01	0.0	0.08422568	0.37732667	0.39371938
DPA1*01:03-DPB1*04:01	0.0	0.0	0.27510676	0.16497758
DRB1*01:01	0.0	0.56812155	0.5192992	0.5832379
DRB3	0.0	0.35740563	0.28395244	0.26271993
DRB1*09:01	0.0	0.2677647	0.27522513	0.22945331
DQA1*02:01-DQB1*04:02	0.0	0.33006907	0.2799195	0.25050414
DRB1*11:01	1.0	0.85125035	0.34528506	0.43335313
DRB5*01:01	0.0	0.610019	0.37177053	0.3977073
DQA1*03:01-DQB1*03:02	0.0	0.18615015	0.278401	0.22095358
DQA1*02:01-DQB1*04:02	0.0	0.5480176	0.27561674	0.21234523
DRB1*15:01	1.0	1.0	0.54593414	0.52267325
DRB3*02:02	0.0	0.0	0.29036123	0.30307895
DQA1*01:02-DQB1*05:01	0.0	0.6461442	0.3588768	0.36800212
DRB1*11:01	0.0	0.74971294	0.3791498	0.3818004
DRB1*12:01	0.0	0.6231404	0.27941173	0.26515806
DRB4*01:01	0.0	0.0	0.2971238	0.2944103
DRB1*04:01	0.0	0.14874962	0.27717745	0.19724445
DQA1*06:01-DQB1*04:02	0.0	0.084686644	0.2753918	0.24538007
DRB4*01:03	0.0	0.5075799	0.5484548	0.60002697
DRB1*08:02	0.0	0.18408175	0.29848617	0.4331584
DRB1*04:04	0.0	0.28881648	0.28301695	0.31604686
DRB1*08:01	0.0	0.084686644	0.2754196	0.21806474
DRB1*14:54	0.0	0.23483312	0.30446687	0.2644567
DRB3*03:01	1.0	0.85125035	0.34683356	0.3980493
DRB3*01:01	0.0	0.07336635	0.2743745	0.20799617
DQA1*02:01-DQB1*04:02	0.0	0.49820176	0.28844583	0.3011232
DQA1*02:01-DQB1*04:02	0.0	0.084686644	0.33559158	0.35376555
DQA1*01:02-DQB1*05:01	0.0	0.084686644	0.27617064	0.1966571
DRB4*01:03	1.0	0.93593705	0.71798456	0.6338543
DRB1*03:01	0.0	0.3359726	0.71397233	0.55608106
DRB1*03:01	0.0	0.49860802	0.71307296	0.61586106
DRB1*03:01	0.0	0.5027719	0.29763612	0.32273442
DRB1*14:54	0.0	0.7969252	0.71307987	0.65546024
DRB1*04:02	0.0	0.6502526	0.52234983	0.54301715
DRB1*11:01	1.0	1.0	0.7217604	0.55722797
DRB1*04:04	0.0	0.58108205	0.38922927	0.3722048
DRB1*04:04	0.0	0.64221066	0.67950636	0.59836
DRB1*04:01	0.0	0.084686644	0.28129935	0.2399208
DRB1*15:01	0.0	0.4333316	0.3135032	0.33572268
DRB1*03:01	0.0	0.35359737	0.28240135	0.21955362
DQA1*01:02-DQB1*05:01	0.0	0.40309882	0.27894238	0.21154045
DQA1*02:01-DQB1*03:01	0.0	0.54663813	0.28408486	0.34860554
DRB3*01:01	0.0	0.42806	0.2788002	0.30603322
DRB5*01:01	0.0	0.72312444	0.37072912	0.42260623
DQA1*02:01-DQB1*03:01	0.0	0.084686644	0.30986965	0.31630552
DRB1*11:01	0.0	0.2055286	0.37787655	0.48218495
DRB3*03:01	0.0	0.7278651	0.33050779	0.30847555
DQA1*02:01-DQB1*03:03	0.0	0.084686644	0.40869445	0.41024825
DQA1*05:01-DQB1*04:02	0.0	0.4276812	0.61890054	0.51626396
DRB4*01:01	0.0	0.15364611	0.6329705	0.51785517
DRB1*04:05	0.0	0.20445853	0.28271693	0.34080958
DRB1*04:05	0.0	0.0	0.2744465	0.19800371
DRB1*11:01	0.0	0.084686644	0.31834733	0.2975998
DRB1*01:01	0.0	0.6296289	0.33310315	0.34985083
DRB1*04:04	0.0	0.64221066	0.43188402	0.46810532
DRB1*08:01	0.0	0.25191876	0.2747354	0.1847353
DRB1*11:01	0.0	0.30223992	0.43002492	0.52503294
DQA1*02:01-DQB1*03:01	0.0	0.41270792	0.27448416	0.20584977
DQA1*02:01-DQB1*03:03	0.0	0.084686644	0.28302377	0.14047652
DPA1*01:03-DPB1*02:01	0.0	0.0	0.2763812	0.2352226
DRB1*13:01	0.0	0.39843786	0.40628773	0.47492132
DRB1*09:01	0.0	0.3704821	0.2764417	0.25127178
DRB1*04:02	0.0	0.6366076	0.2941034	0.28639352
DQA1*02:01-DQB1*04:02	0.0	0.36221147	0.28287867	0.15121843
DRB1*03:01	0.0	0.42525622	0.30484137	0.3101176
DRB1*04:04	0.0	0.62796354	0.5020137	0.53260076
DQA1*02:01-DQB1*03:03	0.0	0.4432929	0.27449426	0.24654305
DRB1*11:01	0.0	0.29749924	0.46819428	0.49520636
DRB1*12:01	0.0	0.07990922	0.33042917	0.38272744
DQA1*03:01-DQB1*03:02	0.0	0.0	0.30797878	0.29488868
DQA1*02:01-DQB1*03:03	0.0	0.084686644	0.2805503	0.1630698
DRB5*01:01	0.0	0.640305	0.35833642	0.35864043
DRB1*04:01	0.0	0.4612694	0.43452737	0.3831293
DRB5*01:01	0.0	0.0	0.35122466	0.33903283
DRB1*03:01	1.0	0.83439964	0.2979135	0.3276629
DRB1*07:01	1.0	0.8255907	0.59721124	0.61466086
DRB3*01:01	0.0	0.24361151	0.29576167	0.31581384
DQA1*03:01-DQB1*03:02	0.0	0.0	0.3112471	0.3770776
DRB3*01:01	0.0	0.32831106	0.27490094	0.17578857
DRB4*01:01	0.0	0.6296289	0.2803894	0.2531156
DRB3*01:01	0.0	0.0	0.27460572	0.20356798
DRB3*01:01	0.0	0.378561	0.2745025	0.23701212
DRB1*03:02	0.0	0.0	0.40590456	0.46913457
DRB1*09:01	0.0	0.674082	0.27507675	0.1903571
DRB3*01:01	0.0	0.084686644	0.27673316	0.20436409
DRB1*03:01	0.0	0.3470514	0.42005017	0.5345223
DRB3*02:02	0.0	0.34432715	0.3225708	0.31197536
DRB1*01:01	1.0	1.0	0.6867288	0.6388152
DRB1*03:01	0.0	0.6545521	0.43764502	0.50006384
DRB1*04:04	0.0	0.72312444	0.31944802	0.40325123
DQA1*02:01-DQB1*04:02	0.0	0.084686644	0.2764131	0.18514684
DRB1*01:01	0.0	0.4690349	0.6092325	0.5585215
DRB1*11:01	0.0	0.084686644	0.32805133	0.3151852
DRB1*13:01	0.0	0.0	0.34943128	0.29612696
DQA1*02:01-DQB1*04:02	0.0	0.62796354	0.28057483	0.22221862
DQA1*01:02-DQB1*05:01	1.0	0.83439964	0.70343935	0.60769576
DRB1*07:01	0.0	0.2930339	0.29255012	0.2855302
DPA1*01:03-DPB1*03:01	0.0	0.17085229	0.647865	0.6017059
DRB1*07:01	0.0	0.5459561	0.4236135	0.51136374
DRB1*14:54	0.0	0.71431553	0.30357817	0.29213992
DRB1*14:54	0.0	0.6127781	0.41114485	0.44463405
DRB4*01:01	0.0	0.50192404	0.2908567	0.26631898
DRB1*14:54	0.0	0.084686644	0.2964493	0.24584427
DQA1*05:01-DQB1*02:01	0.0	0.49739456	0.2772496	0.2342326
DQA1*01:03-DQB1*06:03	0.0	0.3550502	0.2744942	0.21384495
DQA1*05:01-DQB1*03:02	0.0	0.38476312	0.27516255	0.17207734
DRB1*11:01	0.0	0.22872908	0.33331943	0.3394842
DRB1*04:01	0.0	0.0	0.28003585	0.21325722
DRB3*01:01	0.0	0.0	0.2767042	0.18346256
DRB1*15:01	0.0	0.15122238	0.31576145	0.3212381
DQA1*01:02-DQB1*05:01	1.0	0.8201525	0.5859132	0.55891705
DRB1*04:04	0.0	0.084686644	0.28867513	0.2753363
DRB1*13:01	0.0	0.77837855	0.40852013	0.47251648
DRB4*01:03	0.0	0.6545521	0.5353864	0.5790809
DRB1*08:02	0.0	0.0	0.28690964	0.3237328
DQA1*02:01-DQB1*04:02	0.0	0.5205645	0.3852745	0.369665
DRB1*11:01	0.0	0.27240142	0.3237449	0.36491913
DRB3*01:01	0.0	0.31366858	0.2743643	0.26195407
DRB1*07:01	0.0	0.40426508	0.28542617	0.21478133
DRB1*08:02	0.0	0.18975179	0.38938078	0.4313784
DRB5*01:01	1.0	1.0	0.5183727	0.6021167
DRB3*01:01	0.0	0.084686644	0.27442545	0.2491192
DRB1*09:01	0.0	0.7629388	0.35502762	0.30843887
DRB1*07:01	0.0	0.4276812	0.31238353	0.27961925
DRB1*14:54	0.0	0.60096335	0.31690013	0.30228317
DRB1*13:01	0.0	0.2051195	0.3497465	0.36525622
DQA1*01:02-DQB1*05:01	0.0	0.4349531	0.28031257	0.2257614
DRB1*14:54	0.0	0.4882211	0.3716229	0.36362535
DQA1*02:01-DQB1*04:02	0.0	0.22724783	0.27426803	0.23794554
DQA1*01:01-DQB1*05:01	0.0	0.0	0.28803498	0.25738844
DRB1*08:01	0.0	0.27428734	0.2744505	0.21151483
DRB1*04:04	0.0	0.20052433	0.29933554	0.30926132
DRB1*01:01	0.0	0.0	0.31601277	0.2742848
DRB1*03:01	0.0	0.0	0.2867473	0.2328274
DQA1*01:02-DQB1*05:01	0.0	0.55599636	0.31508294	0.37835395
DRB5*01:01	0.0	0.084686644	0.32262558	0.26552477
DPB1*05:01	0.0	0.0	0.53865665	0.5051073
DRB3*01:01	0.0	0.084686644	0.27456808	0.2017285
DRB1*13:02	1.0	0.9456748	0.71295	0.6477835
DPA1*01:03-DPB1*04:01	0.0	0.0	0.27673626	0.19960283
DPA1*01:03-DPB1*02:01	0.0	0.0	0.27596948	0.2307117
DPA1*01:03-DPB1*03:01	0.0	0.0	0.3097974	0.29772797
DRB4*01:03	0.0	0.6502526	0.405508	0.45515615
DRB4*01:03	0.0	0.68261945	0.55052245	0.58050674
DQA1*05:01-DQB1*04:02	0.0	0.47100717	0.2748729	0.20817783
DRB1*14:54	1.0	0.8078111	0.429393	0.49168414
DRB1*01:01	0.0	0.3473679	0.33132344	0.36748633
DRB1*03:01	0.0	0.39102945	0.28792536	0.24657543
DRB1*11:01	1.0	0.84586495	0.7227841	0.6429726
DRB1*14:54	0.0	0.58514524	0.427812	0.4700564
DQA1*03:01-DQB1*03:02	0.0	0.084686644	0.27801836	0.19020085
DRB1*07:01	0.0	0.27776712	0.29253727	0.284352
DRB1*11:01	0.0	0.0	0.2971217	0.21332872
DRB1*04:01	0.0	0.27599254	0.30359226	0.3091661
DRB1*09:01	0.0	0.71431553	0.35346362	0.3956902
DRB1*07:01	0.0	0.38926655	0.4003833	0.44970402
DRB1*15:01	0.0	0.4846522	0.69635844	0.6335702
DRB1*14:54	0.0	0.084686644	0.30017233	0.27123255
DRB1*09:01	0.0	0.44306937	0.27497151	0.23408255
DRB1*13:02	0.0	0.72312444	0.3016384	0.2911055
DRB3*02:02	0.0	0.0	0.29811224	0.37955356
DRB1*03:01	0.0	0.21475528	0.2863327	0.2568068
DRB3*03:01	0.0	0.69887584	0.39156184	0.50998694
DRB4*01:03	0.0	0.42882225	0.31474498	0.32654712
DRB1*07:01	0.0	0.0	0.28785688	0.23808318
DRB1*13:02	0.0	0.27240142	0.34148672	0.40598905
DQA1*01:01-DQB1*05:01	0.0	0.0	0.28771	0.26010916
DQA1*05:01-DQB1*03:02	0.0	0.24556667	0.27680638	0.22325125
DRB1*03:01	0.0	0.33403116	0.2824311	0.22142696
DRB5*01:01	0.0	0.62472034	0.35894263	0.40819806
DQA1*05:01-DQB1*03:03	0.0	0.20847946	0.41751596	0.42824712
DRB1*11:01	1.0	0.82420087	0.4601113	0.52256477
DRB1*03:03	0.0	0.0	0.29768172	0.22840399
DRB1*11:01	0.0	0.084686644	0.2927577	0.20204666
DRB1*04:04	0.0	0.084686644	0.2762394	0.21849525
DPB1*04:02	0.0	0.084686644	0.27781564	0.2754016
DRB1*04:04	0.0	0.6768411	0.28561583	0.29762137
DRB1*11:01	0.0	0.22859742	0.3252217	0.29741728
DRB1*11:01	0.0	0.23025677	0.3796313	0.38008434
DRB1*07:01	0.0	0.30495483	0.30566144	0.39270976
DRB4*01:03	0.0	0.4311475	0.35003766	0.3502306
DRB1*04:05	0.0	0.097313695	0.34470922	0.36347088
DRB1*01:01	0.0	0.4370208	0.47864676	0.49016103
DRB1*09:01	0.0	0.71020716	0.40018898	0.3964126
DRB3*03:01	0.0	0.5040586	0.33329147	0.32722187
DRB1*01:01	0.0	0.25405994	0.4821731	0.54936457
DRB1*13:02	0.0	0.59271634	0.42697597	0.42259586
DQA1*02:01-DQB1*04:02	0.0	0.41351512	0.28527904	0.26274347
DRB4*01:03	1.0	0.83439964	0.720296	0.5958191
DRB3*03:01	0.0	0.084686644	0.33676958	0.30670816
DQA1*02:01-DQB1*04:02	0.0	0.29255083	0.27454564	0.23865332
DRB1*15:01	1.0	0.93593705	0.29503116	0.26851606
DRB1*04:01	0.0	0.60220397	0.48036543	0.52208424
DQA1*01:01-DQB1*05:01	0.0	0.0	0.27437568	0.1920909
DRB1*03:01	0.0	0.0	0.40736336	0.47695646
DRB1*04:05	0.0	0.08466816	0.28232905	0.2793565
DRB5*01:01	0.0	0.0	0.3289874	0.26241514
DPA1*01:03-DPB1*03:01	0.0	0.4190271	0.3970787	0.4719373
DQA1*05:01-DQB1*04:02	0.0	0.47822896	0.45337993	0.38708055
DRB3*03:01	0.0	0.63305235	0.432153	0.4838852
DRB1*09:01	0.0	0.4775781	0.31251428	0.32311493
DRB1*15:01	0.0	0.7629388	0.30066	0.27228463
DQA1*02:01-DQB1*03:03	0.0	0.6714029	0.5800976	0.5507474
DRB1*11:01	0.0	0.19745256	0.32014403	0.3119077
DRB4*01:03	0.0	0.50802964	0.30477113	0.29268342
DQA1*02:01-DQB1*03:03	0.0	0.084686644	0.413329	0.30801165
DRB1*07:01	0.0	0.0	0.29038024	0.27504623
DRB1*04:04	0.0	0.59271634	0.353843	0.34031153
DRB1*01:01	0.0	0.0	0.56312585	0.57943296
DRB1*13:01	0.0	0.6231404	0.41633874	0.4953276
DQA1*01:02-DQB1*05:01	0.0	0.084686644	0.28192514	0.23219182
DQA1*02:01-DQB1*04:02	0.0	0.66380215	0.6146372	0.58144873
DRB5*01:01	0.0	0.5830913	0.55430865	0.60089356
DRB1*04:01	0.0	0.2848234	0.28481585	0.2386592
DRB4*01:03	1.0	0.85125035	0.4061614	0.4549061
DRB1*03:01	0.0	0.62796354	0.42332396	0.4367002
DQA1*02:01-DQB1*03:03	0.0	0.70250076	0.49974597	0.50858295
DRB1*03:01	0.0	0.0	0.28824562	0.2491907
DRB4*01:03	0.0	0.32576656	0.29055563	0.2899676
DRB1*03:01	0.0	0.054617725	0.48407906	0.34500402
DRB1*13:02	0.0	0.61562216	0.28655627	0.2135143
DRB4*01:03	0.0	0.6263277	0.35272223	0.35749018
DRB1*15:01	1.0	1.0	0.7227109	0.6763313
DRB3*02:02	0.0	0.0	0.28590077	0.23570046
DRB1*04:04	0.0	0.37140274	0.33391413	0.31138313
DRB1*07:01	0.0	0.4114309	0.6668262	0.6321131
DQA1*05:01-DQB1*03:03	0.0	0.34086463	0.2763904	0.274262
DRB1*01:01	0.0	0.0	0.30390903	0.26029179
DQA1*05:01-DQB1*03:02	0.0	0.43660355	0.27463844	0.2042445
DRB5*01:01	0.0	0.084686644	0.6756566	0.6612504
DRB1*04:01	0.0	0.084686644	0.4992885	0.47107214
DRB1*11:01	0.0	0.084686644	0.42171547	0.43693686
DRB1*13:01	0.0	0.68261945	0.6866575	0.6471132
DRB1*03:01	0.0	0.0	0.38483554	0.346762
DQA1*01:01-DQB1*05:01	0.0	0.17590216	0.33040926	0.3786764
DRB5*01:01	0.0	0.4734556	0.703404	0.65693223
DRB5*01:01	0.0	0.18037769	0.33067864	0.30781373
DQA1*05:01-DQB1*04:02	0.0	0.3334157	0.44941497	0.37121844
DQA1*02:01-DQB1*04:02	0.0	0.084686644	0.28517509	0.2214627
DRB3*02:02	0.0	0.084686644	0.28054368	0.2072338
DRB1*01:01	0.0	0.0	0.30508977	0.24390352
DQA1*05:01-DQB1*03:02	0.0	0.084686644	0.40713573	0.4335189
DQA1*01:02-DQB1*06:02	0.0	0.26331758	0.2742913	0.2257193
DQA1*05:01-DQB1*03:01	0.0	0.0	0.28976315	0.327336
DRB1*01:01	1.0	1.0	0.7218907	0.5832748
DRB3*02:02	0.0	0.084686644	0.28789663	0.26198182
DRB1*04:05	0.0	0.4341388	0.30106753	0.29092893
DRB1*11:01	0.0	0.41017127	0.29756916	0.2345448
DQA1*05:01-DQB1*03:03	0.0	0.38346553	0.30545333	0.33708644
DRB1*04:04	0.0	0.084686644	0.29899874	0.36959162
DQA1*06:01-DQB1*04:02	0.0	0.42882225	0.29955158	0.36962923
DRB1*13:01	0.0	0.37756658	0.39204857	0.37847567
DRB1*09:01	0.0	0.42749238	0.2757446	0.2311723
DRB1*03:01	0.0	0.36000422	0.30176908	0.37790814
DRB1*04:01	0.0	0.0	0.6325718	0.6001619
DRB3*03:01	0.0	0.33403116	0.36782733	0.40207806
DRB1*11:01	0.0	0.77837855	0.3343321	0.36397424
DRB3*01:01	0.0	0.084686644	0.2767057	0.18134244
DRB1*07:01	0.0	0.44464543	0.3369158	0.46547538
DRB3*03:01	0.0	0.4417395	0.5032313	0.5274147
DRB4*01:03	0.0	0.49820176	0.3276035	0.34257728
DRB1*09:01	0.0	0.32987207	0.2752028	0.21431626
DRB1*14:54	0.0	0.24111757	0.3311782	0.30267686
DQA1*02:01-DQB1*03:03	0.0	0.084686644	0.27773663	0.25239134
DQA1*05:01-DQB1*04:02	0.0	0.084686644	0.27665496	0.21899502
DPA1*02:01-DPB1*05:01	0.0	0.0	0.28516182	0.2580204
DRB3*01:01	0.0	0.68261945	0.27418312	0.26228508
DRB1*11:01	0.0	0.5112407	0.31169873	0.3308497
DQA1*01:01-DQB1*05:01	0.0	0.0	0.2751377	0.15147549
DRB1*14:54	0.0	0.6953878	0.41559836	0.47339073
DRB5*01:01	0.0	0.04385726	0.30446178	0.18725002
DRB1*03:01	0.0	0.44532922	0.7115839	0.62363195
DQA1*01:02-DQB1*05:01	0.0	0.52697796	0.69148654	0.59933317
DQA1*03:01-DQB1*03:02	0.0	0.62535995	0.6437711	0.36721355
DRB1*15:01	0.0	0.7629388	0.4009962	0.36409554
DRB1*09:01	0.0	0.17844597	0.27591068	0.22219117
DQA1*05:01-DQB1*03:02	0.0	0.084686644	0.27606148	0.20950952
DRB4*01:03	0.0	0.4864194	0.2933555	0.2836967
DQA1*06:01-DQB1*04:02	0.0	0.084686644	0.4509042	0.37056172
DRB3*01:01	0.0	0.6887833	0.4924925	0.46487457
DQA1*06:01-DQB1*04:02	0.0	0.7703366	0.43068117	0.34042877
DRB1*03:01	0.0	0.0	0.5883127	0.58544934
DRB1*09:01	0.0	0.6185565	0.2747727	0.21828291
DQA1*02:01-DQB1*03:01	0.0	0.3052559	0.27483162	0.2200104
DQA1*01:03-DQB1*06:03	0.0	0.084686644	0.5760221	0.5491398
DQA1*02:01-DQB1*03:01	0.0	0.51312697	0.27456897	0.20560336
DRB1*08:01	0.0	0.4015189	0.28314406	0.32730585
DRB1*07:01	0.0	0.084686644	0.30123863	0.3433786
DRB4*01:03	0.0	0.6141892	0.30110407	0.31049687
DRB1*04:01	0.0	0.29246327	0.30693194	0.4243031
DQA1*05:01-DQB1*03:03	0.0	0.084686644	0.27621076	0.20902482
DRB1*08:02	0.0	0.0	0.2864299	0.3698368
DQA1*01:01-DQB1*05:01	0.0	0.0	0.3832253	0.39409775
DRB1*04:01	0.0	0.65906143	0.29239556	0.2881726
DRB1*15:01	0.0	0.0	0.28716454	0.21368754
DQA1*05:01-DQB1*03:02	0.0	0.45806366	0.27721888	0.19089226
DRB1*10:01	0.0	0.0	0.27454048	0.19298188
DRB3*02:02	0.0	0.084686644	0.28736055	0.22193563
DRB4*01:03	0.0	0.33695886	0.2868048	0.2431163
DPA1*01:03-DPB1*04:01	0.0	0.0	0.29956743	0.32511324
DQA1*02:01-DQB1*03:01	0.0	0.084686644	0.27479947	0.18434244
DRB3*01:01	0.0	0.37571695	0.2743821	0.20442271
DRB5*01:01	0.0	0.58108205	0.44929686	0.5367321
DQA1*02:01-DQB1*04:02	0.0	0.37756658	0.30894786	0.36826065
DPA1*03:01-DPB1*04:02	0.0	0.0	0.27446383	0.19602726
DQA1*05:01-DQB1*03:02	0.0	0.46181467	0.27566966	0.23574553
DRB1*15:01	0.0	0.43329144	0.3704328	0.4297296
DRB3*02:02	0.0	0.084686644	0.64168054	0.57895625
DRB3*01:01	0.0	0.084686644	0.27618417	0.23496115
DQA1*01:01-DQB1*05:01	0.0	0.0	0.31041738	0.2631749
DRB1*07:01	1.0	0.85125035	0.7223601	0.6763883
DRB1*12:01	0.0	0.0	0.29798695	0.2941842
DRB1*15:01	0.0	0.0	0.2874468	0.20520075
DRB1*13:01	0.0	0.0	0.30221513	0.21611619
DRB1*09:01	0.0	0.12871936	0.2750165	0.18093002
DRB1*13:01	0.0	0.1786501	0.34451666	0.30561933
DQA1*02:01-DQB1*04:02	0.0	0.23994495	0.27690524	0.21430996
DRB1*04:04	0.0	0.45246053	0.43422353	0.33946013
DRB1*11:01	1.0	0.91531336	0.72243816	0.63113594
DRB1*15:01	0.0	0.7871874	0.38590872	0.37793183
DRB1*03:01	0.0	0.36221147	0.28489238	0.21771769
DRB1*11:01	0.0	0.32433456	0.32502875	0.36385274
DPA1*03:01-DPB1*04:02	0.0	0.41971812	0.28013745	0.26782483
DRB5*01:01	0.0	0.29749924	0.37491125	0.4042864
DRB1*04:01	0.0	0.114014134	0.28024727	0.25215304
DRB3*03:01	0.0	0.42997757	0.32437304	0.27805907
DRB3*03:01	0.0	0.22844405	0.35505724	0.36429235
DRB1*15:01	0.0	0.55599636	0.62353945	0.6241337
DQA1*02:01-DQB1*04:02	0.0	0.54196596	0.27533162	0.17563356
DRB1*03:01	0.0	0.4168163	0.29363903	0.31109217
DRB1*03:01	0.0	0.094414145	0.44391066	0.4176759
DQB1*04:02	0.0	0.0	0.28359383	0.2942274
DQA1*05:01-DQB1*03:03	0.0	0.32292444	0.28142005	0.28313774
DRB1*01:01	0.0	0.0	0.3101976	0.29700327
DRB3*01:01	0.0	0.4415197	0.28163624	0.25990376
DRB1*15:01	0.0	0.19438869	0.38941923	0.39232504
DQA1*01:02-DQB1*05:01	0.0	0.084686644	0.690285	0.5359122
DRB3*02:02	0.0	0.59733844	0.3386548	0.397269
DRB1*07:01	0.0	0.65237737	0.30216214	0.3971002
DQA1*05:01-DQB1*04:02	0.0	0.084686644	0.2811871	0.16454418
DQA1*02:01-DQB1*03:03	0.0	0.2963511	0.30611083	0.32160252
DRB1*01:01	0.0	0.0	0.2924135	0.19190261
DRB1*11:01	0.0	0.0	0.3501245	0.2606904
DRB1*15:01	0.0	0.17891872	0.30322644	0.24669671
DRB5*01:01	0.0	0.33731362	0.7121463	0.6325551
DRB1*14:54	0.0	0.4497814	0.31718692	0.3200826
DRB4*01:03	1.0	0.85125035	0.3149786	0.41990203
DPA1*02:01-DPB1*01:01	0.0	0.0	0.27878505	0.2288729
DRB1*07:01	0.0	0.315111	0.34658903	0.39065874
DQA1*03:03-DQB1*04:02	0.0	0.084686644	0.2752706	0.19427174
DRB1*01:01	1.0	0.9190863	0.71988845	0.66613054
DRB1*09:01	1.0	0.85502326	0.37546706	0.41872725
DRB1*07:01	0.0	0.1948898	0.28581643	0.2445444
DRB1*07:01	0.0	0.02062367	0.34634295	0.25187975
DQA1*02:01-DQB1*04:02	0.0	0.3684684	0.27726975	0.21563628
DQA1*01:03-DQB1*06:03	0.0	0.10287048	0.29906607	0.29689676
DQA1*02:01-DQB1*03:01	0.0	0.084686644	0.28016722	0.26326403
DRB1*09:01	0.0	0.28169414	0.27508843	0.1718412
DQA1*05:01-DQB1*04:02	0.0	0.5544935	0.48782617	0.4986026
DRB1*13:01	0.0	0.4432929	0.33179146	0.32631892
DPA1*02:01-DPB1*05:01	0.0	0.0	0.35805553	0.30671844
DQA1*05:01-DQB1*04:02	1.0	0.85125035	0.600928	0.5506591
DQA1*02:01-DQB1*03:01	0.0	0.28239787	0.37549475	0.39310187
DRB1*04:05	0.0	0.48257518	0.30492747	0.29490352
DRB1*08:02	0.0	0.0	0.27709717	0.22080886
DRB1*11:01	0.0	0.43075585	0.31902862	0.3194699
DQA1*03:03-DQB1*04:02	0.0	0.084686644	0.27783656	0.16469109
DQB1*06:02	0.0	0.29749924	0.28834334	0.30939662
DRB3*03:01	1.0	0.93593705	0.35496306	0.41781145
DRB1*04:01	0.0	0.0	0.27800903	0.2070927
DRB1*13:01	1.0	0.8984626	0.34911588	0.40249556
DRB1*04:01	0.0	0.2056996	0.62300926	0.55236286
DQA1*03:03-DQB1*04:02	0.0	0.71861506	0.6055692	0.55197734
DQA1*05:01-DQB1*04:02	0.0	0.084686644	0.27586138	0.2227591
DRB1*13:01	1.0	0.85125035	0.722257	0.62005764
DRB3*01:01	0.0	0.31951976	0.27635166	0.20202567
DRB1*13:01	0.0	0.19915889	0.37396246	0.39628506
DRB1*11:01	0.0	0.084686644	0.30911297	0.27088225
DRB1*04:01	0.0	0.2205793	0.29372573	0.31984368
DQA1*06:01-DQB1*04:02	0.0	0.65237737	0.5103049	0.49940705
DQA1*05:01-DQB1*04:02	0.0	0.3781177	0.36493406	0.3547912
DPB1*04:02	0.0	0.084686644	0.38320112	0.44180965
DRB1*01:01	0.0	0.16512838	0.31476688	0.30290365
DRB1*09:01	0.0	0.0	0.27478892	0.2082323
DRB1*15:01	1.0	0.81015104	0.7198105	0.6346401
DPB1*14:01	0.0	0.0	0.28250387	0.22953337
DRB1*11:01	0.0	0.26683146	0.31749195	0.29609632
DRB1*14:54	1.0	0.87187403	0.72045445	0.6737621
DRB1*03:01	0.0	0.0	0.6955188	0.563483
DRB3*01:01	0.0	0.5053634	0.27462912	0.24829456
DRB1*07:01	0.0	0.5185219	0.3489069	0.4059137
DRB1*08:01	0.0	0.41564742	0.274773	0.27904284
DRB5*01:01	0.0	0.7437481	0.41843912	0.4752521
DRB1*15:01	0.0	0.50192404	0.37857783	0.42274737
DRB1*12:01	0.0	0.0	0.27479187	0.21299328
DRB1*08:02	0.0	0.066475004	0.33702815	0.4427571
DRB3*03:01	0.0	0.24678662	0.34181932	0.31797624
DQA1*02:01-DQB1*03:03	0.0	0.084686644	0.28243095	0.15662532
DRB5*01:01	0.0	0.6887833	0.3581895	0.39285994
DRB3*01:01	0.0	0.084686644	0.3665276	0.3933298
DRB4*01:03	0.0	0.43056068	0.28587925	0.24883315
DRB1*03:01	0.0	0.2601481	0.28567085	0.2576275
DPA1*02:01-DPB1*05:01	0.0	0.0	0.27874255	0.23125142
DQA1*05:01-DQB1*02:01	0.0	0.37007582	0.27463323	0.20767508
DRB1*14:54	0.0	0.6768411	0.40884185	0.41813356
DRB3*03:01	0.0	0.51701903	0.3551206	0.36312187
DRB3*02:02	0.0	0.6502526	0.29164532	0.30708775
DRB3*02:02	0.0	0.084686644	0.2976566	0.3298725
DRB1*08:01	0.0	0.5231829	0.35166433	0.3620779
DRB3*02:02	0.0	0.0	0.3075092	0.27257326
DRB1*11:01	0.0	0.37701872	0.3690538	0.3744338
DRB1*11:01	0.0	0.51312697	0.34073746	0.36588216
DQA1*02:01-DQB1*03:01	0.0	0.3360427	0.41851994	0.39992344
DRB1*03:01	0.0	0.0	0.2972696	0.23343845
DRB4*01:01	0.0	0.084686644	0.2750451	0.18123828
DRB1*04:04	0.0	0.26017898	0.27640852	0.23706742
DQA1*02:01-DQB1*03:01	0.0	0.084686644	0.29163796	0.3639396
DRB1*04:01	0.0	0.084686644	0.27819183	0.15278117
DRB1*09:01	0.0	0.5743748	0.29148102	0.2850987
DRB1*03:01	0.0	0.084686644	0.2828839	0.23479894
DQA1*02:01-DQB1*03:01	0.0	0.2677647	0.2855998	0.3122681
DRB1*04:01	0.0	0.65237737	0.28634843	0.2699154
DRB1*11:01	0.0	0.60096335	0.3382488	0.37675452
DRB5*01:01	0.0	0.59733844	0.3584122	0.35743424
DRB1*15:02	0.0	0.28462216	0.27544284	0.19716674
DRB1*04:04	0.0	0.24791473	0.2770238	0.22435667
DRB4*01:01	0.0	0.16819094	0.2764402	0.22805716
DRB1*08:02	0.0	0.0	0.2926729	0.30790073
DRB5*01:01	0.0	0.084686644	0.33300444	0.30279627
DQA1*02:01-DQB1*04:02	0.0	0.5606573	0.36787733	0.33125883
DQA1*02:01-DQB1*03:03	0.0	0.084686644	0.2753743	0.20316191
DPA1*02:01-DPB1*05:01	0.0	0.0	0.28004095	0.22756663
DRB1*11:01	0.0	0.084686644	0.29215893	0.19555178
DQA1*05:01-DQB1*04:02	0.0	0.467452	0.38097826	0.36456817
DRB1*13:01	0.0	0.42093995	0.32345363	0.28595513
DRB1*14:54	0.0	0.6200593	0.30441898	0.2967058
DRB1*12:01	0.0	0.02062367	0.27703315	0.2201072
DRB5*01:01	0.0	0.0	0.32406572	0.2747109
DRB1*04:05	0.0	0.6141892	0.44599512	0.5000304
DRB1*15:01	0.0	0.030361442	0.30247322	0.25639445
DRB1*01:01	0.0	0.51031184	0.5955511	0.573512
DRB1*10:01	0.0	0.0	0.2979166	0.26670024
DQA1*05:01-DQB1*03:02	0.0	0.16184404	0.27505213	0.19857442
DRB1*07:01	0.0	0.5426191	0.5089422	0.60579574
DRB1*03:01	0.0	0.62796354	0.29796007	0.36128315
DRB1*01:01	0.0	0.12450104	0.2983238	0.24476954
DRB1*03:01	0.0	0.65906143	0.2834133	0.25659972
DRB1*08:02	0.0	0.0	0.3108586	0.33550778
DRB1*09:01	0.0	0.47070563	0.50218576	0.5375148
DQA1*01:02-DQB1*05:01	0.0	0.084686644	0.27820212	0.21225424
DQA1*05:01-DQB1*03:03	0.0	0.62158704	0.29195395	0.3173066
DQA1*01:02-DQB1*06:02	0.0	0.16268918	0.2907468	0.13496323
DPA1*01:03-DPB1*04:01	0.0	0.0	0.27804628	0.20080255
DQA1*02:01-DQB1*03:01	0.0	0.31617948	0.30964693	0.33996946
DRB1*07:01	0.0	0.0	0.29487213	0.29275173
DRB1*07:01	0.0	0.7969252	0.41472435	0.48932627
DPA1*03:01-DPB1*04:02	0.0	0.6441565	0.32091522	0.37572724
DQA1*05:01-DQB1*03:02	0.0	0.51031184	0.2782845	0.1607323
DRB1*09:01	0.0	0.74971294	0.6567447	0.58541435
DRB1*04:03	0.0	0.51615244	0.33823067	0.3251713
DRB1*04:01	0.0	0.0	0.29173878	0.32439163
DRB5*01:01	1.0	0.8984626	0.7110197	0.68472683
DRB1*08:01	0.0	0.39218074	0.43471882	0.38489366
DRB1*09:01	0.0	0.18562526	0.42561164	0.3441835
DRB1*04:01	0.0	0.0	0.2895212	0.32579708
DRB1*04:01	0.0	0.69887584	0.4858044	0.4465605
DRB1*14:54	0.0	0.55155915	0.49821	0.53679824
DQA1*02:01-DQB1*03:03	0.0	0.5753037	0.3259428	0.3861727
DRB1*11:01	0.0	0.084686644	0.30790922	0.24504161
DRB4*01:03	1.0	0.83439964	0.71972317	0.6598104
DRB5*01:01	0.0	0.7629388	0.36377904	0.33942124
DQA1*03:03-DQB1*04:02	0.0	0.38058248	0.31921405	0.32133916
DQA1*05:01-DQB1*04:02	0.0	0.084686644	0.42949834	0.4679438
DRB1*04:01	0.0	0.0	0.28185645	0.26799476
DRB1*04:04	0.0	0.084686644	0.27771178	0.21955821
DRB1*13:01	0.0	0.084686644	0.5059969	0.5484777
DQA1*02:01-DQB1*04:02	0.0	0.084686644	0.37101734	0.34475654
DRB5*01:01	1.0	0.8984626	0.34306902	0.34655297
DRB1*03:01	0.0	0.21633552	0.36806282	0.36162803
DRB1*13:02	0.0	0.0	0.7093923	0.65031195
DPA1*02:01-DPB1*05:01	0.0	0.0	0.29625845	0.2845456
DQA1*02:01-DQB1*03:03	0.0	0.2917223	0.46383956	0.46388397
DRB1*13:02	0.0	0.20432355	0.5689881	0.61065793
DRB1*09:01	0.0	0.3686678	0.27527663	0.20929451
DQA1*02:01-DQB1*03:03	0.0	0.25177777	0.34542507	0.27137285
DQA1*02:01-DQB1*04:02	0.0	0.674082	0.28177798	0.23353446
DRB1*08:01	0.0	0.084686644	0.27737704	0.17408918
DRB1*04:01	0.0	0.37306246	0.28088778	0.21246606
DRB1*04:01	0.0	0.084686644	0.28161874	0.2679298
DRB3*01:01	0.0	0.4278704	0.2749408	0.20307316
DRB1*11:01	0.0	0.23577622	0.31226814	0.28943685
DQA1*05:01-DQB1*02:01	0.0	0.0	0.6330592	0.5155687
DQA1*06:01-DQB1*04:02	0.0	0.22800727	0.30756125	0.36234203
DRB3*01:01	0.0	0.27490047	0.27974847	0.17051527
DRB1*07:01	0.0	0.44930252	0.28671	0.24249372
DRB1*09:01	0.0	0.42749238	0.6713478	0.58970225
DRB3*02:02	0.0	0.4325314	0.32271817	0.33447725
DRB5*01:01	0.0	0.40309882	0.6960545	0.65085447
DRB1*07:01	0.0	0.63305235	0.7223724	0.67330265
DRB1*03:01	0.0	0.34792444	0.30665395	0.21914384
DRB1*08:02	0.0	0.0	0.27690533	0.20393983
DRB1*11:01	0.0	0.6231404	0.4326542	0.4393941
DRB1*03:01	1.0	1.0	0.2859027	0.27180094
DRB3*01:01	0.0	0.09419877	0.28219667	0.24868737
DRB1*07:01	0.0	0.050122682	0.2859293	0.24185067
DRB1*08:01	0.0	0.18916315	0.36564007	0.39415625
DRB1*03:01	0.0	0.42844033	0.334581	0.35620576
DRB1*11:01	0.0	0.40709534	0.33459914	0.34866542
DQA1*06:01-DQB1*04:02	0.0	0.4805438	0.27429193	0.20489973
DRB1*07:01	0.0	0.29805544	0.29912055	0.30161873
DRB1*15:01	0.0	0.4734556	0.423447	0.5031153
DQA1*02:01-DQB1*03:01	0.0	0.32384163	0.2747843	0.17254826
DRB4*01:03	0.0	0.47822896	0.29864776	0.3265882
DQA1*05:01-DQB1*04:02	0.0	0.084686644	0.2787622	0.17238595
DRB3*01:01	0.0	0.084686644	0.27422893	0.22281097
DRB1*03:01	0.0	0.66380215	0.71786237	0.57117856
DPA1*02:01-DPB1*01:01	0.0	0.0	0.27676663	0.20492056
DRB5*01:01	1.0	0.8984626	0.3892536	0.42679036
DRB4*01:01	0.0	0.36156222	0.2863617	0.29877108
DRB1*09:01	0.0	0.7278651	0.30675802	0.41492593
DRB4*01:01	0.0	0.084686644	0.27496114	0.19397765
DRB1*04:04	0.0	0.61707765	0.29723093	0.2972682
DRB1*04:01	1.0	0.9082004	0.30182946	0.29676235
DRB1*03:01	0.0	0.5872459	0.52128017	0.50891316
DRB1*07:01	0.0	0.5830913	0.36311573	0.4331541
DRB3*01:01	0.0	0.4173218	0.2742189	0.24238166
DRB1*11:01	1.0	0.8375329	0.4269403	0.4648625
DQA1*02:01-DQB1*03:03	0.0	0.16348788	0.27542296	0.22106451
DRB1*03:01	0.0	0.084686644	0.29483676	0.32841995
DRB1*04:01	0.0	0.31835425	0.48096663	0.34577227
DRB1*03:01	0.0	0.0	0.330042	0.3807729
DQA1*03:03-DQB1*04:02	0.0	0.3014649	0.5887217	0.5793545
DRB1*15:01	0.0	0.42959085	0.49709043	0.47653872
DRB3*02:02	0.0	0.45246053	0.2899304	0.285613
DRB3*03:01	0.0	0.084686644	0.3749926	0.37456274
DRB4*01:01	0.0	0.02062367	0.43577376	0.37309015
DRB1*01:01	1.0	0.9095798	0.32046306	0.255326
DRB4*01:01	0.0	0.0	0.3189008	0.2979772
DPA1*02:01-DPB1*14:01	0.0	0.0	0.34176	0.31699783
DQA1*05:01-DQB1*03:03	0.0	0.084686644	0.2742244	0.22122568
DQA1*05:01-DQB1*03:02	0.0	0.084686644	0.27428353	0.21532771
DQA1*02:01-DQB1*03:03	0.0	0.084686644	0.2790271	0.17349179
DRB1*04:01	0.0	0.0	0.30923018	0.33284312
DRB1*09:01	0.0	0.6887833	0.30332828	0.36417454
DRB1*11:01	0.0	0.49231294	0.33974677	0.40988162
DQA1*02:01-DQB1*04:02	0.0	0.56226474	0.29517612	0.30287677
DQA1*02:01-DQB1*03:03	0.0	0.259994	0.28196523	0.14147791
DRB1*03:01	0.0	0.0	0.38086876	0.32136056
DRB1*03:01	1.0	1.0	0.70148695	0.5979481
DQA1*01:01-DQB1*05:01	0.0	0.0	0.27514127	0.16797604
DRB3*01:01	0.0	0.1584566	0.27570692	0.2107434
DRB1*03:01	0.0	0.66380215	0.51509035	0.54706484
DPB1*02:01	0.0	0.29749924	0.6921296	0.59508175
DRB1*07:01	0.0	0.13745385	0.42838868	0.38670892
DQA1*05:01-DQB1*04:02	0.0	0.64221066	0.30496582	0.3696043
DRB1*09:01	0.0	0.7629388	0.38756725	0.41244507
DRB1*09:01	0.0	0.47790295	0.2856801	0.3390569
DRB1*07:01	0.0	0.08577905	0.32699904	0.34994668
DRB1*03:03	0.0	0.14645843	0.37089664	0.37501717
DRB4*01:01	0.0	0.084686644	0.29013348	0.34492654
DRB1*11:01	0.0	0.36640024	0.32592374	0.32054824
DRB1*01:01	0.0	0.52642614	0.44284308	0.41552556
DRB1*09:01	0.0	0.31766194	0.27766132	0.24203117
DRB1*04:01	0.0	0.6384378	0.3036367	0.3233628
DRB1*03:01	0.0	0.0	0.2886355	0.22229049
DRB1*15:01	0.0	0.15646607	0.4373639	0.53123754
DPA1*01:03-DPB1*02:01	0.0	0.0	0.29597813	0.3173418
DRB1*03:01	0.0	0.4713097	0.29145545	0.25937632
DRB1*07:01	0.0	0.32974097	0.32760522	0.2674971
DRB5*01:01	0.0	0.5544935	0.42786387	0.47631222
DRB1*07:01	0.0	0.3996859	0.30968323	0.3447399
DRB3*01:01	0.0	0.084686644	0.28287336	0.32787824
DRB1*01:01	0.0	0.3558287	0.30809307	0.2686352
DRB1*07:01	0.0	0.19579254	0.3384708	0.4013725
DRB1*04:01	0.0	0.5716429	0.28883302	0.26717603
DRB5*01:01	0.0	0.0	0.32162946	0.260867
DRB3*03:01	0.0	0.084686644	0.3841395	0.37696704
DRB1*01:01	0.0	0.34197953	0.39602926	0.44297096
DRB1*04:01	0.0	0.29749924	0.2777091	0.22189172
DRB1*03:01	0.0	0.084686644	0.3284399	0.3022205
DRB1*04:03	0.0	0.30272767	0.27882776	0.2157382
DRB1*07:01	0.0	0.38080984	0.5700575	0.6346345
DRB1*01:01	0.0	0.18171471	0.31482854	0.31478608
DRB1*09:01	0.0	0.18880606	0.27874842	0.27532566
DQA1*01:02-DQB1*05:01	0.0	0.084686644	0.27505195	0.17353113
DRB1*13:01	0.0	0.24561937	0.3100587	0.23792702
DRB1*04:01	0.0	0.26173496	0.34139818	0.45223743
DRB4*01:03	0.0	0.084686644	0.3126052	0.2684042
DRB1*14:54	0.0	0.5830913	0.33501777	0.37265572
DRB1*11:01	0.0	0.02062367	0.37144172	0.24978355
DRB3*03:01	0.0	0.23781285	0.3309287	0.31019872
DRB3*03:01	0.0	0.084686644	0.3623214	0.33490992
DRB1*09:01	0.0	0.33817074	0.3109934	0.32387793
DRB1*03:01	0.0	0.22731268	0.32813063	0.3518374
DRB3*01:01	0.0	0.37593263	0.28313723	0.33794683
DRB1*04:04	0.0	0.7959039	0.30901155	0.31009358
DRB1*03:01	0.0	0.18729308	0.7189375	0.60498834
DQB1*06:02	0.0	0.44858882	0.27681798	0.17479797
DRB1*04:01	0.0	0.51505256	0.58109313	0.51261616
DRB3*03:01	0.0	0.40939265	0.35527566	0.30187014
DRB1*09:01	0.0	0.0	0.2934273	0.26892227
DRB3*01:01	0.0	0.0	0.32310253	0.29271707
DQA1*05:01-DQB1*02:01	0.0	0.33688805	0.2914927	0.3322365
DQA1*02:01-DQB1*04:02	0.0	0.28422102	0.2754233	0.26782534
DQA1*05:01-DQB1*03:03	0.0	0.084686644	0.2853811	0.2718402
DQA1*01:01-DQB1*05:01	0.0	0.0	0.27618656	0.23868273
DRB1*03:01	0.0	0.5145674	0.718021	0.6253179
DPA1*01:03-DPB1*04:01	0.0	0.0	0.2986866	0.2407704
DRB1*07:01	0.0	0.0	0.2830701	0.21733402
DRB1*07:01	1.0	0.8078111	0.72252053	0.65174913
DRB3*01:01	0.0	0.0	0.2816942	0.309553
DRB5*01:01	0.0	0.3978885	0.35528213	0.2927131
DRB1*03:01	0.0	0.0	0.28484377	0.27167878
DRB1*11:01	0.0	0.084686644	0.3051574	0.24941626
DRB1*11:01	0.0	0.6567793	0.5019574	0.56762445
DRB1*14:54	1.0	0.8201525	0.46715912	0.49902377
DRB3*01:01	0.0	0.7629388	0.27441636	0.2255244
DRB1*04:04	1.0	0.8984626	0.6727863	0.6109013
DRB3*02:02	1.0	0.87187403	0.41556966	0.43419328
DRB1*04:01	0.0	0.36836886	0.46347985	0.4792514
DRB1*04:01	0.0	0.23530346	0.27884305	0.20287077
DRB1*01:01	0.0	0.6991501	0.43230808	0.4195
DQA1*06:01-DQB1*04:02	0.0	0.31477612	0.28011665	0.25993106
DRB1*04:01	0.0	0.29298988	0.2833048	0.29401058
DRB1*03:01	0.0	0.45074666	0.2859941	0.28472078
DQA1*01:03-DQB1*06:03	0.0	0.084686644	0.28327677	0.13524167
DRB1*08:01	0.0	0.15938516	0.27678695	0.18263331
DRB1*03:01	0.0	0.0	0.3225094	0.3562489
DRB4*01:01	0.0	0.71861506	0.2824869	0.27161813
DRB5*01:01	1.0	0.8984626	0.7004949	0.67302155
DQA1*02:01-DQB1*03:03	0.0	0.084686644	0.27519703	0.19165467
DRB1*09:01	0.0	0.34064326	0.27474183	0.2119284
DRB1*08:01	0.0	0.6796851	0.59303683	0.54449517
DRB1*09:01	0.0	0.5237156	0.29043838	0.29014423
DRB1*14:54	0.0	0.3531744	0.30376536	0.30438352
DQA1*05:01-DQB1*04:02	0.0	0.5326849	0.27463305	0.20790665
DRB1*09:01	0.0	0.41302997	0.28153902	0.29007882
DRB5*01:01	0.0	0.7560895	0.6303164	0.64169395
DQA1*03:03-DQB1*04:02	0.0	0.084686644	0.44766042	0.35638854
DQA1*05:01-DQB1*03:03	0.0	0.42636755	0.40293962	0.35957965
DRB1*08:01	0.0	0.30415678	0.28445113	0.13770396
DRB4*01:01	0.0	0.610019	0.30102548	0.37562677
DRB3*03:01	0.0	0.6366076	0.368591	0.40318948
DPA1*01:03-DPB1*04:01	0.0	0.0	0.27517304	0.17336652
DRB1*14:54	0.0	0.7703366	0.7227684	0.64935553
DRB1*13:01	0.0	0.69887584	0.3163561	0.26990858
DRB1*13:01	0.0	0.559864	0.3176601	0.29138654
DQA1*01:02-DQB1*05:01	0.0	0.549418	0.28848594	0.30288252
DRB1*01:01	0.0	0.23480967	0.3460949	0.34903812
DQA1*02:01-DQB1*04:02	0.0	0.60220397	0.27498886	0.23543428
DRB1*08:02	0.0	0.5053634	0.29240596	0.39599517
DRB1*07:01	0.0	0.0	0.28616774	0.21064739
DQA1*02:01-DQB1*03:03	0.0	0.23603727	0.2833953	0.14018753
DQA1*02:01-DQB1*03:01	0.0	0.65906143	0.4512574	0.5023693
DRB1*03:01	0.0	0.0	0.27867237	0.19729832
DRB1*04:01	0.0	0.0	0.28703594	0.3632412
DRB1*01:01	0.0	0.0	0.30599454	0.26993844
DRB1*04:05	0.0	0.50624365	0.48379707	0.49153325
DRB1*11:01	0.0	0.0	0.31315738	0.31582093
DRB3*02:02	0.0	0.46154162	0.33349648	0.3229725
DRB1*04:01	1.0	0.93593705	0.7169236	0.62061846
DPA1*02:01-DPB1*01:01	0.0	0.0	0.2776869	0.21186975
DRB1*01:01	0.0	0.4261814	0.32257375	0.3115562
DRB1*14:54	0.0	0.35829347	0.43238345	0.38390338
DRB1*04:01	0.0	0.39426363	0.5881848	0.5997819
DPA1*02:01-DPB1*05:01	0.0	0.0	0.27478904	0.18785882
DRB3*02:02	0.0	0.084686644	0.40274638	0.46595693
DQA1*05:01-DQB1*03:03	0.0	0.4640285	0.54459006	0.5466263
DRB1*04:01	0.0	0.047261514	0.3319618	0.40989923
DRB1*07:01	0.0	0.0	0.279675	0.19462822
DRB1*07:01	0.0	0.6687992	0.52236634	0.5653339
DRB1*07:01	1.0	0.8391403	0.38701314	0.41594702
DQA1*02:01-DQB1*04:02	0.0	0.084686644	0.33048704	0.33031985
DQA1*02:01-DQB1*04:02	0.0	0.59733844	0.39625853	0.36002582
DRB1*01:01	0.0	0.6417914	0.71673405	0.6700177
DRB1*01:01	0.0	0.3954562	0.32214317	0.2975359
DQA1*05:01-DQB1*04:02	0.0	0.45780146	0.3682968	0.40052468
DRB4*01:03	0.0	0.084686644	0.31508034	0.46834055
DRB1*13:02	0.0	0.34665728	0.31015426	0.33108503
DQB1*02:01	0.0	0.0	0.60025847	0.5576376
DQA1*05:01-DQB1*03:02	0.0	0.32335132	0.5959165	0.56173074
DQA1*03:03-DQB1*04:02	0.0	0.30535647	0.565363	0.52368855
DQA1*02:01-DQB1*03:01	0.0	0.58939534	0.43812245	0.4220792
DRB3	0.0	0.0	0.29044917	0.26600564
DRB3*03:01	0.0	0.27024305	0.32119703	0.22978117
DRB1*08:01	0.0	0.5716429	0.40644822	0.40233028
DQA1*02:01-DQB1*03:01	0.0	0.42235643	0.6273782	0.5900985
DRB1*04:05	0.0	0.17159483	0.28692365	0.2571113
DQA1*02:01-DQB1*03:03	0.0	0.26466826	0.28201562	0.14534838
DRB1*13:01	0.0	0.37038034	0.4133273	0.39776528
DQA1*01:02-DQB1*05:01	0.0	0.3851202	0.43606704	0.42734623
DRB1*11:01	0.0	0.084686644	0.35790887	0.34066653
DRB3*02:02	0.0	0.0	0.28251287	0.21604544
DQA1*02:01-DQB1*04:02	0.0	0.34517473	0.30962345	0.26333475
DQA1*03:01-DQB1*03:02	0.0	0.17888029	0.27510148	0.18135126
DRB1*04:04	0.0	0.5830913	0.29670897	0.34434044
DQA1*02:01-DQB1*04:02	0.0	0.5226533	0.4238632	0.356503
DRB1*01:01	0.0	0.06642568	0.36144397	0.25494522
DRB4*01:03	1.0	0.8201525	0.42406136	0.4532808
DRB4*01:03	0.0	0.33239892	0.2978662	0.3211662
DRB1*08:01	0.0	0.45859027	0.28384143	0.3455376
DRB1*11:01	0.0	0.7990022	0.33136106	0.37766248
DRB1*07:01	0.0	0.01723011	0.41790113	0.49774653
DRB1*08:02	0.0	0.71861506	0.32982972	0.42535
DRB1*11:01	0.0	0.22965597	0.42388672	0.49882206
DRB1*04:04	0.0	0.37789685	0.2808065	0.26374766
DRB1*08:01	0.0	0.14987476	0.2762734	0.25660554
DRB1*15:01	1.0	1.0	0.46759605	0.42152756
DRB3*01:01	0.0	0.0	0.27613714	0.17343964
DRB1*04:04	0.0	0.6687992	0.2824967	0.25770858
DRB3*02:02	0.0	0.084686644	0.33602142	0.35560828
DQA1*05:01-DQB1*04:02	0.0	0.49619684	0.2746048	0.22629805
DQA1*02:01-DQB1*03:03	0.0	0.44374153	0.29559073	0.280343
DRB1*13:01	0.0	0.5530147	0.33401212	0.32819325
DRB3*01:01	0.0	0.0	0.30111617	0.26674545
DQA1*03:03-DQB1*04:02	0.0	0.27349982	0.27903944	0.24625656
DQA1*05:01-DQB1*03:02	0.0	0.3154471	0.27481306	0.17744659
DQA1*05:01-DQB1*04:02	0.0	0.36466363	0.28583956	0.13789447
DRB1*04:04	0.0	0.6200593	0.363121	0.42781922
DRB3*03:01	1.0	0.93593705	0.37866086	0.42001057
DRB3*01:01	0.0	0.084686644	0.27445555	0.22286591
DRB3*01:01	0.0	0.5997392	0.27553102	0.18760946
DRB1*09:01	0.0	0.4998376	0.2751557	0.18010363
DRB1*04:04	0.0	0.17749503	0.28876898	0.2515749
DRB1*15:02	0.0	0.0	0.27743855	0.20780283
DRB3*02:02	0.0	0.5286533	0.42026126	0.4215629
DRB1*13:01	0.0	0.6796851	0.37377504	0.38998574
DRB1*01:01	0.0	0.70250076	0.38629043	0.45509943
DRB1*08:01	0.0	0.36221147	0.2795845	0.23209035
DRB1*07:01	0.0	0.51953757	0.6429021	0.60917765
DRB1*08:01	0.0	0.084686644	0.27478206	0.20291363
DRB4*01:01	0.0	0.07735568	0.279748	0.23779273
DRB5*01:01	0.0	0.1801048	0.3346357	0.2821074
DRB1*03:01	0.0	0.0	0.29669422	0.30366802
DRB1*15:01	1.0	0.8391403	0.71644616	0.54244953
DRB1*11:01	0.0	0.3579373	0.44117105	0.5246041
DRB4*01:03	0.0	0.56307906	0.42835158	0.40657628
DRB1*03:01	1.0	1.0	0.71907115	0.63651836
DRB1*03:01	0.0	0.084686644	0.28121248	0.20680699
DRB1*14:54	0.0	0.512179	0.31698048	0.3113802
DQA1*02:01-DQB1*03:01	1.0	0.8201525	0.29010534	0.27371132
DRB1*12:01	0.0	0.084686644	0.27809262	0.24080092
DRB1*04:04	0.0	0.2661329	0.27853268	0.26344854
DRB1*04:01	0.0	0.71861506	0.28087562	0.2512529
DRB1*08:01	0.0	0.25654814	0.27596703	0.25414217
DQA1*03:01-DQB1*03:02	0.0	0.084686644	0.2799419	0.22363387
DRB1*04:04	0.0	0.071849786	0.29405084	0.29649332
DQA1*05:01-DQB1*04:02	0.0	0.38253313	0.27468163	0.20783563
DQA1*05:01-DQB1*03:02	0.0	0.23279156	0.2768445	0.2232075
DRB1*04:04	0.0	0.62796354	0.28277764	0.33142495
DQB1*03:02	0.0	0.101757646	0.2768395	0.21760058
DRB1*14:54	0.0	0.3102111	0.28681576	0.19683236
DRB3*01:01	0.0	0.0	0.3138806	0.35383266
DRB1*04:01	0.0	0.262428	0.28768238	0.31355658
DRB1*13:02	0.0	0.099051684	0.34845126	0.35504556
DRB1*09:01	0.0	0.5117087	0.27725038	0.22972551
DRB1*04:04	0.0	0.23025677	0.29346472	0.3304871
DQA1*02:01-DQB1*04:02	0.0	0.084686644	0.27464262	0.181754
DRB1*01:01	0.0	0.60346144	0.33554652	0.28527066
DQA1*01:03-DQB1*06:03	0.0	0.084686644	0.39316574	0.32566285
DRB1*13:02	0.0	0.0	0.3259718	0.4260282
DQA1*05:01-DQB1*04:02	0.0	0.41351512	0.3544578	0.36990336
DRB3*02:02	0.0	0.53209805	0.29750988	0.27282354
DRB1*07:01	0.0	0.084686644	0.33269918	0.43632475
DQA1*03:03-DQB1*04:02	0.0	0.084686644	0.274684	0.2127541
DRB1*07:01	0.0	0.43870896	0.34168673	0.46532342
DRB1*13:01	1.0	1.0	0.72304255	0.66997623
DRB1*12:02	0.0	0.48189306	0.283398	0.13221692
DRB5*01:01	0.0	0.18366279	0.34495115	0.33667797
DQA1*05:01-DQB1*04:02	0.0	0.6461442	0.27482724	0.23428181
DRB1*03:01	0.0	0.084686644	0.28914717	0.28706807
DRB1*09:01	0.0	0.5820812	0.27531967	0.22902988
DRB3*02:02	0.0	0.084686644	0.2799297	0.19664656
DRB1*15:01	1.0	0.8188415	0.3120448	0.3952099
DQA1*02:01-DQB1*03:03	0.0	0.60220397	0.27441573	0.22482722
DRB1*04:04	0.0	0.6461442	0.51883113	0.54968685
DRB1*01:01	0.0	0.116145685	0.5835262	0.5794345
DRB1*03:01	0.0	0.0	0.34197217	0.31082952
DRB1*04:03	0.0	0.4417395	0.38217333	0.37419158
DRB1*04:01	0.0	0.72312444	0.2916824	0.3347907
DRB1*13:02	0.0	0.0	0.37341115	0.35058296
DRB1*07:01	0.0	0.53151494	0.32171825	0.32859474
DRB1*07:01	0.0	0.51505256	0.4565187	0.51568913
DRB1*07:01	0.0	0.29749924	0.2860984	0.22522968
DRB1*01:01	0.0	0.44624886	0.41992512	0.42368022
DRB4*01:01	0.0	0.0	0.27699274	0.20336355
DRB4*01:03	0.0	0.40095103	0.31195208	0.3130932
DRB3*03:01	0.0	0.47725436	0.32635415	0.2779202
DRB1*04:04	0.0	0.40559492	0.27778077	0.22353052
DRB4*01:03	0.0	0.5725446	0.30748683	0.34938547
DRB1*11:01	0.0	0.084686644	0.46305284	0.5288664
DRB1*13:01	0.0	0.56556594	0.37357494	0.36604303
DRB3*01:01	0.0	0.1345474	0.28592297	0.2906894
DRB5*01:01	0.0	0.36679062	0.71561056	0.6293536
DRB1*03:01	0.0	0.0	0.2829065	0.25582218
DRB1*04:01	0.0	0.17659125	0.2949886	0.2855174
DQA1*05:01-DQB1*03:02	0.0	0.47565255	0.27799037	0.28970695
DQA1*02:01-DQB1*03:01	0.0	0.5253324	0.29450294	0.25956234
DRB1*13:02	0.0	0.0	0.4473219	0.45654523
DRB1*09:01	0.0	0.46072733	0.27540082	0.17699562
DRB3*01:01	0.0	0.598531	0.37602678	0.42429525
DQA1*05:01-DQB1*02:01	0.0	0.4341388	0.28140408	0.37752846
DRB1*07:01	0.0	0.0	0.3102024	0.283056
DRB1*12:02	0.0	0.48189306	0.28189287	0.13502444
DRB3*01:01	0.0	0.77837855	0.3177996	0.3740891
DRB3*02:02	0.0	0.44351694	0.28378057	0.22586495
DPA1*02:01-DPB1*05:01	0.0	0.0	0.2899461	0.2700702
DRB3*02:02	0.0	0.084686644	0.2968062	0.23854661
DRB1*04:04	0.0	0.37789685	0.28989196	0.3647251
DPA1*01:03-DPB1*04:01	0.0	0.0	0.27765343	0.20303036
DRB1*08:01	0.0	0.2006863	0.2742452	0.23189759
DRB1*04:01	0.0	0.27471972	0.28217107	0.2464724
DRB1*01:01	0.0	0.28555146	0.7196095	0.67200065
DPA1*03:01-DPB1*04:02	0.0	0.0	0.27502283	0.17765367
DQA1*02:01-DQB1*03:03	0.0	0.5280915	0.3197445	0.31781542
DRB1*14:54	0.0	0.6185565	0.32068315	0.34371874
DQA1*05:01-DQB1*03:03	0.0	0.084686644	0.27865145	0.16518849
DRB1*07:01	0.0	0.58108205	0.5625725	0.5943517
DRB5*01:01	0.0	0.43293062	0.36761466	0.3923964
DQA1*02:01-DQB1*04:02	0.0	0.5771899	0.27469707	0.2132553
DRB1*15:01	0.0	0.42711592	0.30658293	0.30507335
DQA1*02:01-DQB1*03:03	0.0	0.53446805	0.27674672	0.26728895
DQA1*05:01-DQB1*03:03	0.0	0.2873143	0.27503118	0.17670599
DQA1*02:01-DQB1*03:03	0.0	0.45992014	0.27431443	0.24990061
DRB4*01:03	0.0	0.56556594	0.29632622	0.2943689
DRB1*13:01	1.0	0.8078111	0.48899686	0.4356513
DRB1*14:54	0.0	0.42146862	0.3718524	0.36430472
DQA1*01:01-DQB1*05:01	0.0	0.0	0.2753991	0.2269533
DRB1*08:01	0.0	0.084686644	0.2818603	0.16270459
DRB1*13:01	0.0	0.0	0.38036036	0.43652332
DRB1*09:01	0.0	0.0	0.31249803	0.29463673
DRB1*13:02	0.0	0.0	0.58928937	0.63464797
DRB3*01:01	0.0	0.28902707	0.4771349	0.42687893
DQA1*02:01-DQB1*03:03	0.0	0.084686644	0.2759773	0.21453887
DQA1*01:02-DQB1*05:02	0.0	0.0	0.28363854	0.25005296
DRB3*03:01	0.0	0.31800747	0.7180989	0.6667646
DRB1*15:01	0.0	0.15756775	0.30642253	0.30930114
DRB1*04:02	0.0	0.0	0.31675336	0.28951055
DRB4*01:03	0.0	0.4514773	0.28796968	0.22969945
DQA1*02:01-DQB1*04:02	0.0	0.084686644	0.32314956	0.3660911
DPA1*02:01-DPB1*01:01	0.0	0.0	0.27800232	0.19387962
DRB1*04:01	0.0	0.02681062	0.28551164	0.27772158
DRB1*01:01	0.0	0.77837855	0.33076653	0.2978467
DPA1*01:03-DPB1*02:01	0.0	0.34235418	0.5463374	0.55238855
DRB1*04:01	0.0	0.084686644	0.29174334	0.27269557
DQA1*06:01-DQB1*04:02	0.0	0.24034247	0.34242713	0.3251594
DRB1*07:01	0.0	0.0	0.2997425	0.33831584
DRB1*08:02	0.0	0.02062367	0.33636206	0.4808118
DRB1*07:01	0.0	0.33874658	0.28928536	0.2469004
DRB1*04:01	0.0	0.20659392	0.28391418	0.2767124
DRB1*08:01	0.0	0.0	0.36439782	0.30145165
DRB1*07:01	1.0	0.8078111	0.7198024	0.64156723
DQA1*02:01-DQB1*03:01	0.0	0.4063421	0.37826216	0.3719557
DRB1*04:04	0.0	0.33334756	0.30278644	0.35320807
DQA1*01:03-DQB1*06:03	0.0	0.084686644	0.36210322	0.37484723
DRB1*04:01	0.0	0.0	0.27816138	0.22186445
DRB5*01:01	0.0	0.42488876	0.61582583	0.54550314
DRB3*02:02	0.0	0.0	0.32270023	0.34603658
DRB1*04:04	0.0	0.4457879	0.31209937	0.3294869
DRB3*01:01	0.0	0.56986547	0.2747191	0.20963499
DRB1*07:01	0.0	0.0	0.30245832	0.3205293
DRB1*08:02	0.0	0.0	0.35719094	0.45457345
DRB1*08:01	0.0	0.0	0.27567223	0.2380527
DRB1*13:01	0.0	0.69202656	0.5691276	0.6078314
DQA1*02:01-DQB1*04:02	0.0	0.084686644	0.6221479	0.5676895
DRB1*01:01	0.0	0.39652932	0.7114161	0.6651231
DRB1*01:01	0.0	0.40470624	0.3611233	0.33195102
DRB1*07:01	0.0	0.1932299	0.34478194	0.39953876
DRB1*11:01	0.0	0.72312444	0.7069466	0.636854
DRB4*01:03	0.0	0.5938504	0.5311034	0.56015295
DRB3*02:02	0.0	0.0	0.2810622	0.21946344
DRB1*03:01	0.0	0.77837855	0.42448172	0.4274055
DRB3*01:01	0.0	0.23050267	0.27473766	0.24242002
DRB3*01:01	0.0	0.084686644	0.28157073	0.19349794
DRB1*03:01	0.0	0.7703366	0.68175745	0.5881959
DRB1*13:02	1.0	0.86098814	0.7201035	0.6362379
DRB1*14:54	0.0	0.68261945	0.33830538	0.3977402
DRB1*03:01	0.0	0.0	0.2852557	0.24116759
DRB1*03:01	0.0	0.0	0.4285772	0.503875
DRB1*11:01	0.0	0.44510072	0.45371708	0.46309376
DRB1*04:01	0.0	0.084686644	0.28337452	0.26997414
DRB3*03:01	0.0	0.6348129	0.7061328	0.68407106
DRB1*09:01	0.0	0.77837855	0.3372024	0.38231874
DPA1*01:03-DPB1*02:01	1.0	0.85502326	0.3399415	0.38846695
DRB1*13:01	0.0	0.2546394	0.34134415	0.3325563
DRB1*04:04	0.0	0.6441565	0.42239332	0.40446115
DRB1*11:01	1.0	0.8078111	0.6488307	0.6129839
DRB1*11:01	0.0	0.33731362	0.42412877	0.42420322
DRB1*03:01	0.0	0.68565	0.4897879	0.49467862
DQA1*05:01-DQB1*03:02	0.0	0.43723017	0.4171315	0.40558907
DRB3*01:01	0.0	0.43743998	0.27449366	0.2707032
DRB1*04:05	0.0	0.63305235	0.27782273	0.25484195
DRB1*04:05	0.0	0.27972883	0.2879319	0.38265908
DPB1*04:02	0.0	0.084686644	0.27689764	0.14696404
DQA1*02:01-DQB1*03:01	1.0	0.83439964	0.50304806	0.480058
DRB3*02:02	0.0	0.084686644	0.28863278	0.262734
DRB1*01:01	1.0	0.9082004	0.3380583	0.32281268
DQA1*01:02-DQB1*05:01	0.0	0.6545521	0.37304744	0.35642245
DQA1*01:02-DQB1*05:01	0.0	0.55155915	0.27847794	0.20915249
DRB1*03:01	0.0	0.19540894	0.314643	0.35758582
DRB1*11:01	0.0	0.30894718	0.30522013	0.24971566
DRB1*13:01	0.0	0.7278651	0.46222508	0.4881909
DRB1*09:01	0.0	0.25400218	0.28099385	0.2801983
DRB1*03:01	0.0	0.6662669	0.35115892	0.3943464
DRB1*13:01	0.0	0.62796354	0.43329266	0.48429126
DRB1*04:04	0.0	0.37129998	0.27833116	0.22177243
DQA1*03:03-DQB1*04:02	0.0	0.54003364	0.6174057	0.59824264
DRB1*08:01	0.0	0.348967	0.27859208	0.16774751
DQA1*03:01-DQB1*03:02	0.0	0.084686644	0.27481917	0.17580321
DRB3*03:01	0.0	0.28366232	0.33818284	0.32137418
DRB1*11:01	0.0	0.084686644	0.30378568	0.23415998
DRB1*13:01	0.0	0.7278651	0.36697823	0.38178748
DRB1*03:01	0.0	0.0	0.2904474	0.23549639
DQA1*02:01-DQB1*03:01	0.0	0.19205593	0.277003	0.2267943
DRB1*15:01	0.0	0.0	0.398787	0.4248136
DRB1*03:01	0.0	0.0	0.48718238	0.5415374
DQA1*05:01-DQB1*03:03	0.0	0.084686644	0.33861855	0.38885263
DPB1*04:01	0.0	0.0	0.2755883	0.22138762
DPA1*01:03-DPB1*03:01	0.0	0.53939843	0.6038993	0.6282592
DRB1*15:01	0.0	0.45885473	0.35737503	0.44804764
DQA1*03:03-DQB1*04:02	0.0	0.36826944	0.27485907	0.22150446
DRB1*13:02	0.0	0.0	0.28567812	0.21654755
DRB1*12:01	0.0	0.29749924	0.27690336	0.27752772
DRB3*03:01	0.0	0.71020716	0.36870188	0.31070995
DRB1*11:01	0.0	0.28661335	0.32381958	0.3421926
DPB1*04:02	0.0	0.10772733	0.290921	0.26278612
DRB1*03:01	0.0	0.2495781	0.28459716	0.25980246
DRB1*04:01	0.0	0.18057309	0.34764266	0.36223176
DRB1*11:01	0.0	0.69202656	0.31969255	0.34246844
DPA1*01:03-DPB1*03:01	1.0	0.80112696	0.2972565	0.37939733
DRB3*02:02	0.0	0.28768757	0.3373827	0.37541384
DRB1*04:04	0.0	0.3152229	0.27565563	0.20183657
DQA1*05:01-DQB1*03:03	0.0	0.084686644	0.28217137	0.13883597
DQA1*05:01-DQB1*04:02	0.0	0.084686644	0.27426347	0.2159414
DRB1*08:02	0.0	0.084686644	0.2824341	0.25862014
DRB1*13:02	1.0	0.9509576	0.7191695	0.6332585
DRB1*13:02	0.0	0.14126937	0.3905884	0.42727783
DPA1*02:01-DPB1*01:01	0.0	0.1182013	0.33506894	0.30548546
DQA1*03:03-DQB1*04:02	0.0	0.084686644	0.34104425	0.32663307
DRB1*11:01	0.0	0.50624365	0.6273927	0.625713
DRB1*08:02	0.0	0.77837855	0.7147076	0.6420986
DRB1*04:04	0.0	0.68565	0.27987573	0.26770192
DRB3*01:01	0.0	0.36110124	0.57883424	0.5711813
DRB1*11:01	0.0	0.0	0.31908426	0.32811928
DRB1*07:01	0.0	0.6366076	0.32935074	0.2971344
DRB1*15:01	0.0	0.0	0.3075415	0.30865762
DRB1*07:01	0.0	0.29749924	0.31688228	0.3845284
DRB1*09:01	0.0	0.28739712	0.4658131	0.30898267
DRB5*01:01	0.0	0.20341742	0.35113072	0.39614323
DQA1*01:02-DQB1*05:01	0.0	0.71431553	0.28015313	0.23084259
DRB1*13:02	0.0	0.19831759	0.6126301	0.60752964
DQA1*02:01-DQB1*03:03	0.0	0.58108205	0.27446243	0.19938019
DQA1*02:01-DQB1*03:01	0.0	0.47855613	0.61727256	0.5969909
DRB1*03:01	0.0	0.05994881	0.3140806	0.30911162
DRB1*01:01	0.0	0.45197022	0.72219837	0.67139477
DRB1*04:04	0.0	0.5075799	0.41993034	0.45283175
DRB1*08:02	0.0	0.5002512	0.4576677	0.4726106
DRB1*11:01	0.0	0.0	0.29037583	0.19000775
DQA1*01:02-DQB1*05:01	0.0	0.58939534	0.46853325	0.4972335
DRB1*04:01	0.0	0.0	0.44123808	0.48993182
DRB1*01:01	1.0	1.0	0.71943414	0.64365584
DQA1*01:02-DQB1*05:01	0.0	0.5432769	0.35797387	0.3976549
DQA1*02:01-DQB1*03:01	0.0	0.084686644	0.27831712	0.26822907
DQA1*03:03-DQB1*04:02	0.0	0.084686644	0.2756331	0.2462582
DQA1*05:01-DQB1*03:03	0.0	0.4766103	0.27424538	0.20867331
DRB1*08:01	0.0	0.084686644	0.2827064	0.24311656
DRB1*09:01	0.0	0.5010838	0.64511305	0.5972846
DRB1*07:01	0.0	0.6141892	0.50570464	0.5766641
DRB5*01:01	0.0	0.02062367	0.3463038	0.28230435
DQA1*03:03-DQB1*04:02	0.0	0.084686644	0.35659233	0.37043464
DRB1*04:05	0.0	0.36380744	0.5448308	0.5434409
DRB1*15:01	0.0	0.0	0.2965282	0.27939743
DQA1*02:01-DQB1*03:03	0.0	0.51408476	0.4065207	0.35931754
DRB4*01:03	0.0	0.5473253	0.44320357	0.45853978
DRB1*14:54	1.0	0.8201525	0.7102036	0.6459671
DRB1*08:01	0.0	0.59733844	0.3038987	0.3612437
DRB3*01:01	0.0	0.084686644	0.275582	0.17591524
DRB1*09:01	0.0	0.6662669	0.51684517	0.5415796
DRB1*11:01	0.0	0.5938504	0.43741086	0.5138131
DRB1*09:01	0.0	0.084686644	0.3181361	0.38649672
DQA1*02:01-DQB1*03:01	0.0	0.30103177	0.29342324	0.25224277
DRB3*02:02	0.0	0.37129998	0.507305	0.5147252
DRB1*15:01	0.0	0.0	0.31230697	0.31392005
DRB1*04:05	0.0	0.30088785	0.2860661	0.3327641
DRB1*13:01	0.0	0.32728484	0.69599694	0.6251395
DQA1*05:01-DQB1*03:03	0.0	0.16715877	0.28377825	0.20493862
DQA1*02:01-DQB1*03:03	0.0	0.21191126	0.2802416	0.15136373
DPA1*01:03-DPB1*04:01	0.0	0.0	0.300762	0.30358124
DQA1*06:01-DQB1*04:02	0.0	0.28060997	0.27506733	0.2527238
DRB1*04:03	0.0	0.3077519	0.4219681	0.4444266
DRB1*03:01	0.0	0.0	0.4143494	0.36902446
DRB5*01:01	0.0	0.084686644	0.37653416	0.3587854
DRB1*11:01	1.0	0.8201525	0.36166573	0.45535165
DRB3*01:01	0.0	0.02062367	0.4603791	0.39903277
DRB3*02:02	0.0	0.19852324	0.371657	0.36351392
DRB1*09:01	0.0	0.22511177	0.27479658	0.20337114
DQA1*05:01-DQB1*04:02	0.0	0.6200593	0.5935427	0.51363087
DRB5*01:01	0.0	0.4497814	0.3536884	0.34876573
DRB3*01:01	0.0	0.5938504	0.28072613	0.16981697
DQA1*01:01-DQB1*05:01	0.0	0.0	0.2746532	0.19984299
DRB1*04:01	0.0	0.28591767	0.2906803	0.3228565
DQA1*03:03-DQB1*04:02	0.0	0.084686644	0.61745965	0.5773354
DRB5*01:01	0.0	0.0	0.36125186	0.33206832
DRB1*13:01	0.0	0.77837855	0.71772254	0.65093637
DQA1*03:03-DQB1*04:02	0.0	0.084686644	0.2937618	0.2973945
DRB3*01:01	0.0	0.084686644	0.38909033	0.37690493
DRB1*09:01	0.0	0.24556667	0.53705347	0.57266873
DRB1*10:01	0.0	0.13345222	0.27715385	0.17256807
DPA1*03:01-DPB1*04:02	0.0	0.22617362	0.2849356	0.29522526
DPB1*03:01	0.0	0.0	0.27674806	0.21651183
DQA1*03:01-DQB1*03:02	0.0	0.41766036	0.33678168	0.30055776
DQA1*02:01-DQB1*03:03	0.0	0.559864	0.44206414	0.47485134
DRB1*03:01	0.0	0.0	0.33831084	0.35324606
DRB1*13:01	0.0	0.6060289	0.72025645	0.61591613
DQA1*01:01-DQB1*05:01	0.0	0.0	0.2758207	0.2391569
DPA1*01:03-DPB1*02:01	0.0	0.0	0.35727623	0.43034697
DRB1*07:01	0.0	0.69887584	0.510413	0.60822916
DRB1*13:01	1.0	0.85125035	0.36054	0.44986385
DRB5*01:01	0.0	0.0	0.31540462	0.23233289
DPA1*01:03-DPB1*03:01	0.0	0.23546866	0.33365685	0.31276065
DRB1*13:02	0.0	0.6200593	0.39006034	0.46647155
DRB4*01:03	0.0	0.49580103	0.30059123	0.32581967
DRB1*03:01	0.0	0.48326233	0.2872355	0.29898113
DRB1*11:01	0.0	0.4893192	0.41464868	0.4565711
DRB1*04:05	0.0	0.5292186	0.35598525	0.41583702
DQA1*01:02-DQB1*05:01	0.0	0.77837855	0.42688206	0.40328282
DRB1*11:01	0.0	0.49307677	0.33240002	0.38086048
DRB1*07:01	0.0	0.60096335	0.30005708	0.30836886
DRB1*04:01	0.0	0.59616107	0.3862275	0.3619516
DRB3*03:01	0.0	0.29047185	0.382359	0.33215404
DRB1*04:04	0.0	0.6231404	0.27517748	0.198625
DRB1*07:01	0.0	0.0	0.28139976	0.19564608
DQA1*03:01-DQB1*03:02	0.0	0.30410713	0.27628925	0.20927508
DRB1*01:01	0.0	0.27956378	0.3287848	0.33182126
DQA1*02:01-DQB1*04:02	0.0	0.084686644	0.2745944	0.23064396
DQA1*02:01-DQB1*04:02	0.0	0.41079894	0.2819735	0.32884502
DRB1*03:01	0.0	0.084686644	0.3818818	0.42879245
DRB1*14:54	0.0	0.7560895	0.35978293	0.34876737
DQA1*05:01-DQB1*04:02	0.0	0.5053634	0.3450707	0.37376744
DRB1*11:01	0.0	0.6614014	0.3082853	0.29382026
DRB3*02:02	0.0	0.0	0.28965995	0.23391715
DRB4*01:03	0.0	0.37243655	0.28465602	0.2350806
DRB3*02:02	0.0	0.71861506	0.28485617	0.24062303
DRB1*03:01	0.0	0.0	0.32233888	0.25312918
DQA1*05:01-DQB1*03:02	0.0	0.41095653	0.27629572	0.1822459
DQA1*03:01-DQB1*03:02	0.0	0.084686644	0.31427583	0.33323404
DQA1*01:02-DQB1*05:01	0.0	0.34784475	0.3947248	0.36617988
DRB1*04:05	0.0	0.35964143	0.29867926	0.38600758
DRB1*04:05	0.0	0.084686644	0.5203151	0.5263562
DQA1*01:01-DQB1*05:01	0.0	0.40040812	0.28241813	0.28950712
DPA1*01:03-DPB1*04:01	0.0	0.0	0.27796423	0.19780953
DQA1*01:02-DQB1*05:01	0.0	0.37701872	0.47731757	0.49044943
DRB3*02:02	0.0	0.26643437	0.2957998	0.28051412
DRB1*01:01	1.0	0.8569691	0.59930384	0.6167134
DRB1*15:01	0.0	0.084686644	0.4396251	0.47400293
DRB4*01:03	0.0	0.32201624	0.30135807	0.259866
DQA1*02:01-DQB1*03:01	1.0	0.85125035	0.35367477	0.30102164
DRB5*01:01	0.0	0.0	0.41814178	0.4499027
DQA1*06:01-DQB1*04:02	0.0	0.4488261	0.54259217	0.5124301
DRB1*01:01	0.0	0.12450104	0.31767833	0.29191047
DRB1*04:05	0.0	0.610019	0.48203498	0.476426
DRB1*01:01	0.0	0.1862333	0.30363926	0.2479132
DRB1*07:01	0.0	0.5841126	0.5531379	0.5895622
DRB3*01:01	0.0	0.19173163	0.27841684	0.18222107
DRB1*11:01	0.0	0.58108205	0.40162832	0.4587908
DPA1*03:01-DPB1*04:02	0.0	0.0	0.27828526	0.14063443
DRB1*03:01	0.0	0.0	0.28958797	0.26961118
DPA1*03:01-DPB1*04:02	0.0	0.0	0.29048035	0.2854309
DRB3*03:01	0.0	0.6384378	0.58021414	0.64043605
DRB1*13:01	0.0	0.0	0.33530095	0.3172348
DRB3*01:01	1.0	0.8201525	0.60562444	0.5419113
DQA1*05:01-DQB1*04:02	0.0	0.4092377	0.45989218	0.4196837
DRB1*04:05	0.0	0.0	0.2746177	0.21398404
DRB1*07:01	0.0	0.5075799	0.32332352	0.437213
DRB1*03:01	0.0	0.0	0.30284113	0.32622215
DQB1*03:01	0.0	0.32766834	0.38092783	0.4200046
DRB4*01:01	0.0	0.0	0.27559814	0.21344642
DRB1*03:02	0.0	0.14874962	0.36128858	0.3876224
DRB1*15:01	1.0	0.8407774	0.7202608	0.60868776
DRB1*03:01	0.0	0.0	0.38074088	0.34270573
DQA1*02:01-DQB1*02:02	0.0	0.0	0.36559975	0.34998122
DQA1*05:01-DQB1*04:02	0.0	0.48677695	0.3087012	0.2812612
DRB1*13:01	0.0	0.33576262	0.29982147	0.2015132
DRB1*04:04	0.0	0.084686644	0.28063476	0.2281729
DRB4*01:03	0.0	0.4713097	0.28963864	0.2540139
DRB1*11:01	0.0	0.084686644	0.2997289	0.22612867
DRB1*07:01	0.0	0.6567793	0.4427881	0.48981786
DRB5*01:01	0.0	0.084686644	0.34140778	0.31579542
DRB3*02:02	0.0	0.32237846	0.28692532	0.23501094
DQA1*02:01-DQB1*03:01	0.0	0.44218066	0.28221616	0.3256254
DRB1*04:04	0.0	0.13083443	0.28242823	0.2868928
DQA1*02:01-DQB1*04:02	0.0	0.084686644	0.27662885	0.2768818
DRB5*01:01	0.0	0.5820812	0.40138525	0.4676972
DRB1*13:01	0.0	0.59733844	0.4329149	0.48322994
DRB1*13:02	0.0	0.0	0.30590168	0.27644482
DRB1*08:01	0.0	0.43870896	0.2758042	0.20283133
DRB4*01:03	0.0	0.48326233	0.30944932	0.36384153
DRB4*01:03	0.0	0.084686644	0.28824732	0.25761658
DRB1*04:04	0.0	0.77837855	0.3283092	0.376777
DQA1*02:01-DQB1*03:03	0.0	0.45859027	0.27462462	0.20655246
DRB1*03:01	0.0	0.2934753	0.28071168	0.21309331
DRB1*08:01	0.0	0.084686644	0.28591573	0.13792719
DQA1*02:01-DQB1*03:01	0.0	0.37967858	0.27506146	0.2236446
DQA1*05:01-DQB1*03:02	0.0	0.5242514	0.27458957	0.19596164
DQA1*06:01-DQB1*04:02	0.0	0.32316813	0.27510646	0.26762667
DRB3*02:02	0.0	0.5781477	0.33173004	0.41724455
DRB1*11:01	0.0	0.48189306	0.35590985	0.34048867
DQA1*02:01-DQB1*04:02	0.0	0.3265226	0.377812	0.37533993
DRB1*08:01	0.0	0.7871874	0.27485344	0.19869283
DRB1*07:01	0.0	0.12212874	0.28569886	0.24986559
DQA1*02:01-DQB1*02:02	0.0	0.0	0.28499657	0.28447068
DQB1*03:02	0.0	0.11509303	0.34598505	0.36464822
DQA1*01:01-DQB1*05:01	0.0	0.0	0.3146294	0.2789141
DRB1*11:01	0.0	0.3436394	0.31884053	0.33014196
DRB1*15:01	0.0	0.0	0.42200014	0.3275001
DRB1*03:01	0.0	0.48121598	0.47927815	0.45266706
DRB1*11:01	0.0	0.3902698	0.42540142	0.46855098
DQA1*05:01-DQB1*03:03	0.0	0.5614576	0.5655424	0.55410683
DRB1*14:54	0.0	0.4186835	0.3034024	0.28686717
DQA1*05:01-DQB1*02:01	0.0	0.0	0.2897143	0.31542066
DRB1*09:01	0.0	0.6714029	0.29275814	0.37123692
DRB1*01:01	0.0	0.51953757	0.33722055	0.33963633
DRB1*12:01	0.0	0.084686644	0.28268734	0.30716065
DQA1*03:01-DQB1*03:01	0.0	0.084686644	0.28083488	0.24802151
DRB1*04:04	0.0	0.3190518	0.41053155	0.42980635
DQA1*01:02-DQB1*05:01	0.0	0.7328622	0.28852025	0.39478847
DRB3*01:01	0.0	0.0	0.40798014	0.44279906
DQA1*03:01-DQB1*03:02	0.0	0.4448728	0.2791551	0.2400516
DRB1*08:01	0.0	0.5459561	0.27477983	0.22231805
DRB5*01:01	0.0	0.084686644	0.7142316	0.64736605
DQA1*02:01-DQB1*03:01	0.0	0.7437481	0.2767265	0.24923208
DRB1*11:01	0.0	0.32268137	0.31868014	0.3257079
DRB1*15:01	0.0	0.0	0.4352925	0.5585846
DQA1*02:01-DQB1*03:01	0.0	0.4080074	0.31989446	0.28770238
DQA1*01:02-DQB1*05:01	0.0	0.5205645	0.33681372	0.38508466
DRB1*09:01	0.0	0.5872459	0.41225436	0.4239084
DRB1*11:01	0.0	0.7629388	0.3161837	0.29103008
DQA1*05:01-DQB1*03:03	0.0	0.5002512	0.46707857	0.42228445
DQA1*01:02-DQB1*06:02	0.0	0.11211076	0.27458963	0.17717054
DRB1*14:54	0.0	0.2262805	0.30680335	0.30739218
DQA1*05:01-DQB1*03:02	0.0	0.4276812	0.4809933	0.46728575
DRB1*14:54	0.0	0.7328622	0.33084226	0.33254123
DRB1*07:01	0.0	0.064007536	0.28980047	0.25651395
DRB1*04:01	0.0	0.3444039	0.3152137	0.33981752
DRB1*14:54	0.0	0.6768411	0.3160506	0.33880496
DRB1*14:54	1.0	0.87187403	0.4794902	0.5728626
DQA1*01:02-DQB1*05:01	0.0	0.47040507	0.52171326	0.47214898
DRB1*03:01	0.0	0.6545521	0.29017404	0.3036289
DQA1*06:01-DQB1*04:02	0.0	0.084686644	0.27421823	0.23753299
DRB1*04:01	0.0	0.22047883	0.27828246	0.21861218
DRB1*13:01	0.0	0.084686644	0.33098724	0.2977166
DQA1*05:01-DQB1*03:02	0.0	0.32974097	0.27609	0.17878677
DQA1*03:03-DQB1*04:02	0.0	0.5093922	0.613329	0.56889164
DRB1*08:02	0.0	0.17829315	0.31460005	0.29958403
DRB1*01:01	1.0	0.80112696	0.39180413	0.43084478
DRB3*01:01	0.0	0.0	0.28503042	0.16595742
DRB4*01:03	0.0	0.3625845	0.2871815	0.24707043
DQA1*02:01-DQB1*03:03	0.0	0.42146862	0.39214098	0.39097285
DRB1*09:01	0.0	0.35067633	0.28323495	0.2547446
DRB1*01:01	0.0	0.46263868	0.35027292	0.27916324
DRB3*02:02	0.0	0.084686644	0.2984399	0.2723072
DRB3*02:02	0.0	0.0	0.29135284	0.30536628
DRB1*04:01	0.0	0.1488421	0.32697162	0.38499457
DRB1*04:04	0.0	0.3356229	0.28409964	0.2699263
DRB1*15:01	0.0	0.738145	0.33546248	0.4709721
DRB1*15:01	0.0	0.0	0.30117616	0.29939207
DQA1*06:01-DQB1*04:02	0.0	0.5027719	0.27450982	0.18926153
DRB1*04:03	0.0	0.40188766	0.43242213	0.445625
DRB5*01:01	0.0	0.31852815	0.3250441	0.23676717
DRB1*03:01	0.0	0.5375186	0.28364626	0.2635604
DRB1*03:01	0.0	0.5036277	0.47173512	0.5399037
DQA1*05:01-DQB1*03:03	0.0	0.61562216	0.44408503	0.4788022
DRB1*04:04	0.0	0.084686644	0.28182307	0.2777931
DRB3*03:01	0.0	0.45754	0.7227012	0.68035156
DPA1*01:03-DPB1*04:01	0.0	0.0	0.2810823	0.20613131
DRB1*11:01	0.0	0.084686644	0.4466431	0.46678784
DQA1*05:01-DQB1*03:02	0.0	0.51554024	0.27849188	0.16789071
DRB1*04:01	0.0	0.084686644	0.30128834	0.40558213
DPB1*05:01	0.0	0.36156222	0.274512	0.24190757
DRB1*11:01	1.0	1.0	0.72261214	0.5506772
DQA1*01:02-DQB1*05:01	0.0	0.10646119	0.3317317	0.35002884
DRB5*01:01	0.0	0.45676005	0.35070375	0.36289126
DRB3*02:02	0.0	0.084686644	0.28457567	0.22743392
DRB1*04:05	0.0	0.0	0.27462122	0.18074246
DRB3*02:02	0.0	0.0	0.3228051	0.3090359
DRB3*01:01	0.0	0.62472034	0.27450827	0.19560738
DRB1*11:01	0.0	0.7959039	0.7207177	0.6350086
DRB3*02:02	0.0	0.29207024	0.2871732	0.2534847
DRB1*08:01	0.0	0.5689894	0.50696754	0.4911264
DRB3*03:01	0.0	0.46658415	0.39518324	0.44799036
DRB1*09:01	0.0	0.68261945	0.27515006	0.21490967
DRB1*04:01	0.0	0.084686644	0.327776	0.34325165
DQA1*02:01-DQB1*03:03	0.0	0.084686644	0.27752894	0.17587206
DRB3*02:02	0.0	0.084686644	0.31276548	0.31441128
DRB1*11:04	0.0	0.0	0.2747166	0.19468318
DRB1*07:01	0.0	0.0	0.28571638	0.2411386
DQA1*02:01-DQB1*03:03	0.0	0.084686644	0.2757889	0.27443197
DRB3*01:01	0.0	0.084686644	0.27987432	0.16192909
DRB1*15:01	0.0	0.36552787	0.29153123	0.24970123
DQA1*01:02-DQB1*05:01	0.0	0.55675703	0.32583028	0.37460384
DRB3*01:01	0.0	0.49155536	0.27773368	0.26623744
DRB4*01:01	0.0	0.0	0.28653345	0.26052618
DPA1*01:03-DPB1*04:01	0.0	0.0	0.29953918	0.2314345
DRB1*13:01	0.0	0.084686644	0.300961	0.2077828
DRB5*01:01	0.0	0.5997392	0.39516312	0.43322328
DQA1*05:01-DQB1*02:01	0.0	0.53939843	0.3269379	0.29595268
DRB3*02:02	0.0	0.29749924	0.29008448	0.31552857
DQA1*02:01-DQB1*03:01	0.0	0.32483014	0.27471906	0.20560741
DRB3*01:01	0.0	0.0	0.2745266	0.23242179
DRB1*14:54	0.0	0.35175052	0.3014032	0.25884292
DRB1*04:01	0.0	0.110661075	0.2857558	0.29138845
DRB1*09:01	1.0	0.8201525	0.41306898	0.39249837
DRB1*03:01	0.0	0.0	0.2817204	0.23739406
DRB3*01:01	0.0	0.084686644	0.2889748	0.13858338
DRB1*03:01	0.0	0.47040507	0.3261142	0.37074566
DRB1*04:04	0.0	0.6231404	0.56974536	0.59848285
DRB1*15:01	0.0	0.0	0.29657063	0.2675163
DRB3*01:01	0.0	0.084686644	0.27479962	0.2602802
DRB4*01:01	0.0	0.51312697	0.2930832	0.34725156
DRB5*01:01	0.0	0.084686644	0.3259496	0.25745532
DPA1*03:01-DPB1*04:02	0.0	0.0	0.2757135	0.2086465
DRB5*01:01	0.0	0.084686644	0.44082376	0.455142
DRB1*04:01	0.0	0.0	0.306155	0.36066747
DQA1*02:01-DQB1*03:01	0.0	0.3302665	0.27453902	0.20066215
DRB5*01:01	0.0	0.71861506	0.44040498	0.50291485
DRB3*02:02	0.0	0.0	0.28816068	0.27146134
DQA1*02:01-DQB1*04:02	0.0	0.40559492	0.27789596	0.26561022
DRB5*01:01	0.0	0.4750195	0.33649766	0.30483904
DRB1*08:01	0.0	0.5303597	0.32223794	0.3124898
DRB5*01:01	0.0	0.14023528	0.5274538	0.54213965
DRB1*01:01	0.0	0.0	0.4057111	0.40639812
DRB1*03:01	0.0	0.6662669	0.310694	0.23678988
DRB1*04:01	0.0	0.0	0.27648994	0.20280644
DRB1*04:04	0.0	0.51701903	0.32242543	0.3303165
DRB1*03:01	0.0	0.0	0.38716814	0.43199372
DRB1*01:01	0.0	0.0	0.30171576	0.2413563
DRB1*01:01	0.0	0.40136293	0.3585064	0.3443709
DPA1*01:03-DPB1*04:01	0.0	0.0	0.2770461	0.18947098
DRB1*04:04	0.0	0.4198917	0.28638378	0.2969032
DRB1*09:01	0.0	0.66380215	0.303024	0.36292776
DQA1*03:03-DQB1*04:02	0.0	0.28890064	0.29603454	0.33478206
DRB3*01:01	0.0	0.0	0.27636313	0.2306962
DRB1*09:01	0.0	0.0	0.27783182	0.25175107
DRB1*03:01	0.0	0.6614014	0.4877885	0.5046497
DRB1*04:04	0.0	0.60866976	0.32237202	0.29830885
DRB1*13:01	0.0	0.5606573	0.3411267	0.36989856
DRB1*04:04	0.0	0.640305	0.42037156	0.42516118
DPA1*03:01-DPB1*04:02	0.0	0.0	0.3155429	0.28230038
DRB1*01:01	0.0	0.14173937	0.2980651	0.212322
DRB1*14:54	0.0	0.6073399	0.41363496	0.46584263
DRB1*03:01	0.0	0.49307677	0.28053424	0.22661588
DRB5*01:01	0.0	0.5743748	0.48769036	0.5496151
DRB1*11:01	1.0	1.0	0.72272027	0.59765595
DRB1*13:01	0.0	0.40411848	0.35621074	0.34039763
DQA1*03:01-DQB1*03:02	0.0	0.0	0.5492419	0.57565784
DRB1*01:03	0.0	0.77837855	0.3352112	0.40713668
DRB1*15:01	0.0	0.39734244	0.30567685	0.30637762
DRB1*11:01	1.0	0.98314923	0.7229598	0.6679938
DQA1*05:01-DQB1*04:02	0.0	0.44671214	0.27485785	0.16676433
DRB1*04:04	0.0	0.15846686	0.28270018	0.2958226
DRB1*11:01	0.0	0.29211384	0.31743836	0.3073781
DRB1*09:01	0.0	0.36036846	0.27738285	0.24857867
DQA1*01:02-DQB1*05:01	0.0	0.34220412	0.27818477	0.20295614
DRB1*01:01	0.0	0.0	0.3344263	0.2714525
DRB3*02:02	0.0	0.084686644	0.6996032	0.63110495
DRB1*11:01	0.0	0.42562518	0.35925794	0.27054462
DRB1*04:01	0.0	0.47921395	0.29641756	0.2694855
DQA1*02:01-DQB1*03:03	0.0	0.6185565	0.29424646	0.34030297
DRB5*01:01	0.0	0.60346144	0.5342828	0.5801083
DQA1*05:01-DQB1*03:03	0.0	0.56641	0.29029292	0.306385
DPA1*02:01-DPB1*01:01	0.0	0.0	0.27703097	0.21273227
DRB1*14:54	0.0	0.5771899	0.35598707	0.28242445
DRB1*04:04	0.0	0.3959912	0.28026143	0.23390213
DQA1*01:03-DQB1*06:03	0.0	0.084686644	0.375177	0.4144305
DRB1*07:01	0.0	0.576242	0.29809573	0.36627537
DQA1*05:01-DQB1*04:02	1.0	0.93593705	0.620256	0.57772994
DRB3*03:01	0.0	0.40485376	0.35115975	0.35410208
DRB1*13:01	0.0	0.31154633	0.38361257	0.3776192
DQA1*02:01-DQB1*03:03	0.0	0.47252983	0.30428883	0.36740163
DRB1*04:01	0.0	0.7560895	0.70938444	0.60384667
DPA1*01:03-DPB1*03:01	0.0	0.030274194	0.279175	0.24862549
DQA1*05:01-DQB1*03:02	0.0	0.22943443	0.27596682	0.17374766
DRB1*04:01	0.0	0.0	0.2779698	0.22330905
DQA1*03:03-DQB1*04:02	0.0	0.19628587	0.3120592	0.34725165
DRB1*13:01	0.0	0.0	0.3160025	0.29683524
DRB1*15:01	1.0	1.0	0.35170925	0.4661862
DPB1*02:01	0.0	0.0	0.2944467	0.31604242
DRB1*13:01	0.0	0.0	0.31843868	0.25914708
DRB3*01:01	0.0	0.084686644	0.27450368	0.20026952
DRB1*09:01	0.0	0.48360783	0.27644765	0.25888523
DPA1*03:01-DPB1*04:02	0.0	0.17953564	0.596047	0.5761136
DRB1*03:01	0.0	0.019978961	0.3121625	0.3383569
DRB1*11:01	1.0	0.8201525	0.4043608	0.4788213
DRB4*01:01	0.0	0.0	0.27974513	0.22004777
DQA1*03:01-DQB1*03:02	0.0	0.4660101	0.43793994	0.4778998
DRB1*04:04	0.0	0.2611718	0.27865198	0.22932816
DRB1*04:04	0.0	0.35359737	0.33172065	0.35927922
DRB1*03:01	0.0	0.0	0.28185198	0.21851476
DQA1*05:01-DQB1*03:02	0.0	0.35233417	0.27897874	0.15078375
DRB3*02:02	0.0	0.42562518	0.29327965	0.287189
DRB1*03:01	0.0	0.51312697	0.2849235	0.23825511
DQA1*05:01-DQB1*04:02	0.0	0.31887692	0.27489865	0.2396396
DRB1*09:01	0.0	0.16764507	0.4527633	0.49377942
DRB1*15:01	0.0	0.10708326	0.41472402	0.5341245
DRB1*03:01	0.0	0.0	0.7052964	0.56503576
DQA1*05:01-DQB1*03:02	0.0	0.4570193	0.51303345	0.52929235
DRB1*01:01	0.0	0.0	0.29500157	0.21711938
DRB1*07:01	0.0	0.74971294	0.3352038	0.35053492
DRB1*09:01	0.0	0.0	0.27511328	0.18762602
DRB1*04:01	0.0	0.26679832	0.28621984	0.33739924
DRB1*13:02	1.0	0.8868946	0.47378415	0.5425693
DRB1*15:01	0.0	0.084686644	0.38986912	0.37149137
DRB5*01:01	0.0	0.084686644	0.34809327	0.30712134
DRB1*14:54	0.0	0.3813807	0.29902825	0.3027653
DQA1*02:01-DQB1*04:02	0.0	0.084686644	0.27645323	0.15319954
DRB1*04:04	0.0	0.36797178	0.29463026	0.323464
DRB1*09:01	0.0	0.4457879	0.40430444	0.39151278
DRB1*03:01	0.0	0.2511599	0.4119384	0.47629583
DRB1*08:01	0.0	0.19606972	0.27429572	0.20023924
DRB3*03:01	0.0	0.30728838	0.39638183	0.37450638
DQA1*01:01-DQB1*05:01	0.0	0.0	0.2745748	0.18885101
DRB1*04:04	0.0	0.42488876	0.28019726	0.24694881
DRB1*15:01	0.0	0.47855613	0.34520918	0.35841727
DRB5*01:01	0.0	0.56556594	0.3519225	0.36983642
DQA1*05:01-DQB1*03:02	0.0	0.084686644	0.2988027	0.2990164
DQA1*01:02-DQB1*05:01	0.0	0.43723017	0.2884694	0.28896704
DRB1*15:01	0.0	0.44532922	0.32426187	0.44647497
DRB1*07:01	0.0	0.5027719	0.29551739	0.34454498
DRB1*14:54	0.0	0.69202656	0.39609125	0.47263938
DRB3*03:01	0.0	0.39734244	0.40468118	0.4227336
DQA1*02:01-DQB1*03:01	0.0	0.084686644	0.28009954	0.2781927
DQA1*05:01-DQB1*03:03	0.0	0.084686644	0.41167766	0.41416362
DRB1*03:01	0.0	0.37485918	0.28263628	0.23262547
DRB1*08:01	0.0	0.084686644	0.28270587	0.142497
DQA1*06:01-DQB1*04:02	0.0	0.084686644	0.4952986	0.4722888
DRB4*01:03	0.0	0.45295608	0.3437836	0.40209317
DQA1*05:01-DQB1*03:03	0.0	0.49155536	0.27882195	0.23470506
DQA1*05:01-DQB1*03:02	0.0	0.4737663	0.37265143	0.39915532
DRB1*01:01	1.0	0.9509576	0.52443504	0.5815995
DPA1*01:03-DPB1*04:02	0.0	0.27780446	0.29776606	0.36815548
DRB1*04:04	1.0	0.8984626	0.3778857	0.4027301
DRB4*01:03	0.0	0.3905223	0.29772753	0.33957028
DQA1*02:01-DQB1*03:03	0.0	0.5231829	0.3785876	0.3535266
DRB1*01:01	0.0	0.36156222	0.35685265	0.20490909
DRB1*04:04	0.0	0.084686644	0.27568397	0.2126955
DQA1*02:01-DQB1*03:01	0.0	0.68565	0.27467844	0.19080895
DRB5*01:01	1.0	0.83439964	0.5560445	0.5996624
DRB1*04:01	0.0	0.0	0.27581796	0.19239417
DRB3*01:01	0.0	0.45420676	0.27608252	0.20906797
DRB3*03:01	0.0	0.4169845	0.38134718	0.44039398
DRB1*11:01	0.0	0.02062367	0.4565197	0.48112598
DRB1*04:04	0.0	0.3241494	0.2762313	0.23965666
DRB1*04:01	0.0	0.0	0.3229622	0.36259356
DRB1*04:03	0.0	0.38218588	0.31743723	0.29974544
DRB1*03:01	0.0	0.4497814	0.28969443	0.29109824
DRB1*03:01	0.0	0.0	0.29127797	0.33145636
DRB3*03:01	1.0	0.83439964	0.44948572	0.5513375
DRB4*01:03	0.0	0.084686644	0.2928499	0.26905024
DRB1*07:01	0.0	0.29312202	0.2955971	0.26947743
DRB1*09:01	0.0	0.11350146	0.27481362	0.21434152
DRB1*08:02	0.0	0.084686644	0.35288784	0.3990422
DPA1*01:03-DPB1*02:01	1.0	0.8441374	0.5349636	0.56266576
DRB1*07:01	1.0	0.8984626	0.72229	0.6624397
DRB3*01:01	0.0	0.47822896	0.2792966	0.26548177
DRB5*01:01	1.0	1.0	0.4724901	0.5608171
DRB1*04:05	0.0	0.0	0.2844874	0.20906198
DRB1*14:54	0.0	0.5781477	0.36596605	0.38263825
DRB4*01:01	0.0	0.0	0.27519572	0.2063204
DRB1*03:01	0.0	0.0	0.32225686	0.3442504
DPA1*01:03-DPB1*04:02	0.0	0.0	0.4734787	0.45299542
DQA1*02:01-DQB1*03:03	0.0	0.084686644	0.27712104	0.1768885
DRB3*02:02	0.0	0.0	0.28950092	0.27237147
DRB1*11:01	1.0	0.8078111	0.7189788	0.66540897
DQA1*02:01-DQB1*03:01	0.0	0.5053634	0.30556357	0.3516188
DRB1*11:01	0.0	0.60473627	0.30419466	0.22524612
DQA1*05:01-DQB1*03:03	0.0	0.640305	0.2992383	0.2565945
DRB1*03:01	0.0	0.0	0.3401903	0.4092247
DRB1*03:01	0.0	0.2523714	0.29641524	0.32026145
DRB1*03:01	0.0	0.0	0.51863575	0.55221736
DRB1*13:01	0.0	0.32754034	0.33281896	0.34234113
DRB1*13:02	1.0	0.98314923	0.71093416	0.5350327
DRB3*02:02	0.0	0.30926153	0.29017863	0.30880874
DRB1*04:03	0.0	0.0	0.28097153	0.18731295
DRB5*01:01	0.0	0.43999562	0.33367723	0.2707286
DRB1*14:54	0.0	0.7437481	0.5714877	0.5264077
DRB1*01:01	0.0	0.54067326	0.67338485	0.6342512
DRB1*14:54	0.0	0.7871874	0.7225696	0.65051645
DQA1*01:01-DQB1*05:01	0.0	0.0	0.28713694	0.27996972
DQA1*02:01-DQB1*04:02	0.0	0.49193338	0.29217267	0.31870025
DRB1*11:01	0.0	0.71861506	0.71748924	0.6341606
DRB1*13:01	0.0	0.5375186	0.3433914	0.32439542
DQA1*05:01-DQB1*03:02	0.0	0.44042853	0.2743675	0.19396408
DRB3*02:02	0.0	0.0	0.28858414	0.2479279
DRB1*04:04	0.0	0.640305	0.44223514	0.4945302
DRB4*01:01	0.0	0.0	0.2749532	0.18159278
DQA1*02:01-DQB1*03:01	0.0	0.4216455	0.4129251	0.3792203
DRB1*03:01	0.0	0.0	0.28033745	0.21682584
DRB1*01:01	0.0	0.1771425	0.72233266	0.65210354
DRB3*02:02	0.0	0.084686644	0.29511434	0.3030552
DRB3*03:01	0.0	0.43556857	0.7203948	0.62534785
DRB3*03:01	0.0	0.084686644	0.33665374	0.28350484
DRB5*01:01	0.0	0.2466799	0.4692104	0.5777141
DRB3*02:02	0.0	0.084686644	0.29200318	0.2534622
DRB5*01:01	0.0	0.084686644	0.33996204	0.30124807
DQA1*01:02-DQB1*05:01	0.0	0.084686644	0.31976545	0.36478657
DRB1*04:05	0.0	0.39532292	0.37248904	0.35805714
DRB1*04:05	0.0	0.14874962	0.2852752	0.12423657
DRB4*01:01	0.0	0.084686644	0.36789927	0.36574167
DRB4*01:03	0.0	0.6441565	0.3064184	0.28922758
DRB1*11:01	0.0	0.42711592	0.4223496	0.47965094
DRB1*04:04	0.0	0.084686644	0.27752662	0.20589016
DRB1*01:01	0.0	0.62796354	0.36418965	0.4874674
DRB1*03:01	0.0	0.19104262	0.6332303	0.5965564
DRB3*02:02	0.0	0.08759235	0.29837644	0.26348785
DRB1*07:01	0.0	0.4775781	0.30971733	0.3011849
DRB1*11:01	0.0	0.0	0.3079516	0.26143688
DRB1*09:01	0.0	0.3416809	0.27509922	0.21774381
DQA1*05:01-DQB1*03:03	0.0	0.084686644	0.30568936	0.35419762
DRB3*02:02	0.0	0.3695705	0.4078831	0.44491965
DRB1*03:01	0.0	0.084686644	0.2760567	0.18245283
DRB4*01:01	0.0	0.0	0.27645156	0.21159264
DRB1*07:01	0.0	0.31870237	0.34442714	0.34528986
DRB1*04:05	0.0	0.4286311	0.3822825	0.41868013
DPA1*01:03-DPB1*02:01	1.0	0.85125035	0.29145175	0.25569928
DRB1*07:01	0.0	0.72312444	0.5168131	0.54928887
DRB3*01:01	0.0	0.38476312	0.27476457	0.21101025
DPA1*01:03-DPB1*04:01	0.0	0.0	0.31158596	0.23911318
DRB3*02:02	0.0	0.7560895	0.29762575	0.27503628
DRB1*13:01	0.0	0.3670845	0.4256021	0.39529645
DRB1*04:01	0.0	0.69887584	0.31908438	0.33696792
DRB1*11:01	0.0	0.0	0.31314802	0.24901938
DRB1*08:01	0.0	0.57345515	0.2934986	0.25779536
DRB3*03:01	0.0	0.60866976	0.34900346	0.37069502
DRB1*08:01	0.0	0.39256772	0.27432296	0.21320124
DRB1*01:01	0.0	0.030038524	0.40345588	0.48064762
DQA1*06:01-DQB1*04:02	0.0	0.34920925	0.28977662	0.35574818
DRB4*01:01	0.0	0.0	0.2832482	0.35631037
DQA1*02:01-DQB1*03:03	0.0	0.084686644	0.2783772	0.25517964
DRB1*11:01	1.0	1.0	0.7211413	0.6601121
DRB4*01:03	0.0	0.49901608	0.5678626	0.5977149
DRB1*15:01	0.0	0.12960166	0.29180524	0.20902745
DRB4*01:01	0.0	0.0	0.29952943	0.29418117
DRB1*04:03	0.0	0.061871015	0.36771065	0.35252887
DRB1*09:01	0.0	0.6687992	0.2791981	0.27087897
DRB3*01:01	0.0	0.0	0.27805087	0.27144235
DRB1*04:05	0.0	0.36156222	0.28093204	0.27428228
DRB3*01:01	0.0	0.25619277	0.2794881	0.29651955
DQA1*01:02-DQB1*05:01	0.0	0.3704821	0.27784905	0.20652387
DRB1*14:54	0.0	0.7437481	0.4260956	0.49946883
DRB1*11:01	0.0	0.49860802	0.3170596	0.2825988
DPA1*01:03-DPB1*04:01	0.0	0.0	0.28762826	0.22556211
DRB1*11:01	0.0	0.36698645	0.29253176	0.20213279
DRB4*01:01	0.0	0.0	0.27567548	0.23076487
DQA1*05:01-DQB1*04:02	0.0	0.084686644	0.27522162	0.19912131
DRB1*03:01	0.0	0.0	0.35899705	0.34094527
DRB3*03:01	0.0	0.7703366	0.3383138	0.33364213
DRB1*15:01	0.0	0.084686644	0.29756698	0.26766825
DRB3*02:02	0.0	0.5938504	0.2875298	0.25722417
DRB1*12:01	0.0	0.0	0.27577838	0.1995347
DRB3*01:01	0.0	0.24966069	0.27415624	0.24761522
DRB1*14:54	0.0	0.7703366	0.7218913	0.64840364
DRB1*08:01	0.0	0.18158276	0.28662232	0.13135102
DQA1*02:01-DQB1*04:02	0.0	0.17435753	0.27817035	0.2711804
DPB1*02:01	0.0	0.0	0.60895604	0.56606686
DQA1*05:01-DQB1*04:02	0.0	0.29400772	0.29931772	0.2686712
DRB1*11:01	0.0	0.42111585	0.34782422	0.3273098
DRB4*01:03	0.0	0.7703366	0.3001127	0.37718427
DQA1*02:01-DQB1*03:03	0.0	0.4998376	0.274424	0.19319351
DRB1*15:01	0.0	0.29749924	0.45158896	0.44297153
DQA1*01:02-DQB1*05:01	0.0	0.084686644	0.43003163	0.47533306
DRB1*15:01	0.0	0.048938055	0.3340216	0.2980428
DRB1*03:01	0.0	0.0	0.28170142	0.23829553
DRB3*01:01	0.0	0.084686644	0.2778608	0.16452526
DQA1*03:03-DQB1*04:02	0.0	0.28045613	0.27492738	0.19850206
DQA1*02:01-DQB1*03:03	0.0	0.47191775	0.5824511	0.54058164
DRB3*01:01	0.0	0.084686644	0.4015964	0.42560983
DRB1*09:01	0.0	0.69887584	0.28108588	0.27515924
DRB1*14:54	0.0	0.36128536	0.3009303	0.26536024
DRB1*08:01	0.0	0.0	0.3574282	0.3196859
DRB1*07:01	0.0	0.5303597	0.72079486	0.67057604
DRB1*09:01	0.0	0.7062737	0.2749318	0.21651511
DRB3*02:02	0.0	0.29903695	0.27973726	0.19786741
DQA1*06:01-DQB1*04:02	0.0	0.084686644	0.32888785	0.32438898
DRB1*11:01	0.0	0.4505044	0.32330364	0.32356653
DRB1*03:01	0.0	0.14326835	0.29923102	0.35284847
DRB3*03:01	0.0	0.47822896	0.3360835	0.32400256
DRB3*03:01	0.0	0.6073399	0.44715255	0.47047183
DRB5*01:01	0.0	0.084686644	0.37248194	0.3694885
DPA1*01:03-DPB1*04:01	0.0	0.0	0.29164398	0.29514253
DRB5*01:01	1.0	0.8201525	0.35281578	0.40001428
DRB1*13:01	0.0	0.084686644	0.4001793	0.4667625
DRB4*01:03	0.0	0.5185219	0.2948255	0.3253554
DRB1*10:01	0.0	0.0	0.28094637	0.17593123
DRB5*01:01	0.0	0.02062367	0.43964282	0.4832782
DRB1*04:05	0.0	0.19984712	0.28400558	0.2959973
DRB1*04:04	0.0	0.2299225	0.2917449	0.2684574
DRB1*03:01	0.0	0.4795446	0.43630275	0.4716292
DRB4*01:03	0.0	0.7328622	0.32046992	0.37584695
DRB3*01:01	0.0	0.084686644	0.27467987	0.17345615
DRB1*04:05	0.0	0.61138827	0.28773332	0.20209569
DPA1*01:03-DPB1*02:01	0.0	0.0	0.4238587	0.37096375
DQA1*05:01-DQB1*03:02	0.0	0.3345127	0.30015752	0.29829782
DRB1*04:02	0.0	0.3366054	0.64241177	0.6235083
DPA1*01:03-DPB1*04:01	0.0	0.0	0.28492242	0.24510708
DRB1*04:04	0.0	0.084686644	0.2819528	0.30063167
DQA1*03:03-DQB1*04:02	0.0	0.38393527	0.3569872	0.36149555
DRB1*11:01	0.0	0.7437481	0.36435336	0.3933862
DQA1*01:02-DQB1*05:01	0.0	0.084686644	0.27548593	0.17067157
DQA1*05:01-DQB1*03:03	0.0	0.48326233	0.2742343	0.21989799
DRB1*13:01	0.0	0.3891419	0.32111296	0.27773178
DRB1*09:01	0.0	0.0	0.43630838	0.43477452
DRB1*04:01	0.0	0.084686644	0.29844517	0.26242322
DRB1*01:01	0.0	0.2016852	0.3145019	0.31804505
DRB3*02:02	0.0	0.5830913	0.4511511	0.50969875
DRB4*01:01	0.0	0.0	0.28070197	0.2527777
DRB1*07:01	0.0	0.0	0.3765401	0.3883603
DRB1*11:01	0.0	0.0	0.31924367	0.3255277
DRB1*15:01	1.0	1.0	0.7130034	0.60638106
DRB1*04:03	0.0	0.557524	0.33332163	0.36306095
DQA1*03:01-DQB1*03:02	0.0	0.14389762	0.31480023	0.33448485
DRB1*04:04	0.0	0.4713097	0.37429333	0.39669263
DRB5*01:01	1.0	0.93593705	0.40668288	0.44242227
DRB1*04:01	0.0	0.3504302	0.29154542	0.35632405
DQA1*05:01-DQB1*04:02	0.0	0.084686644	0.27470985	0.22334126
DPB1*04:01	0.0	0.084686644	0.38944253	0.45452854
DRB1*04:01	0.0	0.6796851	0.2775884	0.2094065
DQA1*02:01-DQB1*03:01	1.0	0.8078111	0.297982	0.3129029
DQA1*03:03-DQB1*04:02	0.0	0.35955095	0.27830547	0.22825643
DRB1*01:01	0.0	0.54288167	0.48084167	0.33612934
DRB1*04:04	0.0	0.48570848	0.2845389	0.30381352
DRB1*01:01	0.0	0.0	0.3053987	0.2572476
DRB1*01:01	0.0	0.5048829	0.61815953	0.5579909
DRB1*04:04	0.0	0.50192404	0.27925315	0.20910436
DRB3*03:01	0.0	0.5480176	0.4644927	0.497446
DRB1*04:01	0.0	0.0	0.27867836	0.19089258
DRB1*01:01	0.0	0.6887833	0.43426353	0.53394073
DRB1*13:01	0.0	0.31981346	0.35183567	0.3785321
DRB1*11:01	0.0	0.4512331	0.29476428	0.2199174
DRB1*01:01	1.0	1.0	0.3492992	0.38088858
DRB3*03:01	0.0	0.48020953	0.3736025	0.41569754
DQA1*02:01-DQB1*04:02	0.0	0.31646273	0.277396	0.17449772
DQA1*01:02-DQB1*05:02	1.0	0.92712814	0.31069985	0.37502357
DRB1*04:05	0.0	0.40514952	0.27841592	0.25895193
DRB1*08:02	0.0	0.0	0.32911733	0.31814292
DRB4*01:03	0.0	0.674082	0.30451792	0.36762837
DRB1*15:01	0.0	0.6796851	0.72268414	0.6782488
DRB1*01:01	0.0	0.16597082	0.31289262	0.22904858
DRB1*13:01	0.0	0.610019	0.43080097	0.49502558
DQA1*05:01-DQB1*03:02	0.0	0.22818173	0.27561685	0.18411921
DRB1*15:01	1.0	0.93142766	0.7223427	0.6516263
DRB1*14:54	0.0	0.5606573	0.35180083	0.3914945
DRB1*08:01	0.0	0.64221066	0.27513304	0.27147117
DRB1*07:01	0.0	0.0	0.38768762	0.395234
DRB1*04:01	0.0	0.29749924	0.2776528	0.19731094
DRB1*08:02	0.0	0.39400068	0.36918765	0.40566885
DQA1*01:01-DQB1*05:01	0.0	0.32986414	0.5865615	0.5694523
DRB1*11:01	0.0	0.14540952	0.2932129	0.21586382
DRB5*01:01	0.0	0.39761508	0.4007513	0.45781034
DRB1*10:01	0.0	0.0	0.27563703	0.22307432
DQA1*02:01-DQB1*03:03	0.0	0.084686644	0.28306514	0.14613347
DRB1*13:02	0.0	0.0	0.29412377	0.26810592
DRB1*01:01	1.0	1.0	0.39319226	0.40234905
DRB1*12:01	0.0	0.0	0.2754267	0.24063298
DRB4*01:03	1.0	1.0	0.6222176	0.6274141
DRB1*14:54	0.0	0.62472034	0.33834288	0.41694948
DRB1*14:54	0.0	0.61562216	0.2965563	0.29222137
DRB1*08:01	0.0	0.084686644	0.27559486	0.16241929
DQA1*03:01-DQB1*03:02	0.0	0.084686644	0.31559563	0.3060733
DRB3*03:01	0.0	0.3627716	0.33206603	0.2720304
DQA1*05:01-DQB1*02:01	0.0	0.0	0.29465032	0.3019269
DRB5*01:01	0.0	0.0	0.32504082	0.22951958
DQA1*05:01-DQB1*03:03	0.0	0.084686644	0.28414768	0.25647068
DRB1*04:04	0.0	0.72312444	0.27800503	0.2401565
DRB3*01:01	0.0	0.0	0.30256298	0.29807955
DRB1*11:01	0.0	0.024060229	0.33343378	0.29191303
DRB1*15:01	0.0	0.40470624	0.4269834	0.42861295
DRB1*15:01	0.0	0.74971294	0.7219727	0.65246046
DQA1*01:02-DQB1*05:01	0.0	0.42749238	0.27919185	0.2215984
DQA1*02:01-DQB1*03:03	0.0	0.084686644	0.2760525	0.24057737
DRB3*02:02	0.0	0.40514952	0.36275965	0.3431685
DQA1*02:01-DQB1*04:02	0.0	0.5175173	0.3150321	0.29254118
DRB1*04:01	0.0	0.0	0.35959527	0.44945222
DRB1*11:01	0.0	0.0	0.3359606	0.36819917
DQA1*02:01-DQB1*03:03	0.0	0.549418	0.4421846	0.39375123
DRB1*08:02	0.0	0.34402087	0.28619114	0.25292128
DRB1*08:01	0.0	0.37068588	0.32528242	0.39313483
DRB1*13:02	0.0	0.43913588	0.30550003	0.3322207
DRB1*04:04	0.0	0.4261814	0.31831354	0.3842252
DQA1*05:01-DQB1*03:02	0.0	0.1846797	0.28109765	0.2894377
DRB1*01:01	0.0	0.49193338	0.31270704	0.31628606
DRB1*08:01	0.0	0.19426762	0.27499896	0.21420802
DPA1*03:01-DPB1*04:02	0.0	0.119761765	0.28209233	0.26837242
DRB1*09:01	0.0	0.70250076	0.3507384	0.3262844
DRB1*11:01	0.0	0.4158135	0.29830992	0.23249549
DRB5*01:01	0.0	0.22675215	0.34392458	0.36834845
DRB3*03:01	1.0	0.8984626	0.70907176	0.68573606
DPA1*02:01-DPB1*05:01	0.0	0.0	0.31925145	0.44632626
DRB1*03:01	0.0	0.4331309	0.28340632	0.25497815
DRB1*11:01	0.0	0.62796354	0.43180516	0.4549328
DQA1*05:01-DQB1*03:02	0.0	0.23104145	0.27526194	0.19826643
DRB1*15:01	0.0	0.27950034	0.3753002	0.45110813
DRB1*07:01	0.0	0.084686644	0.31866702	0.48066837
DRB1*03:01	0.0	0.0	0.2909773	0.27279693
DRB4*01:03	0.0	0.5040586	0.3009652	0.32660455
DRB1*12:01	0.0	0.0	0.27603757	0.2289963
DRB1*04:04	0.0	0.58108205	0.3258574	0.3850141
DRB1*07:01	0.0	0.5375186	0.69434303	0.6497083
DRB1*09:01	0.0	0.2601481	0.2755029	0.22722441
DRB1*13:02	0.0	0.0	0.29207718	0.25105014
DPA1*02:01-DPB1*05:01	0.0	0.0	0.27597028	0.17414725
DQB1*03:01	0.0	0.11189961	0.35974792	0.42222518
DQA1*01:02-DQB1*05:01	1.0	0.83439964	0.6728296	0.62099755
DRB1*13:01	0.0	0.0	0.33002192	0.34435606
DRB1*11:01	0.0	0.38080984	0.41460392	0.45340934
DQA1*01:02-DQB1*06:02	0.0	0.0	0.27575076	0.19973423
DRB1*01:01	1.0	1.0	0.6291074	0.621816
DRB1*04:05	0.0	0.60346144	0.29066747	0.27553272
DRB1*08:02	0.0	0.6687992	0.28212103	0.27720156
DRB1*04:04	0.0	0.084686644	0.28033373	0.2723729
DQA1*02:01-DQB1*04:02	0.0	0.29580504	0.27472928	0.19040436
DRB5*01:01	0.0	0.6263277	0.34833768	0.35558748
DRB1*15:01	0.0	0.15061682	0.30107906	0.22448847
DQA1*02:01-DQB1*04:02	0.0	0.23176475	0.2743599	0.21340065
DPA1*02:01-DPB1*05:01	0.0	0.0	0.27906197	0.24840052
DRB1*04:01	0.0	0.16973212	0.29496613	0.32100502
DRB1*09:01	0.0	0.68261945	0.2751239	0.22436276
DRB1*04:05	0.0	0.23119919	0.3241443	0.28501275
DRB3*01:01	0.0	0.47790295	0.2766745	0.26193798
DRB3*03:01	0.0	0.3166331	0.3603313	0.37738878
DRB5*01:01	0.0	0.0	0.39521316	0.44338256
DRB1*08:01	0.0	0.084686644	0.28530458	0.12419437
DRB5*01:01	0.0	0.084686644	0.48217994	0.47654757
DRB4*01:01	0.0	0.0	0.2822712	0.2550978
DQA1*02:01-DQB1*03:01	0.0	0.084686644	0.5422436	0.5848292
DRB1*09:01	0.0	0.24815828	0.5559992	0.48196048
DRB1*03:01	0.0	0.5175173	0.28725627	0.27349657
DRB5*01:01	0.0	0.29749924	0.32932055	0.28538302
DQA1*03:03-DQB1*04:02	0.0	0.2283128	0.275127	0.18575211
DRB1*13:01	0.0	0.0	0.36535677	0.3223922
DQA1*01:02-DQB1*05:01	0.0	0.34471145	0.28323725	0.24686915
DRB5*01:01	0.0	0.084686644	0.36057448	0.319738
DRB1*11:01	0.0	0.0	0.3055508	0.27030787
DRB1*13:02	0.0	0.17125966	0.36569083	0.3870719
DRB1*09:01	0.0	0.373377	0.30293566	0.332825
DQA1*06:01-DQB1*04:02	0.0	0.3113314	0.27456775	0.22526261
DRB3*01:01	0.0	0.3861998	0.33467424	0.36375406
DRB1*03:01	0.0	0.2595945	0.31743354	0.33065805
DQA1*05:01-DQB1*04:02	0.0	0.66380215	0.27594256	0.35070476
DRB3*02:02	0.0	0.38656247	0.5399575	0.57958513
DQA1*05:01-DQB1*04:02	0.0	0.549418	0.36587512	0.4085681
DRB1*09:01	0.0	0.5221266	0.47059852	0.46700165
DQA1*01:03-DQB1*06:03	0.0	0.084686644	0.27564147	0.23126239
DQA1*01:02-DQB1*06:02	0.0	0.0	0.2755703	0.19959508
DQA1*05:01-DQB1*03:03	0.0	0.5247903	0.27434427	0.19573453
DRB1*12:01	0.0	0.0	0.2751351	0.2162315
DRB1*01:01	0.0	0.5723054	0.48316297	0.45006067
DRB1*03:01	0.0	0.29749924	0.46589348	0.48662817
DQA1*01:02-DQB1*06:02	0.0	0.6060289	0.28355634	0.2315189
DRB1*04:01	0.0	0.15178417	0.27945045	0.22642578
DQA1*02:01-DQB1*03:03	0.0	0.4103278	0.27417684	0.22511306
DRB1*11:01	0.0	0.6502526	0.7187237	0.6157288
DRB1*07:01	0.0	0.18143785	0.41532573	0.42481792
DRB3*02:02	0.0	0.0	0.29918003	0.25846273
DRB1*01:01	0.0	0.3520836	0.32988924	0.3440647
DRB1*04:01	0.0	0.10025246	0.40274778	0.47140917
DRB3*01:01	0.0	0.26607186	0.2754014	0.19461499
DRB1*13:02	0.0	0.0	0.32402602	0.35515758
DRB1*08:01	0.0	0.55228406	0.2751822	0.24065457
DRB1*09:01	0.0	0.26129663	0.2756369	0.23073295
DRB1*13:01	0.0	0.084686644	0.49042684	0.48820055
DPA1*01:03-DPB1*04:01	0.0	0.5126518	0.4410673	0.48303455
DRB5*01:01	0.0	0.084686644	0.34885314	0.3576055
DRB1*08:01	0.0	0.0	0.27672774	0.17219721
DQA1*02:01-DQB1*03:01	0.0	0.56812155	0.27781394	0.26166376
DRB1*11:01	0.0	0.18522666	0.7228398	0.64888453
DRB1*04:04	0.0	0.36826944	0.27753255	0.21494548
DRB1*07:01	0.0	0.56812155	0.72251654	0.6565424
DQA1*02:01-DQB1*03:03	0.0	0.16088003	0.27427432	0.25836864
DQA1*06:01-DQB1*04:02	1.0	0.87187403	0.60612655	0.55120003
DRB1*15:01	0.0	0.084686644	0.37122682	0.34375095
DRB1*13:01	0.0	0.084686644	0.3743598	0.45287997
DRB1*03:01	0.0	0.65237737	0.2904128	0.26685584
DRB1*15:01	0.0	0.0	0.3684988	0.32317242
DRB3*02:02	0.0	0.0	0.28450295	0.236543
DRB1*11:01	0.0	0.4183412	0.29965696	0.23668799
DPA1*03:01-DPB1*04:02	0.0	0.0	0.28952736	0.25188285
DRB1*11:01	0.0	0.35393718	0.35688192	0.36022916
DRB1*11:01	0.0	0.0	0.30701628	0.26638088
DRB1*15:01	0.0	0.5226533	0.32213318	0.33213565
DRB1*12:01	0.0	0.0	0.2762043	0.2604021
DQA1*01:02-DQB1*05:01	0.0	0.084686644	0.27999538	0.23974124
DRB1*08:01	0.0	0.57345515	0.27566224	0.2567756
DQA1*03:01-DQB1*03:02	0.0	0.084686644	0.3590111	0.29767478
DRB1*11:01	0.0	0.084686644	0.30623746	0.24499178
DRB1*04:01	0.0	0.0	0.31136352	0.38830215
DRB1*09:01	0.0	0.7629388	0.2791352	0.30393773
DRB1*11:01	0.0	0.26173496	0.32667655	0.35225546
DQA1*05:01-DQB1*04:02	0.0	0.28084123	0.27438375	0.20144646
DRB1*11:01	0.0	0.3885212	0.36442193	0.3321389
DRB1*15:01	0.0	0.33046433	0.30960992	0.27850556
DPA1*03:01-DPB1*04:02	0.0	0.0	0.3164973	0.2446802
DQA1*01:02-DQB1*05:01	0.0	0.44811606	0.30539456	0.29418486
DQA1*01:02-DQB1*05:01	0.0	0.6502526	0.31025565	0.31620756
DRB1*04:05	0.0	0.0	0.6069753	0.5459473
DRB1*04:01	0.0	0.25971723	0.32692015	0.38197052
DRB1*07:01	0.0	0.45395526	0.3502805	0.39354742
DRB1*04:05	0.0	0.5303597	0.3103636	0.36546448
DRB1*07:01	0.0	0.2788938	0.28257343	0.20541981
DRB5*01:01	0.0	0.0	0.38817593	0.3684009
DRB5*01:01	1.0	0.8569691	0.39840207	0.43025815
DRB1*15:01	0.0	0.0	0.29612446	0.22741193
DRB1*11:01	0.0	0.0	0.28715125	0.18213187
DPA1*02:01-DPB1*05:01	0.0	0.0	0.30112243	0.25378686
DQA1*01:02-DQB1*05:01	0.0	0.40485376	0.2873549	0.2460143
DRB1*08:02	0.0	0.084686644	0.30170888	0.35218984
DRB1*08:01	0.0	0.23613238	0.30416486	0.25106663
DRB1*04:03	0.0	0.2529118	0.28252956	0.22977984
DRB4*01:03	0.0	0.6687992	0.33762512	0.43454078
DRB5*01:01	0.0	0.084686644	0.34126425	0.32918546
DRB5	0.0	0.0	0.28161553	0.26337397
DRB1*04:04	0.0	0.41465718	0.2886548	0.2895755
DPB1*05:01	0.0	0.0	0.27487653	0.17778116
DRB1*03:01	0.0	0.7328622	0.3689584	0.3423232
DRB1*13:01	0.0	0.46018842	0.31291705	0.27231893
DRB5*01:01	0.0	0.04721221	0.34489876	0.26785868
DRB1*09:01	0.0	0.33527455	0.27482787	0.20660333
DQA1*05:01-DQB1*03:02	0.0	0.39218074	0.28346664	0.282762
DRB1*09:01	0.0	0.0	0.27748275	0.15825811
DRB1*15:01	0.0	0.1428859	0.33498836	0.3495791
DRB1*14:54	0.0	0.65906143	0.29791075	0.27040428
DQA1*01:02-DQB1*05:01	0.0	0.5689894	0.36443433	0.3964221
DQA1*05:01-DQB1*04:02	0.0	0.31595352	0.49740046	0.4238003
DRB4*01:01	0.0	0.429784	0.27838197	0.25430587
DRB1*08:01	0.0	0.640305	0.59902704	0.5678884
DRB1*14:54	0.0	0.42636755	0.3114564	0.33868492
DQA1*05:01-DQB1*04:02	0.0	0.5117087	0.27525353	0.18316375
DRB1*03:02	0.0	0.0	0.4009771	0.3519523
DQA1*02:01-DQB1*03:03	0.0	0.29847482	0.27508777	0.1976538
DRB1*09:01	0.0	0.22553505	0.27959034	0.23525625
DRB1*09:01	0.0	0.46374887	0.2793424	0.28582916
DPA1*01:03-DPB1*04:01	0.0	0.0	0.28309608	0.23648998
DRB1*03:01	0.0	0.0	0.3065663	0.30692714
DQA1*02:01-DQB1*04:02	1.0	0.93593705	0.5031047	0.51685333
DRB1*01:01	0.0	0.0	0.31337583	0.24581738
DQA1*05:01-DQB1*02:01	0.0	0.46208853	0.2902772	0.29085648
DRB1*11:01	0.0	0.7437481	0.33052057	0.3498804
DQA1*03:01-DQB1*03:02	0.0	0.084686644	0.4878668	0.46509016
DRB1*01:01	1.0	0.8201525	0.33333537	0.34605604
DRB1*04:05	0.0	0.34235418	0.5454533	0.5696532
DRB1*04:04	0.0	0.084686644	0.27701005	0.21145716
DRB1*01:01	0.0	0.38103774	0.46435612	0.5039299
DRB1*11:01	0.0	0.084686644	0.30265957	0.21765262
DRB1*04:01	1.0	1.0	0.69006735	0.5534977
DQA1*03:01-DQB1*03:02	0.0	0.5075799	0.29197344	0.28351793
DQA1*05:01-DQB1*04:02	0.0	0.084686644	0.28955242	0.13048042
DPA1*03:01-DPB1*04:02	0.0	0.15446836	0.27647588	0.22816557
DRB1*03:01	0.0	0.58009356	0.39455375	0.45785594
DRB1*13:02	0.0	0.0	0.4299576	0.44658643
DRB1*04:04	0.0	0.31149253	0.27689746	0.24215747
DQA1*02:01-DQB1*04:02	0.0	0.7062737	0.2746861	0.22902739
DQA1*05:01-DQB1*03:02	0.0	0.25490135	0.27643165	0.1802838
DQA1*06:01-DQB1*04:02	0.0	0.39014378	0.27866644	0.22709689
DRB1*14:54	1.0	0.8078111	0.5618299	0.5923756
DRB1*09:01	0.0	0.71020716	0.37865147	0.40167105
DRB1*09:01	0.0	0.084686644	0.2750984	0.21183756
DRB3*02:02	0.0	0.084686644	0.28556272	0.2355185
DRB1*11:01	1.0	0.87187403	0.3206215	0.3197619
DRB3	0.0	0.42129207	0.46065566	0.35486504
DQA1*06:01-DQB1*04:02	0.0	0.5544935	0.4245596	0.4220097
DQA1*02:01-DQB1*03:01	0.0	0.29490203	0.27850848	0.26666814
DRB1*08:02	0.0	0.7900025	0.70454144	0.61946094
DQA1*02:01-DQB1*03:01	0.0	0.50150293	0.27522653	0.24975759
DRB3*01:01	0.0	0.31095645	0.28153434	0.3229751
DQA1*02:01-DQB1*03:03	0.0	0.084686644	0.27487916	0.21974826
DRB1*07:01	0.0	0.38253313	0.45789516	0.52389157
DRB1*04:04	0.0	0.19192313	0.28077438	0.252746
DPA1*02:01-DPB1*14:01	0.0	0.19432813	0.29309613	0.4068915
DRB1*08:01	0.0	0.25124392	0.28240559	0.14835611
DRB1*03:01	0.0	0.48326233	0.2817604	0.24142486
DQA1*05:01-DQB1*04:02	0.0	0.32889336	0.2751398	0.19386038
DRB4*01:03	0.0	0.6887833	0.68595845	0.6100918
DRB1*03:01	0.0	0.5606573	0.54475504	0.55947673
DRB1*13:01	0.0	0.0	0.4204263	0.45167863
DRB1*04:01	0.0	0.084686644	0.27690798	0.2141251
DRB3*03:01	0.0	0.3652389	0.36203942	0.42328787
DRB1*08:02	0.0	0.40109268	0.3749787	0.42761934
DRB1*07:01	0.0	0.6502526	0.37897745	0.3774101
DRB1*01:01	0.0	0.12450104	0.30199948	0.25708437
DRB1*04:01	0.0	0.39954638	0.27925172	0.22017655
DRB1*04:01	0.0	0.0	0.2794018	0.24097452
DRB1*14:54	0.0	0.26610476	0.29705983	0.2369006
DRB1*04:01	0.0	0.0	0.27738628	0.21213046
DRB1*14:54	0.0	0.65237737	0.6910222	0.6485842
DPA1*01:03-DPB1*04:01	0.0	0.0	0.29339182	0.28980598
DQA1*05:01-DQB1*04:02	0.0	0.26092258	0.27438244	0.21534404
DRB1*13:01	0.0	0.5938504	0.38435373	0.4282623
DRB1*08:01	0.0	0.6185565	0.49253282	0.4638706
DRB1*11:01	0.0	0.0	0.35938993	0.33767956
DRB1*09:01	0.0	0.40010568	0.30626386	0.28854594
DRB1*04:05	0.0	0.1639443	0.2747476	0.1825325
DRB1*03:01	0.0	0.0	0.3318229	0.31857026
DRB1*08:01	0.0	0.610019	0.27561378	0.24767405
DRB3*01:01	0.0	0.084686644	0.27545854	0.27428013
DRB4*01:03	0.0	0.71431553	0.39115024	0.3856547
DRB1*13:01	0.0	0.7703366	0.45693797	0.51320815
DQA1*01:01-DQB1*05:01	0.0	0.0	0.27500516	0.17262511
DRB3*03:01	0.0	0.21035026	0.32756206	0.30101293
DRB3*02:02	0.0	0.084686644	0.2921903	0.2687778
DRB4*01:01	0.0	0.71020716	0.6710149	0.5728536
DRB1*04:04	0.0	0.26945502	0.2808747	0.29380733
DRB1*12:01	0.0	0.6714029	0.28889415	0.32778668
DRB3*02:02	0.0	0.3239031	0.2836156	0.23022664
DRB1*07:01	1.0	0.8391403	0.72049886	0.6461573
DQA1*01:01-DQB1*05:01	0.0	0.6502526	0.28867158	0.33741847
DRB4*01:03	0.0	0.53628623	0.29528746	0.35360652
DRB1*04:04	0.0	0.55829746	0.30610603	0.37051654
DQA1*01:02-DQB1*05:01	0.0	0.6263277	0.28255564	0.27200145
DRB1*15:01	0.0	0.33066258	0.37846872	0.41418627
DRB1*03:01	0.0	0.0	0.28355768	0.2643467
DRB1*04:04	0.0	0.31606644	0.2801303	0.21286339
DRB1*01:01	0.0	0.0	0.31624162	0.25121608
DPA1*01:03-DPB1*04:01	0.0	0.0	0.32093525	0.29233223
DQA1*06:01-DQB1*04:02	0.0	0.32237846	0.27750748	0.25026256
DQA1*05:01-DQB1*03:03	0.0	0.084686644	0.27438515	0.18592584
DRB1*03:01	0.0	0.0	0.2799644	0.19546738
DRB4*01:03	0.0	0.084686644	0.2861662	0.23081431
DQA1*01:03-DQB1*06:03	0.0	0.17230761	0.27555266	0.21933556
DQA1*01:02-DQB1*05:01	0.0	0.30905184	0.2865044	0.29501837
DQA1*02:01-DQB1*04:02	0.0	0.5841126	0.27816865	0.2872594
DRB3*02:02	0.0	0.6953878	0.3579449	0.42889982
DRB1*15:01	0.0	0.0	0.3120053	0.29674152
DRB4*01:01	0.0	0.0	0.2750696	0.21174395
DRB1*13:02	0.0	0.7328622	0.71775043	0.64095604
DRB1*08:01	0.0	0.46629667	0.2749582	0.1917773
DRB4*01:03	0.0	0.2321741	0.28797242	0.2616574
DRB1*03:01	0.0	0.0	0.3817787	0.3098533
DRB1*03:01	0.0	0.0	0.29140404	0.20950356
DRB1*13:01	0.0	0.0	0.35948437	0.38135117
DRB5*01:01	0.0	0.6768411	0.40915948	0.47007462
DRB3*02:02	0.0	0.0	0.287138	0.23573433
DRB1*04:05	0.0	0.0	0.29227757	0.22090107
DRB1*03:01	0.0	0.43536296	0.28828695	0.26053092
DRB4*01:01	0.0	0.0	0.29262394	0.32967794
DRB1*03:01	0.0	0.084686644	0.31831747	0.36722985
DRB3*01:01	0.0	0.0	0.29155657	0.120954365
DQA1*05:01-DQB1*03:03	0.0	0.5781477	0.45134082	0.44763076
DRB3*02:02	0.0	0.10808974	0.29148692	0.28020868
DRB1*08:01	0.0	0.49739456	0.2748685	0.19270426
DPB1*02:01	0.0	0.29749924	0.2844548	0.29629338
DRB1*15:01	0.0	0.51312697	0.3333443	0.441418
DRB1*11:01	0.0	0.64221066	0.39163658	0.38331047
DRB1*08:01	0.0	0.22768104	0.27804837	0.23878074
DRB1*04:05	0.0	0.32683942	0.27817962	0.27416837
DRB1*08:01	0.0	0.4692125	0.27420506	0.26062885
DRB5*01:01	0.0	0.74971294	0.33651793	0.3215424
DRB3*01:01	0.0	0.0	0.29323015	0.31087968
DRB1*07:01	0.0	0.27450326	0.32977307	0.29094997
DRB1*04:05	0.0	0.16008255	0.34137484	0.40794474
DRB1*08:01	0.0	0.084686644	0.27512988	0.22189957
DRB1*11:01	0.0	0.32171547	0.30974317	0.28844044
DRB1*07:01	0.0	0.3902698	0.30916843	0.35208905
DRB1*11:01	1.0	0.8984626	0.722136	0.61538994
DRB1*01:01	0.0	0.2817568	0.70858896	0.59542614
DRB5*01:01	0.0	0.48968816	0.41667643	0.4612803
DRB3*02:02	0.0	0.674082	0.35657772	0.4206762
DQA1*02:01-DQB1*04:02	0.0	0.084686644	0.28558078	0.26520026
DRB1*04:01	0.0	0.0	0.28111482	0.21894823
DRB1*08:02	0.0	0.38417104	0.702867	0.53733766
DRB5*01:01	0.0	0.5446068	0.32712346	0.28910953
DRB1*04:04	0.0	0.25051838	0.29033336	0.27439046
DQA1*05:01-DQB1*04:02	0.0	0.3386744	0.2765965	0.22384742
DQA1*02:01-DQB1*03:01	0.0	0.6887833	0.6505653	0.5254289
DRB1*14:54	0.0	0.7969252	0.3081338	0.32792836
DRB1*11:01	0.0	0.16294746	0.30459973	0.28490627
DQA1*02:01-DQB1*03:01	0.0	0.084686644	0.2763611	0.16741198
DRB1*08:01	0.0	0.28406104	0.28122595	0.28848982
DRB1*15:01	0.0	0.0	0.29767147	0.27729663
DRB1*03:01	0.0	0.0	0.2808727	0.23247108
DRB1*09:01	0.0	0.233575	0.279904	0.23613551
DRB1*03:01	0.0	0.0	0.5447179	0.51949835
DQA1*02:01-DQB1*04:02	0.0	0.40985903	0.2825803	0.2953157
DRB1*04:05	0.0	0.0	0.2785463	0.23649548
DRB3*03:01	0.0	0.43723017	0.35680404	0.4087291
DRB1*11:01	0.0	0.0	0.31668723	0.3028236
DQA1*05:01-DQB1*03:03	0.0	0.084686644	0.27983904	0.15965009
DQA1*05:01-DQB1*04:02	0.0	0.084686644	0.27583548	0.18456395
DRB1*04:03	0.0	0.36156222	0.28095886	0.20339935
DQA1*05:01-DQB1*03:02	0.0	0.20883289	0.28118408	0.14874926
DRB1*11:01	0.0	0.7629388	0.39154378	0.39315134
DRB3*01:01	0.0	0.43723017	0.46066287	0.46187833
DRB1*11:01	0.0	0.084686644	0.2936832	0.2021528
DRB1*04:01	0.0	0.74971294	0.3255995	0.37646556
DPB1*04:01	0.0	0.084686644	0.27918932	0.2420631
DRB1*15:01	0.0	0.0	0.41739476	0.49983835
DRB1*15:01	1.0	1.0	0.383042	0.50382596
DRB3*02:02	0.0	0.084686644	0.71723276	0.63776743
DPA1*02:01-DPB1*05:01	0.0	0.0	0.28210124	0.23063771
DRB1*13:01	0.0	0.0	0.42912024	0.4400333
DRB3*01:01	0.0	0.60220397	0.2742293	0.20907831
DRB5*01:01	0.0	0.084686644	0.37174845	0.35963368
DQA1*02:01-DQB1*03:03	0.0	0.674082	0.34235063	0.3628201
DRB5*01:01	0.0	0.19911106	0.3862305	0.4506303
DRB1*08:01	0.0	0.084686644	0.27441567	0.21326278
DPA1*01:03-DPB1*04:01	0.0	0.0	0.31101695	0.2520312
DRB1*04:04	0.0	0.5938504	0.2798859	0.26273414
DPB1*02:01	0.0	0.13910432	0.31763455	0.36027545
DRB1*09:01	0.0	0.3313932	0.31077412	0.34770378
DQA1*05:01-DQB1*03:02	0.0	0.084686644	0.30932245	0.29958227
DPA1*02:01-DPB1*01:01	0.0	0.21031427	0.27842653	0.22180381
DRB1*04:04	0.0	0.0	0.4949391	0.35558876
DQA1*01:02-DQB1*05:01	0.0	0.5487152	0.36176014	0.36461586
DQA1*03:01-DQB1*03:02	0.0	0.0	0.28056002	0.2605686
DQA1*02:01-DQB1*03:01	0.0	0.49043053	0.29179904	0.28934333
DRB1*08:02	0.0	0.6141892	0.6368905	0.63228726
DRB1*09:01	0.0	0.4737663	0.27485853	0.21080893
DRB1*11:01	0.0	0.34792444	0.4083863	0.446119
DRB1*13:02	0.0	0.0	0.29752547	0.31230062
DRB1*04:01	0.0	0.0	0.28387097	0.27654028
DQB1*06:02	0.0	0.0	0.28137866	0.20642473
DRB1*08:02	0.0	0.084686644	0.3394634	0.37623376
DRB1*04:04	1.0	0.87187403	0.5661494	0.5488061
DQA1*02:01-DQB1*04:02	0.0	0.084686644	0.28569603	0.1351417
DRB3*03:01	0.0	0.15133637	0.33753622	0.36969844
DRB3*02:02	0.0	0.084686644	0.29687238	0.3346413
DRB1*08:02	0.0	0.37701872	0.42758024	0.42460012
DRB1*14:54	0.0	0.35740563	0.30229372	0.28558114
DRB1*03:03	0.0	0.363241	0.38362563	0.4322477
DRB1*03:01	0.0	0.60866976	0.38057375	0.41789055
DRB5*01:01	0.0	0.0	0.38650525	0.48684788
DRB1*01:01	1.0	0.9911911	0.71624327	0.6710963
DRB1*04:04	0.0	0.0	0.27496773	0.18284063
DRB1*15:01	0.0	0.48535502	0.6941039	0.6405467
DQA1*05:01-DQB1*03:03	0.0	0.084686644	0.27480844	0.23505794
DPA1*01:03-DPB1*04:01	0.0	0.0	0.33059877	0.31643897
DRB1*13:01	0.0	0.44717774	0.33656853	0.38439482
DRB4*01:01	0.0	0.37007582	0.2852407	0.28764963
DRB1*03:01	0.0	0.0	0.444767	0.4790591
DRB1*11:01	0.0	0.7871874	0.59537697	0.62609965
DRB5*01:01	0.0	0.71020716	0.41377974	0.45328736
DRB3*01:01	0.0	0.084686644	0.2819394	0.20476186
DQA1*05:01-DQB1*03:03	0.0	0.084686644	0.27436066	0.19267091
DRB1*07:01	0.0	0.31766194	0.37501135	0.45003796
DRB3*02:02	0.0	0.48606324	0.651662	0.58443594
DQA1*05:01-DQB1*04:02	1.0	0.83439964	0.6014986	0.55303717
DRB1*04:05	0.0	0.56641	0.41424578	0.455047
DRB1*09:01	0.0	0.52697796	0.27463767	0.22836903
DRB1*11:01	0.0	0.35133588	0.31099743	0.28676796
DRB1*04:01	0.0	0.0	0.34917566	0.36969078
DRB1*13:01	1.0	1.0	0.43843925	0.5019616
DRB1*01:01	0.0	0.0	0.3070519	0.28306744
DRB1*03:01	0.0	0.5508399	0.28291625	0.2306772
DQA1*01:02-DQB1*05:01	0.0	0.5126518	0.29470736	0.29592592
DRB1*07:01	0.0	0.71861506	0.40691492	0.46138477
DRB3*01:01	0.0	0.158006	0.48002326	0.45435324
DPA1*02:01-DPB1*05:01	0.0	0.0	0.27790546	0.20308015
DRB1*03:01	1.0	0.8476255	0.28064606	0.24444827
DRB1*13:02	0.0	0.22456439	0.34160215	0.38226938
DRB1*01:01	0.0	0.4621983	0.33263963	0.33836046
DRB3*02:02	0.0	0.0	0.31169727	0.33443615
DRB1*01:01	0.0	0.4585149	0.505561	0.5358379
DQA1*05:01-DQB1*03:02	0.0	0.4805438	0.28258723	0.29221842
DRB1*13:01	0.0	0.37658277	0.31730273	0.2631421
DRB1*08:02	0.0	0.35740563	0.4469557	0.4583574
DRB1*09:01	0.0	0.69887584	0.65607655	0.5598258
DRB1*04:05	0.0	0.084686644	0.29814926	0.28983194
DQA1*02:01-DQB1*04:02	0.0	0.084686644	0.31301096	0.30519125
DRB1*07:01	0.0	0.38264915	0.3407058	0.2893764
DRB1*03:01	0.0	0.28995934	0.3874821	0.40717685
DRB1*07:01	1.0	0.98314923	0.72222555	0.68028224
DRB5*01:01	1.0	0.87187403	0.7035154	0.62551445
DQA1*02:01-DQB1*03:01	0.0	0.5544935	0.39088365	0.40633297
DRB1*08:01	0.0	0.59271634	0.49322623	0.45186216
DRB3*01:01	0.0	0.084686644	0.32004312	0.3755049
DRB1*04:01	0.0	0.16822515	0.65574014	0.57626134
DQA1*02:01-DQB1*03:01	0.0	0.34012878	0.27521944	0.20866019
DRB1*09:01	0.0	0.084686644	0.27522677	0.1914304
DRB3*03:01	0.0	0.70250076	0.42164937	0.41776222
DRB1*07:01	0.0	0.28620347	0.29710957	0.34209448
DRB3*02:02	0.0	0.0	0.28760532	0.23784088
DRB3*02:02	0.0	0.77837855	0.6902167	0.619134
DRB1*04:01	0.0	0.0	0.2890027	0.3635098
DPA1*01:03-DPB1*04:01	0.0	0.39438218	0.29493406	0.2633484
DRB4*01:03	0.0	0.4713097	0.29061472	0.29908496
DQA1*02:01-DQB1*03:01	0.0	0.52004963	0.28072667	0.27223605
DRB1*03:01	0.0	0.5226533	0.3012312	0.27359188
DRB1*04:01	0.0	0.20070253	0.29871157	0.32034278
DRB3*02:02	0.0	0.3857184	0.28468388	0.24117334
DRB3*03:01	0.0	0.46374887	0.32996187	0.30952564
DRB1*09:01	0.0	0.43095148	0.27487686	0.19933361
DQA1*01:02-DQB1*05:01	0.0	0.33590257	0.2792226	0.20326965
DRB1*08:01	0.0	0.084686644	0.27464616	0.22802512
DRB1*13:01	0.0	0.7437481	0.46382356	0.53194636
DRB1*13:02	0.0	0.10700674	0.30977315	0.31312633
DRB1*08:02	0.0	0.24194987	0.27566126	0.18320248
DRB1*03:01	0.0	0.19180524	0.2803431	0.22501935
DRB1*03:01	0.0	0.0	0.2814233	0.22386524
DRB1*08:01	0.0	0.17853521	0.28993392	0.31610018
DPA1*02:01-DPB1*05:01	0.0	0.0	0.2747907	0.19814922
DQA1*02:01-DQB1*04:02	0.0	0.51505256	0.27842686	0.15398335
DQA1*05:01-DQB1*03:01	0.0	0.0	0.30832928	0.38678727
DRB3*01:01	0.0	0.3277324	0.29200095	0.3091813
DQA1*05:01-DQB1*03:02	0.0	0.31219417	0.2757953	0.27125144
DRB3*01:01	0.0	0.59616107	0.29503244	0.27540952
DQA1*06:01-DQB1*04:02	0.0	0.2971303	0.27743348	0.22311787
DRB3*01:01	0.0	0.084686644	0.27455443	0.1989055
DRB1*07:01	0.0	0.0	0.27787215	0.18499206
DQA1*05:01-DQB1*04:02	0.0	0.084686644	0.27535552	0.24642518
DPB1*14:01	0.0	0.0	0.28862578	0.28279316
DRB1*04:01	0.0	0.60473627	0.28927916	0.30942634
DRB1*09:01	0.0	0.2958958	0.5695131	0.55369294
DQA1*05:01-DQB1*03:03	0.0	0.39347702	0.4059549	0.3632586
DRB1*13:02	0.0	0.0	0.30127633	0.27825645
DPA1*01:03-DPB1*04:01	0.0	0.0	0.27576482	0.16641378
DRB1*11:01	0.0	0.084686644	0.36931983	0.4260924
DRB1*14:54	0.0	0.71431553	0.3863277	0.37596506
DRB1*03:01	0.0	0.19215935	0.35574007	0.3611632
DQA1*06:01-DQB1*04:02	0.0	0.084686644	0.2947122	0.2960115
DQA1*01:03-DQB1*06:03	0.0	0.084686644	0.27605492	0.22784573
DQB1*03:02	0.0	0.36156222	0.2745441	0.23762837
DQA1*02:01-DQB1*03:03	0.0	0.2438181	0.27508798	0.21404403
DRB1*08:01	0.0	0.40095103	0.28566337	0.36759797
DRB1*13:02	1.0	0.8673647	0.30868968	0.34395316
DRB3*02:02	0.0	0.46263868	0.55388623	0.58999914
DRB1*11:01	0.0	0.07586936	0.37125313	0.3991157
DRB4*01:03	0.0	0.39734244	0.2945148	0.29559976
DQA1*02:01-DQB1*03:01	0.0	0.5058025	0.3239091	0.30382642
DQA1*02:01-DQB1*04:02	0.0	0.77837855	0.28150576	0.25761724
DRB1*04:01	0.0	0.02062367	0.28234312	0.2658264
DRB1*11:01	0.0	0.5689894	0.3418781	0.38145962
DRB1*11:01	0.0	0.0	0.3055775	0.24631765
DQB1*03:02	1.0	0.9190863	0.28206316	0.277031
DRB1*07:01	0.0	0.5487152	0.5645454	0.577116
DRB1*13:01	1.0	0.8201525	0.5067115	0.55779576
DRB1*11:01	1.0	0.9015959	0.72245175	0.6635473
DRB1*08:02	0.0	0.24355994	0.28261814	0.27320978
DRB3*02:02	0.0	0.0	0.2884713	0.26289776
DQA1*02:01-DQB1*04:02	0.0	0.32690293	0.27522105	0.182954
DQA1*05:01-DQB1*02:01	0.0	0.084686644	0.28135887	0.27390552
DRB1*15:02	0.0	0.46687254	0.63221776	0.46639055
DRB4*01:03	0.0	0.27421546	0.2825457	0.22967434
DRB1*04:05	0.0	0.18782757	0.2969878	0.31016988
DRB1*12:01	0.0	0.0	0.27585348	0.18034041
DRB4*01:03	0.0	0.6441565	0.62731904	0.6251031
DRB1*03:01	0.0	0.0	0.27832016	0.18543345
DRB1*04:01	0.0	0.0	0.28098196	0.2762984
DQA1*01:01-DQB1*05:01	0.0	0.0	0.28021514	0.28935593
DRB1*15:01	0.0	0.26541638	0.30621672	0.33066994
DRB1*15:01	0.0	0.6502526	0.72158146	0.58849585
DRB1*15:01	1.0	0.82283163	0.72060615	0.6263988
DQA1*03:03-DQB1*04:02	0.0	0.31617948	0.45241147	0.45518133
DQA1*02:01-DQB1*03:01	0.0	0.72312444	0.35664606	0.38807505
DRB1*09:01	0.0	0.5530147	0.66538537	0.6005267
DRB1*15:01	0.0	0.24215278	0.3079267	0.30596536
DQA1*02:01-DQB1*03:01	0.0	0.084686644	0.34940672	0.31871343
DQA1*05:01-DQB1*04:02	0.0	0.6366076	0.30465484	0.32471195
DQA1*03:03-DQB1*04:02	0.0	0.7969252	0.625475	0.57907754
DQA1*05:01-DQB1*03:02	0.0	0.23749845	0.32999754	0.3121121
DQA1*02:01-DQB1*03:01	0.0	0.084686644	0.27712563	0.26608148
DQA1*05:01-DQB1*03:03	0.0	0.084686644	0.27938983	0.15666449
DRB1*14:54	0.0	0.738145	0.72255766	0.63228226
DRB1*04:01	0.0	0.26315808	0.27847198	0.24697097
DQA1*02:01-DQB1*03:03	0.0	0.25440717	0.5774957	0.5594927
DRB1*12:01	0.0	0.0	0.2745723	0.18237586
DQA1*03:01-DQB1*03:02	0.0	0.0	0.2761843	0.15547714
DRB1*04:04	1.0	0.83439964	0.67143494	0.5437458
DRB1*11:01	0.0	0.0	0.62422514	0.58163875
DRB1*07:01	0.0	0.22634466	0.29106915	0.2759725
DRB3*02:02	0.0	0.54196596	0.71648014	0.58630586
DRB1*01:01	0.0	0.39747867	0.33273235	0.35811636
DRB5*01:01	0.0	0.084686644	0.31695822	0.23233286
DRB3*02:02	1.0	0.83439964	0.5108627	0.5107391
DRB1*08:02	0.0	0.4205892	0.4318607	0.505841
DRB1*09:01	0.0	0.42920575	0.28647354	0.28283027
DRB1*15:01	0.0	0.48606324	0.30471608	0.30228296
DRB1*01:01	1.0	0.82989025	0.3742745	0.44518337
DRB1*03:01	0.0	0.084686644	0.2949189	0.30515507
DRB1*07:01	0.0	0.0	0.30373478	0.31767097
DQA1*05:01-DQB1*03:02	0.0	0.084686644	0.28909546	0.2789359
DRB1*15:01	0.0	0.37833908	0.37577906	0.485923
DQA1*02:01-DQB1*03:01	0.0	0.1735321	0.27584454	0.16667905
DQA1*02:01-DQB1*02:02	0.0	0.0	0.39766726	0.423139
DRB1*03:01	0.0	0.74971294	0.32457432	0.33625078
DRB3*03:01	0.0	0.084686644	0.34867173	0.3489484
DRB1*01:01	0.0	0.35402232	0.32651144	0.3489951
DRB1*16:01	0.0	0.02062367	0.2752166	0.16594261
DQA1*03:03-DQB1*04:02	0.0	0.084686644	0.27856335	0.26999846
DQA1*06:01-DQB1*04:02	0.0	0.60096335	0.36483663	0.32428926
DRB5*01:01	0.0	0.0	0.40867528	0.40087968
DRB1*11:01	0.0	0.7871874	0.46171013	0.5333624
DPA1*02:01-DPB1*05:01	0.0	0.0	0.39659253	0.3829898
DRB3*02:02	0.0	0.43681195	0.3007454	0.2735023
DRB1*04:04	0.0	0.40280956	0.37623388	0.43402815
DQA1*02:01-DQB1*03:03	0.0	0.4448728	0.3322579	0.29175138
DRB1*01:01	0.0	0.65237737	0.5996532	0.6386536
DRB1*03:01	0.0	0.084686644	0.3618543	0.38454267
DRB3*02:02	0.0	0.084686644	0.2837441	0.2344306
DRB3*01:01	0.0	0.640305	0.27437535	0.22955647
DRB1*08:02	0.0	0.4410817	0.35609844	0.43745303
DRB3*02:02	0.0	0.0	0.3318094	0.4786963
DQA1*01:02-DQB1*05:01	0.0	0.084686644	0.3079638	0.38772842
DRB4*01:03	0.0	0.58009356	0.2904246	0.3019201
DRB1*01:01	0.0	0.02062367	0.30639827	0.25059032
DRB1*15:01	0.0	0.4185122	0.29573414	0.26295125
DRB1*15:01	0.0	0.4205892	0.40628505	0.5161607
DRB3*01:01	0.0	0.0	0.28549007	0.15215896
DRB1*07:01	1.0	0.83439964	0.5364234	0.5695764
DRB3*01:01	0.0	0.21936095	0.27628267	0.18144883
DRB1*12:01	0.0	0.0	0.28690487	0.21575357
DRB1*04:01	0.0	0.31149253	0.34913135	0.41293436
DRB1*15:01	0.0	0.47693178	0.3201131	0.3623612
DQA1*02:01-DQB1*03:03	0.0	0.084686644	0.2771875	0.17588097
DQA1*01:02-DQB1*05:01	0.0	0.42076442	0.30825552	0.316925
DRB1*03:01	0.0	0.61138827	0.29572445	0.32464388
DPA1*02:01-DPB1*05:01	0.0	0.0	0.27651745	0.19648845
DQA1*05:01-DQB1*04:02	0.0	0.36581776	0.29805472	0.2997588
DRB1*04:01	0.0	0.36787277	0.2865055	0.27114043
DRB1*08:01	0.0	0.6461442	0.59255046	0.542098
DRB1*12:01	0.0	0.4565015	0.27764335	0.2294146
DQA1*05:01-DQB1*03:03	0.0	0.33233154	0.2749715	0.1737084
DRB1*03:01	0.0	0.0	0.2760021	0.1614109
DQA1*05:01-DQB1*04:02	0.0	0.3880276	0.3084145	0.3325206
DRB1*13:01	0.0	0.20328394	0.38571498	0.35447633
DQA1*02:01-DQB1*03:03	0.0	0.40223372	0.27600855	0.20985162
DRB1*03:01	0.0	0.28084123	0.2916027	0.2798618
DRB1*04:04	0.0	0.22877301	0.3629681	0.3937345
DRB3*01:01	0.0	0.084686644	0.27487803	0.22220254
DRB1*13:02	1.0	0.82989025	0.72235537	0.6686788
DRB1*07:01	0.0	0.4911789	0.32917857	0.42910758
DPA1*01:03-DPB1*03:01	0.0	0.0	0.3039131	0.36058253
DRB1*03:01	0.0	0.35955095	0.29539436	0.34501177
DQA1*02:01-DQB1*03:01	0.0	0.084686644	0.27495095	0.22342756
DRB1*11:01	0.0	0.084686644	0.67379916	0.6306327
DRB5*01:01	0.0	0.45598662	0.4218144	0.40800506
DRB1*11:01	0.0	0.0	0.29650483	0.21146366
DRB1*08:01	0.0	0.34920925	0.47743896	0.46494085
DRB1*11:01	0.0	0.7560895	0.4375221	0.5213697
DRB1*13:02	0.0	0.0	0.29899904	0.2618305
DRB1*08:02	0.0	0.72312444	0.6560198	0.6304653
DRB1*04:04	0.0	0.084686644	0.30405095	0.3535164
DRB3*02:02	0.0	0.0	0.2857989	0.23469725
DRB1*09:01	0.0	0.42488876	0.2904765	0.3423491
DRB1*09:01	0.0	0.39360765	0.27899086	0.24297789
DRB1*04:01	0.0	0.4333316	0.27910402	0.2567684
DRB3*01:01	0.0	0.30999923	0.2776383	0.2522369
DRB3*03:01	0.0	0.42730397	0.33284953	0.308517
DRB1*13:01	0.0	0.084686644	0.33480158	0.28308985
DRB1*13:01	0.0	0.7969252	0.41723436	0.43906525
DRB1*07:01	0.0	0.6687992	0.7220227	0.6002833
DRB3*01:01	0.0	0.0	0.27451134	0.24004824
DPB1*04:02	0.0	0.14294663	0.2748762	0.20724998
DQA1*02:01-DQB1*03:01	0.0	0.43454504	0.2772541	0.23415497
DRB1*04:05	0.0	0.12439446	0.27484086	0.18956968
DPA1*01:03-DPB1*02:01	0.0	0.3188187	0.34090754	0.39978832
DRB3*01:01	0.0	0.43353274	0.33434686	0.31081718
DRB5*01:01	0.0	0.084686644	0.34875	0.3201036
DRB1*15:01	0.0	0.55599636	0.346492	0.3530711
DRB5*01:01	0.0	0.084686644	0.3600826	0.3471008
DRB3*03:01	0.0	0.6073399	0.44725817	0.53004503
DPA1*02:01-DPB1*14:01	0.0	0.60473627	0.29527682	0.37883022
DRB1*15:01	0.0	0.0	0.28350955	0.19512832
DRB1*04:01	0.0	0.22049344	0.353726	0.4061611
DRB3*01:01	0.0	0.2721201	0.27938432	0.16338056
DRB3*01:01	0.0	0.104396395	0.27475783	0.2503944
DRB1*04:01	0.0	0.14607155	0.28166577	0.31007874
DPA1*03:01-DPB1*04:02	0.0	0.6073399	0.36278117	0.3843068
DRB4*01:03	0.0	0.6953878	0.4929614	0.5532713
DRB1*11:01	0.0	0.084686644	0.2945814	0.21563008
DRB1*04:01	0.0	0.235068	0.3204014	0.36060622
DQA1*02:01-DQB1*04:02	0.0	0.5949985	0.34177044	0.40086487
DRB1*07:01	0.0	0.15168871	0.3043899	0.27072376
DRB1*13:01	0.0	0.3329398	0.3199119	0.26303056
DRB1*08:02	0.0	0.2133874	0.30162784	0.3706963
DRB1*08:01	0.0	0.084686644	0.27458185	0.18704887
DRB1*07:01	0.0	0.5707499	0.3168655	0.3316855
DQA1*02:01-DQB1*03:03	0.0	0.4417395	0.37630743	0.37805092
DQA1*06:01-DQB1*04:02	0.0	0.32683942	0.30823052	0.2577883
DRB1*03:01	0.0	0.5303597	0.35590523	0.33054712
DRB1*08:01	0.0	0.40485376	0.2820988	0.14618415
DQA1*03:03-DQB1*04:02	0.0	0.084686644	0.27751684	0.16899031
DRB1*13:01	0.0	0.7560895	0.3958301	0.437261
DQA1*02:01-DQB1*03:01	0.0	0.68261945	0.30907434	0.3072485
DQA1*02:01-DQB1*03:03	0.0	0.084686644	0.27626902	0.22062713
DRB1*03:01	0.0	0.7437481	0.28462794	0.2788921
DRB1*04:01	0.0	0.6768411	0.7114291	0.5548285
DRB3*01:01	0.0	0.084686644	0.53176636	0.49155414
DRB1*14:54	0.0	0.40166143	0.315098	0.32520962
DRB4*01:03	0.0	0.7437481	0.35444292	0.40815866
DRB1*13:02	0.0	0.0	0.29039344	0.22247839
DQA1*02:01-DQB1*03:03	0.0	0.33300763	0.2743378	0.19297478
DPA1*03:01-DPB1*04:02	1.0	0.8984626	0.5245586	0.5482585
DRB3*01:01	0.0	0.084686644	0.2749897	0.26927555
DQB1*04:02	0.0	0.36156222	0.28304312	0.28783566
DRB1*08:01	0.0	0.25580934	0.27462122	0.24915086
DRB1*03:01	0.0	0.0	0.28653276	0.23970531
DRB1*03:01	0.0	0.58618957	0.29705495	0.27435574
DRB5*01:01	0.0	0.72312444	0.37680876	0.40407827
DRB1*11:01	0.0	0.34371558	0.44706976	0.45568693
DRB1*01:01	0.0	0.36146984	0.3488418	0.25864422
DRB1*13:02	0.0	0.59048915	0.32732645	0.3844677
DRB1*03:01	0.0	0.12244109	0.31970453	0.38059306
DRB1*08:01	0.0	0.0	0.42214665	0.35247234
DRB1*08:01	0.0	0.17199807	0.2769374	0.25775415
DRB4*01:01	0.0	0.5253324	0.31758454	0.41438276
DRB1*04:01	0.0	0.0	0.2920194	0.32736462
DRB3*02:02	0.0	0.084686644	0.28647804	0.2421644
DRB1*11:01	0.0	0.42920575	0.3363048	0.37303904
DQA1*06:01-DQB1*04:02	0.0	0.26557982	0.27441347	0.23654129
DRB1*08:01	0.0	0.0	0.27460754	0.17837799
DRB1*07:01	0.0	0.2803409	0.30349493	0.35258293
DRB5*01:01	0.0	0.084686644	0.34100455	0.32187387
DRB3*01:01	0.0	0.36055112	0.2800487	0.16729215
DQA1*01:02-DQB1*05:01	0.0	0.34532967	0.28148058	0.24709085
DRB1*01:01	0.0	0.36221147	0.3727309	0.49216187
DQA1*05:01-DQB1*03:02	0.0	0.27293128	0.27532429	0.18484598
DRB1*07:01	1.0	0.82420087	0.37629002	0.46042764
DRB3*02:02	0.0	0.0	0.28878626	0.2665851
DRB1*07:01	0.0	0.58831435	0.38537216	0.4786157
DRB1*13:01	0.0	0.4822335	0.34232208	0.35570604
DQA1*03:03-DQB1*04:02	0.0	0.084686644	0.2766186	0.15842214
DRB1*09:01	0.0	0.25610414	0.2749745	0.20909397
DQA1*01:02-DQB1*05:01	0.0	0.084686644	0.28406224	0.24488512
DRB4*01:03	0.0	0.39666435	0.2884459	0.24048343
DQA1*01:01-DQB1*05:01	0.0	0.0	0.27846694	0.19884773
DQA1*02:01-DQB1*04:02	0.0	0.38024247	0.27475324	0.17752135
DPA1*02:01-DPB1*01:01	0.0	0.0	0.28155628	0.19769047
DRB1*01:01	0.0	0.0	0.30392522	0.22483417
DRB1*13:02	1.0	0.8044086	0.7012205	0.6479579
DRB1*04:04	1.0	0.8201525	0.657859	0.6273148
DRB1*08:02	0.0	0.31766194	0.2987807	0.28663942
DRB1*04:01	0.0	0.0	0.27979782	0.24302785
DRB1*14:54	0.0	0.42488876	0.34634617	0.37401453
DQA1*02:01-DQB1*03:01	0.0	0.7969252	0.36706582	0.38758355
DRB3*01:01	0.0	0.2407167	0.281017	0.26788506
DRB5*01:01	1.0	0.87187403	0.34675926	0.3217636
DQA1*02:01-DQB1*04:02	0.0	0.26086038	0.2755844	0.2236591
DQA1*05:01-DQB1*03:03	0.0	0.32869884	0.27482578	0.22919996
DRB1*04:05	0.0	0.5375186	0.27924764	0.23687708
DRB4*01:03	0.0	0.591596	0.36039484	0.4361624
DPB1*14:01	0.0	0.0	0.3841843	0.43329543
DRB1*09:01	0.0	0.640305	0.39807117	0.34515575
DRB1*04:04	0.0	0.34824398	0.27761364	0.23656689
DRB1*04:04	0.0	0.5112407	0.379668	0.3932548
DRB1*13:01	0.0	0.3554819	0.39672673	0.41148275
DQA1*01:02-DQB1*05:01	0.0	0.084686644	0.28451654	0.22765583
DRB1*04:01	0.0	0.10944496	0.29320905	0.3158453
DRB1*11:01	0.0	0.0	0.33056244	0.32817483
DRB3*01:01	0.0	0.43373433	0.2776929	0.19211169
DRB1*11:01	0.0	0.04426518	0.31069762	0.2848339
DRB3*01:01	0.0	0.5093922	0.28498617	0.2847687
DQA1*01:01-DQB1*05:01	0.0	0.0	0.27679545	0.16521999
DRB1*07:01	0.0	0.0	0.29543874	0.31195307
DRB1*15:01	0.0	0.084686644	0.29296955	0.26110393
DQA1*03:03-DQB1*04:02	0.0	0.084686644	0.27450752	0.2264883
DRB1*03:01	0.0	0.5606573	0.49994594	0.53331923
DPA1*01:03-DPB1*02:01	0.0	0.18009183	0.28282347	0.38404563
DRB1*01:01	0.0	0.40582088	0.468505	0.49122924
DQA1*05:01-DQB1*02:01	0.0	0.35453483	0.34050828	0.30209976
DQA1*01:02-DQB1*05:01	0.0	0.3801294	0.27861458	0.22623885
DRB1*04:01	0.0	0.084686644	0.3356324	0.3182757
DRB5*01:01	0.0	0.6714029	0.37281734	0.3908441
DQA1*05:01-DQB1*04:02	0.0	0.25613368	0.4230328	0.41885942
DRB1*08:02	0.0	0.3360427	0.29626253	0.28407168
DRB3*03:01	0.0	0.2405918	0.36626184	0.39329147
DRB1*15:01	0.0	0.6073399	0.33808133	0.33346573
DRB1*11:01	0.0	0.084686644	0.29624882	0.21192756
DQA1*02:01-DQB1*04:02	0.0	0.084686644	0.27487925	0.1901163
DQA1*05:01-DQB1*04:02	1.0	0.8078111	0.512498	0.5295355
DRB1*11:01	0.0	0.11158996	0.3617456	0.3687117
DQA1*06:01-DQB1*04:02	0.0	0.084686644	0.27485976	0.2137445
DQA1*02:01-DQB1*04:02	0.0	0.084686644	0.27541667	0.22978649
DRB1*15:01	0.0	0.14874962	0.4279977	0.39784122
DRB1*08:01	0.0	0.37109482	0.27559376	0.17992188
DRB3*02:02	0.0	0.084686644	0.30909732	0.2501381
DRB3*02:02	0.0	0.3392534	0.40030673	0.4464206
DQA1*02:01-DQB1*03:01	0.0	0.084686644	0.2778579	0.1545836
DRB4*01:03	0.0	0.65237737	0.39897594	0.4325861
DRB1*11:01	0.0	0.4547118	0.31828743	0.338241
DQA1*02:01-DQB1*03:03	0.0	0.4547118	0.5358971	0.4981804
DRB4*01:03	1.0	0.87187403	0.68176085	0.641582
DRB1*12:01	0.0	0.0	0.30547303	0.31340277
DRB5*01:01	1.0	0.8391403	0.35889825	0.38375062
DRB1*13:01	0.0	0.7703366	0.3705092	0.4279012
DRB5*01:01	0.0	0.53628623	0.4121727	0.47377816
DRB1*11:01	0.0	0.28224102	0.3171275	0.3279267
DRB4*01:03	0.0	0.674082	0.30199698	0.36845034
DRB1*11:01	0.0	0.0	0.40254825	0.40286776
DRB1*14:54	0.0	0.5830913	0.42838514	0.4915226
DPA1*01:03-DPB1*02:01	0.0	0.0	0.2777564	0.24565352
DRB1*15:01	1.0	0.874214	0.3649601	0.42960674
DRB1*04:04	0.0	0.21008067	0.27597564	0.20954232
DQA1*03:03-DQB1*04:02	0.0	0.084686644	0.27553245	0.25296438
DRB1*08:01	0.0	0.40010568	0.47908232	0.4594391
DQA1*02:01-DQB1*04:02	0.0	0.084686644	0.281761	0.30008435
DQA1*01:02-DQB1*05:01	0.0	0.28928038	0.28466868	0.27693146
DRB1*11:01	0.0	0.0	0.34737927	0.35164168
DRB1*07:01	0.0	0.6263277	0.38501483	0.4829085
DRB1*11:01	0.0	0.29908395	0.35798335	0.35257676
DRB1*15:01	0.0	0.7703366	0.6359743	0.625516
DQA1*05:01-DQB1*04:02	0.0	0.084686644	0.28373277	0.14401622
DRB1*08:01	0.0	0.084686644	0.27445194	0.22067052
DRB3*03:01	0.0	0.7278651	0.4022154	0.39871496
DRB1*09:01	0.0	0.34303236	0.27692813	0.22855026
DQA1*02:01-DQB1*03:01	0.0	0.084686644	0.27598435	0.23929012
DQA1*03:03-DQB1*04:02	0.0	0.084686644	0.28424364	0.26084024
DRB1*09:01	0.0	0.3838176	0.2923144	0.21955766
DRB1*14:54	0.0	0.61562216	0.40820274	0.46316946
DQA1*05:01-DQB1*03:01	0.0	0.44042853	0.2747146	0.18842615
DRB1*04:01	0.0	0.0	0.27564478	0.18454634
DRB1*08:02	0.0	0.0	0.30427924	0.33211213
DRB1*07:01	0.0	0.6348129	0.3416072	0.44716176
DRB1*01:01	0.0	0.0	0.46188065	0.49923527
DPA1*01:03-DPB1*04:01	0.0	0.0	0.28157946	0.2319076
DRB1*03:01	0.0	0.0	0.30526987	0.2834918
DRB1*15:01	0.0	0.0	0.28884086	0.22193174
DRB1*15:01	0.0	0.55907744	0.34028932	0.4063577
DRB1*03:01	0.0	0.52642614	0.2888809	0.29283407
DRB1*01:01	0.0	0.0	0.32542762	0.2940747
DRB1*11:01	0.0	0.45295608	0.65327626	0.6348847
DQA1*01:02-DQB1*05:01	0.0	0.33583257	0.34413725	0.31810182
DRB1*04:05	0.0	0.2473221	0.27513772	0.23963249
DQA1*02:01-DQB1*03:01	0.0	0.45859027	0.49162424	0.50294864
DRB1*11:01	0.0	0.3656244	0.31224427	0.31669986
DRB1*14:54	0.0	0.43556857	0.29786545	0.24138272
DQA1*06:01-DQB1*04:02	0.0	0.3038593	0.27517873	0.23456757
DRB1*01:01	0.0	0.0	0.33377996	0.3851583
DRB1*07:01	0.0	0.4829181	0.3192423	0.36106735
DRB1*08:01	0.0	0.19028623	0.2828016	0.25258487
DRB1*01:01	1.0	1.0	0.72284853	0.6504018
DRB1*08:01	0.0	0.1652388	0.2750131	0.18353942
DRB1*07:01	0.0	0.28224102	0.2889113	0.26799056
DRB1*03:01	0.0	0.41158956	0.29832995	0.31751966
DRB1*01:01	0.0	0.19370972	0.29868314	0.24711487
DRB4*01:03	0.0	0.7969252	0.65561926	0.63317287
DRB1*11:01	0.0	0.084686644	0.3074491	0.26638818
DRB1*11:01	0.0	0.6953878	0.7180091	0.67391604
DQA1*05:01-DQB1*03:03	0.0	0.30460486	0.27560973	0.20607094
DRB1*04:03	0.0	0.029849399	0.2770895	0.1831333
DRB1*07:01	0.0	0.063694015	0.32442003	0.38582525
DQA1*02:01-DQB1*04:02	0.0	0.2505462	0.44885802	0.36126328
DRB1*04:05	0.0	0.3575825	0.29044545	0.30527842
DQA1*01:02-DQB1*06:02	0.0	0.0	0.27613026	0.15499416
DQA1*01:02-DQB1*05:01	0.0	0.34665728	0.2827663	0.238657
DQA1*01:03-DQB1*06:03	0.0	0.49739456	0.2772699	0.22590855
DRB1*11:01	0.0	0.084686644	0.3107062	0.28800973
DRB1*07:01	0.0	0.0	0.44048458	0.5185611
DRB1*04:04	0.0	0.4713097	0.47134754	0.48118177
DRB1*14:54	0.0	0.31042343	0.29828647	0.25029415
DRB1*03:01	0.0	0.050345503	0.31971347	0.34591624
DRB1*11:01	0.0	0.24263647	0.30599722	0.29678747
DRB1*07:01	0.0	0.084686644	0.30178434	0.36364257
DRB1*04:04	0.0	0.65237737	0.58481425	0.60878015
DQA1*02:01-DQB1*03:01	0.0	0.42599562	0.27493078	0.17802201
DRB1*04:01	0.0	0.17230761	0.28324568	0.26437327
DRB1*03:01	0.0	0.38393527	0.2944183	0.34061262
DRB5*01:01	0.0	0.7703366	0.38916215	0.45578074
DRB1*13:02	0.0	0.0	0.29208443	0.22183222
DRB5*01:01	0.0	0.5432769	0.42258382	0.4886602
DRB1*08:02	0.0	0.71861506	0.29900846	0.24425499
DRB1*01:01	0.0	0.60473627	0.32740116	0.35492167
DRB3*01:01	0.0	0.35084078	0.2744514	0.2351825
DRB3*01:01	0.0	0.32889336	0.27472866	0.20584282
DQA1*05:01-DQB1*02:01	0.0	0.66380215	0.2749599	0.18755507
DQA1*05:01-DQB1*04:02	0.0	0.49043053	0.29454768	0.33424354
DRB1*14:54	0.0	0.51701903	0.3811771	0.41621387
DRB3*03:01	0.0	0.6662669	0.48078808	0.5918803
DRB1*01:01	0.0	0.58939534	0.3187932	0.34210217
DRB1*03:01	0.0	0.21098237	0.28529915	0.26679936
DQA1*02:01-DQB1*03:03	0.0	0.7062737	0.36151478	0.3658862
DRB4*01:01	0.0	0.738145	0.28258768	0.2986353
DQA1*05:01-DQB1*03:02	0.0	0.35608965	0.27588317	0.24018136
DRB1*01:01	0.0	0.5117087	0.34255323	0.42587367
DQA1*03:01-DQB1*03:02	0.0	0.0	0.27982584	0.2565433
DRB5*01:01	0.0	0.0	0.37997252	0.40760893
DRB1*11:01	0.0	0.3075456	0.35478923	0.34340996
DRB3*03:01	0.0	0.35266936	0.42197376	0.4294935
DRB1*14:54	0.0	0.36572102	0.30184174	0.3067351
DQA1*01:01-DQB1*05:01	0.0	0.32237938	0.28165993	0.2992899
DRB1*11:01	0.0	0.084686644	0.34693515	0.33803064
DRB3*01:01	0.0	0.0	0.2757751	0.19364358
DRB1*01:01	0.0	0.0	0.29631352	0.2118532
DRB1*07:01	0.0	0.77837855	0.51299965	0.5686993
DQA1*03:03-DQB1*04:02	0.0	0.084686644	0.27893782	0.17559189
DPA1*01:03-DPB1*04:01	0.0	0.0	0.30128998	0.28226483
DQA1*01:02-DQB1*05:01	0.0	0.5552419	0.40884668	0.40231964
DQA1*01:02-DQB1*05:01	0.0	0.7969252	0.6984771	0.5542723
DRB1*11:01	0.0	0.7437481	0.329684	0.355866
DRB3*03:01	1.0	0.87187403	0.42720488	0.5385769
DRB1*15:01	0.0	0.29494697	0.3641265	0.36972806
DRB5*01:01	0.0	0.0	0.34203327	0.2795235
DQA1*03:03-DQB1*04:02	0.0	0.37593263	0.27449018	0.21332482
DRB1*14:54	0.0	0.5872459	0.51888734	0.58336496
DRB1*15:01	0.0	0.20280166	0.31156957	0.34776706
DRB1*13:01	0.0	0.7871874	0.47290713	0.5380115
DRB1*03:01	0.0	0.403389	0.43749908	0.47266942
DRB1*03:01	0.0	0.6545521	0.59688723	0.5762739
DRB1*09:01	0.0	0.4759707	0.2768858	0.23490563
DRB1*04:04	0.0	0.28478312	0.27814844	0.23703368
DRB3*02:02	0.0	0.084686644	0.29415855	0.28595838
DRB1*15:01	0.0	0.0	0.6785656	0.63743055
DRB5*01:01	0.0	0.084686644	0.7173878	0.695058
DPA1*03:01-DPB1*04:02	0.0	0.41432944	0.27848956	0.23226663
DQA1*02:01-DQB1*03:01	0.0	0.32243896	0.28064108	0.23845506
DQA1*05:01-DQB1*04:02	0.0	0.62796354	0.27668607	0.25625813
DRB1*04:04	0.0	0.46459037	0.3500981	0.31664872
DRB3*03:01	0.0	0.5872459	0.34651804	0.31851792
DRB3*01:01	0.0	0.084686644	0.28742772	0.123128146
DQA1*02:01-DQB1*04:02	0.0	0.28944966	0.27898937	0.15627986
DPA1*01:03-DPB1*04:01	0.0	0.0	0.27550846	0.18733291
DRB1*13:01	0.0	0.4250723	0.36263174	0.3300449
DRB1*11:01	0.0	0.084686644	0.34108534	0.32871208
DRB1*04:01	0.0	0.05972278	0.27782777	0.22369605
DRB4*01:01	0.0	0.084686644	0.31220937	0.31146407
DRB1*14:54	0.0	0.6768411	0.55045724	0.6019635
DRB1*04:04	0.0	0.21924198	0.27696228	0.22004241
DRB1*03:01	0.0	0.48535502	0.3579214	0.34063566
DRB1*03:01	0.0	0.084686644	0.298423	0.33718735
DRB1*03:01	0.0	0.084686644	0.29807666	0.30585507
DRB1*15:01	0.0	0.48087928	0.383026	0.48529667
DRB3*02:02	0.0	0.6714029	0.71077	0.61408675
DRB1*07:01	0.0	0.50802964	0.30945325	0.31004566
DRB1*03:01	0.0	0.30112785	0.2805597	0.22926092
DQA1*02:01-DQB1*04:02	0.0	0.39115664	0.61474514	0.58488065
DRB1*04:04	0.0	0.21562773	0.28405508	0.23796219
DPA1*02:01-DPB1*05:01	0.0	0.2218343	0.29586196	0.40907437
DRB4*01:03	0.0	0.20883289	0.3237379	0.25697088
DRB1*09:01	0.0	0.640305	0.28198847	0.25678596
DRB3*02:02	0.0	0.5286533	0.413828	0.459576
DRB3*03:01	0.0	0.55829746	0.35680056	0.41975912
DRB3*01:01	0.0	0.0	0.2772906	0.21773101
DQA1*02:01-DQB1*03:03	0.0	0.45624372	0.2770115	0.27961683
DRB1*04:01	0.0	0.0	0.34684768	0.3801765
DRB1*15:01	0.0	0.22632328	0.32076806	0.33643544
DRB1*01:01	0.0	0.14173937	0.31032988	0.24091132
DQA1*05:01-DQB1*03:03	0.0	0.474078	0.2741116	0.20951055
DQA1*03:03-DQB1*04:02	0.0	0.4261814	0.27590993	0.1889737
DPA1*01:03-DPB1*04:01	0.0	0.0	0.286329	0.27209365
DRB1*08:02	0.0	0.70250076	0.48905057	0.530716
DQA1*05:01-DQB1*03:02	0.0	0.3255785	0.2781683	0.16214906
DQA1*02:01-DQB1*04:02	0.0	0.2345053	0.27993098	0.2509945
DRB1*07:01	1.0	0.85125035	0.71973884	0.6501181
DRB3*01:01	0.0	0.084686644	0.28405994	0.15434253
DRB1*15:01	1.0	0.9406777	0.6746023	0.62349594
DQB1*03:01	0.0	0.16732812	0.27579522	0.22037485
DRB1*04:01	0.0	0.29749924	0.2759644	0.19041027
DRB1*08:01	0.0	0.4893192	0.361787	0.37691987
DRB1*03:01	0.0	0.08155181	0.28403553	0.24376523
DRB1*15:01	0.0	0.22379096	0.3148756	0.32081765
DQA1*02:01-DQB1*03:01	0.0	0.084686644	0.28508338	0.25487125
DRB1*03:01	0.0	0.0	0.31224805	0.3142055
DRB1*03:01	0.0	0.62158704	0.3881663	0.4334557
DRB5*01:01	0.0	0.0	0.4099313	0.37776494
DRB1*12:01	0.0	0.0	0.27496147	0.19497088
DQA1*02:01-DQB1*04:02	0.0	0.084686644	0.28077343	0.14824548
DQA1*02:01-DQB1*04:02	0.0	0.43892217	0.27694622	0.17188956
DQA1*05:01-DQB1*04:02	0.0	0.21387227	0.27933076	0.1748009
DRB4*01:03	0.0	0.5010838	0.30316725	0.28611138
DRB1*04:03	0.0	0.324706	0.37044892	0.38471097
DQA1*05:01-DQB1*04:02	0.0	0.27374968	0.27473554	0.20843244
DQA1*06:01-DQB1*04:02	0.0	0.24064173	0.27923897	0.26301944
DRB1*13:02	0.0	0.0	0.28632593	0.23361272
DRB1*07:01	0.0	0.61138827	0.31217957	0.36727473
DQA1*01:02-DQB1*05:01	0.0	0.22414552	0.2791861	0.19601835
DRB1*03:01	0.0	0.0	0.28633696	0.26487038
DRB1*11:01	0.0	0.2165855	0.3731734	0.39798355
DRB3*03:01	0.0	0.35376713	0.40567014	0.45686153
DRB1*04:01	0.0	0.16954675	0.3632768	0.4784852
DQA1*05:01-DQB1*03:03	0.0	0.22381179	0.39036593	0.39169842
DQB1*03:01	0.0	0.08766868	0.27466694	0.18943566
DQA1*05:01-DQB1*04:02	0.0	0.44195983	0.28745273	0.35128698
DRB1*13:02	0.0	0.052463453	0.31856084	0.30206156
DRB1*09:01	0.0	0.30510524	0.28018802	0.15134448
DRB3*01:01	0.0	0.0	0.32059017	0.31396317
DRB1*07:01	1.0	1.0	0.7223116	0.6481548
DQA1*05:01-DQB1*03:03	0.0	0.40939265	0.2750563	0.27358592
DRB1*01:01	0.0	0.0	0.2981471	0.22990015
DRB1*03:01	0.0	0.084686644	0.30216864	0.32662907
DRB1*04:05	0.0	0.26904652	0.27461433	0.22011659
DQA1*02:01-DQB1*03:01	0.0	0.22154942	0.27877918	0.3155748
DPA1*02:01-DPB1*01:01	0.0	0.21645081	0.28500265	0.25228432
DRB1*09:01	0.0	0.69202656	0.27847672	0.23854423
DRB1*04:01	0.0	0.2763227	0.69824326	0.6356273
DRB1*01:01	0.0	0.0	0.29686648	0.21528864
DRB3*03:01	0.0	0.52642614	0.4377657	0.4617151
DRB1*04:04	0.0	0.22370774	0.27499	0.17079535
DRB1*09:01	0.0	0.5791155	0.48024118	0.5087613
DQA1*03:03-DQB1*04:02	0.0	0.084686644	0.2745856	0.20633602
DQA1*01:02-DQB1*06:02	0.0	0.0	0.27736765	0.2624213
DRB1*01:01	0.0	0.02062367	0.34031376	0.29410803
DRB1*07:01	0.0	0.6127781	0.7224216	0.6634487
DRB1*13:02	0.0	0.72312444	0.71622515	0.64922583
DRB1*09:01	0.0	0.55155915	0.282717	0.3039341
DRB3*01:01	0.0	0.43870896	0.28600794	0.3439582
DPA1*01:03-DPB1*02:01	0.0	0.0	0.27668127	0.20680743
DQA1*02:01-DQB1*03:03	0.0	0.56226474	0.2743982	0.20275934
DRB1*11:01	0.0	0.24900208	0.2868025	0.18234642
DRB5*01:01	1.0	1.0	0.70753795	0.63075364
DRB1*04:05	0.0	0.084686644	0.32500598	0.2621752
DRB1*12:01	0.0	0.17249861	0.5233144	0.54552484
DPA1*01:03-DPB1*04:01	0.0	0.0	0.2874422	0.2445105
DRB1*13:02	0.0	0.6953878	0.39341408	0.4770367
DRB1*11:01	1.0	0.8984626	0.72125447	0.59984434
DRB1*08:01	0.0	0.084686644	0.27532762	0.25449815
DRB1*01:01	0.0	0.084686644	0.48441988	0.46928096
DRB1*15:01	1.0	0.9397099	0.2992456	0.26633057
DRB1*09:01	0.0	0.3335521	0.27500543	0.1987702
DRB1*09:01	0.0	0.2435084	0.29738104	0.44401693
DRB1*04:04	0.0	0.33226418	0.27482998	0.17529915
DRB1*15:01	0.0	0.5689894	0.6737805	0.64670926
DRB1*07:01	0.0	0.5375186	0.47155118	0.48997435
DRB1*15:01	1.0	0.8984626	0.48649547	0.5263876
DRB1*13:01	0.0	0.12871936	0.32284114	0.30616036
DRB1*04:01	0.0	0.0	0.2848398	0.24459031
DRB4*01:03	0.0	0.084686644	0.31229714	0.32120275
DRB1*14:54	0.0	0.48430276	0.37343746	0.41479713
DQA1*05:01-DQB1*02:01	0.0	0.5552419	0.28409028	0.27393353
DQA1*06:01-DQB1*04:02	0.0	0.27450326	0.27654588	0.23054846
DRB1*13:01	0.0	0.22159006	0.35017842	0.37618992
DRB1*08:02	0.0	0.474078	0.30244356	0.36839268
DRB1*03:01	0.0	0.0	0.2992479	0.31041032
DRB1*04:04	0.0	0.084686644	0.27547663	0.17021598
DRB1*03:01	0.0	0.0	0.28655517	0.29399318
DRB1*04:01	0.0	0.6662669	0.32216373	0.3667272
DRB1*04:01	0.0	0.53628623	0.71177834	0.62394464
DRB3*01:01	0.0	0.15745597	0.33600566	0.3192082
DRB1*11:01	0.0	0.7062737	0.72213537	0.6366142
DRB1*12:01	0.0	0.05265516	0.6508136	0.57725513
DRB1*07:01	0.0	0.45172212	0.29434463	0.29893178
DRB1*13:01	0.0	0.18031263	0.29700038	0.19412537
DRB1*03:01	0.0	0.20986557	0.28829455	0.23688275
DRB1*11:01	0.0	0.40066838	0.3230113	0.30353674
DRB1*09:01	0.0	0.27658027	0.27478197	0.19308296
DRB1*11:01	0.0	0.084686644	0.2999832	0.21546651
DRB5*01:01	0.0	0.7062737	0.7100312	0.6606861
DRB3*01:01	0.0	0.0	0.2794245	0.16209704
DQA1*05:01-DQB1*04:02	0.0	0.20587091	0.2745303	0.25072324
DRB4*01:01	0.0	0.47100717	0.58896077	0.5715919
DRB1*11:01	0.0	0.0	0.3003873	0.2582543
DRB4*01:01	0.0	0.37068588	0.27711156	0.22189865
DRB3*02:02	0.0	0.44858882	0.2817886	0.22864681
DRB1*03:01	0.0	0.084686644	0.28314668	0.23909578
DRB4*01:01	0.0	0.2460951	0.2938368	0.36718968
DQA1*05:01-DQB1*04:02	0.0	0.23881151	0.27433643	0.22643764
DQA1*02:01-DQB1*04:02	0.0	0.5743748	0.31484038	0.3518033
DRB1*14:54	1.0	0.85125035	0.72295266	0.6496242
DQA1*05:01-DQB1*03:02	0.0	0.084686644	0.28035703	0.29415715
DRB1*09:01	0.0	0.5439395	0.34482756	0.33704868
DQA1*01:03-DQB1*06:03	0.0	0.084686644	0.28257936	0.25018528
DPA1*02:01-DPB1*05:01	0.0	0.0	0.27491722	0.19072732
DPA1*01:03-DPB1*04:01	0.0	0.0	0.33555114	0.3015175
DQA1*02:01-DQB1*03:01	0.0	0.084686644	0.47298348	0.49288857
DQA1*02:01-DQB1*03:03	0.0	0.37723747	0.29382673	0.28405365
DRB3*02:02	0.0	0.0	0.3326198	0.43478215
DRB1*01:01	0.0	0.0	0.29035985	0.19818285
DRB1*08:02	0.0	0.02062367	0.27998158	0.19471033
DRB1*14:54	0.0	0.68261945	0.5305303	0.5414659
DRB1*04:01	0.0	0.0	0.39286098	0.38816124
DRB1*04:01	0.0	0.0	0.3217716	0.2865825
DQA1*01:02-DQB1*05:01	0.0	0.51031184	0.6700296	0.55265
DRB3*03:01	0.0	0.084686644	0.31822377	0.26032406
DRB1*11:04	0.0	0.017882776	0.27863485	0.2658484
DRB1*11:01	0.0	0.0	0.32712743	0.30614245
DQA1*01:01-DQB1*05:01	0.0	0.0	0.28315777	0.27012205
DRB1*08:01	0.0	0.084686644	0.27864635	0.23977228
DQA1*03:03-DQB1*04:02	0.0	0.20363475	0.29944822	0.32340539
DRB1*08:01	0.0	0.58939534	0.57474643	0.5280731
DRB3*03:01	0.0	0.5002512	0.36517102	0.40274236
DQA1*01:02-DQB1*05:01	0.0	0.46072733	0.31689113	0.30535647
DPA1*02:01-DPB1*01:01	0.0	0.0	0.32020202	0.29417014
DQA1*01:01-DQB1*05:01	0.0	0.12653525	0.28116587	0.27317554
DQA1*05:01-DQB1*02:01	0.0	0.6614014	0.27719933	0.16026041
DQA1*02:01-DQB1*04:02	0.0	0.3781177	0.27531886	0.19244526
DRB1*08:01	0.0	0.16164194	0.28127617	0.15568545
DRB5*01:01	0.0	0.26983106	0.35048896	0.2950462
DRB1*13:01	0.0	0.0	0.32273218	0.27070624
DRB1*15:01	0.0	0.21120009	0.29890105	0.2540539
DRB1*04:01	0.0	0.6545521	0.29222462	0.28980428
DQA1*03:03-DQB1*04:02	0.0	0.52978736	0.2762126	0.2558787
DRB3*03:01	0.0	0.5426191	0.3685824	0.34837556
DRB1*11:01	0.0	0.0	0.3156988	0.3312816
DRB4*01:03	0.0	0.56986547	0.3557402	0.42758206
DQA1*05:01-DQB1*03:03	0.0	0.45370445	0.5858586	0.54154325
DRB3*01:01	0.0	0.14261739	0.27451393	0.21597277
DRB1*08:01	0.0	0.71020716	0.3495296	0.3666565
DRB1*04:04	0.0	0.084686644	0.27891582	0.2531788
DQA1*01:02-DQB1*05:01	0.0	0.5242514	0.2926441	0.34118366
DQA1*05:01-DQB1*03:02	0.0	0.48430276	0.27451697	0.23450668
DRB1*14:54	0.0	0.35946056	0.30291665	0.2868155
DRB3*02:02	0.0	0.36156222	0.30779016	0.32932076
DRB1*03:01	0.0	0.32396463	0.36257112	0.3794255
DRB4*01:03	0.0	0.374966	0.30543783	0.3289153
DRB1*13:01	0.0	0.52642614	0.37185442	0.39671487
DRB1*11:01	0.0	0.7629388	0.7228678	0.6777905
DRB1*08:01	0.0	0.38207042	0.27451888	0.19337536
DRB1*04:04	0.0	0.084686644	0.27518833	0.16497292
DRB4*01:01	0.0	0.084686644	0.27872258	0.29072818
DRB1*04:01	0.0	0.02062367	0.65532243	0.6164658
DRB1*04:05	0.0	0.0	0.2743032	0.185669
DQA1*02:01-DQB1*04:02	0.0	0.4181705	0.27577302	0.2612797
DRB1*13:01	0.0	0.084686644	0.3347261	0.31715375
DRB1*13:01	0.0	0.253714	0.31107408	0.22594756
DRB1*08:02	0.0	0.6366076	0.67694384	0.63258564
DQA1*02:01-DQB1*02:02	0.0	0.42289326	0.27692568	0.22468995
DRB1*13:02	0.0	0.0	0.2820569	0.19678278
DRB1*14:54	0.0	0.084686644	0.45761782	0.52711666
DRB3*01:01	0.0	0.29749924	0.5292444	0.55176467
DRB1*15:01	0.0	0.084686644	0.3245987	0.33158097
DQA1*02:01-DQB1*03:03	0.0	0.5205645	0.2927867	0.3232097
DRB1*14:54	0.0	0.3558287	0.29618016	0.23487826
DRB1*03:01	0.0	0.0	0.27871716	0.1955913
DRB1*09:01	0.0	0.53151494	0.3260701	0.2986756
DRB1*03:01	0.0	0.0	0.3650383	0.355231
DRB3*01:01	0.0	0.0	0.27948147	0.29946864
DRB4*01:03	0.0	0.3235349	0.3171777	0.3356985
DRB1*08:01	0.0	0.3087904	0.27430522	0.2232783
DQA1*05:01-DQB1*02:01	0.0	0.0801773	0.4804172	0.41867763
DQA1*02:01-DQB1*03:03	0.0	0.17509203	0.27435398	0.23182577
DRB3*02:02	0.0	0.084686644	0.3157036	0.32654142
DRB3*01:01	0.0	0.0	0.5965782	0.53868353
DRB5*01:01	0.0	0.084686644	0.71801054	0.6653567
DRB1*09:01	0.0	0.42397636	0.27655286	0.17635198
DRB1*04:01	0.0	0.19899957	0.31862417	0.4360296
DQA1*01:03-DQB1*06:03	0.0	0.15132686	0.2755046	0.2418934
DRB1*04:01	0.0	0.0	0.28072757	0.27193552
DRB1*13:01	0.0	0.45246053	0.32934266	0.31084573
DRB1*10:01	0.0	0.16970894	0.2903033	0.2757454
DRB1*13:02	0.0	0.44464543	0.7111715	0.6519115
DQA1*02:01-DQB1*03:01	0.0	0.23276861	0.30013335	0.31496572
DRB1*04:04	0.0	0.2628082	0.27522975	0.21423118
DQA1*02:01-DQB1*04:02	1.0	1.0	0.2852565	0.28850707
DPB1*14:01	0.0	0.29749924	0.28938323	0.309233
DRB1*01:01	0.0	0.60866976	0.34992883	0.4009729
DRB1*08:02	0.0	0.7437481	0.707275	0.60626006
DRB1*11:01	0.0	0.7328622	0.38344073	0.39586878
DQA1*06:01-DQB1*04:02	0.0	0.084686644	0.29750332	0.2858535
DQA1*05:01-DQB1*03:02	0.0	0.44811606	0.33863023	0.3892195
DRB1*03:01	0.0	0.3579373	0.3042361	0.3335142
DPA1*01:03-DPB1*04:01	0.0	0.0	0.27891642	0.21751437
DRB5*01:01	0.0	0.10884285	0.3656307	0.3842305
DQB1*03:02	0.0	0.5066869	0.27483568	0.18577258
DRB4*01:03	0.0	0.084686644	0.2833864	0.22717659
DRB1*04:05	0.0	0.5350701	0.2940595	0.30395776
DRB1*11:01	0.0	0.68565	0.4482898	0.5008824
DRB1*04:05	0.0	0.39518985	0.28339174	0.29250127
DRB1*09:01	0.0	0.4245227	0.27601412	0.23707566
DRB1*15:01	0.0	0.0	0.2861662	0.1975452
DQA1*02:01-DQB1*03:01	0.0	0.084686644	0.2754927	0.2200664
DRB3*01:01	0.0	0.084686644	0.2787551	0.1832826
DQA1*02:01-DQB1*04:02	0.0	0.084686644	0.29580224	0.30192393
DPA1*01:03-DPB1*03:01	0.0	0.1840953	0.28535363	0.36884117
DQA1*05:01-DQB1*03:03	0.0	0.27810368	0.4473911	0.4373917
DPA1*01:03-DPB1*03:01	0.0	0.4032438	0.28502908	0.29382622
DRB1*11:01	0.0	0.0	0.317584	0.32241607
DQA1*01:03-DQB1*06:03	0.0	0.44419238	0.4661515	0.47599447
DRB1*08:01	0.0	0.5606573	0.5782409	0.56277883
DQA1*06:01-DQB1*04:02	0.0	0.16602652	0.27704424	0.26109815
DRB1*08:02	0.0	0.0	0.27555466	0.20020775
DRB3*02:02	0.0	0.0	0.31434307	0.3461948
DQA1*05:01-DQB1*04:02	0.0	0.44717774	0.2754289	0.21181454
DRB1*11:01	1.0	0.9234455	0.7209916	0.62664306
DRB1*07:01	0.0	0.02062367	0.32489374	0.34894586
DRB3*03:01	0.0	0.3637128	0.3522194	0.3800551
DRB1*04:04	0.0	0.5872459	0.28870457	0.28917718
DQA1*05:01-DQB1*04:02	0.0	0.3501847	0.27545136	0.19881766
DRB1*08:01	0.0	0.2672636	0.27424014	0.23575842
DRB4*01:03	0.0	0.6953878	0.30140522	0.38711753
DQA1*03:01-DQB1*03:02	0.0	0.0	0.27652022	0.19315132
DRB1*11:01	0.0	0.084686644	0.30374852	0.25057694
DRB1*04:01	0.0	0.0	0.27584988	0.16959986
DQA1*05:01-DQB1*03:02	0.0	0.21522842	0.27620873	0.18449476
DQA1*01:03-DQB1*06:03	0.0	0.49820176	0.35418585	0.35311553
DQA1*05:01-DQB1*03:02	0.0	0.16176954	0.27766663	0.26041448
DRB1*07:01	0.0	0.3029725	0.35737053	0.3866676
DRB5*01:01	0.0	0.084686644	0.3376554	0.33363912
DRB1*01:01	0.0	0.5185219	0.7226221	0.66952145
DRB4*01:03	0.0	0.5725446	0.288272	0.29764763
DRB3*01:01	0.0	0.084686644	0.28252372	0.32849213
DRB1*13:01	0.0	0.58618957	0.39410713	0.3858716
DRB1*08:02	0.0	0.0	0.27807447	0.23109055
DRB1*01:01	0.0	0.473146	0.31699353	0.3208062
DRB3*02:02	0.0	0.40368012	0.28291303	0.19211227
DRB1*04:04	0.0	0.6662669	0.6641233	0.6220279
DRB5*01:01	0.0	0.084686644	0.3436486	0.32906184
DQA1*01:02-DQB1*05:01	0.0	0.084686644	0.2804903	0.21091537
DRB3*03:01	0.0	0.34130898	0.34526312	0.33365485
DRB4*01:03	0.0	0.57345515	0.34035575	0.39908794
DRB1*13:02	0.0	0.47040507	0.7108053	0.61680734
DRB1*03:01	0.0	0.50192404	0.28030795	0.23870045
DRB3*03:01	0.0	0.7629388	0.34952438	0.28095216
DQA1*02:01-DQB1*03:03	0.0	0.084686644	0.58024406	0.4794197
DRB1*07:01	0.0	0.56986547	0.33148718	0.35550192
DRB1*04:01	0.0	0.6348129	0.38359073	0.43011785
DRB1*04:01	0.0	0.18478884	0.38546947	0.50755775
DRB1*01:01	0.0	0.17712994	0.46177945	0.4555704
DRB4*01:01	0.0	0.084686644	0.27519485	0.1660574
DRB1*13:01	0.0	0.62796354	0.37269226	0.37218165
DPA1*02:01-DPB1*05:01	0.0	0.0	0.28879055	0.383616
DQA1*01:01-DQB1*05:01	0.0	0.0	0.27462626	0.18474245
DQA1*06:01-DQB1*04:02	0.0	0.27159485	0.2746615	0.17493288
DRB1*13:01	0.0	0.25282627	0.39679495	0.37623408
DRB4*01:03	1.0	0.85125035	0.6251517	0.6352289
DRB3*03:01	0.0	0.7437481	0.37178922	0.4096697
DRB1*08:01	0.0	0.3645681	0.28783196	0.2715969
DRB1*14:54	0.0	0.2060082	0.31020495	0.28196418
DRB1*01:01	0.0	0.0	0.3200732	0.31993735
DRB1*15:01	0.0	0.4655534	0.31823838	0.3605868
DRB1*03:01	0.0	0.4942345	0.28807634	0.24279779
DRB1*03:01	0.0	0.0	0.31971267	0.3714897
DRB1*04:01	0.0	0.37658277	0.2834848	0.27952516
DRB1*08:01	0.0	0.30575985	0.27627712	0.21675757
DRB1*07:01	0.0	0.21948008	0.3051091	0.30960232
DRB1*04:04	0.0	0.60346144	0.46408916	0.49331132
DRB1*04:01	0.0	0.0	0.27882746	0.24155343
DRB1*13:01	0.0	0.084686644	0.3627232	0.4569326
DQA1*06:01-DQB1*04:02	0.0	0.30999923	0.4852348	0.48424712
DPA1*01:03-DPB1*02:01	0.0	0.0	0.29534572	0.27370253
DRB1*04:04	0.0	0.26373354	0.39126772	0.4327695
DRB1*01:01	0.0	0.086941324	0.2862033	0.1817084
DRB5*01:01	0.0	0.34394446	0.4616092	0.53291464
DRB1*13:01	0.0	0.38876897	0.40867856	0.46657875
DQA1*05:01-DQB1*03:01	0.0	0.0	0.5924414	0.56861085
DQA1*01:02-DQB1*05:01	0.0	0.5089358	0.28691337	0.3192677
DRB1*03:01	0.0	0.0	0.2797163	0.21064922
DQA1*02:01-DQB1*04:02	0.0	0.55675703	0.6156808	0.5652044
DRB1*01:01	0.0	0.22255036	0.29748687	0.23066802
DRB1*01:01	0.0	0.0	0.36782545	0.42424262
DRB1*03:01	0.0	0.51505256	0.27834272	0.20928402
DRB1*04:03	0.0	0.40538904	0.40151432	0.42316777
DRB1*11:01	0.0	0.33889112	0.30746445	0.26715812
DRB1*13:02	0.0	0.0	0.29010502	0.24044229
DRB3*01:01	0.0	0.15553638	0.41389835	0.3477493
DRB1*07:01	0.0	0.6502526	0.72057766	0.6637075
DRB1*09:01	0.0	0.21105489	0.30270752	0.34605154
DRB1*04:05	0.0	0.1807036	0.37111324	0.37709996
DQA1*02:01-DQB1*03:03	0.0	0.5743748	0.4632725	0.44719428
DQA1*06:01-DQB1*04:02	0.0	0.084686644	0.27730095	0.16392206
DRB1*08:01	0.0	0.14874962	0.27630216	0.17888442
DRB1*11:01	1.0	1.0	0.71324795	0.591081
DRB1*07:01	0.0	0.39064884	0.31372297	0.342862
DRB3*01:01	0.0	0.591596	0.2744359	0.2222399
DRB3*02:02	0.0	0.084686644	0.52072066	0.5608049
DQA1*02:01-DQB1*03:01	0.0	0.084686644	0.29202548	0.2202153
DQA1*06:01-DQB1*04:02	0.0	0.22653747	0.2853886	0.3087485
DRB1*12:01	0.0	0.591596	0.28249955	0.35387266
DQA1*01:01-DQB1*05:01	0.0	0.0	0.2774968	0.24107209
DRB3*02:02	0.0	0.4439667	0.43657842	0.42293748
DPA1*01:03-DPB1*04:01	0.0	0.0	0.27624497	0.18881674
DRB4*01:01	0.0	0.1777856	0.27510038	0.20764047
DQA1*02:01-DQB1*03:03	0.0	0.5689894	0.498685	0.4830047
DRB1*12:01	0.0	0.0	0.38919505	0.32016003
DRB3*03:01	0.0	0.64817554	0.4311301	0.49093056
DRB1*14:54	0.0	0.7278651	0.5219754	0.54313964
DRB1*04:01	0.0	0.39479175	0.3752447	0.4186821
DRB3*01:01	0.0	0.3932163	0.32428896	0.3021629
DRB1*01:01	0.0	0.084686644	0.31545934	0.3028956
DRB1*04:05	0.0	0.084686644	0.27555424	0.16723792
DRB3*01:01	0.0	0.084686644	0.27510288	0.20762008
DQA1*02:01-DQB1*03:01	0.0	0.49231294	0.40157297	0.3931466
DRB4*01:01	0.0	0.4245227	0.6207332	0.5797957
DQA1*02:01-DQB1*04:02	0.0	0.738145	0.28396487	0.30944046
DRB1*15:01	0.0	0.50192404	0.4229638	0.51317275
DQA1*01:02-DQB1*05:01	0.0	0.3133389	0.32638526	0.32451442
DRB1*03:01	0.0	0.0	0.36930636	0.34259674
DPA1*02:01-DPB1*05:01	0.0	0.0	0.2774341	0.25108886
DRB1*04:04	0.0	0.20913438	0.30701134	0.3105554
DQA1*02:01-DQB1*04:02	0.0	0.62796354	0.44244337	0.4667099
DQB1*06:02	0.0	0.29749924	0.3864027	0.42684764
DRB5*01:01	1.0	0.83439964	0.43626553	0.4995045
DRB3*02:02	0.0	0.084686644	0.3298538	0.3325221
DRB4*01:01	0.0	0.084686644	0.4652459	0.4737493
DRB3*01:01	0.0	0.0	0.27684078	0.18747619
DRB1*01:01	0.0	0.0	0.3191127	0.2786448
DQA1*01:02-DQB1*05:01	0.0	0.60096335	0.28424948	0.2746939
DRB5*01:01	0.0	0.3674778	0.34160525	0.34210306
DRB1*04:04	0.0	0.084686644	0.29579687	0.21836713
DRB1*08:02	0.0	0.0	0.28620696	0.24272165
DQA1*05:01-DQB1*02:01	0.0	0.044196572	0.27458084	0.20107913
DRB1*07:01	0.0	0.57345515	0.2921869	0.28921866
DRB3*01:01	0.0	0.35125318	0.5467642	0.53308785
DRB1*11:01	1.0	0.96252555	0.7228224	0.6314746
DRB1*01:01	0.0	0.45780146	0.399481	0.40523908
DRB1*13:01	1.0	0.87187403	0.4844619	0.50829214
DQA1*05:01-DQB1*03:03	0.0	0.46181467	0.50008	0.48734257
DRB4*01:01	0.0	0.084686644	0.34176013	0.284066
DQA1*03:01-DQB1*03:02	0.0	0.6887833	0.44195607	0.4346612
DRB1*01:01	1.0	0.93593705	0.30437976	0.28423142
DRB1*13:02	0.0	0.7328622	0.35541925	0.47857636
DRB1*11:01	0.0	0.084686644	0.3017615	0.23335782
DRB5*01:01	1.0	0.8984626	0.45859575	0.50550175
DRB1*15:01	0.0	0.10414507	0.3190589	0.3828267
DRB1*11:01	0.0	0.0	0.30420002	0.2570276
DQA1*06:01-DQB1*04:02	0.0	0.084686644	0.27447826	0.19629195
DRB1*04:01	0.0	0.7328622	0.2804692	0.2556514
DRB1*03:01	1.0	1.0	0.7119323	0.53210247
DRB1*04:04	0.0	0.68565	0.5101375	0.52921534
DRB1*13:01	0.0	0.084686644	0.3143299	0.2682883
DRB1*15:01	1.0	0.8924977	0.40903184	0.48554194
DRB3*01:01	0.0	0.084686644	0.36131406	0.3809917
DRB1*10:01	0.0	0.024396576	0.27461994	0.19237293
DQA1*03:03-DQB1*04:02	0.0	0.35530898	0.27542055	0.2486209
DRB1*13:02	0.0	0.0	0.28847715	0.24334651
DRB5*01:01	1.0	0.81501657	0.42593044	0.51347136
DRB1*13:02	0.0	0.076917045	0.29768547	0.3073389
DRB1*15:01	0.0	0.26463586	0.29932684	0.25509524
DRB1*04:04	0.0	0.37967858	0.28306228	0.25081474
DRB3*01:01	0.0	0.2462277	0.35162556	0.36284882
DQA1*02:01-DQB1*03:03	0.0	0.591596	0.27479485	0.1654979
DRB1*07:01	0.0	0.084686644	0.2866727	0.21793652
DRB5*01:01	0.0	0.7959039	0.7169883	0.6762473
DRB1*04:01	0.0	0.4759707	0.27982506	0.24089487
DRB1*14:54	0.0	0.6768411	0.3731375	0.37712926
DRB5*01:01	0.0	0.084686644	0.35890046	0.34615085
DQA1*01:02-DQB1*06:02	0.0	0.0	0.2754081	0.19939137
DRB1*13:01	1.0	0.8984626	0.72111547	0.6450838
DRB1*01:01	0.0	0.2449103	0.2963566	0.21016312
DQA1*02:01-DQB1*03:01	0.0	0.084686644	0.2748506	0.22552636
DQB1*04:02	0.0	0.29749924	0.35386363	0.39053
DRB1*08:02	0.0	0.0	0.34344515	0.33319575
DRB1*11:01	0.0	0.15022157	0.30272117	0.23715527
DRB1*04:01	0.0	0.33759844	0.28350624	0.28679124
DRB1*15:01	0.0	0.3880276	0.33335268	0.42684618
DRB1*04:01	0.0	0.39153937	0.28512877	0.2653498
DRB1*11:01	0.0	0.62158704	0.30524358	0.28941876
DRB1*13:01	0.0	0.36390218	0.34833178	0.35596034
DRB1*04:01	0.0	0.6151899	0.27878198	0.23169059
DRB4*01:03	1.0	0.8984626	0.34401575	0.40012702
DRB3*02:02	0.0	0.60220397	0.3430736	0.39361715
DRB1*13:01	0.0	0.4417395	0.3378717	0.33999354
DRB1*04:01	0.0	0.45859027	0.2925596	0.25885123
DRB1*11:01	1.0	0.83136904	0.6511168	0.6302574
DQA1*03:01-DQB1*03:02	0.0	0.0	0.3018579	0.26628882
DRB3*01:01	0.0	0.084686644	0.27432337	0.22092152
DRB1*13:01	0.0	0.576242	0.50451297	0.5868318
DQA1*06:01-DQB1*04:02	0.0	0.19596183	0.27432835	0.22702381
DRB1*15:01	0.0	0.158006	0.28644416	0.2012526
DPB1*02:01	0.0	0.0	0.28803825	0.22436719
DRB5*01:01	1.0	0.8078111	0.719804	0.6645744
DRB1*07:01	0.0	0.5689894	0.33518627	0.3695042
DRB1*04:01	0.0	0.15580533	0.28203225	0.24700534
DPA1*03:01-DPB1*04:02	0.0	0.0	0.27541244	0.16931358
DQA1*01:02-DQB1*05:01	0.0	0.22939019	0.28301302	0.23997062
DRB3*01:01	0.0	0.074700594	0.27569473	0.19330505
DRB1*03:01	0.0	0.1778489	0.36992517	0.4232496
DQA1*05:01-DQB1*04:02	0.0	0.364855	0.27890557	0.16821915
DRB1*13:02	0.0	0.02062367	0.29049987	0.2358902
DRB3*02:02	0.0	0.62472034	0.36484584	0.4640708
DRB3*02:02	0.0	0.0	0.27603984	0.16461115
DRB3*01:01	0.0	0.319227	0.27561897	0.24636368
DRB5*01:01	0.0	0.5480176	0.7174909	0.65515023
DPA1*01:03-DPB1*04:01	0.0	0.13189885	0.3124329	0.37969986
DRB1*03:01	0.0	0.40426508	0.27701572	0.18597656
DQA1*05:01-DQB1*03:03	0.0	0.39666435	0.27581418	0.25561872
DRB1*08:02	0.0	0.0	0.29397407	0.30386144
DQA1*02:01-DQB1*04:02	0.0	0.37379807	0.27913186	0.295591
DRB4*01:03	0.0	0.7871874	0.4616779	0.5054264
DRB1*03:01	0.0	0.20356783	0.291702	0.28081775
DQA1*02:01-DQB1*03:03	0.0	0.5439395	0.48892686	0.45983014
DQA1*01:02-DQB1*05:01	0.0	0.40514952	0.28212476	0.22360146
DRB3*02:02	0.0	0.50624365	0.41936675	0.49017602
DRB3*02:02	0.0	0.0	0.2939233	0.27121878
DRB1*04:01	0.0	0.3433354	0.2757999	0.1923504
DPB1*04:01	0.0	0.0	0.29440975	0.28527802
DQA1*01:02-DQB1*05:01	0.0	0.084686644	0.28705478	0.2722964
DRB1*01:01	0.0	0.0	0.45145	0.50714934
DRB3*02:02	0.0	0.0	0.2833711	0.22768278
DRB5*01:01	0.0	0.5242514	0.3397065	0.27628434
DRB3*03:01	0.0	0.44021183	0.38360998	0.41699207
DRB1*11:01	0.0	0.36064258	0.45788476	0.5513675
DQA1*01:02-DQB1*06:02	0.0	0.0	0.27702153	0.21704274
DRB1*08:01	0.0	0.56641	0.30543584	0.37002775
DQA1*06:01-DQB1*04:02	0.0	0.25759247	0.27672425	0.15753138
DRB4*01:03	0.0	0.39492425	0.2954808	0.23631331
DRB3*03:01	0.0	0.6384378	0.43828103	0.46313292
DRB3*02:02	0.0	0.4290138	0.2828817	0.21356407
DRB1*13:01	0.0	0.0	0.32303578	0.25390077
DQA1*05:01-DQB1*02:01	0.0	0.0	0.37921345	0.3548826
DRB1*11:01	0.0	0.43173805	0.29921165	0.23870113
DRB1*01:01	0.0	0.22870712	0.7230366	0.6505735
DPA1*03:01-DPB1*04:02	0.0	0.7629388	0.28244004	0.34043148
DRB3*01:01	0.0	0.6768411	0.27458444	0.23343006
DRB3*02:02	0.0	0.33099398	0.28121465	0.20273426
DRB1*07:01	0.0	0.0	0.34085357	0.34114057
DRB3*03:01	0.0	0.32439637	0.35429376	0.37582815
DRB5*01:01	0.0	0.36000422	0.37170163	0.34278342
DQA1*02:01-DQB1*03:03	0.0	0.17487106	0.27441275	0.23010111
DRB1*14:54	0.0	0.084686644	0.3114704	0.29906666
DRB3*01:01	0.0	0.2567858	0.2775898	0.23462154
DRB1*14:54	0.0	0.47070563	0.42379165	0.46779358
DQA1*01:01-DQB1*05:01	0.0	0.0	0.285736	0.2804364
DQA1*02:01-DQB1*04:02	0.0	0.1753998	0.27465206	0.20256439
DQA1*02:01-DQB1*03:01	0.0	0.084686644	0.4474314	0.47935104
DRB1*08:01	0.0	0.27522674	0.28679436	0.34274054
DRB1*09:01	1.0	0.874214	0.6760157	0.59000754
DRB1*08:01	0.0	0.20218997	0.2755671	0.23924789
DQA1*05:01-DQB1*03:02	0.0	0.54003364	0.46177512	0.43979514
DRB1*04:01	0.0	0.3920521	0.3851402	0.464718
DRB1*03:01	0.0	0.084686644	0.27915806	0.18426755
DRB1*03:01	0.0	0.49619684	0.31513235	0.31261334
DRB1*15:01	0.0	0.0	0.299152	0.28480026
DRB1*01:01	0.0	0.610019	0.3124576	0.2982661
DRB1*13:01	0.0	0.7871874	0.6453809	0.61625063
DRB3*01:01	0.0	0.54131734	0.29265106	0.32706237
DRB5*01:01	0.0	0.7328622	0.377483	0.37593195
DRB1*12:01	0.0	0.0	0.27577978	0.17179357
DRB1*14:54	0.0	0.44624886	0.37456232	0.34323686
DRB3*02:02	0.0	0.48360783	0.4070597	0.43937346
DQA1*03:03-DQB1*04:02	0.0	0.22100247	0.27597725	0.20680363
DRB1*09:01	0.0	0.38440743	0.27497548	0.1956097
DQA1*05:01-DQB1*04:02	0.0	0.26020983	0.27671078	0.18070593
DRB1*07:01	0.0	0.084686644	0.28869224	0.24227618
DRB5*01:01	0.0	0.0	0.40356737	0.38668522
DQA1*05:01-DQB1*04:02	0.0	0.45420676	0.32770026	0.41103524
DQA1*02:01-DQB1*03:03	0.0	0.3623978	0.2743117	0.21719328
DQA1*02:01-DQB1*03:01	0.0	0.34920925	0.28108567	0.2449793
DRB1*07:01	0.0	0.0	0.51337564	0.5869665
DRB5*01:01	1.0	0.8201525	0.45348734	0.52245885
DRB1*04:04	0.0	0.27844146	0.278512	0.22528137
DPA1*01:03-DPB1*04:02	0.0	0.0	0.27535367	0.19603986
DQA1*02:01-DQB1*04:02	0.0	0.084686644	0.27446324	0.22731079
DRB1*09:01	0.0	0.7871874	0.6682001	0.56896234
DRB1*03:01	0.0	0.0	0.30768144	0.30582297
DRB1*03:01	0.0	0.40739837	0.29262066	0.26286617
DRB1*01:01	1.0	1.0	0.33618695	0.33418536
DRB1*01:01	0.0	0.43293062	0.33324867	0.27927577
DQA1*01:01-DQB1*05:01	0.0	0.0	0.2745415	0.17525774
DRB1*07:01	0.0	0.2296338	0.28207716	0.20308279
DRB3*03:01	0.0	0.330795	0.37350577	0.36433345
DRB1*07:01	0.0	0.0	0.31101915	0.4029336
DRB1*15:01	0.0	0.72312444	0.5110686	0.6193232
DRB1*07:01	1.0	1.0	0.72265583	0.65642023
DRB1*11:01	0.0	0.5084816	0.43271348	0.49985772
DRB4*01:03	0.0	0.20078364	0.28676257	0.24452165
DQA1*01:02-DQB1*05:01	0.0	0.084686644	0.27735543	0.21422064
DRB1*03:01	0.0	0.5707499	0.28190333	0.23724994
DRB1*14:54	0.0	0.084686644	0.28896946	0.20152478
DRB1*04:04	0.0	0.57345515	0.2856841	0.267272
DQA1*02:01-DQB1*03:01	0.0	0.30060068	0.27467218	0.19156164
DPA1*02:01-DPB1*01:01	0.0	0.0	0.27783966	0.20009996
DPB1*14:01	0.0	0.0	0.5803575	0.5565026
DRB1*04:01	0.0	0.17819142	0.28411555	0.29985234
DQA1*03:01-DQB1*03:02	0.0	0.0	0.28067267	0.22382772
DRB1*07:01	1.0	0.9565607	0.7199349	0.6727373
DQA1*03:03-DQB1*04:02	0.0	0.30267876	0.2743373	0.2115447
DRB1*09:01	0.0	0.3660115	0.27621004	0.22095117
DRB1*14:54	0.0	0.7062737	0.44345802	0.49459344
DRB1*13:02	0.0	0.0	0.28347772	0.20778918
DRB1*07:01	0.0	0.0	0.3050853	0.28291953
DRB1*03:01	0.0	0.084686644	0.64184797	0.5976419
DRB3*01:01	0.0	0.3010798	0.2932409	0.263368
DRB1*14:54	0.0	0.5614576	0.30039552	0.26990783
DRB1*08:01	0.0	0.3869266	0.47927696	0.48501015
DRB1*07:01	0.0	0.31042343	0.2995434	0.3073522
DQA1*02:01-DQB1*03:01	0.0	0.4554746	0.3632155	0.38155943
DRB5*01:01	0.0	0.63132477	0.43655914	0.5192753
DRB1*11:01	0.0	0.0	0.37043104	0.32483876
DRB1*04:05	0.0	0.55155915	0.57760465	0.56384414
DRB1*08:01	0.0	0.43892217	0.2777178	0.18131812
DRB3*03:01	0.0	0.6073399	0.35630482	0.34462187
DRB4*01:01	0.0	0.0	0.27688193	0.25071135
DRB1*15:01	0.0	0.3169748	0.30625674	0.29192367
DQA1*05:01-DQB1*03:02	0.0	0.084686644	0.27486458	0.19352984
DQA1*05:01-DQB1*04:02	0.0	0.084686644	0.35212463	0.32569906
DRB3*01:01	0.0	0.15591513	0.37824658	0.38595912
DRB1*04:05	0.0	0.0	0.28710294	0.27746603
DQA1*02:01-DQB1*04:02	0.0	0.40280956	0.32861263	0.32573104
DRB3*03:01	0.0	0.15461595	0.35634023	0.4389314
DRB1*04:01	0.0	0.0	0.50232	0.50557846
DRB3*01:01	0.0	0.4512331	0.27471954	0.22141746
DRB3*01:01	0.0	0.21333162	0.27436683	0.22515939
DRB1*03:01	0.0	0.58009356	0.2966495	0.34156913
DRB5*01:01	1.0	0.89543205	0.49301738	0.52499837
DQA1*02:01-DQB1*03:01	0.0	0.5830913	0.27664232	0.28456753
DRB4*01:01	0.0	0.1662273	0.32660434	0.36287808
DRB1*13:02	0.0	0.0	0.2951945	0.25720066
DRB5*01:01	0.0	0.0	0.3244466	0.27050763
DRB1*09:01	0.0	0.549418	0.2837681	0.2698967
DRB1*09:01	0.0	0.24630733	0.2766761	0.22716293
DRB1*04:04	0.0	0.27694952	0.28877896	0.30475682
DRB3*01:01	0.0	0.0	0.3043775	0.3283708
DRB1*07:01	0.0	0.6796851	0.31564122	0.468507
DPA1*01:03-DPB1*02:01	0.0	0.44532922	0.6274365	0.5911151
DRB1*04:01	0.0	0.70250076	0.28197396	0.27399132
DRB3*03:01	0.0	0.3480841	0.31030375	0.22066924
DRB1*07:01	0.0	0.5369004	0.5933227	0.57197976
DRB1*01:01	0.0	0.7622306	0.46805212	0.537991
DRB1*03:01	0.0	0.7278651	0.35750508	0.41807622
DRB1*11:01	0.0	0.0	0.31954768	0.29496083
DRB1*13:01	1.0	0.83439964	0.4382173	0.49922484
DRB1*04:01	0.0	0.4190271	0.27971098	0.23651303
DRB5*01:01	0.0	0.35133588	0.34034306	0.33196783
DRB3*02:02	0.0	0.6141892	0.29645404	0.27226722
DRB1*14:54	0.0	0.23429516	0.3064154	0.2776094
DQA1*01:03-DQB1*06:03	0.0	0.4686219	0.4485073	0.49172664
DRB1*04:04	0.0	0.59271634	0.28306878	0.31531742
DRB3*01:01	0.0	0.0	0.2744689	0.20966515
DRB1*14:54	0.0	0.3292836	0.3245957	0.35652465
DPB1*04:02	0.0	0.0	0.2815481	0.24588446
DRB1*14:54	0.0	0.4654396	0.3172971	0.35546046
DQA1*05:01-DQB1*03:02	0.0	0.37593263	0.27434337	0.23276971
DRB1*04:05	0.0	0.19205593	0.29947516	0.31830388
DRB1*09:01	0.0	0.0	0.30035996	0.30302215
DQA1*03:01-DQB1*03:02	0.0	0.0	0.27970612	0.2114808
DQB1*03:02	0.0	0.21205781	0.27457842	0.24297982
DRB1*08:02	0.0	0.0	0.2796358	0.24800342
DRB1*04:04	0.0	0.24179798	0.38509798	0.35727033
DRB1*08:01	0.0	0.6263277	0.27737808	0.28212982
DRB5*01:01	0.0	0.63132477	0.47281957	0.4516445
DRB3*03:01	0.0	0.7969252	0.6325402	0.6538843
DQA1*05:01-DQB1*04:02	0.0	0.41631356	0.27511662	0.24021913
DQA1*01:03-DQB1*06:03	0.0	0.084686644	0.27431604	0.18947767
DRB1*04:04	0.0	0.0	0.28297642	0.21573153
DPA1*01:03-DPB1*04:01	0.0	0.0	0.28965852	0.3027864
DQA1*02:01-DQB1*03:03	0.0	0.084686644	0.27773193	0.30472124
DRB1*09:01	0.0	0.08880196	0.28008994	0.2815562
DRB1*09:01	0.0	0.34394446	0.2755464	0.23405987
DRB1*07:01	0.0	0.114433974	0.4156681	0.47937986
DRB5*01:01	0.0	0.7328622	0.36696723	0.34787887
DRB5*01:01	0.0	0.02062367	0.44839385	0.5263368
DRB1*01:01	1.0	1.0	0.5100561	0.62484443
DRB4*01:01	0.0	0.0	0.3866164	0.37399542
DQA1*02:01-DQB1*03:01	0.0	0.6073399	0.2754046	0.16444445
DQA1*05:01-DQB1*04:02	0.0	0.23725732	0.27843523	0.24580139
DRB5*01:01	0.0	0.084686644	0.36373904	0.40032628
DQA1*02:01-DQB1*03:01	0.0	0.4178301	0.2827577	0.24220552
DRB3*02:02	0.0	0.084686644	0.28667837	0.25376442
DRB1*11:01	0.0	0.058701985	0.33551666	0.43139017
DQA1*02:01-DQB1*03:03	0.0	0.5075799	0.27486253	0.25356668
DRB1*01:01	0.0	0.30818227	0.47075567	0.46647087
DRB1*09:01	0.0	0.6887833	0.2800812	0.3774275
DRB1*12:01	0.0	0.0	0.2785448	0.16509762
DRB1*08:01	0.0	0.084686644	0.2787835	0.2376616
DRB3*01:01	0.0	0.48360783	0.2802216	0.20054826
DRB1*03:01	0.0	0.62796354	0.28464547	0.21319102
DRB1*14:54	0.0	0.6502526	0.37257478	0.34798384
DQB1*03:01	0.0	0.29749924	0.5815211	0.5303316
DRB1*03:01	0.0	0.24546134	0.29132676	0.3060141
DRB1*09:01	0.0	0.0	0.27579513	0.2514093
DRB1*15:01	0.0	0.038403325	0.42814565	0.34476405
DRB1*07:01	0.0	0.0	0.27973276	0.18944621
DRB1*15:01	0.0	0.41631356	0.29846016	0.2745145
DRB1*15:01	0.0	0.45598662	0.33895808	0.34158325
DRB3*01:01	0.0	0.084686644	0.27758318	0.16137265
DRB1*13:02	0.0	0.36380744	0.3044321	0.28798306
DRB5*01:01	0.0	0.5350701	0.39935285	0.42147782
DRB1*04:04	0.0	0.7871874	0.28381932	0.38607502
DRB1*08:01	0.0	0.084686644	0.27482826	0.20862435
DRB1*08:01	0.0	0.08738752	0.2783115	0.24081069
DQA1*05:01-DQB1*04:02	0.0	0.5647295	0.40919822	0.38202477
DRB1*04:05	0.0	0.17898278	0.28571495	0.3211953
DRB1*08:01	0.0	0.17445512	0.2748298	0.19057873
DRB1*03:01	0.0	0.70250076	0.53544146	0.49369377
DRB1*03:01	0.0	0.33159348	0.28513306	0.24586165
DRB1*03:01	0.0	0.58108205	0.27683598	0.19139679
DRB1*07:01	0.0	0.60220397	0.40851134	0.46723825
DRB4*01:03	0.0	0.54131734	0.3544203	0.36483777
DQB1*03:02	0.0	0.17121692	0.27528194	0.23668793
DRB5*01:01	0.0	0.54196596	0.43439674	0.4555875
DRB1*03:01	0.0	0.25726297	0.28199318	0.2079099
DRB1*07:01	0.0	0.74971294	0.41232216	0.50039595
DPB1*20:01	0.0	0.0	0.37625748	0.32554865
DRB3*01:01	0.0	0.2521448	0.27620438	0.19243935
DRB1*01:01	0.0	0.084686644	0.30609664	0.24540524
DRB1*07:01	0.0	0.0	0.28215107	0.23413754
DRB4*01:01	0.0	0.0	0.28086594	0.24430916
DRB1*03:01	0.0	0.34993988	0.29175374	0.32077745
DQA1*02:01-DQB1*04:02	0.0	0.37734705	0.2819471	0.27740002
DRB1*11:01	0.0	0.084686644	0.30676776	0.21586013
DRB1*04:04	0.0	0.5771899	0.6002179	0.533136
DRB1*04:05	0.0	0.32551593	0.2743371	0.22357443
DRB3*02:02	0.0	0.0	0.35701114	0.4855667
DQA1*02:01-DQB1*03:01	0.0	0.30480468	0.27911994	0.22906214
DRB1*15:01	0.0	0.084686644	0.3046705	0.2809444
DRB1*04:01	0.0	0.65237737	0.7098488	0.6323966
DRB1*13:02	0.0	0.0	0.39028755	0.49694574
DRB1*03:01	0.0	0.4008096	0.28455785	0.24405852
DRB1*04:01	0.0	0.0	0.3140669	0.38495478
DRB1*03:01	0.0	0.49231294	0.2799476	0.21220145
DQA1*02:01-DQB1*03:01	1.0	0.83439964	0.6595485	0.59731996
DRB1*13:02	0.0	0.06853167	0.36251527	0.36962777
DRB1*04:01	0.0	0.0	0.2812231	0.23369262
DRB1*08:02	0.0	0.18550137	0.27552074	0.19346702
DPB1*04:01	0.0	0.27950034	0.29878837	0.30737436
DRB3*02:02	0.0	0.6662669	0.706214	0.61454666
DPB1*04:01	0.0	0.56556594	0.2795572	0.24242136
DQA1*02:01-DQB1*04:02	0.0	0.28894275	0.27740145	0.2668395
DRB1*07:01	0.0	0.55012625	0.40018097	0.54702604
DRB1*04:04	0.0	0.31674686	0.27544796	0.20338686
DRB3*01:01	0.0	0.084686644	0.36400235	0.4230996
DRB1*08:02	0.0	0.6060289	0.7118987	0.63150615
DRB1*14:54	0.0	0.15705065	0.33123982	0.3312042
DRB1*08:01	0.0	0.46980685	0.38942096	0.36713967
DRB3*02:02	0.0	0.4680351	0.29541758	0.3472991
DRB3*01:01	0.0	0.084686644	0.5947138	0.54188395
DRB1*07:01	0.0	0.5508399	0.29337677	0.29849353
DRB3*02:02	1.0	0.8984626	0.6528223	0.6285769
DRB3*02:02	0.0	0.084686644	0.2868771	0.2750774
DRB1*15:01	0.0	0.26901254	0.30075678	0.26906067
DRB1*11:01	0.0	0.4846522	0.6166698	0.6548431
DRB5*01:01	0.0	0.084686644	0.36959514	0.40712577
DQA1*02:01-DQB1*03:03	0.0	0.084686644	0.29490638	0.3029775
DRB4*01:03	0.0	0.4333316	0.4235487	0.26729405
DRB1*08:01	0.0	0.30733976	0.59012544	0.5438033
DRB1*04:01	0.0	0.38334846	0.28212637	0.2821918
DRB1*15:01	0.0	0.29749924	0.48010734	0.48872876
DRB1*01:01	0.0	0.0	0.3049841	0.28695512
DQA1*02:01-DQB1*03:03	0.0	0.6768411	0.46854475	0.47273088
DRB1*07:01	0.0	0.084686644	0.31818077	0.35872376
DRB1*04:01	0.0	0.1704657	0.27858126	0.22852194
DRB1*11:01	0.0	0.19205593	0.32152632	0.31190258
DRB1*04:04	0.0	0.0	0.27503702	0.18299237
DQB1*03:02	0.0	0.0	0.2746975	0.19993974
DRB1*08:01	0.0	0.53209805	0.27565378	0.18975908
DRB1*14:54	0.0	0.4303659	0.33433378	0.462836
DRB3*01:01	0.0	0.32316813	0.6052328	0.5397907
DRB1*08:02	0.0	0.21420945	0.27831554	0.15428096
DRB1*10:01	0.0	0.37889484	0.29598522	0.11294824
DRB1*11:01	0.0	0.24686675	0.384376	0.39513713
DRB1*11:01	0.0	0.738145	0.33431953	0.34413937
DRB3*02:02	0.0	0.084686644	0.29315048	0.29250485
DRB1*04:04	0.0	0.18965103	0.27775204	0.23669812
DRB1*08:02	0.0	0.084686644	0.27901435	0.23267497
DPA1*01:03-DPB1*03:01	0.0	0.3319953	0.2839954	0.39644128
DRB4*01:01	0.0	0.0	0.27748373	0.20336428
DRB1*08:02	0.0	0.61562216	0.41530254	0.40275824
DRB1*08:01	0.0	0.5309355	0.27924985	0.30483377
DQA1*05:01-DQB1*04:02	0.0	0.42599562	0.27429754	0.21118873
DRB1*01:01	0.0	0.5112407	0.35827637	0.3772135
DRB3*03:01	0.0	0.3814953	0.45522758	0.3159485
DRB1*07:01	0.0	0.0	0.31348324	0.32796168
DRB1*03:01	0.0	0.45496538	0.71998626	0.637235
DRB1*13:01	0.0	0.6662669	0.34763294	0.397802
DRB1*04:04	0.0	0.7629388	0.30019215	0.3296038
DRB3*01:01	0.0	0.35767108	0.2750508	0.25475216
DQA1*02:01-DQB1*04:02	0.0	0.36640024	0.3216304	0.2998067
DRB1*03:01	0.0	0.40066838	0.28244194	0.21522288
DRB1*14:54	0.0	0.46980685	0.29770204	0.28365386
DRB1*07:01	1.0	0.8255907	0.45903212	0.5410212
DRB1*13:02	0.0	0.0	0.29020378	0.2611947
DRB1*04:04	0.0	0.5552419	0.47713187	0.4925338
DQA1*02:01-DQB1*04:02	0.0	0.1784587	0.2759036	0.1896114
DRB1*15:01	0.0	0.7278651	0.4598338	0.5357619
DQA1*01:02-DQB1*05:01	0.0	0.5242514	0.28667077	0.28199464
DRB1*04:05	0.0	0.0	0.27451646	0.19409855
DQA1*01:02-DQB1*05:01	0.0	0.59271634	0.28610763	0.3275782
DRB5*01:01	0.0	0.56986547	0.7019733	0.67060274
DRB1*13:02	0.0	0.0	0.31248716	0.4025423
DRB1*08:02	0.0	0.05487509	0.2805529	0.23905686
DRB1*07:01	0.0	0.64817554	0.48985544	0.5321783
DQA1*01:02-DQB1*05:01	0.0	0.38901743	0.28752187	0.25680554
DRB1*08:02	0.0	0.44021183	0.42020467	0.48381048
DRB1*15:01	0.0	0.6384378	0.28869003	0.220245
DRB1*09:01	0.0	0.5044915	0.27486318	0.21586514
DRB1*09:01	0.0	0.5530147	0.35957623	0.39698142
DRB1*04:04	0.0	0.084686644	0.27816796	0.24465373
DRB1*04:01	0.0	0.26567802	0.32974523	0.38628086
DRB1*08:01	0.0	0.29594126	0.2744621	0.22692102
DRB1*08:01	0.0	0.22939019	0.27454987	0.2552715
DRB3*01:01	0.0	0.0	0.28507382	0.140753
DRB1*03:01	0.0	0.30905184	0.39699727	0.46637398
DRB3*01:01	0.0	0.084686644	0.31952935	0.32164958
DRB1*04:05	0.0	0.21024233	0.31071374	0.43090674
DRB1*14:54	0.0	0.52004963	0.31162733	0.33145413
DQA1*01:02-DQB1*05:01	0.0	0.6461442	0.284532	0.29262686
DRB1*11:01	0.0	0.34800422	0.31223935	0.27649
DRB1*15:01	0.0	0.48189306	0.29101583	0.24165939
DQA1*02:01-DQB1*04:02	0.0	0.49080396	0.27521107	0.22533345
DRB1*09:01	0.0	0.7062737	0.31554615	0.37749392
DQA1*01:02-DQB1*05:01	0.0	0.29861504	0.3290896	0.31337368
DRB3*02:02	0.0	0.51554024	0.53913945	0.577472
DRB3*01:01	0.0	0.72312444	0.2742595	0.22827655
DQA1*02:01-DQB1*04:02	0.0	0.34920925	0.31211996	0.3326607
DRB1*08:02	1.0	0.85125035	0.50831366	0.5151004
DRB3*03:01	0.0	0.5205645	0.42016658	0.45373324
DRB3*02:02	0.0	0.0	0.28409433	0.21263069
DRB1*13:01	0.0	0.17608051	0.40446097	0.44942415
DQA1*05:01-DQB1*04:02	0.0	0.60346144	0.2759144	0.2520383
DRB1*04:01	0.0	0.02062367	0.28159028	0.1984881
DRB1*01:01	0.0	0.3504302	0.43508846	0.43695647
DPA1*02:01-DPB1*05:01	0.0	0.0	0.2749436	0.17992112
DQA1*02:01-DQB1*04:02	0.0	0.30826968	0.27540502	0.2398532
DPA1*03:01-DPB1*04:02	0.0	0.0	0.28494915	0.25372857
DRB1*01:01	1.0	0.9456748	0.5068499	0.57446945
DRB1*07:01	0.0	0.35918993	0.299137	0.2701855
DRB1*07:01	0.0	0.41351512	0.2957486	0.31345996
DRB5*01:01	0.0	0.0	0.39358544	0.3247062
DRB5*01:01	0.0	0.4417395	0.71030235	0.651061
DQA1*05:01-DQB1*03:03	0.0	0.40500152	0.2762526	0.257935
DRB3*03:01	0.0	0.7328622	0.46682224	0.56209344
DRB3*01:01	0.0	0.24124318	0.27475274	0.28202593
DRB1*08:02	0.0	0.3461083	0.3349419	0.41431403
DRB1*03:01	0.0	0.0	0.29839277	0.24118342
DRB5*01:01	0.0	0.559864	0.33883688	0.3006858
DRB1*04:04	1.0	0.8201525	0.3496111	0.41470176
DRB1*11:01	0.0	0.2988961	0.34118757	0.35892376
DRB1*11:01	0.0	0.0	0.31035903	0.30551705
DRB1*08:01	0.0	0.31074288	0.27972445	0.15351813
DRB1*01:01	0.0	0.0	0.30390447	0.25685787
DRB4*01:03	0.0	0.084686644	0.30296794	0.3075552
DRB3*03:01	1.0	0.93593705	0.7175152	0.67185473
DRB1*08:01	0.0	0.084686644	0.28139204	0.14757961
DRB1*11:01	0.0	0.6567793	0.54022706	0.5746995
DQA1*02:01-DQB1*03:03	0.0	0.084686644	0.28307444	0.26270822
DQA1*02:01-DQB1*03:01	0.0	0.33541372	0.2964696	0.30397028
DRB1*15:01	0.0	0.26857218	0.29891118	0.29756522
DRB3*03:01	0.0	0.60866976	0.35792384	0.38781905
DRB1*04:01	0.0	0.2247535	0.30869162	0.36355728
DRB1*09:01	0.0	0.60866976	0.38698992	0.39530653
DRB1*11:01	0.0	0.29796252	0.42081928	0.36850712
DQA1*03:03-DQB1*04:02	0.0	0.084686644	0.27450272	0.22437376
DQA1*03:03-DQB1*04:02	0.0	0.5226533	0.27450407	0.19689254
DRB3*03:01	0.0	0.084686644	0.37349683	0.5159134
DRB3*02:02	0.0	0.084686644	0.27959135	0.19101305
DRB1*11:01	0.0	0.2429945	0.30317464	0.24623555
DRB1*07:01	1.0	0.81501657	0.30166742	0.39810568
DRB1*13:01	0.0	0.19895183	0.30948815	0.23966789
DPA1*03:01-DPB1*04:02	0.0	0.052603777	0.29849106	0.33296937
DRB1*08:01	0.0	0.50066656	0.27506125	0.24347109
DRB1*04:01	0.0	0.084686644	0.28387594	0.24663493
DQA1*06:01-DQB1*04:02	0.0	0.2795384	0.27635077	0.24442638
DQA1*05:01-DQB1*03:03	0.0	0.55675703	0.47919327	0.4608976
DRB1*04:01	0.0	0.27114207	0.28056696	0.25037396
DRB1*13:01	0.0	0.33166033	0.32123095	0.30698898
DRB1*09:01	0.0	0.0	0.5431591	0.48915443
DRB1*14:54	0.0	0.77837855	0.72007215	0.6005092
DRB1*04:01	0.0	0.0	0.42565334	0.47312066
DQA1*03:01-DQB1*03:02	0.0	0.06605475	0.2899953	0.25574398
DRB1*09:01	0.0	0.42544052	0.4245801	0.4106302
DRB1*13:02	0.0	0.0	0.32964867	0.33721274
DRB1*09:01	0.0	0.55155915	0.48287997	0.49666652
DRB3*01:01	0.0	0.299178	0.28310853	0.14691463
DRB1*12:01	0.0	0.0	0.27474907	0.22214454
DQA1*06:01-DQB1*04:02	0.0	0.3782283	0.27446836	0.19545372
DRB1*14:54	0.0	0.59048915	0.3736069	0.38975593
DQA1*06:01-DQB1*04:02	0.0	0.084686644	0.28169513	0.14740765
DQA1*05:01-DQB1*04:02	0.0	0.549418	0.36312908	0.32631952
DRB1*07:01	0.0	0.12963922	0.2965966	0.25720206
DRB1*07:01	0.0	0.2601481	0.29149586	0.27139884
DPB1*03:01	0.0	0.29749924	0.2778358	0.2831571
DQA1*02:01-DQB1*04:02	0.0	0.48858568	0.2794626	0.23752551
DRB1*07:01	0.0	0.29749924	0.30863956	0.34182215
DRB1*15:02	0.0	0.020254716	0.31333804	0.31568962
DRB1*04:01	0.0	0.50624365	0.31273875	0.36335036
DRB1*04:01	0.0	0.6366076	0.28231978	0.27305335
DRB1*01:01	0.0	0.47246844	0.4452069	0.46967807
DRB1*12:01	0.0	0.3130104	0.29185516	0.28420502
DRB4*01:01	0.0	0.09741971	0.28934315	0.37204826
DRB1*08:01	0.0	0.521603	0.40391934	0.36203957
DRB1*03:01	0.0	0.51408476	0.44994286	0.48477057
DRB1*14:54	0.0	0.43577465	0.29543173	0.23155053
DRB1*03:01	0.0	0.43892217	0.37324166	0.41598636
DRB1*11:01	0.0	0.0	0.31463853	0.25270736
DRB5*01:01	0.0	0.084686644	0.3719813	0.35504508
DRB4*01:03	0.0	0.7871874	0.40350226	0.41466656
DQA1*01:01-DQB1*05:01	0.0	0.0	0.2806494	0.18758172
DRB1*13:01	0.0	0.0	0.32119802	0.28606737
DQA1*03:03-DQB1*04:02	0.0	0.084686644	0.2752052	0.18711935
DRB1*15:01	0.0	0.403826	0.3451531	0.35844454
DRB1*13:01	0.0	0.0	0.2997643	0.19904403
DQA1*03:01-DQB1*03:02	0.0	0.010708157	0.30183133	0.30691457
DRB3*02:02	0.0	0.7969252	0.50284106	0.54904073
DQA1*01:01-DQB1*05:01	0.0	0.0	0.28186786	0.2076063
DQA1*02:01-DQB1*03:01	0.0	0.24425864	0.58351594	0.58171564
DRB1*13:02	0.0	0.7703366	0.43828434	0.51193684
DQA1*05:01-DQB1*04:02	0.0	0.25566226	0.28124443	0.16852432
DRB3*02:02	0.0	0.0	0.41126055	0.46431234
DRB3*02:02	0.0	0.54663813	0.28275177	0.20085838
DRB1*12:01	0.0	0.0	0.27472556	0.18746263
DRB1*04:03	0.0	0.65906143	0.67006797	0.5736716
DRB1*04:01	0.0	0.68565	0.55022377	0.5814321
DRB3*01:01	0.0	0.16665259	0.283766	0.14322805
DRB1*13:01	0.0	0.7278651	0.72287834	0.61809015
DQA1*05:01-DQB1*03:03	0.0	0.27904505	0.3008764	0.26181614
DQA1*05:01-DQB1*04:02	0.0	0.36314693	0.27733868	0.268748
DQA1*02:01-DQB1*03:03	0.0	0.24834813	0.27514964	0.23552935
DPB1*04:01	0.0	0.084686644	0.2755192	0.15648359
DQA1*05:01-DQB1*04:02	0.0	0.4657244	0.27524805	0.22120966
DQA1*01:02-DQB1*05:01	0.0	0.37680048	0.46575525	0.4000001
DQA1*05:01-DQB1*02:01	0.0	0.0	0.27763802	0.25207096
DQA1*05:01-DQB1*04:02	0.0	0.39039597	0.2760318	0.28121844
DRB3*03:01	0.0	0.36967134	0.33618847	0.3275433
DRB4*01:03	0.0	0.55675703	0.3420973	0.44041425
DRB1*01:01	0.0	0.60866976	0.7214278	0.6061327
DQA1*02:01-DQB1*03:03	0.0	0.084686644	0.28711197	0.26916802
DRB5*01:01	0.0	0.084686644	0.31176743	0.20596902
DRB1*11:01	0.0	0.47252983	0.31830466	0.3288555
DRB3*01:01	0.0	0.40368012	0.2753249	0.18595725
DRB5*01:01	0.0	0.084686644	0.31821516	0.2474797
DRB3*03:01	0.0	0.37058392	0.34858805	0.37550834
DQA1*01:02-DQB1*05:01	0.0	0.5753037	0.30067012	0.32495654
DRB1*04:04	0.0	0.5185219	0.31936955	0.31300813
DRB3*01:01	0.0	0.45002177	0.2749782	0.27602914
DQA1*02:01-DQB1*03:03	0.0	0.40010568	0.47599345	0.4228641
DQA1*06:01-DQB1*04:02	0.0	0.38464442	0.2813551	0.25867188
DRB3*01:01	0.0	0.084686644	0.28302768	0.2662848
DRB1*04:04	0.0	0.738145	0.2852669	0.2812154
DRB1*04:04	0.0	0.6662669	0.36797312	0.40325812
DRB1*15:01	0.0	0.38207042	0.3274469	0.3621275
DRB3*01:01	0.0	0.4159799	0.2776394	0.2520004
DRB1*08:01	0.0	0.39747867	0.2743775	0.22403502
DRB1*03:01	0.0	0.27735743	0.6455406	0.5895885
DRB1*09:01	0.0	0.55599636	0.27829546	0.30494344
DRB1*04:01	0.0	0.3152229	0.31171688	0.43955114
DQA1*02:01-DQB1*04:02	0.0	0.5303597	0.27584755	0.27799132
DRB3*02:02	0.0	0.0	0.2903802	0.28647566
DRB1*04:04	0.0	0.47921395	0.3206888	0.3192076
DRB1*11:01	0.0	0.1552583	0.39279112	0.42480648
DRB5*01:01	0.0	0.58514524	0.32855597	0.27799803
DRB1*08:02	0.0	0.0	0.27998292	0.21199176
DQA1*05:01-DQB1*03:02	0.0	0.4439667	0.5636816	0.52209103
DRB1*13:01	0.0	0.6714029	0.34397689	0.33232906
DRB1*11:01	0.0	0.5338698	0.36758506	0.3833569
DQA1*02:01-DQB1*03:03	0.0	0.084686644	0.27561206	0.20237865
DRB1*07:01	0.0	0.51505256	0.2918324	0.31758904
DRB3*01:01	0.0	0.14874962	0.2768029	0.21342158
DRB1*04:04	0.0	0.0	0.35897365	0.33444634
DRB1*04:01	0.0	0.0	0.3992009	0.43288678
DRB5*01:01	0.0	0.15476379	0.37258545	0.3495977
DQA1*03:03-DQB1*04:02	0.0	0.084686644	0.34435698	0.3714225
DRB1*04:01	0.0	0.0	0.2834926	0.23843163
DRB1*15:01	0.0	0.02062367	0.29426214	0.24222714
DRB1*11:01	1.0	0.93593705	0.5043662	0.54287314
DRB4*01:03	0.0	0.48570848	0.29428193	0.29929054
DRB1*15:01	0.0	0.7062737	0.3986914	0.45977342
DRB1*04:01	0.0	0.084686644	0.28287342	0.27696437
DQA1*01:03-DQB1*06:03	0.0	0.47161323	0.30490744	0.28185472
DQA1*01:03-DQB1*06:03	0.0	0.084686644	0.27518472	0.24022183
DRB1*03:01	0.0	0.0	0.27790338	0.19516894
DRB1*04:05	0.0	0.21430857	0.32375327	0.347856
DRB1*09:01	0.0	0.20593953	0.27810025	0.27400982
DRB1*04:01	0.0	0.64221066	0.28205046	0.28222063
DQA1*02:01-DQB1*04:02	0.0	0.6687992	0.28368178	0.28073883
DRB5*01:01	0.0	0.6502526	0.3914822	0.42878136
DRB1*09:01	0.0	0.48570848	0.49162793	0.5138738
DQA1*01:01-DQB1*05:01	0.0	0.0	0.31398734	0.3410238
DRB1*14:54	0.0	0.62472034	0.63490367	0.6425673
DRB5*01:01	0.0	0.0	0.3617751	0.3666373
DRB1*04:01	0.0	0.0	0.28306615	0.2727918
DRB1*11:01	0.0	0.77837855	0.45832205	0.49159476
DQA1*01:02-DQB1*05:01	0.0	0.640305	0.4291807	0.41298822
DRB1*03:01	0.0	0.34824398	0.28619596	0.28105354
DRB1*08:01	0.0	0.4998376	0.4464512	0.4360032
DRB1*15:01	0.0	0.64817554	0.37788203	0.42319015
DRB1*04:01	0.0	0.2600556	0.37957492	0.45143777
DRB1*03:01	0.0	0.0	0.28689975	0.28477877
DRB1*14:54	0.0	0.5165235	0.31829378	0.3029565
DPA1*03:01-DPB1*04:02	0.0	0.0	0.32659698	0.28697222
DQA1*05:01-DQB1*03:02	0.0	0.5242514	0.48831654	0.49828166
DRB1*01:01	0.0	0.47921395	0.31286162	0.31608027
DQA1*01:02-DQB1*05:01	0.0	0.13937116	0.28405863	0.22424185
DRB1*13:02	0.0	0.14249638	0.30671272	0.38282526
DRB3*03:01	0.0	0.7278651	0.50747097	0.5784321
DRB3*03:01	0.0	0.7703366	0.40197757	0.4687088
DRB1*04:05	0.0	0.0	0.28642786	0.124026805
DRB3*03:01	0.0	0.5753037	0.47748852	0.5547968
DRB1*09:01	0.0	0.5639006	0.27543503	0.26060277
DRB1*13:02	0.0	0.0	0.3018526	0.31421003
DRB1*09:01	0.0	0.521603	0.36964995	0.39475882
DRB1*01:01	0.0	0.29749924	0.29250175	0.21431842
DRB1*04:05	0.0	0.17100503	0.2765689	0.23149952
DRB1*15:01	0.0	0.47822896	0.70490557	0.58084786
DRB3*02:02	0.0	0.5771899	0.2897778	0.25994265
DQA1*02:01-DQB1*04:02	0.0	0.18201889	0.2748038	0.23347169
DRB4*01:01	0.0	0.0	0.27527875	0.17377491
DRB1*11:01	0.0	0.64221066	0.34706414	0.4148599
DRB1*03:01	0.0	0.69202656	0.71400124	0.6509909
DRB1*13:02	0.0	0.29749924	0.41589642	0.29411376
DQA1*03:03-DQB1*04:02	0.0	0.18995366	0.46640658	0.4590424
DQA1*01:02-DQB1*05:01	0.0	0.084686644	0.28696913	0.2682232
DRB1*01:01	0.0	0.086941324	0.4450999	0.5285913
DQA1*06:01-DQB1*04:02	0.0	0.084686644	0.28162974	0.14426805
DRB1*04:01	0.0	0.0	0.28221557	0.2519418
DRB3*01:01	0.0	0.0	0.2753851	0.20343919
DRB1*13:02	0.0	0.68565	0.71010303	0.6432178
DRB1*04:04	0.0	0.69202656	0.46130976	0.5394623
DRB1*04:01	0.0	0.6073399	0.5211557	0.57152164
DQA1*05:01-DQB1*03:02	0.0	0.29754546	0.36246553	0.32453382
DQA1*02:01-DQB1*03:03	0.0	0.3242111	0.27557364	0.19074945
DPB1*04:01	0.0	0.557524	0.27671015	0.23477569
DRB1*13:02	0.0	0.63305235	0.343705	0.3831062
DRB1*09:01	0.0	0.0	0.28233534	0.14324209
DRB1*14:54	0.0	0.44021183	0.34918708	0.41855928
DQA1*05:01-DQB1*03:03	0.0	0.39282662	0.3525912	0.3227218
DQA1*02:01-DQB1*03:03	0.0	0.31284657	0.5913992	0.5476351
DRB3*03:01	0.0	0.4657244	0.33933136	0.36791408
DQA1*02:01-DQB1*03:01	0.0	0.59616107	0.27468237	0.19902493
DPA1*02:01-DPB1*05:01	0.0	0.0	0.27701426	0.15421763
DRB3*01:01	0.0	0.0	0.28448987	0.38296163
DRB1*04:01	0.0	0.4357334	0.293532	0.34389392
DRB1*13:02	0.0	0.0	0.31883436	0.42678976
DRB1*07:01	0.0	0.27435926	0.3818915	0.39395183
DRB4*01:03	0.0	0.61562216	0.3301535	0.4331503
DRB4*01:03	0.0	0.59733844	0.47350505	0.5648979
DRB3*03:01	1.0	0.83439964	0.55776334	0.6205928
DRB3*02:02	0.0	0.50802964	0.29995152	0.2685436
DRB1*01:01	1.0	1.0	0.72209185	0.50533944
DRB1*14:54	1.0	0.87187403	0.7218875	0.66630757
DRB3*01:01	0.0	0.084686644	0.27521503	0.23541495
DRB4*01:03	1.0	0.85125035	0.71848214	0.6353334
DRB1*04:05	0.0	0.4186835	0.4145717	0.45788103
DRB3*01:01	0.0	0.37636554	0.27643672	0.27781016
DQA1*02:01-DQB1*03:01	0.0	0.58514524	0.27641904	0.24350792
DRB1*13:02	0.0	0.0	0.3143987	0.3055078
DRB4*01:01	0.0	0.0	0.27589425	0.19898209
DRB1*03:01	0.0	0.0	0.29878247	0.3140658
DRB1*13:01	0.0	0.69887584	0.44691333	0.54172856
DRB1*01:01	0.0	0.51554024	0.333568	0.44816524
DRB1*04:01	0.0	0.0	0.31060496	0.24412881
DQA1*03:03-DQB1*04:02	0.0	0.084686644	0.2773544	0.26391196
DRB1*13:02	0.0	0.0	0.28656656	0.23069398
DRB3*02:02	0.0	0.2993193	0.71279967	0.64328253
DRB1*03:01	0.0	0.43660355	0.2814103	0.22521843
DRB5*01:01	0.0	0.6545521	0.3792003	0.46931526
DRB5*01:01	0.0	0.4565015	0.34247267	0.29798844
DRB1*09:01	0.0	0.59271634	0.27853498	0.31982708
DRB1*07:01	0.0	0.4775781	0.31489584	0.36645257
DRB1*07:01	0.0	0.084686644	0.29794922	0.30233166
DQA1*03:03-DQB1*04:02	0.0	0.084686644	0.3042678	0.34537947
DRB1*08:01	0.0	0.5210823	0.27579093	0.19390917
DRB3*03:01	0.0	0.084686644	0.3377245	0.331392
DRB1*15:01	0.0	0.0	0.29603606	0.24910551
DRB1*08:01	0.0	0.44717774	0.4756439	0.4798714
DRB4*01:03	0.0	0.399268	0.28239134	0.22346756
DPB1*04:02	0.0	0.29055756	0.28197616	0.2654247
DRB1*13:01	0.0	0.3293488	0.33532017	0.32054812
DRB1*09:01	0.0	0.5508399	0.487063	0.5445008
DQA1*03:03-DQB1*04:02	0.0	0.32941404	0.274867	0.19426315
DQA1*06:01-DQB1*04:02	0.0	0.4893192	0.290761	0.2951634
DQA1*05:01-DQB1*03:02	0.0	0.4900586	0.27477047	0.18929507
DRB1*13:01	0.0	0.7328622	0.3664863	0.39971
DRB1*11:01	0.0	0.3616547	0.33318812	0.33366776
DRB1*08:02	0.0	0.58108205	0.37544233	0.4435092
DQA1*01:02-DQB1*05:01	0.0	0.24114268	0.28302082	0.27480265
DRB1*08:01	0.0	0.17989743	0.2745514	0.2281832
DRB1*01:01	0.0	0.36156222	0.3414757	0.36611032
DRB1*03:01	0.0	0.20510249	0.3625342	0.33833927
DRB1*08:01	0.0	0.19417693	0.44962206	0.40566123
DRB1*09:01	0.0	0.4505044	0.2771703	0.2462518
DQA1*01:02-DQB1*05:01	0.0	0.084686644	0.2921508	0.27350265
DRB1*15:01	0.0	0.33066258	0.31017968	0.30995527
DRB1*04:04	0.0	0.37348208	0.28262836	0.26195455
DRB1*08:02	0.0	0.77837855	0.70157784	0.6376599
DRB1*04:01	0.0	0.12566002	0.32829636	0.3951967
DQA1*05:01-DQB1*03:03	0.0	0.49820176	0.27442196	0.19149145
DQA1*01:02-DQB1*05:01	0.0	0.35166746	0.27561197	0.19435877
DRB5*01:01	0.0	0.39532292	0.41021702	0.51332533
DRB1*03:01	0.0	0.0	0.28064084	0.21142605
DRB1*01:01	0.0	0.7629388	0.33070278	0.30086643
DRB1*04:04	0.0	0.2409921	0.27659887	0.19840124
DRB1*04:01	0.0	0.5221266	0.35453883	0.33968204
DRB1*03:01	0.0	0.5949985	0.7142461	0.59674144
DRB1*13:01	0.0	0.46629667	0.31614134	0.23650508
DQA1*03:01-DQB1*03:02	0.0	0.0	0.30155787	0.31463856
DRB1*11:01	0.0	0.47161323	0.33679882	0.38770697
DRB1*07:01	0.0	0.7560895	0.38872933	0.49603015
DRB1*15:01	0.0	0.43056068	0.28892994	0.20422024
DRB3*01:01	0.0	0.15633555	0.2749341	0.20224836
DPB1*04:02	0.0	0.084686644	0.4512956	0.37802982
DRB1*08:01	0.0	0.30728838	0.27466124	0.20979944
DRB1*04:01	0.0	0.0	0.27558708	0.18603419
DRB1*07:01	0.0	0.0	0.28286135	0.21298106
DRB4*01:03	0.0	0.7328622	0.4757217	0.5297649
DQA1*05:01-DQB1*03:03	0.0	0.60220397	0.5980998	0.55674446
DRB1*13:02	0.0	0.32335132	0.40252584	0.45666146
DRB1*14:54	0.0	0.66380215	0.31221622	0.34231827
DRB1*11:01	0.0	0.084686644	0.33508196	0.35937494
DRB1*04:01	0.0	0.0	0.2816079	0.24495405
DRB5*01:01	0.0	0.18651101	0.40530866	0.43115613
DRB1*11:01	0.0	0.084686644	0.4517842	0.49685323
DQA1*05:01-DQB1*03:01	0.0	0.0	0.28328356	0.24683559
DRB4*01:01	0.0	0.40426508	0.2849829	0.28815097
DRB3*01:01	0.0	0.62472034	0.2828658	0.33842176
DRB5*01:01	0.0	0.3959912	0.34251902	0.31230637
DRB1*15:01	0.0	0.4078548	0.36205572	0.43301255
DQA1*05:01-DQB1*03:02	0.0	0.4173218	0.32493237	0.28563
DRB5*01:01	1.0	1.0	0.7188995	0.6222929
DQA1*05:01-DQB1*03:02	0.0	0.084686644	0.27542675	0.2451779
DRB1*14:54	0.0	0.48535502	0.31940836	0.31340212
DRB5*01:01	0.0	0.48257518	0.33765545	0.30445397
DRB1*01:01	0.0	0.72312444	0.7224234	0.654632
DRB1*11:01	0.0	0.38452584	0.3263067	0.3909239
DRB1*04:05	0.0	0.25931892	0.2868616	0.36410546
DRB1*15:01	0.0	0.084686644	0.48618755	0.53396404
DRB1*07:01	0.0	0.5001683	0.35000035	0.380871
DRB1*01:01	0.0	0.0	0.29671437	0.22319978
DRB1*08:01	0.0	0.6953878	0.50271374	0.50835127
DRB1*13:01	0.0	0.0	0.34184638	0.24782674
DRB1*11:01	0.0	0.0	0.37057158	0.31293625
DRB1*08:01	0.0	0.6662669	0.4660269	0.42145446
DRB1*13:01	0.0	0.50492644	0.45066583	0.43683416
DRB1*04:01	0.0	0.5949985	0.339279	0.42411426
DRB1*13:01	0.0	0.59048915	0.7180657	0.6618426
DRB3*01:01	0.0	0.4313439	0.27605098	0.21299934
DRB1*03:01	0.0	0.21237002	0.30788437	0.40505362
DQA1*01:01-DQB1*05:01	0.0	0.0	0.27521798	0.214154
DRB4*01:03	0.0	0.21599051	0.28936526	0.249668
DRB1*09:01	0.0	0.36156222	0.27767214	0.2913282
DRB1*15:01	0.0	0.49659437	0.42696497	0.51027924
DRB3*01:01	0.0	0.47921395	0.2770131	0.2101635
DRB3*01:01	0.0	0.48535502	0.4861827	0.4916505
DQA1*03:03-DQB1*04:02	0.0	0.084686644	0.27901882	0.2591051
DRB1*04:05	0.0	0.126841	0.5283984	0.5610888
DRB1*03:01	0.0	0.34079078	0.2845867	0.27330172
DRB1*01:01	0.0	0.44741145	0.37843743	0.381504
DRB1*04:05	0.0	0.5093922	0.44257653	0.42248523
DRB1*01:01	0.0	0.0	0.29577005	0.2348456
DRB3*03:01	0.0	0.084686644	0.3276135	0.30101
DRB1*15:01	0.0	0.3112241	0.32168317	0.32501662
DPA1*02:01-DPB1*01:01	0.0	0.0	0.29910845	0.2633357
DRB1*15:01	0.0	0.29548797	0.34502414	0.34583166
DRB1*13:01	0.0	0.084686644	0.33043998	0.28116548
DRB1*14:54	0.0	0.14882359	0.29767394	0.25181824
DRB3*02:02	0.0	0.0	0.28020203	0.20946422
DRB3*01:01	0.0	0.7703366	0.35579002	0.39856476
DRB1*09:01	1.0	0.85125035	0.67470396	0.54747087
DRB1*11:01	0.0	0.084686644	0.37233588	0.33850062
DQA1*05:01-DQB1*02:01	0.0	0.0	0.2816023	0.24841645
DRB1*13:02	0.0	0.42488876	0.33459604	0.3280324
DQA1*05:01-DQB1*03:02	0.0	0.44262394	0.47905526	0.4339513
DRB1*04:01	0.0	0.38024247	0.29781356	0.31570053
DRB1*15:02	0.0	0.23025677	0.27492055	0.17694162
DQA1*06:01-DQB1*04:02	0.0	0.084686644	0.27703696	0.16821283
DRB1*15:01	0.0	0.3538833	0.345133	0.33954543
DRB1*04:04	0.0	0.7871874	0.58169574	0.560701
DPA1*03:01-DPB1*04:02	1.0	0.82843477	0.27707708	0.22666267
DRB1*08:02	0.0	0.0	0.28702223	0.28901115
DPA1*02:01-DPB1*05:01	0.0	0.0	0.27496642	0.19240455
DRB5*01:01	0.0	0.084686644	0.43912622	0.5089452
DRB1*04:05	0.0	0.23720917	0.27559325	0.25228813
DRB3*01:01	0.0	0.084686644	0.27456838	0.2500297
DRB5*01:01	0.0	0.084686644	0.4088026	0.42629278
DRB5*01:01	0.0	0.0	0.3322106	0.29232603
DRB1*13:01	0.0	0.5165235	0.34936666	0.36067057
DRB1*04:01	0.0	0.006534466	0.28595802	0.2664308
DRB1*13:01	0.0	0.5145674	0.37148926	0.37656957
DRB1*08:01	0.0	0.25417554	0.2745085	0.2048049
DRB1*07:01	0.0	0.084686644	0.28835174	0.23519255
DRB1*03:01	0.0	0.0	0.30967656	0.31785893
DRB1*08:02	0.0	0.0	0.28354797	0.2601406
DQA1*06:01-DQB1*04:02	0.0	0.084686644	0.27462527	0.17711164
DRB1*14:54	0.0	0.35125318	0.3713192	0.44416356
DRB1*04:01	0.0	0.24184859	0.41801825	0.49350923
DRB1*03:01	0.0	0.0	0.27952936	0.1835708
DRB3*03:01	1.0	0.83439964	0.7216488	0.6561167
DRB1*04:05	0.0	0.50150293	0.46636924	0.3587425
DRB5*01:01	0.0	0.58618957	0.3456735	0.3581949
DQA1*02:01-DQB1*03:01	1.0	0.87187403	0.27559122	0.22490278
DRB3*01:01	0.0	0.5093922	0.2782837	0.16864794
DQA1*01:02-DQB1*05:01	0.0	0.6200593	0.67629904	0.5700722
DRB1*11:01	0.0	0.0	0.2946954	0.20829393
DQA1*03:03-DQB1*04:02	0.0	0.36156222	0.2767182	0.17896408
DRB1*03:01	0.0	0.7629388	0.2850751	0.27785236
DRB1*04:01	0.0	0.226195	0.28612432	0.3254109
DRB1*01:01	0.0	0.20744364	0.37177405	0.3950687
DRB1*07:01	0.0	0.36610854	0.3617577	0.39378816
DRB1*07:01	0.0	0.43892217	0.418653	0.5002957
DRB4*01:03	0.0	0.084686644	0.29607886	0.29732248
DRB3*02:02	0.0	0.084686644	0.30433267	0.33670914
DQA1*05:01-DQB1*04:02	0.0	0.084686644	0.275454	0.21467075
DRB1*11:01	0.0	0.60473627	0.38237455	0.4691354
DRB5*01:01	0.0	0.0	0.3369438	0.2793873
DRB1*13:01	0.0	0.61562216	0.32625625	0.27048373
DRB5*01:01	0.0	0.2205391	0.3350241	0.29532677
DRB1*11:01	0.0	0.64817554	0.7205933	0.64889526
DQB1*06:02	0.0	0.0	0.28714958	0.286107
DRB1*14:54	0.0	0.48677695	0.3591531	0.38665158
DQA1*05:01-DQB1*02:01	0.0	0.08916019	0.28749993	0.28951573
DQA1*03:03-DQB1*04:02	0.0	0.71431553	0.2744773	0.20767596
DRB1*04:01	0.0	0.64817554	0.2815274	0.25970414
DRB1*03:01	0.0	0.7437481	0.40047902	0.41735202
DRB1*13:02	0.0	0.0	0.32762963	0.268798
DRB1*13:02	0.0	0.0	0.30913186	0.38413146
DQA1*03:01-DQB1*03:02	0.0	0.32408777	0.36615914	0.39955252
DRB1*11:01	0.0	0.087778516	0.32954833	0.28378138
DRB1*09:01	0.0	0.18772888	0.5420479	0.5742023
DQA1*02:01-DQB1*03:01	0.0	0.084686644	0.27529982	0.22515136
DQA1*02:01-DQB1*04:02	0.0	0.37571695	0.4329952	0.4091317
DRB3*03:01	0.0	0.45172212	0.33309954	0.2941211
DQA1*01:02-DQB1*05:01	0.0	0.39426363	0.29412737	0.2712114
DRB1*11:01	0.0	0.26424807	0.32602888	0.33558366
DRB1*04:04	0.0	0.58514524	0.503637	0.47909302
DRB1*11:01	0.0	0.5781477	0.35100555	0.38854596
DQA1*02:01-DQB1*03:01	0.0	0.4759707	0.34248823	0.37355423
DRB1*15:01	0.0	0.0	0.29011506	0.22748321
DRB1*04:01	0.0	0.41515097	0.2941937	0.3809051
DRB5*01:01	0.0	0.64817554	0.3804251	0.3998567
DRB3*01:01	0.0	0.2108737	0.36851677	0.41987795
DQA1*01:01-DQB1*05:01	0.0	0.0	0.27452716	0.2203304
DQA1*01:02-DQB1*05:01	0.0	0.34800422	0.28947946	0.26044893
DRB1*01:01	0.0	0.29749924	0.30270442	0.2597819
DRB1*03:01	0.0	0.5949985	0.7114702	0.6030122
DRB4*01:03	0.0	0.5210823	0.30353045	0.33323842
DRB1*04:01	0.0	0.0	0.28933078	0.26553935
DRB1*08:02	0.0	0.0	0.2856058	0.26350746
DRB1*01:01	0.0	0.35662147	0.4337587	0.49852863
DQA1*02:01-DQB1*04:02	0.0	0.15160288	0.2756847	0.180051
DRB1*01:01	0.0	0.52978736	0.3276435	0.38149434
DRB1*08:01	0.0	0.4871359	0.34748346	0.37326097
DRB1*04:04	0.0	0.0	0.27655113	0.18086754
DRB1*15:01	0.0	0.69887584	0.33944884	0.4616214
DRB1*04:05	0.0	0.084686644	0.2749397	0.19114827
DRB1*03:01	0.0	0.05265516	0.31421944	0.3504742
DRB1*03:01	0.0	0.39666435	0.5295169	0.5263103
DRB1*04:01	0.0	0.4942345	0.6222031	0.58947045
DRB1*13:01	0.0	0.0	0.34950662	0.36910135
DRB1*01:01	0.0	0.0	0.46387994	0.47268498
DRB4*01:01	0.0	0.36514276	0.27841827	0.25595242
DQA1*05:01-DQB1*02:01	0.0	0.0	0.27606642	0.21863505
DQA1*01:02-DQB1*06:02	0.0	0.46045747	0.2811303	0.2377401
DRB1*04:01	0.0	0.4757194	0.33198693	0.3436625
DRB3*03:01	0.0	0.5432769	0.44553018	0.5069729
DPA1*01:03-DPB1*02:01	0.0	0.0	0.27616963	0.21264398
DQA1*05:01-DQB1*04:02	0.0	0.3959912	0.28254783	0.3111958
DRB3*02:02	0.0	0.7703366	0.6937603	0.6313987
DRB1*03:01	0.0	0.5639006	0.7170872	0.6216359
DRB1*03:01	0.0	0.7629388	0.3488652	0.31177735
DRB1*13:02	0.0	0.060477175	0.29613844	0.26236913
DRB1*08:01	0.0	0.29325435	0.29149464	0.38613242
DQA1*05:01-DQB1*02:01	0.0	0.0	0.284463	0.21916825
DRB1*04:04	0.0	0.5292186	0.28152806	0.27833787
DQA1*01:01-DQB1*05:01	0.0	0.0	0.28270578	0.22929797
DRB1*03:01	0.0	0.40397212	0.33999804	0.33904085
DRB1*07:01	0.0	0.0	0.34466383	0.32630405
DRB3*01:01	0.0	0.34197953	0.36027378	0.37821138
DRB1*10:01	0.0	0.03672149	0.29196957	0.10975434
DQA1*05:01-DQB1*04:02	0.0	0.4882211	0.27508524	0.24826331
DRB1*07:01	0.0	0.0	0.294362	0.30615574
DRB1*04:04	0.0	0.7278651	0.4240737	0.47230813
DRB1*09:01	0.0	0.64817554	0.29747212	0.3731567
DQA1*05:01-DQB1*03:03	0.0	0.30064848	0.27523133	0.21543337
DRB1*04:01	0.0	0.12933907	0.28227502	0.27943897
DRB1*04:01	0.0	0.34027547	0.515663	0.5510719
DRB3*01:01	0.0	0.7062737	0.27801648	0.26877075
DPA1*02:01-DPB1*05:01	0.0	0.0	0.27489337	0.19159687
DRB5*01:01	1.0	0.8078111	0.43992782	0.42094284
DRB1*11:01	1.0	0.93142766	0.7186328	0.585692
DRB1*13:02	0.0	0.7871874	0.52903783	0.59039557
DRB1*11:01	0.0	0.71431553	0.3434736	0.3695331
DRB1*09:01	0.0	0.37669155	0.27685258	0.26724616
DQA1*02:01-DQB1*04:02	0.0	0.4114309	0.2753231	0.18637384
DRB1*13:01	0.0	0.0	0.39072493	0.36336422
DRB1*13:01	0.0	0.33976305	0.3489417	0.3245262
DRB5*01:01	0.0	0.0	0.33991694	0.3073677
DRB1*11:01	0.0	0.0	0.3090981	0.25497195
DRB5*01:01	0.0	0.1759936	0.4255087	0.43118405
DRB1*04:04	0.0	0.40649226	0.28034645	0.26848453
DPA1*01:03-DPB1*04:01	0.0	0.0	0.28527135	0.24987558
DRB1*15:01	0.0	0.084686644	0.28395835	0.18793975
DRB1*01:01	1.0	0.938277	0.7228534	0.66606987
DRB3*03:01	0.0	0.53814095	0.72094667	0.6410891
DRB1*13:02	0.0	0.09314453	0.70019233	0.6372041
DRB1*03:01	0.0	0.0	0.36751556	0.39250064
DRB1*07:01	0.0	0.46208853	0.29802698	0.3246544
DQA1*05:01-DQB1*03:01	0.0	0.0	0.27656153	0.24417946
DPB1*03:01	0.0	0.0	0.34347886	0.3586114
DRB1*03:01	0.0	0.42562518	0.28334603	0.23329456
DRB1*03:01	0.0	0.054617725	0.33083057	0.3490668
DPA1*03:01-DPB1*04:02	0.0	0.18822339	0.34455588	0.43229547
DQA1*02:01-DQB1*03:03	0.0	0.084686644	0.27430126	0.18565337
DQA1*03:03-DQB1*04:02	0.0	0.4478806	0.32444558	0.32912084
DRB1*03:01	0.0	0.0	0.2910923	0.25781345
DRB1*03:01	0.0	0.0	0.285816	0.21470317
DRB1*13:01	0.0	0.6662669	0.66005415	0.64004076
DRB1*07:01	0.0	0.4341388	0.32224575	0.35360295
DRB1*13:02	0.0	0.084686644	0.32795292	0.3743341
DRB3*01:01	0.0	0.084686644	0.27513853	0.21028972
DQA1*06:01-DQB1*04:02	0.0	0.47191775	0.46131822	0.41932768
DQA1*02:01-DQB1*03:03	0.0	0.18761621	0.27461573	0.20178604
DQB1*03:02	0.0	0.35292152	0.29491702	0.3051034
DRB4*01:03	0.0	0.6231404	0.29745367	0.3125431
DRB1*01:01	0.0	0.55599636	0.35942402	0.39898014
DRB1*15:01	0.0	0.0	0.29258817	0.22124621
DRB1*01:01	0.0	0.29698682	0.3072161	0.2862088
DRB1*08:02	0.0	0.0	0.29947588	0.24635956
DRB3*01:01	0.0	0.24441464	0.40090203	0.35417008
DRB1*13:01	0.0	0.0	0.29958498	0.20773152
DQA1*03:01-DQB1*03:02	0.0	0.084686644	0.2775579	0.13206701
DRB1*04:01	0.0	0.084686644	0.46600676	0.43030614
DRB1*14:54	0.0	0.3148876	0.29956108	0.23738253
DRB1*11:01	1.0	0.83439964	0.3647499	0.3603379
DRB1*04:04	0.0	0.0	0.6096295	0.5654566
DRB1*07:01	0.0	0.36876768	0.30004063	0.3605013
DRB5*01:01	0.0	0.084686644	0.36550602	0.3882054
DPA1*03:01-DPB1*04:02	0.0	0.0	0.28259137	0.28420871
DQA1*05:01-DQB1*03:01	0.0	0.090194225	0.28784162	0.28042024
DRB5*01:01	0.0	0.4186835	0.3985585	0.40439516
DRB1*08:01	0.0	0.74971294	0.571097	0.54892015
DRB1*03:01	0.0	0.28869036	0.39801183	0.40272814
DRB1*03:01	0.0	0.6127781	0.28751904	0.28780612
DRB1*14:54	0.0	0.74971294	0.430989	0.51385915
DRB1*01:01	0.0	0.062595904	0.41813478	0.4014088
DRB1*01:01	0.0	0.68565	0.41370758	0.45088953
DRB1*12:01	0.0	0.29749924	0.27594015	0.26890093
DQA1*05:01-DQB1*04:02	0.0	0.2610471	0.276312	0.24769345
DPA1*02:01-DPB1*01:01	0.0	0.0	0.29057673	0.2410889
DRB1*01:01	0.0	0.3010798	0.29014984	0.1947491
DQA1*02:01-DQB1*03:03	0.0	0.084686644	0.28173965	0.24016121
DRB3*02:02	0.0	0.47040507	0.3239267	0.35563397
DRB1*01:01	0.0	0.0	0.43096617	0.40071753
DRB4*01:01	0.0	0.110215336	0.2776658	0.24273747
DPB1*04:01	0.0	0.0	0.28567442	0.30146202
DRB1*13:01	1.0	0.85125035	0.7227407	0.68721235
DQA1*03:01-DQB1*03:02	0.0	0.110538736	0.3463249	0.3876992
DRB1*15:01	0.0	0.7629388	0.59022325	0.63110733
DRB1*07:01	0.0	0.598531	0.7154189	0.668901
DRB1*13:01	0.0	0.24955058	0.34362495	0.3481477
DRB1*14:54	0.0	0.6887833	0.40169236	0.4735418
DRB1*13:01	0.0	0.084686644	0.31901473	0.29029417
DRB4*01:03	0.0	0.3228028	0.28422153	0.20900126
DRB3*02:02	0.0	0.55599636	0.29754183	0.34232304
DRB1*14:54	0.0	0.084686644	0.29765248	0.24471945
DQA1*05:01-DQB1*04:02	1.0	0.87187403	0.5392564	0.55696124
DRB5*01:01	0.0	0.42882225	0.3386695	0.33114156
DQA1*01:01-DQB1*05:01	0.0	0.0	0.42007744	0.40179047
DRB1*13:02	1.0	1.0	0.7217878	0.62117815
DRB4*01:01	0.0	0.0	0.28584045	0.25627282
DRB1*11:01	0.0	0.35084078	0.32266816	0.3336196
DRB3*03:01	0.0	0.33382556	0.34725958	0.30047408
DRB5*01:01	0.0	0.46374887	0.34854442	0.3280319
DRB4*01:03	0.0	0.48430276	0.43949485	0.45413423
DRB1*13:01	1.0	0.8201525	0.49861315	0.50941205
DRB5*01:01	0.0	0.557524	0.34588513	0.35613325
DRB1*09:01	0.0	0.59048915	0.27554923	0.20039405
DRB1*01:01	0.0	0.0	0.33896396	0.25253153
DRB1*09:01	0.0	0.71861506	0.3921028	0.41392624
DRB1*15:01	0.0	0.71020716	0.5336123	0.61814606
DRB1*13:01	1.0	0.8984626	0.7195025	0.65426147
DQA1*05:01-DQB1*03:02	0.0	0.084686644	0.28447714	0.14403419
DRB1*13:01	0.0	0.084686644	0.322052	0.28638318
DRB4*01:03	0.0	0.23469248	0.28394425	0.23947279
DRB1*09:01	0.0	0.77837855	0.38921046	0.4497505
DRB1*01:01	0.0	0.0	0.34408116	0.31434494
DQA1*06:01-DQB1*04:02	0.0	0.5791155	0.3766614	0.42283005
DRB1*11:01	0.0	0.59616107	0.33550143	0.32285032
DRB1*03:03	0.0	0.14087811	0.32048997	0.2718178
DQB1*02:01	0.0	0.0	0.2866565	0.30992168
DRB3	0.0	0.0	0.27801955	0.21869391
DRB1*03:01	0.0	0.016998762	0.28097984	0.24810883
DRB1*04:04	0.0	0.49307677	0.28122142	0.2342008
DPA1*01:03-DPB1*02:01	0.0	0.0	0.27984002	0.15165891
DRB4*01:03	0.0	0.4612694	0.29179388	0.2815404
DQA1*06:01-DQB1*04:02	0.0	0.37233266	0.5657281	0.52282214
DQA1*01:03-DQB1*06:03	0.0	0.6796851	0.2938144	0.34326485
DRB1*01:01	0.0	0.0	0.30609152	0.27058583
DRB1*14:54	0.0	0.6953878	0.4947923	0.5416936
DQA1*03:01-DQB1*03:02	0.0	0.084686644	0.28020462	0.2557393
DQA1*06:01-DQB1*04:02	0.0	0.33831435	0.274505	0.19206469
DRB1*04:04	0.0	0.31899348	0.27930918	0.21741003
DRB1*01:01	1.0	0.93593705	0.33328927	0.38382727
DRB1*04:01	0.0	0.36156222	0.2851483	0.32627538
DRB1*03:01	0.0	0.084686644	0.33366513	0.40557253
DRB1*13:01	0.0	0.27795395	0.32345036	0.31228784
DQA1*05:01-DQB1*04:02	0.0	0.39128405	0.27473962	0.23545814
DRB1*09:01	0.0	0.16223891	0.27561215	0.23122373
DRB1*09:01	0.0	0.6714029	0.6687284	0.60514575
DRB5*01:01	0.0	0.084686644	0.33624628	0.28874588
DRB1*03:01	0.0	0.084686644	0.27628893	0.17667012
DRB1*07:01	0.0	0.2666989	0.29242685	0.29185602
DPA1*01:03-DPB1*04:01	0.0	0.35705286	0.27893737	0.23355924
DRB1*14:54	0.0	0.084686644	0.29956087	0.28680703
DRB1*08:02	0.0	0.02062367	0.43800616	0.5088812
DRB1*13:02	0.0	0.0	0.30514252	0.3014968
DQA1*02:01-DQB1*03:03	0.0	0.42544052	0.33982262	0.3411837
DRB1*15:01	0.0	0.0	0.2927303	0.24908748
DRB3*01:01	0.0	0.07119653	0.2749243	0.2004439
DRB3*02:02	0.0	0.084686644	0.40955472	0.4143629
DRB1*13:01	0.0	0.16469905	0.31567407	0.27571547
DRB1*04:01	0.0	0.5430132	0.29246774	0.30973798
DRB3*01:01	0.0	0.0	0.50246096	0.45399648
DQA1*02:01-DQB1*03:03	0.0	0.58618957	0.27894682	0.24280107
DRB1*01:01	0.0	0.0	0.29437843	0.20439118
DRB1*09:01	0.0	0.5066869	0.2753331	0.22398396
DPA1*02:01-DPB1*05:01	0.0	0.0	0.2747306	0.19694236
DRB1*14:54	0.0	0.38417104	0.29439557	0.23714936
DQA1*02:01-DQB1*03:03	0.0	0.317375	0.27914453	0.22987261
DRB3*01:01	0.0	0.0	0.27760455	0.25363088
DRB1*08:01	0.0	0.23032378	0.28246415	0.21014962
DRB3*03:01	0.0	0.29103032	0.31626454	0.22928561
DQA1*05:01-DQB1*04:02	0.0	0.5439395	0.61197484	0.5023836
DRB3*02:02	0.0	0.4276812	0.70996	0.61522985
DRB1*07:01	0.0	0.53628623	0.5665256	0.63772607
DQA1*06:01-DQB1*04:02	0.0	0.51701903	0.3748961	0.39911574
DRB1*04:04	0.0	0.084686644	0.27982858	0.29950565
DQA1*02:01-DQB1*03:01	0.0	0.084686644	0.27803418	0.2895581
DRB1*03:01	0.0	0.007121342	0.28406256	0.255052
DPB1*04:02	0.0	0.45496538	0.27894297	0.2776176
DQA1*01:03-DQB1*06:03	0.0	0.084686644	0.28359517	0.3421145
DRB1*04:01	0.0	0.24415377	0.31008843	0.3138665
DRB1*03:01	0.0	0.6384378	0.30986378	0.35638544
DRB3*02:02	0.0	0.084686644	0.699548	0.6373079
DRB3*01:01	0.0	0.0	0.28620034	0.15575211
DRB1*14:54	0.0	0.45676005	0.427345	0.42524505
DRB1*04:01	0.0	0.25947192	0.27748162	0.19580787
DRB1*03:01	0.0	0.21702942	0.2781971	0.20623034
DQA1*02:01-DQB1*03:03	0.0	0.7278651	0.27916414	0.21953723
DQA1*03:01-DQB1*03:02	0.0	0.22883894	0.35512206	0.44660684
DPA1*02:01-DPB1*05:01	0.0	0.0	0.28728822	0.2742784
DRB1*08:01	0.0	0.3701772	0.3092102	0.2797076
DQA1*02:01-DQB1*03:01	0.0	0.084686644	0.28050435	0.2385176
DQA1*03:03-DQB1*04:02	0.0	0.084686644	0.2751435	0.24234323
DRB1*15:02	0.0	0.0	0.27481666	0.17941344
DRB3*02:02	0.0	0.084686644	0.29218996	0.27254725
DRB1*15:01	1.0	1.0	0.721974	0.63131404
DRB3*03:01	0.0	0.68261945	0.7104989	0.6597161
DQA1*03:03-DQB1*04:02	0.0	0.58514524	0.27494815	0.18368016
DRB1*08:01	0.0	0.18312496	0.2960349	0.2684123
DRB3*01:01	0.0	0.0	0.27635932	0.18490376
DQA1*01:03-DQB1*06:03	0.0	0.084686644	0.27426967	0.20228392
DRB1*09:01	0.0	0.33396256	0.29292598	0.30265355
DRB1*04:04	0.0	0.6714029	0.29514498	0.30710992
DQA1*06:01-DQB1*04:02	0.0	0.2869838	0.27943292	0.25782114
DRB1*13:02	0.0	0.0	0.51129746	0.52840966
DRB1*01:01	0.0	0.0	0.29579058	0.21921116
DPA1*01:03-DPB1*04:01	0.0	0.0	0.27806756	0.21826668
DRB1*07:01	0.0	0.24840246	0.29279384	0.31494892
DRB3*01:01	0.0	0.43393633	0.2770232	0.2833281
DRB1*12:01	0.0	0.23167403	0.276438	0.25788257
DRB1*07:01	0.0	0.54196596	0.31821585	0.30131865
DRB1*01:01	0.0	0.42111585	0.32229912	0.34285834
DRB5*01:01	0.0	0.084686644	0.48612309	0.50287104
DRB1*04:05	0.0	0.30984065	0.27648863	0.167595
DRB4*01:03	0.0	0.6461442	0.49603027	0.52812535
DPA1*01:03-DPB1*02:01	0.0	0.0	0.2755821	0.21499269
DQA1*06:01-DQB1*04:02	0.0	0.37129998	0.27461264	0.2122927
DRB5*01:01	1.0	1.0	0.5824169	0.6381769
DRB1*04:04	0.0	0.42146862	0.27741754	0.22072352
DRB5*01:01	0.0	0.42041433	0.33727413	0.28701797
DRB3*03:01	0.0	0.60346144	0.36237252	0.38799512
DRB1*08:01	0.0	0.47533548	0.6028577	0.49245024
DRB5*01:01	0.0	0.5872459	0.36497816	0.33900732
DRB1*04:04	0.0	0.20210761	0.42191055	0.40598536
DQA1*02:01-DQB1*04:02	0.0	0.42006555	0.2743629	0.19645599
DRB1*03:01	0.0	0.25819457	0.28617957	0.27590653
DRB5*01:01	0.0	0.20539203	0.33841187	0.3063467
DRB1*01:01	0.0	0.16855666	0.35531592	0.4167634
DRB1*11:01	0.0	0.39479175	0.32256147	0.35260504
DRB1*08:01	0.0	0.084686644	0.29046482	0.30820447
DRB3*03:01	0.0	0.56986547	0.35056034	0.36663857
DRB3*03:01	0.0	0.45370445	0.30891252	0.21315432
DRB1*03:01	0.0	0.0	0.30241296	0.24950004
DRB1*14:54	0.0	0.22934598	0.32697174	0.33773765
DRB4*01:01	0.0	0.14664796	0.27858824	0.27317846
DRB1*11:01	1.0	0.8201525	0.5127729	0.57009
DRB3*01:01	0.0	0.0	0.27606705	0.17421788
DRB1*11:01	0.0	0.31806517	0.3192741	0.33911765
DQA1*05:01-DQB1*04:02	0.0	0.39707062	0.2741911	0.25402072
DRB3*01:01	0.0	0.13358437	0.28517962	0.3134257
DRB1*11:01	0.0	0.084686644	0.44088474	0.27919227
DRB3*03:01	1.0	0.93593705	0.36302182	0.4151796
DRB1*03:01	0.0	0.0	0.35499316	0.37918347
DRB3*01:01	0.0	0.28018752	0.46573943	0.42256176
DRB3*02:02	0.0	0.0	0.29249182	0.27191025
DRB1*14:54	0.0	0.3551364	0.2958014	0.25372714
DQA1*01:01-DQB1*05:01	0.0	0.14102252	0.275002	0.20584631
DQA1*02:01-DQB1*03:01	0.0	0.084686644	0.27712134	0.20659754
DRB4*01:03	1.0	1.0	0.36661524	0.38364488
DRB1*13:02	0.0	0.18965103	0.29569694	0.23549981
DRB1*13:02	0.0	0.083177336	0.32164475	0.33344805
DPA1*03:01-DPB1*04:02	0.0	0.0	0.27475578	0.19478354
DRB1*11:01	0.0	0.42562518	0.30546904	0.23650402
DQA1*06:01-DQB1*04:02	0.0	0.084686644	0.28353414	0.13823593
DRB1*03:01	0.0	0.3670845	0.32621297	0.307532
DRB1*09:01	0.0	0.15313105	0.29147816	0.25726297
DRB1*08:01	0.0	0.53446805	0.27447492	0.21422042
DRB1*13:02	0.0	0.3422791	0.38693905	0.38138673
DQA1*01:03-DQB1*06:03	0.0	0.084686644	0.2754287	0.24449927
DRB1*04:05	0.0	0.0	0.31969228	0.30478126
DRB1*11:01	0.0	0.0	0.31583714	0.24427083
DRB1*14:54	1.0	0.8201525	0.7229211	0.6690179
DQA1*01:03-DQB1*06:03	0.0	0.084686644	0.6068296	0.58432126
DRB1*03:01	0.0	0.0	0.28353092	0.2628581
DRB1*07:01	0.0	0.71861506	0.2998333	0.33167192
DRB5*01:01	0.0	0.084686644	0.32448432	0.24963297
DRB1*07:01	0.0	0.3983002	0.29041255	0.27237234
DQA1*05:01-DQB1*02:01	0.0	0.5231829	0.30599013	0.32941225
DRB1*04:04	0.0	0.5286533	0.27563304	0.22466767
DRB3*03:01	1.0	0.85125035	0.38048095	0.44181526
DQA1*06:01-DQB1*04:02	0.0	0.084686644	0.27451453	0.20708768
DRB1*03:01	0.0	0.14874962	0.3479224	0.3711565
DQA1*02:01-DQB1*03:01	1.0	0.85125035	0.6442579	0.57301235
DQA1*02:01-DQB1*03:03	0.0	0.23670511	0.27412838	0.21622802
DRB1*07:01	0.0	0.6185565	0.48192808	0.54975975
DQB1*04:02	0.0	0.29749924	0.3807605	0.4308735
DRB1*09:01	0.0	0.4343417	0.27646637	0.24670488
DQA1*01:02-DQB1*05:01	0.0	0.084686644	0.27734828	0.20630111
DRB1*03:01	0.0	0.30440545	0.2998528	0.3044133
DRB1*14:54	0.0	0.4519676	0.35532153	0.47008842
DRB1*13:01	0.0	0.0	0.32793248	0.33680043
DRB1*08:01	0.0	0.41351512	0.2767326	0.16648875
DRB1*08:01	0.0	0.2133688	0.30732572	0.2921303
DRB1*15:01	0.0	0.0	0.3031849	0.29316986
DRB1*12:01	0.0	0.6263277	0.43320635	0.41692793
DRB1*01:01	1.0	0.83439964	0.7203443	0.6334482
DRB1*11:01	0.0	0.5771899	0.46724263	0.5600971
DRB1*14:54	0.0	0.48430276	0.4015679	0.44818696
DRB1*03:01	0.0	0.29838145	0.40188256	0.4533125
DQA1*03:01-DQB1*03:02	0.0	0.0	0.29703993	0.29673582
DRB1*04:01	1.0	0.88238525	0.58749926	0.5954441
DQA1*05:01-DQB1*03:03	0.0	0.40709534	0.35289893	0.36768308
DRB1*04:01	0.0	0.22549264	0.38014156	0.43242794
DQA1*01:01-DQB1*05:01	0.0	0.0	0.27784047	0.24049324
DRB1*07:01	0.0	0.6796851	0.4441678	0.4718287
DRB1*09:01	0.0	0.42289326	0.2879659	0.2942381
DRB3*01:01	0.0	0.084686644	0.2744943	0.19725265
DQA1*05:01-DQB1*02:01	0.0	0.0	0.4209669	0.36470157
DQA1*03:01-DQB1*03:02	0.0	0.39064884	0.31923518	0.35124913
DPA1*01:03-DPB1*04:02	0.0	0.72312444	0.65069085	0.5625533
DQA1*01:01-DQB1*05:01	0.0	0.0	0.29051262	0.2660295
DRB1*11:01	0.0	0.22866322	0.30351588	0.25836712
DRB3*01:01	0.0	0.64221066	0.43860182	0.4546447
DPA1*02:01-DPB1*01:01	0.0	0.0	0.27846786	0.21056515
DRB1*13:01	0.0	0.74971294	0.4222726	0.39071536
DRB5*01:01	0.0	0.64221066	0.41434792	0.49121103
DQA1*01:02-DQB1*05:01	0.0	0.55228406	0.41573608	0.44014618
DRB1*09:01	0.0	0.110367745	0.5767219	0.5858508
DPB1*04:02	0.0	0.0	0.27517167	0.17101867
DQA1*05:01-DQB1*03:02	0.0	0.28122795	0.6109318	0.55905354
DRB1*01:01	0.0	0.5997392	0.72174484	0.65618134
DQA1*01:01-DQB1*05:01	0.0	0.0	0.41817054	0.37154776
DRB5*01:01	0.0	0.1061051	0.34975165	0.30951566
DRB3*03:01	0.0	0.6545521	0.40219405	0.41839308
DRB1*07:01	0.0	0.0	0.2982128	0.3115852
DRB1*07:01	0.0	0.29749924	0.29900384	0.26645005
DRB1*07:01	0.0	0.44624886	0.28914616	0.25067645
DPA1*02:01-DPB1*01:01	0.0	0.0	0.2797986	0.2446456
DQA1*01:02-DQB1*05:01	0.0	0.5639006	0.33237246	0.33745435
DRB3*01:01	0.0	0.23815264	0.27780166	0.17868458
DRB1*13:01	0.0	0.7560895	0.5623231	0.6204153
DQA1*02:01-DQB1*03:03	0.0	0.5480176	0.2742673	0.21117169
DRB1*10:01	0.0	0.02062367	0.27837673	0.15794657
DRB1*07:01	0.0	0.40411848	0.3029755	0.39072552
DRB1*07:01	0.0	0.21536133	0.29227048	0.2725041
DRB3*02:02	0.0	0.42041433	0.31707475	0.33235174
DRB1*04:01	0.0	0.5027719	0.3414338	0.4511877
DRB4*01:03	0.0	0.51408476	0.3105937	0.33959305
DRB4*01:03	0.0	0.084686644	0.2834374	0.21585688
DRB1*11:01	0.0	0.084686644	0.4201287	0.47152615
DRB1*11:01	0.0	0.37129998	0.38914973	0.4215824
DQA1*06:01-DQB1*04:02	0.0	0.25189054	0.3831877	0.36068383
DQA1*02:01-DQB1*03:03	0.0	0.084686644	0.27503285	0.15860662
DRB1*04:04	0.0	0.56812155	0.6563583	0.58551073
DRB1*07:01	0.0	0.5716429	0.3124552	0.3761326
DRB1*07:01	0.0	0.71861506	0.7224976	0.6520854
DRB1*04:04	0.0	0.084686644	0.27709278	0.20349582
DRB1*08:01	0.0	0.6796851	0.6027295	0.5703818
DRB1*04:04	0.0	0.084686644	0.27947468	0.24892382
DRB1*03:01	0.0	0.21673967	0.2787931	0.20398965
DRB1*08:02	1.0	0.835953	0.49910882	0.53947556
DRB1*04:01	0.0	0.0	0.34582317	0.346144
DPA1*02:01-DPB1*05:01	0.0	0.0	0.30370104	0.33858928
DRB1*11:01	0.0	0.084686644	0.40382212	0.34899265
DRB1*11:01	0.0	0.43999562	0.31323013	0.28625724
DRB1*03:01	0.0	0.0	0.29967445	0.37905908
DRB5*01:01	0.0	0.39192367	0.3884332	0.41119397
DRB1*09:01	0.0	0.7062737	0.4689386	0.5014906
DQA1*02:01-DQB1*03:03	0.0	0.084686644	0.27881667	0.30221817
DRB1*14:54	0.0	0.56641	0.4757107	0.55224717
DRB1*07:01	0.0	0.74971294	0.5506391	0.6037428
DRB1*07:01	0.0	0.60866976	0.33826435	0.42767793
DRB1*04:04	1.0	0.85125035	0.6553514	0.62904215
DRB1*11:01	0.0	0.43393633	0.32517865	0.3975489
DRB1*08:02	0.0	0.0	0.52690536	0.5088326
DRB3*02:02	0.0	0.43095148	0.29600748	0.3133297
DRB3*01:01	0.0	0.38500103	0.4111745	0.3284785
DRB1*08:02	0.0	0.040685847	0.27764532	0.23202497
DQA1*05:01-DQB1*03:03	0.0	0.5145674	0.30052277	0.33458462
DRB1*04:04	0.0	0.084686644	0.2970921	0.27956972
DRB1*10:01	0.0	0.0	0.6021915	0.52851355
DRB3*01:01	0.0	0.60866976	0.28117156	0.18813914
DRB1*04:01	0.0	0.26283994	0.5037962	0.3652655
DRB3*01:01	0.0	0.084686644	0.2744681	0.22930081
DRB1*11:01	0.0	0.7969252	0.7220655	0.6060444
DRB3*01:01	0.0	0.0	0.274401	0.22530815
DRB1*01:01	0.0	0.7437481	0.5801106	0.6248337
DPA1*03:01-DPB1*04:02	0.0	0.0	0.28258058	0.24779095
DRB1*08:01	0.0	0.084686644	0.27678394	0.17886229
DRB1*09:01	0.0	0.39652932	0.28479278	0.27004462
DRB1*04:01	0.0	0.31760448	0.33384174	0.44684947
DRB1*04:01	0.0	0.00628743	0.2795874	0.2592582
DRB1*08:01	0.0	0.18694313	0.27603918	0.19978473
DPA1*01:03-DPB1*02:01	0.0	0.0	0.3212887	0.33779037
DRB1*04:04	0.0	0.16161007	0.27766305	0.23719801
DRB1*15:01	0.0	0.60220397	0.71724343	0.66327083
DRB1*03:01	0.0	0.7278651	0.38217494	0.449305
DQA1*01:02-DQB1*05:01	0.0	0.084686644	0.2868662	0.28240034
DRB1*08:01	0.0	0.36361822	0.2880092	0.28780788
DRB5*01:01	0.0	0.46658415	0.31131384	0.20979078
DRB1*04:04	0.0	0.084686644	0.27647913	0.20686348
DRB1*15:01	0.0	0.1655819	0.29228327	0.23194624
DQA1*01:01-DQB1*05:01	0.0	0.0	0.28583768	0.22133328
DRB1*08:02	0.0	0.0	0.45706216	0.459594
DQA1*05:01-DQB1*04:02	0.0	0.34153196	0.2786543	0.16402279
DPA1*03:01-DPB1*04:02	0.0	0.0	0.2755245	0.19216782
DRB3*02:02	0.0	0.0	0.29063123	0.2831971
DRB1*03:01	0.0	0.0	0.2937086	0.25597498
DRB1*01:01	0.0	0.6545521	0.32496873	0.36172462
DRB1*07:01	1.0	0.87187403	0.6806561	0.6201805
DRB3*02:02	0.0	0.3938695	0.3436019	0.32378405
DRB4*01:03	0.0	0.084686644	0.29924443	0.29060927
DRB1*04:04	0.0	0.4900586	0.27837256	0.25432146
DRB1*09:01	0.0	0.6768411	0.28629234	0.25051636
DQA1*05:01-DQB1*03:03	0.0	0.45026276	0.35084733	0.37434685
DRB1*14:54	0.0	0.7703366	0.5224913	0.55745965
DRB1*07:01	0.0	0.35909986	0.3022074	0.3072725
DRB4*01:01	0.0	0.5107751	0.2757837	0.23308098
DQA1*02:01-DQB1*03:01	0.0	0.3242111	0.27879658	0.2522736
DPA1*02:01-DPB1*05:01	0.0	0.0	0.39444485	0.34368008
DQA1*05:01-DQB1*03:02	0.0	0.41564742	0.28028545	0.33511144
DRB3*03:01	0.0	0.6796851	0.44225258	0.5346519
DQA1*05:01-DQB1*03:02	0.0	0.19373979	0.40988997	0.38138196
DRB1*08:01	0.0	0.62472034	0.5999764	0.5508829
DRB1*07:01	0.0	0.46687254	0.34925035	0.38792178
DRB1*03:01	0.0	0.6714029	0.28345403	0.2559349
DRB3*02:02	0.0	0.5997392	0.2920308	0.275756
DRB1*11:01	0.0	0.2473221	0.34926292	0.32018226
DRB3*03:01	1.0	0.83439964	0.36751378	0.42792743
DQA1*02:01-DQB1*03:01	0.0	0.19628587	0.27483743	0.17072171
DRB4*01:01	0.0	0.29749924	0.48068258	0.49858105
DRB3*02:02	0.0	0.084686644	0.2922873	0.2855543
DQA1*02:01-DQB1*04:02	0.0	0.084686644	0.28977984	0.28178948
DRB1*13:02	1.0	0.8375329	0.46194333	0.54041725
DRB1*04:04	0.0	0.22218141	0.49560833	0.51961625
DRB1*07:01	0.0	0.16548216	0.33155638	0.3473777
DQA1*03:01-DQB1*03:01	0.0	0.084686644	0.37081644	0.41503415
DQA1*05:01-DQB1*04:02	0.0	0.4008096	0.27961788	0.27065718
DRB3*01:01	0.0	0.59048915	0.34597877	0.35740685
DRB1*11:01	0.0	0.54131734	0.32715422	0.36050552
DRB1*07:01	0.0	0.12772754	0.39278537	0.52016455
DRB5*01:01	0.0	0.0	0.359502	0.32459638
DQA1*01:02-DQB1*05:01	0.0	0.21361087	0.27962503	0.2174715
DRB1*07:01	1.0	0.84586495	0.7202555	0.65895605
DRB5*01:01	0.0	0.084686644	0.3866244	0.40810934
DRB1*08:01	0.0	0.17421132	0.27828458	0.18350418
DRB1*04:01	0.0	0.0	0.2793299	0.2196007
DRB5*01:01	0.0	0.36156222	0.4221617	0.5011574
DRB5*01:01	0.0	0.29749924	0.36703977	0.250612
DRB3*01:01	0.0	0.084686644	0.28080076	0.15648623
DQA1*03:01-DQB1*03:01	0.0	0.0	0.28167006	0.27709612
DPA1*02:01-DPB1*05:01	0.0	0.0	0.293762	0.24271333
DRB1*04:05	0.0	0.084686644	0.2859709	0.3745433
DRB1*04:01	1.0	0.8569691	0.71389174	0.6132162
DRB1*08:02	1.0	1.0	0.7143949	0.63979626
DQA1*01:01-DQB1*05:01	0.0	0.0	0.35030574	0.26274055
DRB1*11:01	0.0	0.47439077	0.31657684	0.3280969
DRB1*13:02	0.0	0.0	0.3642248	0.34681582
DQA1*02:01-DQB1*03:01	0.0	0.4159799	0.2767722	0.25399417
DRB1*11:01	0.0	0.084686644	0.42659613	0.50374943
DQA1*05:01-DQB1*02:01	0.0	0.35847205	0.28029874	0.27655122
DRB5*01:01	0.0	0.084686644	0.31984672	0.24029158
DRB1*07:01	0.0	0.7062737	0.4335951	0.5497951
DRB1*07:01	1.0	0.8984626	0.7224979	0.63384247
DRB1*09:01	0.0	0.2877291	0.29544136	0.32799673
DRB1*03:01	0.0	0.0	0.4407389	0.44163826
DRB1*03:01	0.0	0.0	0.41114703	0.4214061
DRB4*01:03	0.0	0.41048458	0.30066654	0.29469588
DRB3*03:01	0.0	0.29467762	0.35937184	0.33477387
DRB1*07:01	0.0	0.0	0.29314262	0.27047208
DRB3*02:02	0.0	0.084686644	0.2960265	0.3056866
DRB4*01:01	0.0	0.084686644	0.28829917	0.23589684
DQA1*05:01-DQB1*02:01	0.0	0.1286896	0.2850157	0.25125504
DRB4*01:03	0.0	0.40123454	0.3398964	0.34937847
DRB3*01:01	0.0	0.0	0.34148017	0.28092137
DRB1*14:54	0.0	0.43017152	0.41594425	0.4201877
DQA1*01:03-DQB1*06:03	0.0	0.084686644	0.27444655	0.20657861
DQA1*05:01-DQB1*02:01	0.0	0.5247903	0.2836274	0.2876096
DRB1*04:01	0.0	0.39652932	0.32769203	0.34726778
DRB5*01:01	0.0	0.2721201	0.4499543	0.46999907
DQB1*05:01	0.0	0.0	0.2815235	0.22922996
DQA1*02:01-DQB1*03:03	0.0	0.5205645	0.5849963	0.5412253
DRB1*04:04	0.0	0.6441565	0.27790904	0.2559064
DRB1*08:01	0.0	0.50192404	0.6071036	0.52904755
DRB3*01:01	0.0	0.0	0.27811506	0.2810871
DRB1*09:01	0.0	0.4631921	0.37957197	0.3797196
DQA1*02:01-DQB1*03:03	0.0	0.2638298	0.27597094	0.18952455
DQA1*05:01-DQB1*03:03	0.0	0.20685351	0.2740531	0.21291423
DQA1*05:01-DQB1*03:01	0.0	0.0	0.2762729	0.18279925
DQA1*01:03-DQB1*06:03	0.0	0.29936644	0.28071195	0.27415276
DRB1*13:02	0.0	0.5997392	0.29636323	0.28202793
DRB1*09:01	0.0	0.43999562	0.27945852	0.28481588
DRB1*13:01	0.0	0.7062737	0.3526045	0.38366613
DRB1*07:01	0.0	0.0	0.28796044	0.24175847
DQA1*02:01-DQB1*04:02	1.0	0.85125035	0.27657428	0.28683674
DRB1*04:05	0.0	0.0	0.27771607	0.16148913
DRB1*04:04	0.0	0.52642614	0.27965173	0.25405672
DRB1*09:01	0.0	0.52587765	0.31237593	0.34439015
DQA1*02:01-DQB1*03:03	0.0	0.4488261	0.35888845	0.31440455
DRB1*11:01	0.0	0.60096335	0.31648457	0.34942982
DRB1*03:01	0.0	0.32213682	0.45956892	0.43166196
DRB3*03:01	0.0	0.68261945	0.4321554	0.5034256
DPB1*04:01	0.0	0.0	0.28438538	0.2574508
DQA1*02:01-DQB1*03:01	0.0	0.5286533	0.28312668	0.25636908
DRB3*02:02	0.0	0.28342393	0.28216907	0.22524197
DRB1*09:01	0.0	0.5089358	0.27824128	0.2615564
DQA1*05:01-DQB1*04:02	0.0	0.29382992	0.27441555	0.21532327
DQA1*01:02-DQB1*05:01	0.0	0.6366076	0.39576542	0.41741815
DRB4*01:01	0.0	0.0	0.27523544	0.1810019
DRB1*01:01	0.0	0.50066656	0.3256914	0.37945107
DRB1*11:01	0.0	0.084686644	0.31658977	0.2668086
DRB1*03:01	0.0	0.7328622	0.2914307	0.27179235
DRB4*01:03	0.0	0.41302997	0.28898117	0.28202963
DRB1*03:01	0.0	0.5508399	0.28928047	0.27528358
DRB3*02:02	0.0	0.4660101	0.7063703	0.60353017
DRB1*08:02	0.0	0.40877444	0.34341067	0.3711674
DQA1*02:01-DQB1*04:02	0.0	0.166821	0.27452633	0.2029513
DRB1*08:02	0.0	0.084686644	0.2824424	0.27338213
DQA1*05:01-DQB1*03:02	0.0	0.19478327	0.2747139	0.20733339
DRB5*01:01	0.0	0.5791155	0.37093195	0.35083076
DRB3*02:02	0.0	0.7919281	0.5588032	0.59376603
DRB1*04:01	0.0	0.0	0.2789964	0.23067099
DRB3*01:01	0.0	0.0	0.28448695	0.15002188
DRB1*08:02	1.0	0.83439964	0.45592713	0.5201086
DPA1*01:03-DPB1*02:01	0.0	0.53814095	0.43553174	0.4779569
DRB5*01:01	0.0	0.5672618	0.3371814	0.3302505
DRB1*03:01	0.0	0.30165803	0.28568462	0.2917973
DRB4*01:03	0.0	0.55599636	0.29917935	0.3390301
DRB5*01:01	1.0	0.85125035	0.5863723	0.6228838
DRB4*01:03	0.0	0.55228406	0.28955913	0.26432872
DRB1*11:01	0.0	0.084686644	0.31109706	0.25196132
DRB1*11:01	0.0	0.23052506	0.3092362	0.27349132
DRB1*09:01	0.0	0.2914189	0.27464184	0.21014787
DRB1*04:04	0.0	0.35479218	0.2787631	0.2611955
DRB3*02:02	0.0	0.3144425	0.28464887	0.22560877
DRB1*04:01	0.0	0.23530346	0.27567837	0.19592874
DQA1*02:01-DQB1*04:02	0.0	0.49462363	0.48571432	0.48965073
DRB1*03:01	0.0	0.26249123	0.28147584	0.22121984
DRB1*13:01	0.0	0.6887833	0.45440298	0.5159588
DRB1*09:01	0.0	0.5226533	0.27586716	0.16811034
DQA1*05:01-DQB1*03:02	0.0	0.41048458	0.28390926	0.26134014
DRB1*09:01	0.0	0.5606573	0.56896925	0.5703503
DRB1*08:01	0.0	0.11854728	0.27448696	0.19476217
DRB3*01:01	0.0	0.31366858	0.27508113	0.19108255
DQA1*05:01-DQB1*03:02	0.0	0.30894718	0.28068018	0.16424128
DPB1*04:02	0.0	0.084686644	0.27757663	0.25157452
DRB1*01:01	0.0	0.39400068	0.49914405	0.59623075
DQA1*01:03-DQB1*06:03	0.0	0.22220187	0.35228473	0.37645686
DRB1*07:01	0.0	0.3620255	0.29822102	0.33930334
DRB4*01:03	0.0	0.22120467	0.2839072	0.20114107
DRB1*13:02	0.0	0.5791155	0.4217923	0.49016064
DQA1*01:01-DQB1*05:01	0.0	0.0	0.27448994	0.19204259
DQA1*05:01-DQB1*03:02	0.0	0.16286129	0.27552465	0.24571784
DQA1*05:01-DQB1*03:03	0.0	0.4439667	0.28682074	0.28897154
DRB5*01:01	0.0	0.7560895	0.7057179	0.6566614
DRB1*11:01	0.0	0.35351264	0.3169985	0.28759387
DRB1*11:01	1.0	0.93593705	0.71943855	0.6271957
DRB1*04:04	0.0	0.33838627	0.2821423	0.28634936
DQA1*01:01-DQB1*05:01	0.0	0.0	0.27473357	0.18854235
DRB3*01:01	0.0	0.0	0.28117236	0.1523453
DRB3*01:01	0.0	0.084686644	0.5269383	0.56116146
DRB1*04:04	0.0	0.43681195	0.27735114	0.23560306
DRB1*01:01	0.0	0.559864	0.31122637	0.29089957
DRB3*03:01	0.0	0.47565255	0.39195853	0.40755036
DRB1*11:01	0.0	0.33632362	0.32095852	0.3045063
DRB1*15:01	0.0	0.23651381	0.34086925	0.36602995
DRB1*15:01	1.0	0.8078111	0.35785398	0.38377067
DRB1*08:02	0.0	0.31668997	0.27765235	0.22145975
DRB1*04:01	0.0	0.0	0.281181	0.26475608
DQA1*01:02-DQB1*05:01	0.0	0.6614014	0.40355662	0.46381062
DRB3*03:01	0.0	0.44906402	0.34076563	0.3181044
DRB4*01:03	0.0	0.14939886	0.2881356	0.22372761
DRB3*01:01	0.0	0.084686644	0.28556427	0.27002192
DRB1*03:01	0.0	0.5949985	0.2958042	0.3238511
DRB1*13:02	0.0	0.6887833	0.48083252	0.5511245
DQA1*02:01-DQB1*03:03	0.0	0.43056068	0.27731493	0.26732898
DRB3*01:01	0.0	0.23269983	0.274358	0.19622436
DRB1*04:03	0.0	0.37550178	0.3122818	0.29558796
DQA1*03:03-DQB1*04:02	0.0	0.48257518	0.6019853	0.5980414
DRB1*04:04	1.0	0.8078111	0.30526277	0.38057554
DRB1*08:02	1.0	1.0	0.3014219	0.42383704
DRB1*11:01	0.0	0.27403602	0.67242336	0.6510401
DRB1*13:01	0.0	0.60866976	0.53364253	0.5829991
DRB1*04:04	0.0	0.7437481	0.30813497	0.29284582
DRB3*02:02	0.0	0.1589197	0.32495904	0.3117865
DRB3*02:02	0.0	0.0	0.4621343	0.44799447
DRB1*15:01	0.0	0.17166586	0.33686045	0.33886713
DRB1*11:01	0.0	0.5820812	0.32997864	0.35013747
DQA1*05:01-DQB1*04:02	0.0	0.51312697	0.276207	0.21133676
DRB1*11:01	0.0	0.34689355	0.3111951	0.30188307
DRB1*04:05	0.0	0.41465718	0.5547865	0.59492964
DRB1*11:01	0.0	0.33541372	0.32755023	0.34124622
DQA1*01:02-DQB1*05:01	0.0	0.38230148	0.2837749	0.23200408
DRB1*03:03	0.0	0.0	0.34482637	0.33776128
DQA1*05:01-DQB1*04:02	0.0	0.4747046	0.28075293	0.290138
DRB1*03:01	0.0	0.0	0.28307465	0.21524718
DRB1*08:02	0.0	0.0	0.27982965	0.23830754
DQA1*02:01-DQB1*03:01	0.0	0.4686219	0.3074792	0.36891335
DRB3*01:01	0.0	0.084686644	0.27426422	0.20422333
DQA1*02:01-DQB1*03:03	0.0	0.24134381	0.27581438	0.17797263
DRB4*01:01	0.0	0.0	0.27510098	0.17824578
DRB1*04:01	0.0	0.070674844	0.60788405	0.4716383
DRB1*15:01	0.0	0.4220003	0.29351157	0.24557783
DQA1*02:01-DQB1*03:01	0.0	0.084686644	0.2764154	0.2520473
DQA1*03:03-DQB1*04:02	0.0	0.5375186	0.4238578	0.42318058
DRB1*07:01	0.0	0.71020716	0.30569032	0.33595657
DRB5*01:01	0.0	0.0	0.38688865	0.39810216
DRB1*11:01	0.0	0.6366076	0.72274905	0.64370424
DQA1*02:01-DQB1*03:01	0.0	0.29936644	0.2785426	0.23655908
DQA1*05:01-DQB1*03:02	0.0	0.42253503	0.59931976	0.59661317
DQA1*03:03-DQB1*04:02	0.0	0.4822335	0.30056974	0.34238315
DRB1*08:02	0.0	0.0	0.35198328	0.35571083
DPA1*01:03-DPB1*04:01	0.0	0.0	0.39999333	0.34995413
DRB1*14:54	0.0	0.19425249	0.32958454	0.33593774
DRB1*04:01	0.0	0.23495048	0.28147832	0.27383697
DRB1*03:01	0.0	0.5350701	0.28299576	0.25609532
DRB3*03:01	0.0	0.51554024	0.40425885	0.447346
DRB3*02:02	0.0	0.084686644	0.30201977	0.31978688
DRB1*03:01	0.0	0.0	0.29666775	0.30687803
DRB3*01:01	0.0	0.084686644	0.4308886	0.41188198
DQA1*05:01-DQB1*04:02	0.0	0.30292347	0.2750282	0.19296002
DRB1*04:01	0.0	0.120759994	0.3005199	0.35045186
DRB5*01:01	0.0	0.74971294	0.44142422	0.49833518
DRB1*04:01	0.0	0.4969936	0.5648464	0.47168744
DQA1*03:01-DQB1*03:02	0.0	0.0	0.44546747	0.4116685
DQA1*03:03-DQB1*04:02	0.0	0.30682716	0.28340113	0.3117694
DRB1*04:01	0.0	0.41400284	0.2909132	0.33259296
DRB1*13:01	0.0	0.116484046	0.53967834	0.6013152
DPA1*01:03-DPB1*04:01	0.0	0.0	0.4220011	0.3956557
DRB1*15:01	0.0	0.5791155	0.3487826	0.47159123
DRB1*12:01	0.0	0.21813887	0.3291523	0.29286474
DQA1*03:01-DQB1*03:02	0.0	0.0	0.30173847	0.272044
DRB1*09:01	0.0	0.0	0.27790326	0.17402975
DRB1*07:01	0.0	0.68261945	0.34922215	0.4265409
DRB1*11:01	0.0	0.084686644	0.29299954	0.20372444
DRB1*03:01	0.0	0.0	0.36321723	0.3270299
DRB1*04:01	0.0	0.141312	0.55470294	0.5788789
DRB1*07:01	0.0	0.5707499	0.32093698	0.345613
DRB1*04:04	0.0	0.37038034	0.28423196	0.31357628
DQA1*02:01-DQB1*03:03	0.0	0.61707765	0.54506767	0.49998972
DQA1*06:01-DQB1*04:02	0.0	0.2721552	0.27441788	0.18919721
DRB1*09:01	0.0	0.5743748	0.29942924	0.29185277
DRB1*09:01	0.0	0.6296289	0.47779703	0.5046812
DRB4*01:03	0.0	0.61562216	0.32888004	0.36111867
DRB1*03:01	0.0	0.0	0.3431671	0.3276523
DRB1*13:02	0.0	0.0	0.29446393	0.26158518
DRB1*14:54	0.0	0.4911789	0.34216458	0.42741758
DRB3*02:02	0.0	0.2494956	0.31466672	0.34861788
DPA1*01:03-DPB1*03:01	1.0	0.84077615	0.5419737	0.573197
DRB1*04:04	0.0	0.1003619	0.28135568	0.24215445
DQA1*05:01-DQB1*03:03	0.0	0.3902698	0.2745902	0.17008927
DRB1*13:01	0.0	0.47010547	0.3943069	0.42768398
DRB3*03:01	0.0	0.59616107	0.7178129	0.6526519
DQA1*05:01-DQB1*03:03	0.0	0.3371006	0.29845816	0.26949337
DRB1*14:54	0.0	0.3656244	0.29116607	0.23374735
DRB1*09:01	0.0	0.4759707	0.27577373	0.24881664
DRB1*15:01	0.0	0.0	0.2897614	0.24109851
DQB1*02:01	0.0	0.0	0.27652684	0.19448292
DRB1*14:54	0.0	0.39413205	0.30057108	0.28068715
DQA1*03:01-DQB1*03:02	0.0	0.0	0.33111572	0.4071206
DRB1*11:01	0.0	0.084686644	0.31570995	0.31669253
DRB1*11:01	0.0	0.5743748	0.32401815	0.3038334
DRB1*15:01	0.0	0.40709534	0.4527488	0.4700181
DQA1*02:01-DQB1*03:01	0.0	0.084686644	0.29772377	0.2960008
DRB1*03:01	0.0	0.42111585	0.31183782	0.3898381
DRB1*08:02	0.0	0.20316729	0.30984083	0.37176198
DRB1*01:01	1.0	0.9911911	0.722859	0.6525836
DRB1*01:01	1.0	1.0	0.72292995	0.6174421
DRB1*08:01	0.0	0.5375186	0.27729493	0.29929286
DRB4*01:01	0.0	0.14492941	0.32268327	0.40782756
DRB1*04:01	0.0	0.121404015	0.27968937	0.23584056
DRB5*01:01	0.0	0.7969252	0.34759986	0.36669677
DRB3*01:01	0.0	0.22372854	0.28481537	0.2960258
DRB1*09:01	0.0	0.55012625	0.27497593	0.20964953
DRB3*01:01	0.0	0.21071094	0.5025633	0.48750016
DQA1*01:02-DQB1*05:01	1.0	0.8201525	0.68749523	0.6378727
DRB1*14:54	0.0	0.6461442	0.7187684	0.611485
DRB1*13:01	0.0	0.084686644	0.30301625	0.21088913
DRB1*03:01	0.0	0.084686644	0.38725778	0.3773266
DRB1*13:01	0.0	0.12871936	0.5046259	0.40507647
DRB1*13:02	0.0	0.084686644	0.29937974	0.26225272
DRB3*02:02	0.0	0.32371882	0.2829558	0.23409757
DRB1*08:01	0.0	0.5771899	0.46495968	0.46661377
DQA1*02:01-DQB1*04:02	0.0	0.39426363	0.2981887	0.33941528
DRB1*11:01	0.0	0.28326532	0.40055925	0.37692258
DRB1*11:01	1.0	1.0	0.43651354	0.47347847
DRB1*13:01	1.0	0.83439964	0.46603775	0.5021083
DRB1*13:01	0.0	0.61562216	0.7227763	0.6637906
DQA1*05:01-DQB1*03:03	0.0	0.31074288	0.27430987	0.2037952
DRB1*13:02	1.0	0.8695919	0.67816997	0.64247847
DQA1*02:01-DQB1*03:03	0.0	0.32341248	0.36574835	0.38977334
DRB1*04:01	0.0	0.0	0.27653408	0.19304134
DRB1*13:02	0.0	0.0	0.2837122	0.19797005
DRB1*07:01	0.0	0.48326233	0.3898547	0.49232146
DRB1*11:01	0.0	0.0	0.3344826	0.32610303
DRB4*01:01	0.0	0.18053398	0.27528444	0.2159079
DRB1*04:01	0.0	0.12482866	0.28416675	0.32636175
DRB4*01:01	0.0	0.0	0.27755237	0.21455836
DRB1*12:01	0.0	0.0	0.2751858	0.23907627
DRB1*03:01	0.0	0.0	0.31121174	0.3618443
DRB1*07:01	0.0	0.38607922	0.30228084	0.3208967
DPA1*02:01-DPB1*01:01	0.0	0.27062234	0.33423206	0.42304504
DRB1*07:01	0.0	0.0	0.29424533	0.31949642
DQA1*05:01-DQB1*04:02	0.0	0.45395526	0.27696255	0.18675421
DRB1*11:01	0.0	0.0	0.43407655	0.51427835
DRB1*11:01	0.0	0.36620566	0.33426285	0.37127322
DRB1*08:01	0.0	0.18747559	0.27437168	0.22824344
DRB1*03:02	0.0	0.0	0.3065085	0.30319482
DRB1*07:01	0.0	0.31026414	0.28340542	0.21148269
DRB1*03:01	0.0	0.25898322	0.2830004	0.26362878
DPA1*02:01-DPB1*05:01	0.0	0.2463339	0.2882696	0.3990492
DRB3*01:01	0.0	0.20655936	0.2816166	0.15432404
DRB4*01:03	0.0	0.3155032	0.29498386	0.28636587
DRB1*03:01	0.0	0.6662669	0.33834532	0.33859855
DRB1*11:01	0.0	0.0	0.30012095	0.24234946
DRB4*01:01	0.0	0.52642614	0.5391147	0.4333191
DQA1*06:01-DQB1*04:02	0.0	0.084686644	0.27446684	0.2092868
DQA1*05:01-DQB1*04:02	0.0	0.084686644	0.27451438	0.21379629
DQA1*03:03-DQB1*04:02	0.0	0.084686644	0.27614874	0.18121107
DRB1*03:01	0.0	0.49155536	0.3782844	0.3364836
DRB1*07:01	0.0	0.2944985	0.2895214	0.2746829
DRB4*01:03	0.0	0.084686644	0.28797385	0.243801
DRB1*11:01	0.0	0.0	0.31604305	0.32750043
DQA1*01:02-DQB1*06:02	0.0	0.0	0.27576348	0.1920121
DRB3*03:01	0.0	0.674082	0.6568692	0.6500263
DRB1*01:01	0.0	0.62472034	0.34092698	0.44358033
DRB1*07:01	0.0	0.7062737	0.54033613	0.58918643
DQA1*01:03-DQB1*06:03	0.0	0.084686644	0.27742645	0.25123358
DRB1*14:54	0.0	0.16269992	0.29480568	0.25180298
DRB1*03:01	0.0	0.5707499	0.4157342	0.42203823
DRB1*03:01	0.0	0.2912892	0.30068707	0.29611227
DRB1*13:01	0.0	0.2983348	0.31513813	0.24536581
DQA1*01:01-DQB1*05:01	0.0	0.0	0.27451283	0.18323898
DRB1*15:01	0.0	0.0	0.31092766	0.32533538
DRB5*01:01	1.0	1.0	0.39047116	0.48580164
DPA1*01:03-DPB1*04:01	0.0	0.37295786	0.67648447	0.5771624
DRB1*13:02	0.0	0.0	0.29275924	0.23512669
DRB1*04:04	0.0	0.5237156	0.5579508	0.5366541
DRB3*03:01	0.0	0.5350701	0.50005174	0.587481
DRB4*01:03	0.0	0.5332755	0.7081404	0.64871645
DQA1*02:01-DQB1*04:02	0.0	0.26070508	0.2792347	0.15836352
DRB1*09:01	0.0	0.5781477	0.2822468	0.30197525
DRB5*01:01	0.0	0.6073399	0.42316568	0.4992715
DQA1*05:01-DQB1*03:03	0.0	0.4805438	0.27452332	0.18759207
DRB4*01:01	0.0	0.29463282	0.27730665	0.24392778
DRB3*02:02	0.0	0.0	0.28143948	0.20909137
DQA1*03:01-DQB1*03:02	0.0	0.084686644	0.27470812	0.17166014
DRB1*04:05	0.0	0.21120009	0.27445632	0.19573511
DQA1*03:03-DQB1*04:02	0.0	0.48087928	0.44506526	0.48585367
DRB1*08:01	0.0	0.17750764	0.27562308	0.24437936
DRB5*01:01	0.0	0.0	0.3407584	0.30175215
DQA1*05:01-DQB1*03:02	0.0	0.2796907	0.28097835	0.15203914
DRB1*07:01	0.0	0.5446068	0.55318373	0.6075475
DRB1*07:01	1.0	0.8673647	0.7226686	0.6553644
DQA1*05:01-DQB1*03:02	0.0	0.34840417	0.27504218	0.23786074
DRB1*07:01	0.0	0.54527897	0.2907566	0.26286128
DRB1*07:01	0.0	0.32046288	0.29869032	0.30005074
DQA1*05:01-DQB1*04:02	0.0	0.5487152	0.31036466	0.287795
DQA1*01:02-DQB1*05:01	1.0	0.85125035	0.3868088	0.4107865
DRB1*09:01	0.0	0.5949985	0.27754006	0.25289923
DPA1*01:03-DPB1*04:01	0.0	0.0	0.2784409	0.20150773
DRB1*11:01	0.0	0.74971294	0.42505795	0.46876845
DRB1*15:01	0.0	0.14696471	0.29365996	0.26157695
DQA1*02:01-DQB1*04:02	0.0	0.5040586	0.58222383	0.5626894
DRB5*01:01	0.0	0.3519169	0.3515832	0.3372781
DRB5*01:02	0.0	0.02062367	0.29428095	0.22871825
DRB1*15:01	0.0	0.035435136	0.30112556	0.30552247
DQA1*05:01-DQB1*03:02	0.0	0.084686644	0.27554575	0.2283976
DRB4*01:03	0.0	0.28542972	0.30620202	0.2916409
DRB1*11:01	0.0	0.5552419	0.30794626	0.25232473
DQA1*05:01-DQB1*03:02	0.0	0.48121598	0.27753943	0.269279
DRB1*03:01	0.0	0.28941578	0.38053745	0.43277848
DRB1*07:01	0.0	0.5707499	0.30086094	0.30588105
DRB3*01:01	0.0	0.34250444	0.2743258	0.19869778
DRB3*01:01	1.0	0.8078111	0.27468848	0.21909148
DRB1*04:05	0.0	0.5446068	0.5262261	0.5253339
DRB4*01:01	0.0	0.5010838	0.6180546	0.587963
DQA1*03:01-DQB1*03:02	0.0	0.084686644	0.28156585	0.22078523
DQA1*01:02-DQB1*05:01	0.0	0.6714029	0.29050377	0.29859653
DRB1*14:54	0.0	0.33838627	0.30398268	0.23725173
DRB1*11:01	1.0	1.0	0.7230511	0.6551478
DPA1*01:03-DPB1*04:01	0.0	0.0	0.28219527	0.23187748
DRB1*01:01	0.0	0.0	0.3106358	0.26724237
DRB1*09:01	0.0	0.24353416	0.27740857	0.23748493
DQA1*05:01-DQB1*04:02	0.0	0.521603	0.2769239	0.28216898
DRB1*03:01	0.0	0.7629388	0.47271386	0.56533474
DRB4*01:03	0.0	0.44240203	0.29314476	0.25855672
DRB3*02:02	0.0	0.084686644	0.28687426	0.23883143
DRB1*01:01	0.0	0.0	0.35002506	0.33259672
DRB1*01:01	0.0	0.13543138	0.30442017	0.2922282
DRB1*01:01	0.0	0.4728374	0.30065674	0.23770231
DRB1*04:05	0.0	0.32831106	0.2778839	0.24261853
DRB1*04:04	0.0	0.5552419	0.29117185	0.3470593
DRB3*02:02	0.0	0.0	0.28404874	0.21632499
DQA1*06:01-DQB1*04:02	0.0	0.084686644	0.41876957	0.43469998
DRB1*09:01	0.0	0.5075799	0.28127208	0.28420302
DRB1*15:01	0.0	0.11073455	0.28957057	0.20836662
DRB1*07:01	1.0	1.0	0.45721033	0.5429721
DRB1*08:01	0.0	0.42882225	0.2787944	0.25757468
DRB1*11:01	0.0	0.61562216	0.32887667	0.38351732
DRB1*01:01	0.0	0.60220397	0.35351193	0.3408545
DQA1*02:01-DQB1*03:01	0.0	0.674082	0.27853134	0.23112527
DQA1*01:01-DQB1*05:01	0.0	0.0	0.28578088	0.2703247
DRB1*11:01	1.0	0.8984626	0.7231348	0.67683554
DRB5*01:01	0.0	0.66380215	0.3660682	0.38788068
DQA1*06:01-DQB1*04:02	0.0	0.2843412	0.29704723	0.3333928
DRB1*07:01	0.0	0.6441565	0.34435534	0.41197455
DRB1*03:01	0.0	0.30248347	0.2958035	0.27381206
DQB1*03:01	0.0	0.121321544	0.27440482	0.19197649
