HLA	label	affinity	cls_prob	reg_yhat
DRB1*14:54	0.0	0.6887833	0.728183	0.6994945
DQA1*02:01-DQB1*04:02	0.0	0.084686644	0.27181295	0.31800148
DQA1*05:01-DQB1*04:02	0.0	0.35368222	0.27224556	0.28016183
DQA1*01:01-DQB1*05:01	0.0	0.0	0.2722119	0.07112968
DQA1*05:01-DQB1*03:03	0.0	0.44906402	0.27251118	0.24326465
DRB1*11:01	0.0	0.084686644	0.27420035	0.19510463
DQA1*05:01-DQB1*04:02	0.0	0.69887584	0.272229	0.25629488
DQA1*02:01-DQB1*03:01	0.0	0.35225058	0.27276444	0.29553172
DQA1*05:01-DQB1*03:01	0.0	0.45445895	0.5264924	0.53798497
DRB1*07:01	0.0	0.398852	0.4496467	0.4906532
DRB1*04:01	0.0	0.43032697	0.27425894	0.3243988
DRB1*01:01	0.0	0.0	0.44426745	0.43766168
DRB5*01:01	0.0	0.4911789	0.44031078	0.3761588
DRB1*14:54	0.0	0.2438957	0.27576593	0.34827486
DRB1*04:01	0.0	0.10080097	0.27608564	0.39483604
DRB1*09:01	0.0	0.21467979	0.2720626	0.21668726
DRB1*09:01	0.0	0.6614014	0.37249133	0.48350206
DRB1*11:01	1.0	0.93593705	0.3422909	0.28564894
DRB1*11:01	0.0	0.084686644	0.2748624	0.19334206
DRB1*15:01	0.0	0.39954638	0.28297073	0.25645772
DRB1*04:04	0.0	0.48606324	0.27707934	0.2888511
DRB3*03:01	0.0	0.77837855	0.7271578	0.7835047
DQA1*01:02-DQB1*05:01	0.0	0.7328622	0.27450007	0.20424351
DRB1*07:01	0.0	0.60220397	0.27551135	0.38194755
DQA1*01:02-DQB1*05:01	0.0	0.084686644	0.2752712	0.20324147
DRB1*03:01	0.0	0.0	0.27487797	0.2509015
DRB4*01:03	0.0	0.50492644	0.27961668	0.31584617
DQA1*02:01-DQB1*04:02	1.0	0.8984626	0.5748354	0.63298595
DRB1*14:54	0.0	0.48257518	0.2838686	0.39833036
DRB3*03:01	0.0	0.47565255	0.4941426	0.6147677
DQA1*05:01-DQB1*03:02	0.0	0.43017152	0.5986636	0.5931854
DQA1*01:01-DQB1*05:01	0.0	0.0	0.2726738	0.0717171
DRB4*01:03	0.0	0.60220397	0.4298447	0.5401678
DRB1*13:01	0.0	0.0	0.28739053	0.36390242
DRB1*13:01	0.0	0.2004273	0.29398322	0.33132693
DQA1*05:01-DQB1*03:02	0.0	0.28534865	0.27185783	0.14687133
DRB1*01:01	1.0	0.9675911	0.28069213	0.27682433
DRB4*01:03	0.0	0.2657763	0.27938128	0.3496081
DRB1*01:01	0.0	0.70250076	0.27962747	0.26174998
DQA1*03:03-DQB1*04:02	0.0	0.084686644	0.2721656	0.2826284
DRB4*01:01	0.0	0.0	0.27272302	0.33417824
DRB4*01:01	0.0	0.084686644	0.2734668	0.21271765
DRB3*02:02	0.0	0.7328622	0.27401358	0.20733654
DRB1*07:01	0.0	0.56556594	0.2780175	0.33761767
DRB3*03:01	0.0	0.49820176	0.4650845	0.48239335
DRB4*01:03	0.0	0.2448319	0.28397167	0.36005428
DRB1*08:02	0.0	0.62472034	0.4421054	0.44189408
DRB3*02:02	0.0	0.3985757	0.2739744	0.25435027
DRB1*12:01	0.0	0.20101112	0.29618976	0.26236612
DRB1*08:02	0.0	0.033651564	0.2744507	0.16261789
DRB1*11:01	0.0	0.084686644	0.27380395	0.09921068
DRB1*07:01	0.0	0.51603055	0.45960432	0.4842579
DRB1*15:01	0.0	0.57345515	0.2823752	0.24189249
DRB1*04:04	0.0	0.7969252	0.7280278	0.70526695
DRB1*09:01	0.0	0.35233417	0.27194846	0.31866357
DRB1*12:01	0.0	0.12822212	0.29721916	0.3752189
DRB1*08:01	0.0	0.6714029	0.5965679	0.6126821
DRB1*14:54	0.0	0.45992014	0.28000936	0.34951273
DRB1*12:01	0.0	0.084686644	0.29535475	0.3649973
DPB1*04:02	0.0	0.640305	0.271887	0.23675412
DRB1*08:01	0.0	0.50492644	0.30595425	0.36813542
DRB1*07:01	0.0	0.2404172	0.27430102	0.3423876
DRB3*01:01	0.0	0.44464543	0.3826403	0.39285955
DRB3*01:01	0.0	0.598531	0.27175152	0.21994099
DRB1*04:04	0.0	0.29856828	0.28641933	0.31766602
DRB1*09:01	0.0	0.5606573	0.6066549	0.67891085
DQA1*05:01-DQB1*04:02	0.0	0.084686644	0.27250224	0.19913289
DRB1*08:01	0.0	0.084686644	0.2718051	0.14338061
DRB1*04:01	0.0	0.35642126	0.2756342	0.3097935
DQA1*02:01-DQB1*04:02	0.0	0.47161323	0.27170646	0.2805977
DQA1*02:01-DQB1*03:01	0.0	0.7969252	0.2737483	0.30277923
DRB1*07:01	0.0	0.5743748	0.27452573	0.29659256
DRB1*07:01	0.0	0.084686644	0.27487957	0.2474046
DRB1*08:01	0.0	0.084686644	0.27178338	0.16828945
DRB1*01:01	0.0	0.0	0.2784277	0.10218671
DRB3*01:01	0.0	0.0	0.27201	0.19860455
DQA1*03:03-DQB1*04:02	0.0	0.3959912	0.2716938	0.17867139
DRB1*03:01	0.0	0.21882677	0.27232462	0.35909626
DRB1*11:01	0.0	0.084686644	0.27404684	0.2111167
DRB1*09:01	0.0	0.5552419	0.42274123	0.42642775
DRB1*03:01	0.0	0.39295632	0.6371445	0.6239617
DRB1*01:01	0.0	0.62964416	0.27940416	0.33505502
DRB1*04:01	0.0	0.0	0.3842139	0.3622329
DRB3*02:02	0.0	0.3652389	0.72620517	0.6253047
DRB1*09:01	0.0	0.58618957	0.2810819	0.3749707
DRB3*01:01	0.0	0.084686644	0.2716627	0.16215062
DRB1*01:01	0.0	0.70250076	0.30972195	0.33643225
DQA1*01:01-DQB1*05:01	0.0	0.0	0.2730213	0.13827583
DRB1*09:01	0.0	0.084686644	0.2721108	0.42996576
DQA1*05:01-DQB1*03:03	0.0	0.42271397	0.2722785	0.17043987
DQA1*02:01-DQB1*04:02	0.0	0.084686644	0.2716298	0.29032224
DRB3*03:01	0.0	0.28579542	0.4459535	0.33577165
DQA1*03:03-DQB1*04:02	0.0	0.084686644	0.27191013	0.17529273
DRB1*07:01	0.0	0.0	0.2749026	0.31638888
DQA1*02:01-DQB1*04:02	0.0	0.4889517	0.5798347	0.60436904
DRB1*07:01	0.0	0.77837855	0.7277016	0.69951355
DRB3*01:01	0.0	0.35784847	0.2718189	0.21118626
DQA1*01:01-DQB1*05:01	0.0	0.0	0.273633	0.23126397
DRB1*09:01	0.0	0.35767108	0.27236274	0.31554952
DRB1*15:01	0.0	0.0	0.28608388	0.20140004
DRB1*01:01	0.0	0.14173937	0.2920006	0.3149974
DQA1*02:01-DQB1*04:02	0.0	0.084686644	0.27175066	0.22919106
DRB1*11:01	0.0	0.5107751	0.27724034	0.29452062
DRB1*08:02	0.0	0.11643191	0.27310628	0.23919779
DQA1*02:01-DQB1*03:03	0.0	0.084686644	0.27189258	0.1473405
DRB1*04:05	0.0	0.65906143	0.27194113	0.18729234
DRB1*08:02	0.0	0.0	0.27302447	0.17838782
DRB1*15:01	0.0	0.0	0.2783506	0.2676749
DRB1*11:01	0.0	0.0	0.2753779	0.21826491
DPA1*01:03-DPB1*03:01	0.0	0.0	0.27626616	0.19175765
DRB3*01:01	0.0	0.4432929	0.40557256	0.31443962
DQA1*05:01-DQB1*03:02	0.0	0.56226474	0.41246286	0.37589434
DPA1*02:01-DPB1*05:01	0.0	0.0	0.27239925	0.084044814
DQA1*03:03-DQB1*04:02	0.0	0.084686644	0.2717176	0.1894379
DQA1*05:01-DQB1*03:03	0.0	0.42470554	0.27293238	0.22954276
DRB3*01:01	0.0	0.65237737	0.29243493	0.32849622
DQA1*05:01-DQB1*03:02	0.0	0.39077553	0.2718997	0.16439548
DRB1*04:04	0.0	0.4415197	0.4281285	0.48614398
DRB1*07:01	0.0	0.062387835	0.2747895	0.32864776
DRB1*03:01	0.0	0.7959039	0.27258456	0.21413365
DRB1*07:01	0.0	0.3335521	0.27630368	0.31347406
DQA1*05:01-DQB1*04:02	0.0	0.6231404	0.27280018	0.2862711
DRB1*15:01	0.0	0.7062737	0.47095224	0.53596663
DRB1*04:05	0.0	0.29008722	0.27194887	0.25660947
DQA1*05:01-DQB1*04:02	0.0	0.28474286	0.27216336	0.31148502
DRB1*03:01	0.0	0.084686644	0.27222592	0.34625283
DRB3*01:01	0.0	0.49820176	0.2733719	0.28693387
DQA1*05:01-DQB1*02:01	0.0	0.0	0.43047422	0.416257
DPB1*04:01	0.0	0.31361356	0.2732205	0.21360019
DRB1*01:01	0.0	0.0	0.2773776	0.2520722
DRB1*07:01	0.0	0.3068783	0.27397552	0.22224018
DQA1*02:01-DQB1*04:02	0.0	0.084686644	0.2718441	0.23840258
DRB1*04:04	0.0	0.26544905	0.27682313	0.26473048
DRB3*02:02	0.0	0.60096335	0.27386656	0.31801403
DRB1*11:01	0.0	0.084686644	0.27519122	0.31296122
DQA1*06:01-DQB1*04:02	0.0	0.35955095	0.27194598	0.24753565
DRB3*01:01	0.0	0.15271528	0.29428172	0.37294295
DRB3*03:01	0.0	0.7969252	0.4683677	0.56631637
DQA1*05:01-DQB1*04:02	0.0	0.51408476	0.27210805	0.19435623
DRB1*01:01	0.0	0.0	0.27899015	0.34830442
DRB1*15:01	1.0	0.9509576	0.33975542	0.40739945
DRB1*03:01	0.0	0.49501443	0.27319333	0.27396813
DRB1*07:01	1.0	0.8201525	0.27811196	0.43235764
DQA1*01:02-DQB1*05:01	0.0	0.36128536	0.2756009	0.33025804
DRB4*01:03	0.0	0.71861506	0.3723136	0.5136895
DRB5*01:01	0.0	0.28620347	0.4400428	0.43358782
DRB1*04:04	0.0	0.2602407	0.27830264	0.27897346
DRB3*01:01	0.0	0.0	0.27168956	0.21089688
DQA1*03:03-DQB1*04:02	0.0	0.084686644	0.27172476	0.15815511
DRB1*15:02	0.0	0.11147256	0.28209248	0.25827703
DRB5*01:01	0.0	0.36018616	0.44173586	0.34341326
DRB1*01:01	1.0	0.9119627	0.31460813	0.3131139
DPA1*02:01-DPB1*01:01	0.0	0.0	0.27274936	0.14317274
DRB1*13:01	0.0	0.45445895	0.44520435	0.47471145
DRB1*04:01	0.0	0.0	0.2734674	0.21055037
DRB1*13:01	0.0	0.7703366	0.56140995	0.6036314
DRB3*02:02	0.0	0.0	0.27379137	0.29796645
DQA1*02:01-DQB1*04:02	0.0	0.50066656	0.27189103	0.36154345
DRB1*03:01	0.0	0.09289672	0.2729879	0.28719056
DQA1*02:01-DQB1*03:03	0.0	0.30258107	0.27186567	0.23098758
DRB3*03:01	1.0	0.87187403	0.72539735	0.75789917
DRB5*01:01	0.0	0.084686644	0.44922292	0.44358197
DRB1*03:01	0.0	0.27599254	0.2731015	0.16857311
DQA1*03:03-DQB1*04:02	0.0	0.20800446	0.40866533	0.31405112
DPA1*02:01-DPB1*01:01	0.0	0.0	0.3175028	0.2660229
DRB1*12:01	0.0	0.0	0.27228096	0.16096899
DRB3*01:01	0.0	0.33667597	0.27170166	0.16959319
DQA1*02:01-DQB1*03:03	0.0	0.084686644	0.27249402	0.11351222
DQA1*02:01-DQB1*03:03	0.0	0.46291497	0.27236846	0.17944315
DRB4*01:03	0.0	0.084686644	0.28441277	0.20404467
DRB1*15:01	0.0	0.5830913	0.31509116	0.4151236
DRB1*08:01	0.0	0.3149434	0.2717427	0.2001535
DRB4*01:01	0.0	0.29625988	0.3957953	0.44128123
DRB1*08:01	0.0	0.4871359	0.2718812	0.27807134
DRB4*01:03	0.0	0.15905394	0.2799864	0.29467586
DRB1*03:01	0.0	0.6953878	0.2729181	0.21969327
DRB3*01:01	0.0	0.1862333	0.45872718	0.43821767
DRB3*02:02	0.0	0.74971294	0.3298593	0.3450655
DRB1*04:04	0.0	0.084686644	0.3888138	0.41627875
DQA1*05:01-DQB1*04:02	0.0	0.44954166	0.27210078	0.2422764
DRB1*03:01	0.0	0.0	0.38823882	0.4323071
DRB1*13:01	0.0	0.42093995	0.28315344	0.26360682
DRB1*08:02	0.0	0.0	0.27347293	0.13544044
DRB1*04:04	0.0	0.46459037	0.28756708	0.3934017
DQA1*05:01-DQB1*03:01	0.0	0.0	0.27222106	0.19443193
DRB1*04:01	0.0	0.0	0.7280322	0.64731157
DRB1*11:01	0.0	0.6384378	0.27408156	0.3190675
DQA1*01:03-DQB1*06:03	0.0	0.084686644	0.2723336	0.18516687
DQA1*05:01-DQB1*04:02	0.0	0.54196596	0.30487925	0.4160466
DQA1*02:01-DQB1*03:03	0.0	0.084686644	0.27165774	0.21899101
DRB4*01:03	0.0	0.44042853	0.28062072	0.38523963
DRB1*04:01	0.0	0.17298989	0.27450338	0.3513594
DRB1*13:02	0.0	0.17570859	0.27807057	0.22237721
DRB1*10:01	0.0	0.0	0.4490027	0.26406553
DRB1*03:01	0.0	0.46980685	0.4687705	0.38970056
DRB1*04:01	0.0	0.02062367	0.27446577	0.16074204
DQA1*01:01-DQB1*05:01	0.0	0.0	0.27287808	0.069803625
DPB1*04:01	0.0	0.084686644	0.27248624	0.037764415
DQA1*02:01-DQB1*04:02	0.0	0.6567793	0.27216756	0.35816237
DPA1*02:01-DPB1*05:01	0.0	0.0	0.2722252	0.048503667
DRB1*15:01	0.0	0.17552319	0.31145388	0.4745809
DRB1*11:01	0.0	0.084686644	0.27460408	0.18929783
DRB1*03:01	0.0	0.0	0.27328458	0.2305642
DPA1*03:01-DPB1*04:02	0.0	0.0	0.27246413	0.07860732
DRB1*15:01	0.0	0.6567793	0.48845506	0.49156442
DRB1*03:01	0.0	0.5639006	0.29741192	0.43031016
DRB1*01:01	0.0	0.591596	0.44754252	0.49160066
DRB1*04:04	0.0	0.2044079	0.27658483	0.20014766
DRB1*03:01	0.0	0.28506544	0.30481994	0.3611386
DRB1*11:01	0.0	0.6953878	0.45626524	0.5196245
DRB1*04:04	0.0	0.02062367	0.27773935	0.21817735
DRB5	0.0	0.0	0.27298105	0.13702974
DRB1*04:05	0.0	0.084686644	0.34503436	0.3467063
DRB1*08:02	0.0	0.0	0.2727051	0.19997144
DRB3*02:02	0.0	0.41111436	0.27437574	0.3092912
DRB1*15:01	0.0	0.7703366	0.7271562	0.6651449
DQA1*05:01-DQB1*03:02	0.0	0.084686644	0.27194846	0.1938608
DRB1*04:01	0.0	0.084686644	0.27379757	0.29934892
DRB1*03:01	0.0	0.084686644	0.27301353	0.11977139
DRB1*14:54	0.0	0.22729106	0.27573073	0.34110257
DQA1*02:01-DQB1*04:02	0.0	0.084686644	0.43276122	0.4495156
DRB1*08:01	0.0	0.22255036	0.2717345	0.1870223
DRB1*08:01	0.0	0.0016994829	0.27484366	0.24254692
DRB1*04:04	0.0	0.53814095	0.43890524	0.4483172
DQA1*02:01-DQB1*03:03	0.0	0.26142165	0.27230367	0.13961723
DRB4*01:01	0.0	0.14874962	0.2733272	0.20679829
DRB1*08:01	0.0	0.36036846	0.27179098	0.14534125
DRB1*01:01	0.0	0.0	0.27820176	0.24313286
DRB1*04:04	0.0	0.0	0.27639592	0.24208102
DRB1*09:01	0.0	0.62796354	0.27204353	0.39155743
DRB1*03:01	0.0	0.63305235	0.2732922	0.24374664
DRB3*02:02	0.0	0.51031184	0.32136327	0.37038305
DRB1*11:01	0.0	0.084686644	0.30750063	0.39127424
DRB1*04:01	0.0	0.4759707	0.27351078	0.17288
DRB1*08:02	0.0	0.10316914	0.27357313	0.31761545
DRB3*01:01	0.0	0.364855	0.2718527	0.090367675
DRB1*04:01	0.0	0.46606734	0.35155204	0.42188194
DRB1*04:01	0.0	0.084686644	0.27347818	0.23740721
DRB5*01:01	0.0	0.7328622	0.43861756	0.33504143
DPA1*01:03-DPB1*04:01	0.0	0.42253503	0.48989928	0.40150854
DQA1*03:03-DQB1*04:02	0.0	0.3877818	0.27189144	0.22860846
DRB1*14:54	0.0	0.22265312	0.27634403	0.31596828
DRB1*07:01	0.0	0.23817696	0.30645537	0.41795245
DRB1*11:01	0.0	0.084686644	0.33645156	0.38177624
DRB1*08:01	0.0	0.45598662	0.2747144	0.3121923
DQA1*02:01-DQB1*03:03	0.0	0.24217817	0.34503254	0.37251148
DRB1*07:01	0.0	0.68565	0.27739078	0.30752125
DRB3*03:01	0.0	0.084686644	0.44498453	0.27512583
DRB1*04:04	0.0	0.17396817	0.27646112	0.29343376
DQA1*05:01-DQB1*03:02	0.0	0.084686644	0.27194074	0.34004924
DQB1*03:01	0.0	0.28690132	0.27441078	0.37402543
DQA1*06:01-DQB1*04:02	0.0	0.36064258	0.27212277	0.22728428
DRB3*01:01	0.0	0.7629388	0.27252212	0.2078759
DPA1*01:03-DPB1*04:01	0.0	0.0	0.2762454	0.099456996
DRB1*04:04	0.0	0.46154162	0.27622274	0.35742167
DRB1*09:01	0.0	0.084686644	0.35873714	0.3766255
DPA1*01:03-DPB1*04:01	0.0	0.0	0.2768613	0.13269538
DRB1*07:01	0.0	0.0	0.27459082	0.14070937
DRB1*08:01	0.0	0.084686644	0.2717386	0.19315556
DQA1*05:01-DQB1*03:02	0.0	0.084686644	0.27181706	0.17976478
DRB1*04:01	1.0	1.0	0.7280316	0.5999706
DRB1*04:04	0.0	0.6953878	0.28207272	0.3680602
DRB1*01:01	0.0	0.55155915	0.27880916	0.24276906
DRB1*01:01	0.0	0.35455197	0.28639674	0.3411223
DRB1*09:01	0.0	0.37390363	0.2719951	0.32890567
DQA1*02:01-DQB1*03:03	0.0	0.084686644	0.2720166	0.11863437
DRB1*14:54	0.0	0.412387	0.27683172	0.35164204
DRB1*09:01	0.0	0.60866976	0.37739694	0.45754084
DRB1*14:54	0.0	0.6796851	0.2843721	0.41521946
DQA1*01:03-DQB1*06:03	0.0	0.084686644	0.27194676	0.07075891
DRB1*11:01	0.0	0.084686644	0.27416	0.2594125
DRB1*13:01	0.0	0.084686644	0.28114635	0.17992523
DQA1*03:03-DQB1*04:02	0.0	0.5303597	0.5829186	0.56429636
DRB1*01:01	0.0	0.0	0.27790004	0.2932485
DRB1*09:01	0.0	0.0	0.27212554	0.29743335
DRB1*09:01	0.0	0.55829746	0.27302712	0.33492377
DRB1*11:01	0.0	0.4092377	0.27329987	0.41767034
DQA1*05:01-DQB1*03:03	0.0	0.47222328	0.27198613	0.16772678
DRB1*04:05	0.0	0.5997392	0.6111049	0.58470654
DRB1*15:01	0.0	0.49580103	0.69501436	0.64683926
DRB1*15:01	0.0	0.68565	0.4059684	0.41218737
DQA1*01:02-DQB1*06:02	0.0	0.3517525	0.27166814	0.13170466
DRB1*09:01	0.0	0.16170155	0.271974	0.32810163
DRB1*08:01	0.0	0.6461442	0.2809969	0.31459737
DRB1*03:01	0.0	0.0	0.27316204	0.2602655
DRB1*09:01	0.0	0.5112407	0.28085732	0.37845877
DRB1*07:01	0.0	0.2173395	0.27480212	0.31138355
DQA1*05:01-DQB1*04:02	0.0	0.36620566	0.2738096	0.3144916
DRB1*04:01	0.0	0.0	0.27410698	0.246344
DRB1*04:01	0.0	0.5126518	0.2733081	0.28668246
DRB3*02:02	0.0	0.084686644	0.27292445	0.29208666
DQA1*01:02-DQB1*06:02	0.0	0.4325637	0.27915427	0.22518477
DRB1*04:01	0.0	0.084686644	0.2733574	0.20758721
DRB1*13:02	0.0	0.7560895	0.27761936	0.2645916
DQA1*02:01-DQB1*04:02	0.0	0.5949985	0.3558003	0.43640456
DQB1*02:01	0.0	0.29749924	0.28822693	0.3551729
DRB4*01:01	0.0	0.0	0.27310812	0.23923358
DQA1*02:01-DQB1*04:02	0.0	0.084686644	0.27170858	0.25234047
DRB3*02:02	0.0	0.23079412	0.3118658	0.38469175
DRB4*01:01	0.0	0.0	0.27465922	0.3658873
DRB3*01:01	1.0	0.93593705	0.53295505	0.54409003
DRB1*04:04	0.0	0.5027719	0.39195338	0.48680934
DQA1*02:01-DQB1*03:03	0.0	0.51953757	0.5807691	0.54376256
DRB3*02:02	0.0	0.084686644	0.31389192	0.36069432
DQA1*02:01-DQB1*04:02	0.0	0.084686644	0.27170983	0.25687042
DRB1*14:54	0.0	0.35530898	0.2763815	0.45770207
DRB1*01:01	1.0	1.0	0.27827668	0.23992899
DRB1*08:02	0.0	0.56641	0.36693582	0.33276746
DRB4*01:03	0.0	0.39505696	0.2916919	0.38800666
DRB5*01:01	0.0	0.5075799	0.46210125	0.42361394
DRB1*15:01	0.0	0.062269002	0.40838876	0.40382972
DRB3*01:01	0.0	0.084686644	0.2716998	0.20945117
DRB1*03:01	0.0	0.0	0.2732045	0.3563197
DRB5*01:01	0.0	0.42844033	0.48159805	0.5985813
DRB1*11:01	0.0	0.084686644	0.27526838	0.29808372
DRB1*04:01	0.0	0.0	0.2738861	0.30895028
DRB5*01:01	0.0	0.6263277	0.7269749	0.73296773
DRB1*11:01	0.0	0.084686644	0.27401745	0.20508736
DQA1*02:01-DQB1*03:01	0.0	0.35714093	0.36344987	0.42762014
DRB1*03:01	0.0	0.122601144	0.2842854	0.4334475
DRB3*03:01	0.0	0.18041673	0.44556153	0.28567693
DPB1*04:02	0.0	0.36156222	0.27927575	0.31587267
DQA1*05:01-DQB1*03:03	0.0	0.26860598	0.27238432	0.1996961
DPA1*03:01-DPB1*04:02	0.0	0.52697796	0.32411623	0.30934682
DRB1*09:01	0.0	0.70821947	0.6449281	0.65421534
DQA1*06:01-DQB1*04:02	0.0	0.3473679	0.27181354	0.151716
DRB1*11:01	1.0	0.8078111	0.4671772	0.45397064
DRB1*12:01	0.0	0.0	0.2723359	0.12792319
DQA1*03:03-DQB1*04:02	0.0	0.084686644	0.27766517	0.311468
DQA1*05:01-DQB1*03:03	0.0	0.44441864	0.27299133	0.17057154
DRB3*01:01	0.0	0.1979706	0.2717526	0.2344912
DRB1*08:01	0.0	0.591596	0.27236494	0.30352715
DRB3*01:01	0.0	0.13655041	0.35779142	0.37530413
DRB3*01:01	0.0	0.0768406	0.27168754	0.17949489
DRB3*03:01	0.0	0.4131914	0.45346043	0.34469053
DRB1*04:04	0.0	0.084686644	0.2768004	0.20821348
DRB3*03:01	0.0	0.34945214	0.4504652	0.3758237
DRB1*15:01	0.0	0.0	0.2911443	0.33086017
DRB4*01:03	0.0	0.084686644	0.28007156	0.3406681
DQA1*01:01-DQB1*05:01	0.0	0.0	0.3451489	0.24763224
DRB4*01:01	0.0	0.0	0.27370793	0.10947478
DQA1*05:01-DQB1*03:02	0.0	0.084686644	0.27265424	0.16231346
DQA1*02:01-DQB1*02:02	0.0	0.0	0.27828795	0.29228798
DQA1*05:01-DQB1*03:03	0.0	0.30415678	0.27201256	0.30948415
DRB3*01:01	0.0	0.084686644	0.2717664	0.10994357
DRB1*08:02	0.0	0.59048915	0.3835236	0.43036804
DQA1*01:02-DQB1*05:01	0.0	0.3701772	0.2740068	0.19267604
DQA1*05:01-DQB1*03:03	0.0	0.084686644	0.27392998	0.10502541
DRB3*01:01	0.0	0.084686644	0.27171624	0.12556475
DRB1*09:01	0.0	0.34455752	0.40541172	0.44925848
DRB1*12:01	0.0	0.084686644	0.27222472	0.3458937
DRB4*01:01	0.0	0.45098954	0.2780753	0.28374833
DRB5*01:01	1.0	1.0	0.5273664	0.6446154
DRB3*02:02	0.0	0.0	0.2741893	0.15447551
DPA1*03:01-DPB1*04:02	0.0	0.0	0.27269113	0.1349113
DRB1*04:04	0.0	0.5544935	0.275328	0.3490413
DQA1*03:03-DQB1*04:02	0.0	0.3185862	0.27172032	0.20462617
DRB1*07:01	0.0	0.49384698	0.2778813	0.36436966
DQA1*02:01-DQB1*03:01	0.0	0.47921395	0.27306783	0.39570954
DRB1*04:04	0.0	0.1918347	0.27564466	0.27816722
DRB4*01:03	0.0	0.22645172	0.2779546	0.2570913
DRB4*01:01	0.0	0.46832806	0.35315913	0.38949957
DRB5*01:01	0.0	0.17666623	0.43874642	0.31983435
DRB1*13:01	0.0	0.12871936	0.28669074	0.2986366
DRB1*13:01	0.0	0.74971294	0.31317663	0.3766668
DRB1*11:01	0.0	0.70250076	0.34946784	0.435378
DQA1*06:01-DQB1*04:02	0.0	0.28275174	0.27169	0.21466061
DRB3*01:01	0.0	0.7615278	0.3019145	0.33213905
DRB1*12:01	0.0	0.0	0.27196562	0.20248637
DRB1*08:02	0.0	0.0	0.2736228	0.09996739
DQA1*05:01-DQB1*04:02	0.0	0.474078	0.71464175	0.6311275
DRB1*01:01	0.0	0.31090719	0.46838006	0.4807656
DRB3*02:02	0.0	0.17177251	0.27375695	0.22310433
DQA1*06:01-DQB1*04:02	0.0	0.084686644	0.2716691	0.18720469
DRB3*01:01	0.0	0.5292186	0.27171782	0.21061131
DRB1*03:01	0.0	0.27795395	0.2727122	0.22595602
DRB3*01:01	0.0	0.1210335	0.2717978	0.31906343
DQA1*06:01-DQB1*04:02	0.0	0.7328622	0.4020713	0.35534093
DRB1*15:01	0.0	0.5743748	0.2829028	0.20495757
DRB1*03:01	1.0	1.0	0.72805125	0.6669359
DRB1*12:01	0.0	0.0	0.27223432	0.17882097
DQA1*05:01-DQB1*03:03	0.0	0.20936559	0.27216986	0.18363324
DRB1*04:05	0.0	0.10511989	0.27191243	0.14738426
DRB1*03:01	0.0	0.0	0.27316076	0.27146977
DRB1*04:01	0.0	0.084686644	0.2736626	0.15452307
DRB3*02:02	0.0	0.084686644	0.7279009	0.5998348
DRB1*04:04	0.0	0.4186835	0.2788643	0.3071408
DRB1*04:01	0.0	0.58820695	0.3692102	0.42963985
DQA1*02:01-DQB1*04:02	0.0	0.17570859	0.2719079	0.30340418
DRB1*13:01	0.0	0.24990886	0.2818978	0.26193056
DRB1*13:02	1.0	0.81501657	0.2904877	0.35087588
DQA1*02:01-DQB1*03:01	0.0	0.31366858	0.2734706	0.26560536
DRB4*01:03	0.0	0.4775781	0.40524203	0.53608465
DQB1*03:01	0.0	0.58618957	0.2719875	0.30593207
DQA1*03:01-DQB1*03:02	0.0	0.0	0.32068047	0.3764775
DRB1*04:04	0.0	0.40426508	0.5079327	0.53676724
DQA1*01:03-DQB1*06:03	0.0	0.25675607	0.27231064	0.16903606
DRB1*07:01	0.0	0.291246	0.27427384	0.28880018
DQA1*01:01-DQB1*05:01	0.0	0.0	0.2719937	-0.019690663
DRB3*03:01	0.0	0.5487152	0.4597585	0.46069005
DRB1*09:01	0.0	0.29754546	0.27228087	0.38559642
DRB1*14:54	0.0	0.31149253	0.2788174	0.38182208
DQA1*01:02-DQB1*05:01	0.0	0.4178301	0.27464652	0.2038337
DRB1*09:01	0.0	0.65906143	0.38657635	0.48102775
DQA1*02:01-DQB1*04:02	0.0	0.2655144	0.27228123	0.17418805
DQA1*05:01-DQB1*03:03	0.0	0.3444039	0.27166486	0.26739866
DQA1*01:01-DQB1*05:01	0.0	0.0	0.2725122	0.095766515
DRB1*09:01	0.0	0.084686644	0.37364885	0.45086303
DRB1*04:01	0.0	0.2543492	0.27919984	0.28157794
DRB3*02:02	0.0	0.0	0.2736554	0.15627715
DQA1*05:01-DQB1*04:02	0.0	0.512179	0.47259715	0.43436888
DQA1*02:01-DQB1*04:02	0.0	0.44694465	0.53422827	0.5609287
DPA1*03:01-DPB1*04:02	0.0	0.0	0.27220553	0.027465358
DRB1*04:05	0.0	0.0	0.27327383	0.23991427
DRB1*13:01	0.0	0.25729287	0.28200328	0.24143478
DRB1*08:01	0.0	0.13571188	0.4757843	0.35104337
DQA1*05:01-DQB1*03:02	0.0	0.14990284	0.27291906	0.048602104
DQA1*05:01-DQB1*03:03	0.0	0.28091845	0.2721692	0.20443559
DRB5*01:01	0.0	0.084686644	0.4385573	0.34336153
DPA1*01:03-DPB1*02:01	0.0	0.0	0.27477038	0.21987936
DPA1*01:03-DPB1*04:01	0.0	0.0	0.27531245	0.12073657
DRB1*15:01	0.0	0.0	0.28816497	0.23701644
DRB1*11:01	1.0	0.8673647	0.47857815	0.42578295
DRB1*12:01	0.0	0.0	0.2722304	0.1702021
DRB1*08:02	0.0	0.5439395	0.27645493	0.29826602
DRB4*01:03	0.0	0.4900586	0.2823476	0.3647267
DRB3*03:01	0.0	0.51312697	0.46404746	0.5072522
DRB1*04:01	0.0	0.27931038	0.5108854	0.5054908
DQA1*01:02-DQB1*06:02	0.0	0.0	0.27207947	0.13462842
DRB1*11:01	0.0	0.084686644	0.27592903	0.20149821
DRB1*12:01	0.0	0.54527897	0.28027558	0.3551475
DQB1*03:02	0.0	0.34517473	0.2726581	0.13788125
DRB1*03:01	0.0	0.5002512	0.27301595	0.20508048
DRB1*04:01	0.0	0.52697796	0.33395338	0.37220696
DRB4*01:03	0.0	0.47191775	0.2904168	0.44091877
DQA1*02:01-DQB1*03:03	0.0	0.46658415	0.27167407	0.19873777
DRB1*09:01	0.0	0.084686644	0.2719411	0.20342165
DRB3*01:01	0.0	0.26264957	0.27196896	0.106684715
DRB1*04:04	0.0	0.6366076	0.2869067	0.42382142
DRB1*04:04	0.0	0.2534554	0.27581626	0.24951458
DQA1*01:03-DQB1*06:03	0.0	0.084686644	0.27180603	0.19500402
DRB1*01:01	0.0	0.1584874	0.27889192	0.27208248
DRB1*03:01	0.0	0.02062367	0.41767853	0.30899087
DRB4*01:01	0.0	0.17358045	0.46209097	0.445281
DRB1*13:01	0.0	0.738145	0.33903173	0.45133033
DRB5*01:01	0.0	0.50192404	0.44042057	0.3714932
DRB1*03:01	0.0	0.0	0.3755264	0.41625205
DQA1*02:01-DQB1*03:03	0.0	0.32219717	0.39061794	0.34640768
DQA1*03:03-DQB1*04:02	0.0	0.084686644	0.27172342	0.22239935
DRB3*01:01	0.0	0.31284657	0.2716637	0.160696
DRB1*04:04	0.0	0.42806	0.7281186	0.64906096
DQA1*05:01-DQB1*02:01	0.0	0.37723747	0.27291414	0.23991856
DRB3*01:01	0.0	0.02062367	0.27164313	0.22543809
DRB1*09:01	0.0	0.0	0.2760159	0.44541225
DPA1*03:01-DPB1*04:02	0.0	0.0	0.27270728	0.20219478
DRB1*01:01	0.0	0.32501668	0.2846087	0.38117984
DRB1*07:01	0.0	0.33576262	0.28557822	0.36213174
DRB1*03:01	1.0	0.9082004	0.7277196	0.5949708
DRB1*03:01	0.0	0.079405926	0.27291784	0.1445739
DRB1*01:01	0.0	0.512179	0.28684977	0.3673766
DRB1*01:01	0.0	0.0	0.27816176	0.09156436
DQA1*01:02-DQB1*06:02	0.0	0.18842193	0.2888535	0.35643294
DRB1*08:01	0.0	0.62472034	0.2934279	0.27834275
DRB1*12:01	0.0	0.0	0.27227178	0.19294363
DRB1*09:01	0.0	0.34310803	0.27190015	0.35623255
DRB5*01:01	0.0	0.26823488	0.43836963	0.3676549
DRB1*04:01	0.0	0.43373433	0.2740299	0.18050465
DQB1*03:01	0.0	0.11657535	0.27269718	0.20718718
DRB1*09:01	0.0	0.084686644	0.271998	0.24311528
DRB1*04:04	0.0	0.38583854	0.2776232	0.34173706
DRB5*01:01	0.0	0.4954069	0.4396878	0.32507896
DQA1*02:01-DQB1*03:01	0.0	0.084686644	0.2733484	0.20832863
DRB5*01:01	0.0	0.0	0.4375179	0.26410374
DRB5*01:01	1.0	0.8078111	0.44644517	0.46320727
DRB1*04:01	0.0	0.0	0.27336922	0.24652514
DRB3*03:01	0.0	0.28279117	0.44486946	0.3272501
DRB3*01:01	0.0	0.21591403	0.27168304	0.21564063
DRB1*08:01	0.0	0.559864	0.6028114	0.5689913
DPB1*04:02	0.0	0.1584874	0.3266078	0.31121203
DRB1*01:01	0.0	0.4311475	0.44176915	0.49956557
DRB1*03:01	1.0	0.90650445	0.27355692	0.26234445
DPA1*01:03-DPB1*03:01	0.0	0.13325661	0.27637216	0.33381465
DRB1*04:01	0.0	0.5432769	0.27386037	0.21593031
DRB1*01:01	0.0	0.32543188	0.277774	0.30321094
DRB1*11:01	0.0	0.36787277	0.47764757	0.4836851
DRB5*01:01	0.0	0.084686644	0.43572536	0.33460525
DRB1*08:02	0.0	0.33492747	0.27544904	0.26242694
DRB1*01:01	0.0	0.20903072	0.2806809	0.30849123
DRB1*11:01	0.0	0.0	0.2739841	0.15147412
DRB1*01:01	0.0	0.63454026	0.63516736	0.6646447
DRB1*13:01	0.0	0.0	0.30662563	0.4052674
DRB1*03:01	0.0	0.084686644	0.32071322	0.25536922
DQA1*01:01-DQB1*05:01	0.0	0.0	0.2725374	0.08892447
DQA1*03:03-DQB1*04:02	0.0	0.4245227	0.27232102	0.25374666
DRB1*07:01	0.0	0.24084178	0.27492765	0.28784904
DQA1*01:03-DQB1*06:03	0.0	0.084686644	0.5400542	0.48274907
DRB1*04:01	0.0	0.35166746	0.2776584	0.3910748
DRB1*03:01	0.0	0.0	0.27355844	0.32430112
DRB1*04:01	0.0	0.0	0.27341837	0.12910885
DRB1*15:01	0.0	0.5066869	0.2836196	0.36986855
DQA1*02:01-DQB1*04:02	0.0	0.59048915	0.27173042	0.3231805
DRB1*13:02	0.0	0.0	0.50639004	0.46108165
DRB1*08:02	0.0	0.43639565	0.27437964	0.31173941
DRB3*02:02	0.0	0.0	0.2767604	0.2847966
DRB5*01:01	0.0	0.084686644	0.43669677	0.29201865
DQA1*02:01-DQB1*03:03	0.0	0.25516403	0.2716584	0.21323588
DRB3*02:02	0.0	0.084686644	0.27486077	0.24330339
DRB1*04:01	0.0	0.4728374	0.27918646	0.39144883
DRB3*02:02	0.0	0.36797178	0.2730186	0.2474716
DRB3*02:02	0.0	0.084686644	0.2735565	0.21483299
DRB1*09:01	0.0	0.53814095	0.28666654	0.44830158
DQA1*05:01-DQB1*04:02	0.0	0.5107751	0.36123046	0.40523675
DRB1*13:01	0.0	0.5226533	0.4279534	0.53681755
DQA1*02:01-DQB1*03:03	0.0	0.084686644	0.27174357	0.16716939
DRB1*01:01	0.0	0.32961008	0.49129882	0.48456642
DQA1*05:01-DQB1*04:02	0.0	0.284141	0.3589972	0.40312412
DRB1*13:02	0.0	0.0	0.2755969	0.053840593
DRB1*03:01	0.0	0.0	0.27301732	0.17925951
DQA1*02:01-DQB1*03:03	0.0	0.49580103	0.28040785	0.24828264
DQA1*01:02-DQB1*05:01	0.0	0.084686644	0.27412605	0.23870322
DRB4*01:01	0.0	0.0	0.27367285	0.17165059
DQA1*05:01-DQB1*02:01	0.0	0.40649226	0.5449049	0.54373634
DRB1*04:05	0.0	0.0	0.2790595	0.41938356
DRB1*13:01	0.0	0.084686644	0.28417993	0.32976356
DRB1*09:01	0.0	0.23992015	0.27201444	0.3388234
DRB1*01:01	0.0	0.0	0.2922254	0.27845326
DRB1*04:01	0.0	0.21344322	0.45014778	0.4501483
DRB1*14:54	1.0	0.8201525	0.5818404	0.66617405
DQA1*06:01-DQB1*04:02	0.0	0.27286047	0.5514066	0.58687437
DRB3*01:01	0.0	0.209526	0.27230015	0.25753525
DQA1*05:01-DQB1*03:02	0.0	0.22347926	0.34516764	0.40064624
DRB1*07:01	0.0	0.34864494	0.2740431	0.28198445
DQA1*02:01-DQB1*03:01	0.0	0.084686644	0.2914208	0.36426154
DRB1*15:01	0.0	0.0	0.28413007	0.21805039
DPA1*01:03-DPB1*04:01	0.0	0.28426105	0.28089708	0.26186156
DQA1*05:01-DQB1*03:01	0.0	0.0	0.27162	0.21780267
DRB1*04:03	0.0	0.65906143	0.27647874	0.32737073
DQA1*01:01-DQB1*05:01	0.0	0.0	0.27253413	0.076202065
DRB1*12:01	0.0	0.0	0.2721193	0.18045059
DRB4*01:01	0.0	0.38126624	0.27307078	0.26473576
DRB1*08:02	0.0	0.0	0.27303252	0.2307106
DQA1*02:01-DQB1*03:01	0.0	0.31010512	0.27306443	0.24453709
DQA1*02:01-DQB1*03:03	0.0	0.4448728	0.2722787	0.14618298
DRB1*03:01	0.0	0.43977994	0.44983855	0.49362466
DRB1*04:01	1.0	0.8984626	0.7280006	0.6190131
DRB1*03:01	0.0	0.40010568	0.3775786	0.42545214
DQA1*05:01-DQB1*03:02	0.0	0.084686644	0.27204248	0.23822352
DRB3*01:01	0.0	0.0	0.38252982	0.33292082
DRB1*13:02	0.0	0.0	0.37124994	0.3312851
DRB1*08:01	0.0	0.29055756	0.27172655	0.13348624
DRB1*04:01	0.0	0.51505256	0.27327257	0.22821072
DRB1*15:01	0.0	0.026588537	0.29692584	0.28815052
DPA1*01:03-DPB1*04:01	0.0	0.0	0.27548018	0.14011735
DQA1*03:01-DQB1*03:02	0.0	0.0	0.27179617	0.21986368
DRB3*02:02	0.0	0.084686644	0.27367577	0.19872123
DRB1*14:54	0.0	0.71861506	0.6769623	0.6993977
DRB1*14:54	0.0	0.7560895	0.4109811	0.5089812
DQA1*02:01-DQB1*03:01	0.0	0.45098954	0.2838064	0.39233664
DRB1*13:01	1.0	0.85125035	0.7269956	0.708411
DRB1*07:01	0.0	0.56986547	0.27792263	0.44335642
DRB1*11:01	0.0	0.0	0.27359644	0.2246618
DQA1*01:02-DQB1*05:01	0.0	0.0865067	0.27409053	0.23406145
DRB3*02:02	0.0	0.084686644	0.27564782	0.22344884
DRB1*01:01	1.0	0.87808573	0.2857512	0.3431882
DRB1*13:01	0.0	0.6263277	0.40589792	0.45527068
DRB1*04:04	0.0	0.084686644	0.2757586	0.30687073
DRB1*03:01	0.0	0.24337965	0.2729391	0.25877646
DQA1*06:01-DQB1*04:02	0.0	0.084686644	0.27183166	0.28032678
DQA1*02:01-DQB1*03:01	0.0	0.084686644	0.27311382	0.30072954
DRB1*09:01	0.0	0.33192822	0.51282895	0.48911586
DRB1*15:01	0.0	0.414166	0.28181455	0.24034661
DRB1*13:02	1.0	0.8188415	0.3623762	0.3311322
DRB1*03:01	0.0	0.4942345	0.27262875	0.08348921
DRB1*11:04	0.0	0.084686644	0.2722025	0.2636905
DRB1*15:01	0.0	0.39218074	0.44362435	0.5148655
DRB1*08:02	0.0	0.5639006	0.27273527	0.35061952
DRB1*11:01	0.0	0.0	0.2742366	0.2758057
DRB5*01:01	0.0	0.5326849	0.44084668	0.37382343
DRB1*07:01	0.0	0.58009356	0.7280447	0.6961436
DRB1*04:03	0.0	0.14874962	0.27254125	0.3237782
DRB1*01:01	1.0	0.9911911	0.72720057	0.6670302
DRB1*08:01	0.0	0.28130546	0.27168986	0.15067187
DRB1*03:01	0.0	0.474078	0.27269742	0.12616768
DRB1*07:01	0.0	0.598531	0.3469476	0.31918305
DRB1*04:01	0.0	0.34945214	0.279034	0.34765902
DQA1*01:02-DQB1*05:01	0.0	0.35784847	0.27438575	0.17373022
DQA1*01:02-DQB1*06:02	0.0	0.0	0.40872228	0.34352413
DRB5*01:01	0.0	0.0	0.46141043	0.49587008
DRB1*13:01	0.0	0.0	0.2896986	0.31724003
DRB1*08:01	0.0	0.25536886	0.27367654	0.21802202
DRB1*04:04	1.0	0.85125035	0.45407206	0.5131248
DRB1*04:01	0.0	0.34945214	0.2734492	0.2249727
DRB1*13:02	0.0	0.17657876	0.30179632	0.35828844
DRB5*01:01	1.0	0.83439964	0.72553164	0.73750794
DRB1*07:01	0.0	0.49501443	0.52574	0.63298464
DRB1*11:01	0.0	0.19880873	0.2745313	0.28596842
DRB1*04:05	0.0	0.23952444	0.2722517	0.18695062
DQA1*05:01-DQB1*04:02	0.0	0.084686644	0.27212486	0.14207155
DRB1*11:01	0.0	0.6127781	0.47539574	0.45399895
DRB1*04:04	0.0	0.0	0.45753625	0.48294333
DQA1*03:03-DQB1*04:02	0.0	0.15570563	0.2717853	0.24640033
DRB1*12:01	0.0	0.0	0.48744938	0.41729847
DRB1*11:01	0.0	0.2108918	0.3738248	0.42228833
DRB1*11:01	0.0	0.37119734	0.27484474	0.37158772
DRB1*08:02	0.0	0.10014315	0.2736159	0.24719563
DRB1*07:01	0.0	0.6662669	0.2876006	0.34532002
DRB1*08:02	0.0	0.084686644	0.27289373	0.17814681
DRB1*09:01	0.0	0.5473253	0.2719938	0.29544625
DRB1*09:01	0.0	0.61138827	0.273829	0.391269
DRB1*03:01	0.0	0.0	0.28036255	0.31594136
DQA1*01:01-DQB1*05:01	0.0	0.36552787	0.27338225	0.2595522
DRB4*01:01	0.0	0.056288272	0.27335578	0.112121075
DQA1*05:01-DQB1*04:02	0.0	0.299508	0.27238718	0.26447958
DRB1*04:05	0.0	0.5753037	0.29660213	0.26503578
DQA1*01:01-DQB1*05:01	0.0	0.34064326	0.48621607	0.36352375
DRB1*07:01	0.0	0.51554024	0.27443084	0.30521405
DRB1*11:01	0.0	0.084686644	0.27389312	0.2400397
DRB1*15:01	0.0	0.3627716	0.49884468	0.5382767
DRB1*04:05	0.0	0.41800016	0.28111517	0.34328654
DRB1*07:01	0.0	0.64817554	0.29942736	0.43932107
DRB1*07:01	0.0	0.30984065	0.27427348	0.3494186
DQA1*01:02-DQB1*05:01	0.0	0.6662669	0.72760695	0.6811273
DRB3*02:02	0.0	0.5833965	0.28715527	0.35628524
DRB3*01:01	0.0	0.084686644	0.31988332	0.33592156
DRB4*01:03	0.0	0.084686644	0.28327423	0.44505206
DQB1*03:01	0.0	0.3068783	0.27223524	0.2821926
DRB1*09:01	0.0	0.4766103	0.27206925	0.3313193
DQA1*06:01-DQB1*04:02	0.0	0.084686644	0.27178448	0.19223347
DRB1*11:01	0.0	0.084686644	0.2744841	0.25448087
DRB1*08:01	0.0	0.57345515	0.27185753	0.21604171
DQA1*06:01-DQB1*04:02	0.0	0.58108205	0.2731945	0.29636148
DRB1*07:01	0.0	0.26331758	0.27434647	0.32972148
DRB1*01:01	0.0	0.0	0.2787155	0.223981
DQA1*02:01-DQB1*04:02	0.0	0.307237	0.2717525	0.2564991
DPA1*01:03-DPB1*04:02	0.0	0.3341685	0.33843684	0.35060647
DRB1*13:02	0.0	0.30132028	0.27690995	0.3189356
DRB1*03:01	0.0	0.598531	0.42079642	0.45821068
DPA1*02:01-DPB1*05:01	0.0	0.13809404	0.29611605	0.31835982
DRB1*01:01	0.0	0.69202656	0.38207635	0.4350684
DRB5*01:01	0.0	0.084686644	0.4469565	0.40621904
DRB1*13:01	0.0	0.084686644	0.42867732	0.5055785
DPA1*01:03-DPB1*04:01	0.0	0.0	0.3902551	0.30787897
DRB1*07:01	0.0	0.29749924	0.27367488	0.27830827
DQA1*02:01-DQB1*03:03	0.0	0.084686644	0.47035968	0.3997775
DQA1*02:01-DQB1*04:02	0.0	0.5387676	0.35844105	0.41856292
DRB1*08:01	0.0	0.7703366	0.62270385	0.5981442
DRB1*04:04	0.0	0.20612848	0.2760219	0.28190985
DRB1*07:01	0.0	0.72312444	0.32242292	0.45792034
DPA1*01:03-DPB1*04:01	0.0	0.0	0.2749116	0.14866725
DRB1*15:01	0.0	0.0	0.28340778	0.24409968
DRB1*04:01	0.0	0.49462363	0.2914625	0.31198698
DQA1*02:01-DQB1*03:03	0.0	0.49779728	0.57449114	0.5790063
DRB1*15:01	0.0	0.7919281	0.3262268	0.3883541
DRB1*09:01	0.0	0.084686644	0.27192178	0.27971697
DRB4*01:01	0.0	0.33086127	0.27334777	0.1753082
DRB5*01:01	1.0	0.85125035	0.7201347	0.7574165
DRB4*01:03	0.0	0.5332755	0.2792681	0.3704057
DRB1*03:03	0.0	0.048493408	0.2800308	0.25960168
DRB3*03:01	0.0	0.5487152	0.45651478	0.5158653
DRB4	0.0	0.0	0.2924581	0.36311784
DQA1*05:01-DQB1*03:03	0.0	0.32805344	0.27216238	0.15604839
DRB1*11:01	0.0	0.7629388	0.31975833	0.3606011
DRB1*09:01	0.0	0.7328622	0.6464069	0.6732888
DRB1*03:01	0.0	0.48326233	0.27284077	0.2698004
DRB1*08:02	0.0	0.0	0.27301973	0.23763296
DQA1*02:01-DQB1*03:01	0.0	0.53814095	0.29058194	0.35647985
DQA1*06:01-DQB1*04:02	0.0	0.084686644	0.27170336	0.1571553
DPA1*02:01-DPB1*14:01	0.0	0.19822283	0.2733668	0.32458854
DRB1*07:01	0.0	0.5487152	0.2789368	0.343914
DRB1*07:01	0.0	0.46045747	0.28535724	0.34765545
DRB3*02:02	0.0	0.06132746	0.27437028	0.23023894
DQA1*05:01-DQB1*03:02	0.0	0.3957233	0.2719562	0.31348786
DRB1*11:01	0.0	0.02062367	0.27387443	0.2786094
DRB5*01:01	0.0	0.0	0.43079755	0.23126844
DRB1*04:01	0.0	0.084686644	0.27337548	0.21648023
DRB1*11:01	0.0	0.37038034	0.27553746	0.38536653
DRB1*01:01	0.0	0.26779822	0.2833549	0.31355047
DRB1*15:01	0.0	0.39308622	0.28788155	0.29328397
DPA1*03:01-DPB1*04:02	0.0	0.0	0.31730652	0.2532071
DRB1*03:01	0.0	0.36018616	0.27286538	0.19371766
DRB1*08:01	0.0	0.7328622	0.4177708	0.3713313
DRB4*01:03	0.0	0.5639006	0.3370451	0.45756748
DQA1*02:01-DQB1*03:01	0.0	0.5949985	0.72238874	0.6861155
DRB1*07:01	0.0	0.1469194	0.27418423	0.351805
DRB1*11:01	1.0	0.8078111	0.4994379	0.5402169
DRB1*04:04	0.0	0.4654396	0.27536312	0.31118754
DRB1*01:01	0.0	0.0	0.27896166	0.14410797
DRB4*01:01	0.0	0.094908334	0.4328398	0.38206306
DQA1*02:01-DQB1*03:03	0.0	0.084686644	0.27216303	0.087700546
DRB4*01:03	0.0	0.7703366	0.41921866	0.5005387
DRB1*13:01	0.0	0.04945742	0.28688306	0.34541878
DRB1*04:01	0.0	0.41026515	0.34710404	0.45016292
DPB1*04:01	0.0	0.084686644	0.7219389	0.58134377
DRB1*15:01	0.0	0.0	0.2831746	0.2316651
DRB1*01:01	0.0	0.084686644	0.2789403	0.138823
DRB1*08:01	0.0	0.6502526	0.315302	0.33971092
DRB3*01:01	0.0	0.27162978	0.2716901	0.17293826
DRB4*01:01	0.0	0.0	0.2745986	0.16467443
DQA1*05:01-DQB1*03:03	0.0	0.49501443	0.27287632	0.19207856
DRB4*01:01	0.0	0.0	0.27317077	0.17756686
DRB3*01:01	0.0	0.35775974	0.27173978	0.18650097
DQA1*01:03-DQB1*06:03	0.0	0.084686644	0.5743951	0.59186184
DPA1*01:03-DPB1*04:02	0.0	0.3792299	0.2831876	0.33599004
DRB1*07:01	0.0	0.02062367	0.2757077	0.23065302
DQA1*05:01-DQB1*04:02	0.0	0.46181467	0.27292755	0.2730948
DRB1*08:01	0.0	0.0	0.27214924	0.17504838
DQB1*03:01	0.0	0.15906426	0.27210692	0.25314963
DQA1*02:01-DQB1*03:03	0.0	0.084686644	0.5763423	0.5762658
DRB5*01:01	0.0	0.1923221	0.43849617	0.37116614
DRB1*04:01	1.0	0.96252555	0.7280838	0.6352817
DRB1*04:04	0.0	0.59048915	0.27513233	0.3122997
DRB5*01:01	0.0	0.59733844	0.4388646	0.32464615
DRB4*01:03	0.0	0.5716429	0.28134528	0.35669366
DRB1*03:01	0.0	0.72312444	0.72721326	0.6424469
DRB4*01:03	0.0	0.34571818	0.28176203	0.3833787
DRB1*01:01	0.0	0.5407375	0.28015512	0.29601577
DRB1*14:54	0.0	0.5205645	0.7281153	0.6825863
DRB3*03:01	0.0	0.45496538	0.4496426	0.36685494
DRB1*01:01	0.0	0.0	0.27777138	0.25439855
DRB3*02:02	0.0	0.0	0.2742258	0.22216764
DQA1*01:03-DQB1*06:03	0.0	0.084686644	0.27972025	0.25730237
DRB1*01:01	0.0	0.0	0.27939728	0.20267954
DPA1*02:01-DPB1*01:01	0.0	0.0	0.2727822	0.13896617
DRB3*01:01	0.0	0.27624923	0.27164355	0.17967948
DRB1*04:01	0.0	0.26252288	0.2757145	0.24106762
DRB1*15:01	0.0	0.084686644	0.30420294	0.2985728
DRB1*07:01	0.0	0.0	0.27478588	0.22940531
DRB3*03:01	0.0	0.58831435	0.5232685	0.6920624
DQA1*03:03-DQB1*04:02	0.0	0.084686644	0.27278784	0.2980871
DRB1*03:01	0.0	0.29749924	0.27243763	0.077173516
DRB1*04:01	0.0	0.5791155	0.5217	0.55476284
DQA1*03:01-DQB1*03:02	0.0	0.0	0.272477	0.19853583
DRB1*07:01	0.0	0.34409735	0.43612	0.44758
DQA1*05:01-DQB1*03:02	0.0	0.2509642	0.27176186	0.1920928
DQA1*03:03-DQB1*04:02	0.0	0.4686219	0.41120997	0.3614922
DQA1*02:01-DQB1*03:03	0.0	0.40266526	0.27199382	0.124200374
DRB1*04:01	0.0	0.08248566	0.28654683	0.40953812
DQA1*05:01-DQB1*03:03	0.0	0.2664674	0.27163517	0.2529594
DRB1*09:01	1.0	0.83439964	0.6416849	0.6628156
DPA1*03:01-DPB1*04:02	0.0	0.3519169	0.2736032	0.3403453
DRB1*04:05	0.0	0.084686644	0.27238062	0.1794183
DRB3*02:02	0.0	0.5949985	0.3492402	0.37070695
DQA1*01:01-DQB1*05:01	0.0	0.0	0.27218223	0.16237578
DRB1*04:04	0.0	0.43373433	0.2771208	0.29250082
DRB1*11:01	0.0	0.0	0.27982295	0.29337874
DQA1*05:01-DQB1*03:01	0.0	0.0	0.2718921	0.257273
DQA1*03:01-DQB1*03:02	0.0	0.30060068	0.2716617	0.27732947
DQA1*06:01-DQB1*04:02	0.0	0.084686644	0.27174827	0.2322844
DRB4*01:03	0.0	0.6502526	0.28704503	0.4285746
DRB1*07:01	0.0	0.0	0.36128435	0.4270496
DRB1*08:01	0.0	0.4893192	0.4934489	0.4627327
DRB1*03:01	0.0	0.22757255	0.27287716	0.2371386
DRB1*08:01	0.0	0.0	0.27316397	0.24520007
DQA1*01:01-DQB1*05:01	0.0	0.0	0.2874542	0.18497232
DRB1*13:02	0.0	0.15253216	0.27580053	0.23462567
DRB1*14:54	0.0	0.5375186	0.30942234	0.46315292
DRB1*07:01	0.0	0.27934834	0.27513453	0.34702548
DQA1*03:01-DQB1*03:02	0.0	0.0	0.2744427	0.19529101
DRB1*11:01	0.0	0.084686644	0.27400532	0.14354458
DQA1*05:01-DQB1*04:02	0.0	0.084686644	0.2725629	0.2622455
DRB1*03:01	0.0	0.74971294	0.27270406	0.27718273
DRB1*11:01	0.0	0.0	0.4698463	0.47988656
DRB4*01:01	0.0	0.084686644	0.27694866	0.24663514
DRB1*11:01	0.0	0.6348129	0.42094272	0.4261302
DQA1*01:02-DQB1*05:01	1.0	0.8078111	0.72792035	0.64238966
DQA1*01:03-DQB1*06:03	0.0	0.7278651	0.27362424	0.28660426
DPA1*03:01-DPB1*04:02	0.0	0.0	0.27280518	0.16093162
DRB1*15:01	0.0	0.2202782	0.2832541	0.21477434
DQA1*01:03-DQB1*06:03	0.0	0.084686644	0.27175844	0.22035092
DRB3*02:02	1.0	1.0	0.44022694	0.4511018
DRB1*03:01	0.0	0.6263277	0.27306286	0.2203491
DQA1*02:01-DQB1*03:01	0.0	0.464309	0.2746439	0.33976564
DQA1*05:01-DQB1*04:02	0.0	0.084686644	0.272394	0.24317047
DQA1*06:01-DQB1*04:02	0.0	0.3686678	0.27174062	0.1951836
DRB1*01:01	0.0	0.4900586	0.27770326	0.43652585
DQA1*05:01-DQB1*04:02	0.0	0.38951632	0.2721006	0.27893385
DRB1*03:01	0.0	0.53209805	0.44688296	0.45778754
DRB3*01:01	0.0	0.28831303	0.27166173	0.24640366
DRB1*04:05	0.0	0.71020716	0.2737713	0.29662642
DQA1*05:01-DQB1*04:02	0.0	0.3371006	0.2721805	0.18213883
DPA1*03:01-DPB1*04:02	0.0	0.0	0.2729519	0.20938346
DRB1*01:01	0.0	0.0	0.27958584	0.22268409
DRB1*07:01	0.0	0.15561599	0.27423024	0.20152119
DRB4*01:03	0.0	0.77837855	0.7279806	0.68714
DRB5	0.0	0.0	0.27285892	0.18577597
DRB5*01:01	0.0	0.0	0.43298626	0.33594647
DRB1*03:01	0.0	0.26360536	0.27386695	0.17008445
DRB1*07:01	0.0	0.48257518	0.43866625	0.47357574
DRB1*08:01	0.0	0.5066869	0.27194944	0.23516592
DRB1*15:01	0.0	0.0	0.29473364	0.30697137
DRB1*15:01	0.0	0.084686644	0.2810656	0.13653311
DQA1*06:01-DQB1*04:02	0.0	0.2530831	0.27224976	0.27485165
DRB1*04:04	1.0	0.8201525	0.28205663	0.4099039
DRB1*08:01	0.0	0.37844995	0.2719179	0.33883873
DRB1*11:01	0.0	0.2710032	0.27607664	0.290404
DQA1*01:02-DQB1*05:01	0.0	0.5286533	0.27362305	0.24149004
DRB1*01:01	0.0	0.09154306	0.27860168	0.2869532
DQA1*05:01-DQB1*04:02	0.0	0.27515414	0.27801302	0.2237499
DRB1*01:01	0.0	0.29055756	0.45082542	0.4026722
DRB4*01:03	0.0	0.65906143	0.28340217	0.32697934
DRB1*14:54	0.0	0.084686644	0.2754114	0.24764702
DQA1*02:01-DQB1*04:02	0.0	0.15330565	0.2741421	0.3740476
DRB1*01:01	1.0	1.0	0.4414576	0.46623936
DRB1*13:02	0.0	0.084686644	0.38677356	0.3658208
DQA1*05:01-DQB1*04:02	0.0	0.43173805	0.2722282	0.21973756
DRB1*13:02	0.0	0.090760015	0.27483538	0.18304676
DRB5*01:01	0.0	0.5830913	0.47640002	0.48919854
DPA1*01:03-DPB1*02:01	0.0	0.075542286	0.27816206	0.3247151
DQA1*02:01-DQB1*04:02	0.0	0.30083993	0.27176479	0.29666469
DQA1*06:01-DQB1*04:02	0.0	0.084686644	0.27176946	0.16106495
DRB1*15:01	1.0	0.85125035	0.5596334	0.65747607
DQA1*01:03-DQB1*06:03	0.0	0.084686644	0.2724012	0.17845824
DRB3*02:02	0.0	0.71861506	0.27336848	0.30630395
DRB5*01:01	0.0	0.72312444	0.4359376	0.28074953
DRB1*09:01	0.0	0.6887833	0.2718722	0.35734895
DRB1*04:04	0.0	0.19970265	0.27672958	0.28488052
DRB1*13:02	0.0	0.5552419	0.5018655	0.5431043
DRB4*01:03	0.0	0.084686644	0.27824533	0.3068972
DRB1*09:01	0.0	0.6185565	0.46346238	0.42506316
DRB1*07:01	0.0	0.5743748	0.27709562	0.3479136
DRB1*15:01	0.0	0.59048915	0.3946568	0.4530864
DRB1*04:04	0.0	0.3230462	0.27951255	0.38255587
DRB1*03:01	0.0	0.68261945	0.27566692	0.3125396
DRB1*04:01	0.0	0.30587614	0.31107002	0.39751133
DRB5*01:01	1.0	0.83439964	0.45944694	0.38909307
DRB5*01:01	0.0	0.0	0.43234956	0.21486399
DQA1*01:02-DQB1*06:02	0.0	0.0	0.2721308	0.0916042
DRB1*04:05	0.0	0.0	0.27192605	0.18533298
DQA1*03:03-DQB1*04:02	0.0	0.55599636	0.27196637	0.2499024
DRB3*01:01	0.0	0.084686644	0.5783323	0.5573014
DRB1*11:01	0.0	0.55599636	0.6935656	0.5797255
DRB1*08:01	0.0	0.30223992	0.2717142	0.17084044
DRB1*13:01	0.0	0.0	0.28638634	0.32995197
DQA1*03:03-DQB1*04:02	0.0	0.084686644	0.27165994	0.1733459
DQA1*02:01-DQB1*03:03	0.0	0.62796354	0.5791969	0.551003
DQA1*06:01-DQB1*04:02	0.0	0.30596218	0.4115602	0.4180812
DRB1*13:02	0.0	0.24894741	0.35573584	0.40584776
DRB1*14:54	0.0	0.69887584	0.46128923	0.56394804
DRB4*01:03	0.0	0.52642614	0.28202078	0.37850907
DRB3*01:01	0.0	0.46515563	0.32050353	0.3477302
DQA1*05:01-DQB1*03:02	0.0	0.3218958	0.40431166	0.3916929
DRB1*08:02	0.0	0.0	0.273395	0.05404237
DRB1*04:05	0.0	0.7328622	0.44523573	0.4561366
DRB1*15:01	0.0	0.1460177	0.29945162	0.3352951
DRB1*13:02	0.0	0.0	0.27659476	0.14170933
DRB5*01:01	0.0	0.42271397	0.43715394	0.32984707
DPA1*02:01-DPB1*05:01	0.0	0.0	0.27218038	0.04035002
DRB1*07:01	1.0	1.0	0.72796327	0.673964
DRB5*01:01	0.0	0.14094603	0.43195236	0.47829083
DRB3*02:02	0.0	0.084686644	0.27372336	0.1227763
DRB1*01:01	0.0	0.3248983	0.31198472	0.33337215
DRB1*11:01	0.0	0.23706487	0.38299096	0.36116615
DQA1*05:01-DQB1*03:02	0.0	0.2803793	0.27171358	0.18607548
DRB5*01:01	0.0	0.7969252	0.7253828	0.7608173
DRB1*14:54	0.0	0.27017426	0.27709606	0.3278753
DPA1*01:03-DPB1*02:01	0.0	0.0	0.27547225	0.17962804
DQA1*01:02-DQB1*05:01	0.0	0.43849626	0.459297	0.4627103
DRB1*08:01	0.0	0.4889517	0.32055172	0.40506235
DRB1*07:01	0.0	0.47921395	0.33127573	0.40981635
DRB1*13:01	0.0	0.6887833	0.31873536	0.4018918
DQA1*02:01-DQB1*03:01	0.0	0.2772089	0.27334616	0.29137304
DRB1*04:01	0.0	0.0	0.27495942	0.18800703
DRB1*01:01	0.0	0.26344538	0.28186592	0.25394467
DRB1*13:02	0.0	0.46045747	0.37994727	0.44592616
DRB1*12:01	0.0	0.4660101	0.28079128	0.3427072
DRB1*01:01	1.0	0.8201525	0.27749312	0.124687284
DRB4	0.0	0.084686644	0.2997594	0.37205914
DQA1*05:01-DQB1*03:02	0.0	0.33013484	0.27254862	0.2405279
DRB1*09:01	0.0	0.6185565	0.38157666	0.44810614
DQA1*05:01-DQB1*03:03	0.0	0.084686644	0.27192178	0.2007865
DRB1*15:01	0.0	0.70250076	0.28335914	0.18916538
DRB1*08:01	0.0	0.49384698	0.34661797	0.3458412
DRB1*04:05	0.0	0.0	0.27206916	0.13801894
DRB1*07:01	0.0	0.46208853	0.49223918	0.5315261
DRB4*01:01	0.0	0.034090444	0.2742003	0.27775577
DRB1*04:04	0.0	0.5280915	0.27931023	0.32135388
DRB1*01:01	0.0	0.77837855	0.41577318	0.4777377
DRB1*13:01	0.0	0.598531	0.29893136	0.38227144
DQA1*05:01-DQB1*03:02	0.0	0.5997392	0.27209833	0.34955505
DRB1*03:01	0.0	0.0	0.2723741	-0.0048841387
DQA1*05:01-DQB1*03:02	0.0	0.29639676	0.27179593	0.18795761
DQA1*01:02-DQB1*05:01	0.0	0.4680351	0.698731	0.62794423
DRB1*13:01	0.0	0.084686644	0.33304897	0.4213324
DRB1*09:01	0.0	0.64221066	0.28402242	0.3840373
DQA1*03:03-DQB1*04:02	0.0	0.47161323	0.2783797	0.30989018
DRB3*03:01	0.0	0.68261945	0.482712	0.5574522
DRB4*01:01	0.0	0.069381416	0.27332437	0.2338798
DQA1*05:01-DQB1*03:03	0.0	0.30962965	0.27209896	0.21491691
DRB3*02:02	0.0	0.084686644	0.72491777	0.6572497
DRB1*15:01	0.0	0.0	0.2857618	0.3007416
DRB3*02:02	0.0	0.084686644	0.2746546	0.3662292
DRB3*02:02	0.0	0.0	0.27371743	0.20627454
DRB3*01:01	0.0	0.39077553	0.4445368	0.391506
DRB1*04:05	0.0	0.084686644	0.27190185	0.17385522
DRB1*07:01	0.0	0.77837855	0.2874767	0.37445083
DQA1*05:01-DQB1*04:02	0.0	0.55012625	0.32576993	0.4192985
DRB1*13:02	0.0	0.15573552	0.27512014	0.25414392
DRB4*01:03	1.0	0.87187403	0.7273922	0.71080935
DRB1*01:01	0.0	0.5689894	0.27961162	0.26866123
DRB1*09:01	0.0	0.22824726	0.271798	0.239135
DRB5*01:01	0.0	0.084686644	0.42972943	0.2256886
DRB1*03:01	0.0	0.33918083	0.2857785	0.3140858
DRB1*09:01	0.0	0.34540725	0.27189884	0.3170892
DQA1*03:01-DQB1*03:02	0.0	0.0	0.27182442	0.23159856
DQA1*01:03-DQB1*06:03	0.0	0.26597324	0.27179942	0.1858981
DQA1*02:01-DQB1*04:02	0.0	0.2494681	0.27178058	0.27693903
DRB1*09:01	0.0	0.53151494	0.27192914	0.35152188
DQA1*02:01-DQB1*04:02	0.0	0.50150293	0.2881421	0.42273805
DRB1*11:01	1.0	0.83439964	0.72764397	0.67344844
DQA1*06:01-DQB1*04:02	0.0	0.084686644	0.27170542	0.2123659
DRB1*04:01	0.0	0.0	0.27393317	0.16948709
DRB1*11:01	0.0	0.5459561	0.2740779	0.23520738
DRB1*15:01	1.0	1.0	0.4604593	0.52535427
DRB5*01:01	0.0	0.0	0.4307075	0.28490666
DRB1*07:01	0.0	0.16709112	0.28443435	0.44373122
DRB1*09:01	0.0	0.5820812	0.27830604	0.44238892
DRB1*01:01	0.0	0.0	0.27887514	0.19581822
DRB5*01:02	0.0	0.02062367	0.47405446	0.28561565
DRB4*01:03	0.0	0.50150293	0.28246677	0.33527145
DRB5*01:01	0.0	0.4185122	0.4342839	0.30856273
DRB5*01:01	0.0	0.084686644	0.43605757	0.28407344
DQA1*06:01-DQB1*04:02	0.0	0.24705398	0.30095774	0.28991282
DPA1*01:03-DPB1*04:01	0.0	0.0	0.27535608	0.09889129
DRB1*07:01	0.0	0.21437849	0.274285	0.28288206
DQA1*05:01-DQB1*03:02	0.0	0.084686644	0.27213028	0.20871446
DRB1*11:01	0.0	0.674082	0.39643648	0.46076396
DRB1*11:01	0.0	0.6953878	0.3957637	0.44461134
DRB1*11:01	0.0	0.23283745	0.27453628	0.26805368
DRB1*04:01	1.0	0.90483916	0.72805744	0.6257824
DRB1*07:01	0.0	0.71020716	0.40408123	0.4730681
DQA1*05:01-DQB1*03:02	0.0	0.5716429	0.27184623	0.25499246
DRB3*01:01	0.0	0.6348129	0.27175394	0.26108006
DQA1*02:01-DQB1*04:02	0.0	0.084686644	0.27166823	0.2989649
DQA1*05:01-DQB1*03:02	0.0	0.084686644	0.2717222	0.20753798
DRB1*15:01	0.0	0.0	0.2814849	0.106469244
DPA1*01:03-DPB1*02:01	0.0	0.3509231	0.27620944	0.2931008
DRB1*13:01	0.0	0.4186835	0.30248708	0.35229972
DRB1*13:01	0.0	0.084686644	0.28676668	0.35638192
DRB1*04:04	0.0	0.15720244	0.27388376	0.4379212
DRB1*11:01	0.0	0.52642614	0.27351898	0.23937252
DRB1*07:01	0.0	0.51603055	0.27740964	0.33336964
DRB1*13:02	0.0	0.0	0.28243354	0.30451897
DQA1*05:01-DQB1*03:02	0.0	0.4686219	0.27175742	0.22920668
DQA1*05:01-DQB1*03:02	0.0	0.21376015	0.27183765	0.27687734
DRB1*08:01	0.0	0.4112725	0.29680967	0.35057774
DRB1*13:01	0.0	0.29749924	0.3177485	0.4328126
DQA1*02:01-DQB1*03:01	0.0	0.084686644	0.27333272	0.3347138
DRB4*01:01	0.0	0.0	0.27401957	0.10426271
DRB3*03:01	0.0	0.3405696	0.45048824	0.36296418
DQA1*03:01-DQB1*03:02	0.0	0.2458305	0.271869	0.2096073
DRB1*09:01	0.0	0.72312444	0.27197343	0.29527777
DRB1*07:01	0.0	0.21370414	0.29288113	0.38521257
DQA1*05:01-DQB1*03:03	0.0	0.30596218	0.2720855	0.19706562
DRB1*13:01	0.0	0.4593859	0.29596764	0.36699805
DQA1*06:01-DQB1*04:02	0.0	0.52004963	0.45098948	0.40191326
DRB1*01:01	0.0	0.58939534	0.5879169	0.63144636
DRB1*03:01	0.0	0.084686644	0.2724062	0.10040733
DRB1*07:01	0.0	0.0	0.276366	0.4080011
DRB1*08:02	0.0	0.28354305	0.33613807	0.47358605
DRB1*04:01	0.0	0.3110099	0.27369812	0.35103294
DRB5*01:01	0.0	0.77837855	0.46662515	0.42442796
DRB4*01:03	0.0	0.7703366	0.42673135	0.5342181
DRB4*01:03	0.0	0.414166	0.2780422	0.2923783
DRB1*11:01	0.0	0.5432769	0.27396455	0.26524073
DRB3*03:01	0.0	0.45911992	0.45001563	0.39336577
DRB1*03:01	0.0	0.29749924	0.27266443	0.13634953
DRB1*08:02	0.0	0.77837855	0.2848879	0.37731555
DRB5*01:01	0.0	0.68261945	0.45025253	0.42891917
DRB1*11:01	0.0	0.4333316	0.51466876	0.53076494
DRB3*02:02	0.0	0.0	0.2733373	0.1944758
DRB1*15:01	0.0	0.39413205	0.2967948	0.33790693
DRB1*04:01	0.0	0.35125318	0.3585392	0.42175803
DRB1*03:01	0.0	0.0	0.27298993	0.20702723
DQA1*05:01-DQB1*04:02	0.0	0.6141892	0.32516274	0.4471511
DRB1*01:01	0.0	0.4643652	0.27984414	0.29266158
DRB1*07:01	0.0	0.43828404	0.27605453	0.33981207
DRB3*01:01	0.0	0.0	0.27200705	0.2321879
DQA1*01:02-DQB1*05:01	0.0	0.62472034	0.2740917	0.26062348
DRB1*11:01	0.0	0.24368893	0.27746907	0.30317765
DQA1*02:01-DQB1*04:02	0.0	0.33520502	0.2717788	0.28632087
DQA1*01:02-DQB1*05:01	0.0	0.46099797	0.27390823	0.2897041
DRB3*01:01	0.0	0.084686644	0.2930198	0.31025204
DRB5*01:01	0.0	0.7703366	0.4443808	0.4316124
DRB3*02:02	0.0	0.6441565	0.72759026	0.61052823
DRB5*01:01	0.0	0.4128688	0.4426567	0.34553006
DRB1*09:01	0.0	0.2566669	0.2719886	0.26590064
DRB3*01:01	0.0	0.084686644	0.2718099	0.14365941
DQA1*02:01-DQB1*04:02	0.0	0.414166	0.30839714	0.4038842
DRB3*01:01	0.0	0.7629388	0.27165192	0.22172853
DRB5*01:01	1.0	1.0	0.50644034	0.6242645
DRB1*11:01	0.0	0.0	0.27458292	0.1991066
DRB1*08:01	0.0	0.521603	0.27216834	0.2475096
DRB1*04:01	0.0	0.0	0.30770764	0.4078174
DRB1*04:04	0.0	0.2433025	0.27690095	0.31283632
DRB1*04:01	0.0	0.32786068	0.28589606	0.32573682
DRB1*13:02	0.0	0.0	0.35466796	0.40047684
DRB1*03:01	0.0	0.738145	0.27317938	0.29753134
DRB1*13:02	0.0	0.19155523	0.28079852	0.20762172
DRB1*11:01	0.0	0.0	0.37225243	0.2930677
DQA1*05:01-DQB1*03:01	0.0	0.2675305	0.2733176	0.32412222
DRB1*11:01	0.0	0.46369305	0.27625197	0.3762782
DRB1*04:04	0.0	0.27735743	0.27496657	0.29048446
DRB1*11:01	0.0	0.32046288	0.27410272	0.26922753
DRB1*09:01	0.0	0.58009356	0.2719685	0.3121521
DQA1*06:01-DQB1*04:02	0.0	0.42655408	0.30899408	0.32667094
DRB4*01:01	0.0	0.5036277	0.27322996	0.15267935
DQA1*05:01-DQB1*03:02	0.0	0.084686644	0.27166986	0.19856223
DQA1*02:01-DQB1*03:03	0.0	0.32696646	0.5281404	0.585158
DRB3*01:01	0.0	0.32004908	0.2716513	0.18116948
DRB1*01:01	0.0	0.084686644	0.27754083	0.104992986
DRB1*03:01	0.0	0.084686644	0.446153	0.19947302
DRB1*07:01	0.0	0.084686644	0.27460587	0.19782558
DRB4*01:03	0.0	0.5771899	0.62026167	0.6826595
DRB1*08:02	0.0	0.77837855	0.27494493	0.28949937
DRB1*04:05	0.0	0.0	0.27182913	0.03414324
DRB1*14:54	0.0	0.084686644	0.27531743	0.29551813
DRB3*01:01	0.0	0.39802554	0.27989367	0.29126427
DRB1*03:01	0.0	0.2376918	0.2724326	0.22190809
DRB1*08:01	0.0	0.38230148	0.27182356	0.2241545
DRB3*02:02	0.0	0.0	0.27540857	0.13785475
DRB1*03:01	1.0	1.0	0.727912	0.61186147
DRB1*03:01	0.0	0.0	0.27294865	0.17428511
DQA1*01:02-DQB1*05:01	0.0	0.55829746	0.35425723	0.44953468
DRB1*03:01	0.0	0.0	0.2734851	0.19993934
DRB1*13:01	0.0	0.7062737	0.44038036	0.43014434
DRB1*11:01	0.0	0.2637977	0.27429092	0.28571233
DRB1*03:01	0.0	0.084686644	0.27271554	0.14347333
DRB4*01:03	0.0	0.53446805	0.39566824	0.45211616
DRB1*03:01	0.0	0.11440848	0.2763568	0.32227919
DRB3*03:01	0.0	0.084686644	0.47023118	0.4903346
DPA1*01:03-DPB1*02:01	0.0	0.04721221	0.27464178	0.21113458
DRB1*15:01	0.0	0.21160059	0.28084245	0.36540774
DQA1*05:01-DQB1*03:03	0.0	0.26610476	0.271751	0.22372356
DQA1*02:01-DQB1*03:03	0.0	0.45754	0.27198142	0.17204145
DRB1*08:02	0.0	0.591596	0.2726302	0.38505164
DRB1*07:01	0.0	0.34800422	0.2821515	0.39000586
DRB1*13:02	0.0	0.0	0.2753847	0.19409347
DQB1*06:02	0.0	0.29749924	0.28912702	0.35181496
DRB3*02:02	0.0	0.6502526	0.2804053	0.38138637
DRB1*07:01	0.0	0.47533548	0.27563167	0.28883937
DQA1*05:01-DQB1*03:02	0.0	0.32165545	0.27191532	0.16425845
DRB1*08:02	0.0	0.2480229	0.27354386	0.31708497
DRB1*11:01	0.0	0.41158956	0.43716142	0.43140283
DPA1*02:01-DPB1*05:01	0.0	0.025230695	0.27207068	0.09378055
DRB3*01:01	0.0	0.0	0.3595748	0.30244926
DRB1*09:01	0.0	0.59048915	0.28528532	0.40962574
DRB1*14:54	0.0	0.18910593	0.27605954	0.3420737
DRB1*01:01	0.0	0.47439077	0.36035204	0.4962968
DRB1*03:01	0.0	0.5356762	0.27295998	0.20962414
DRB1*13:01	0.0	0.5326849	0.33422694	0.42431065
DQA1*05:01-DQB1*04:02	0.0	0.37833908	0.2723806	0.27208957
DRB4*01:03	0.0	0.17345962	0.3526331	0.41183123
DRB1*15:01	0.0	0.0	0.27981713	0.050787643
DPA1*01:03-DPB1*02:01	0.0	0.0	0.27481535	0.16566947
DRB1*03:01	0.0	0.0	0.27241415	0.34548774
DRB1*04:01	0.0	0.5556376	0.27391538	0.23968214
DRB5*01:01	0.0	0.29749924	0.46718046	0.40675518
DRB1*04:04	0.0	0.71861506	0.4452147	0.50996935
DRB3*03:01	0.0	0.084686644	0.44859794	0.39191023
DRB1*14:54	0.0	0.26450643	0.27687463	0.35304877
DRB1*01:01	0.0	0.3108496	0.28655332	0.3038107
DRB1*07:01	0.0	0.27396435	0.27388722	0.30316132
DQA1*01:01-DQB1*05:01	0.0	0.0	0.27248526	0.08139667
DRB1*08:01	0.0	0.0	0.28791258	0.3807399
DRB1*04:01	0.0	0.34639022	0.2748272	0.3489751
DRB1*13:02	0.0	0.7560895	0.41813484	0.47521785
DRB1*11:01	1.0	0.8673647	0.3500348	0.43523893
DRB1*13:02	1.0	0.89543205	0.72733843	0.66116214
DRB1*15:02	0.0	0.19156991	0.27410513	0.09767187
DQA1*02:01-DQB1*04:02	0.0	0.084686644	0.27159747	0.28469506
DRB4*01:01	0.0	0.0	0.28101993	0.22399703
DQA1*01:02-DQB1*05:01	1.0	0.8078111	0.28099167	0.36010292
DRB1*07:01	0.0	0.71861506	0.27475563	0.26824275
DRB1*07:01	0.0	0.7703366	0.48175594	0.51620066
DRB1*14:54	0.0	0.5707499	0.5007294	0.5756357
DQA1*05:01-DQB1*03:02	0.0	0.2950819	0.27168927	0.16837838
DRB1*01:01	0.0	0.562671	0.44227338	0.38176474
DRB1*14:54	0.0	0.7703366	0.72682285	0.7225596
DRB1*09:01	0.0	0.6545521	0.27195266	0.34598216
DQA1*02:01-DQB1*03:03	0.0	0.52642614	0.27182913	0.16104063
DRB1*09:01	0.0	0.7629388	0.27219796	0.3798907
DRB1*04:01	0.0	0.21394709	0.27315995	0.3074111
DRB1*01:01	0.0	0.12450104	0.27765086	0.29069537
DRB1*01:01	1.0	1.0	0.7280303	0.6411525
DQA1*03:01-DQB1*03:02	0.0	0.0	0.5848208	0.5875796
DRB1*11:01	0.0	0.7328622	0.28465036	0.3792483
DRB1*07:01	0.0	0.5791155	0.72615176	0.6621618
DRB1*15:01	0.0	0.035644215	0.28159782	0.2086815
DRB1*03:01	0.0	0.0	0.2727692	0.14022675
DRB1*07:01	0.0	0.39256772	0.37110832	0.45874324
DQA1*02:01-DQB1*03:01	0.0	0.084686644	0.27382097	0.28501365
DRB1*12:01	0.0	0.0	0.27214444	0.16698015
DRB1*09:01	0.0	0.16748646	0.2720895	0.2853491
DRB3*01:01	0.0	0.0	0.2717059	0.060815483
DQA1*02:01-DQB1*03:01	0.0	0.60096335	0.2731695	0.32297698
DRB1*07:01	0.0	0.3052559	0.27457863	0.21936348
DRB1*04:05	0.0	0.084686644	0.27206063	0.25957087
DRB1*01:01	0.0	0.4657244	0.29465535	0.3824012
DQA1*05:01-DQB1*03:02	0.0	0.22267368	0.2717592	0.20712551
DQA1*05:01-DQB1*02:01	0.0	0.0	0.39488745	0.22013602
DQA1*05:01-DQB1*03:03	0.0	0.5036277	0.27262548	0.23987165
DRB3*03:01	0.0	0.22921343	0.45063034	0.38667646
DRB1*15:01	1.0	1.0	0.72734207	0.6761353
DRB3*02:02	0.0	0.473146	0.27327988	0.22636706
DRB1*03:01	0.0	0.36967134	0.27353805	0.30905515
DQB1*06:02	0.0	0.0	0.27335462	0.31264913
DRB1*08:01	0.0	0.45172212	0.39291316	0.35522977
DRB1*11:01	0.0	0.084686644	0.27563426	0.3018493
DQA1*05:01-DQB1*04:02	0.0	0.36572102	0.35701418	0.4394038
DRB1*13:01	0.0	0.084686644	0.28397334	0.27011505
DRB3*01:01	0.0	0.35767108	0.27166206	0.13146788
DRB4*01:01	0.0	0.47790295	0.27457717	0.29101643
DQA1*06:01-DQB1*04:02	0.0	0.084686644	0.28068608	0.3770897
DRB1*04:01	0.0	0.0	0.41474035	0.41766724
DQB1*03:01	0.0	0.0597122	0.27256337	0.23577175
DRB1*03:03	0.0	0.0	0.56441265	0.5969255
DQA1*01:01-DQB1*05:01	0.0	0.0	0.27218664	0.052336752
DQA1*05:01-DQB1*03:03	0.0	0.50192404	0.2727409	0.2883229
DRB3*03:01	0.0	0.34086463	0.5981564	0.68754697
DRB1*07:01	0.0	0.41158956	0.27706894	0.3241665
DRB1*01:01	0.0	0.13742115	0.28036377	0.2363418
DRB3*02:02	0.0	0.6502526	0.6832356	0.62953544
DRB1*07:01	0.0	0.6662669	0.27654234	0.29399893
DRB1*04:01	0.0	0.40223372	0.27316445	0.3516949
DQA1*01:02-DQB1*06:02	0.0	0.0	0.32339224	0.12740302
DRB1*03:01	0.0	0.5426191	0.3542842	0.4236925
DPA1*01:03-DPB1*04:01	0.0	0.32262072	0.27441472	0.19523308
DRB1*09:01	0.0	0.738145	0.50908506	0.54300785
DRB3*03:01	0.0	0.5530147	0.45500392	0.45616356
DRB1*07:01	0.0	0.7437481	0.7274904	0.68189466
DRB1*04:04	0.0	0.7969252	0.44437528	0.51094484
DRB5*01:02	0.0	0.02062367	0.32823786	0.21859285
DRB1*11:01	0.0	0.7969252	0.7279201	0.66880405
DQA1*01:02-DQB1*05:01	0.0	0.5175173	0.27619612	0.28005663
DQA1*05:01-DQB1*04:02	0.0	0.71861506	0.7232143	0.6614287
DRB1*07:01	0.0	0.0	0.277379	0.29863852
DQA1*02:01-DQB1*04:02	0.0	0.5672618	0.572866	0.65285146
DRB4*01:01	0.0	0.1832994	0.27864364	0.38219854
DRB1*08:01	0.0	0.27342856	0.27192932	0.13987753
DQA1*01:02-DQB1*05:01	0.0	0.084686644	0.2796047	0.3083763
DQA1*02:01-DQB1*04:02	0.0	0.58514524	0.27186075	0.38179728
DRB1*04:01	0.0	0.0	0.2740484	0.18802789
DRB4*01:01	0.0	0.084686644	0.273213	0.21507218
DQA1*05:01-DQB1*04:02	0.0	0.5175173	0.2722441	0.20325181
DQA1*03:01-DQB1*03:02	0.0	0.0	0.27174965	0.03772098
DRB1*03:01	0.0	0.084686644	0.39966938	0.33708677
DRB3*03:01	0.0	0.71431553	0.4517808	0.39613357
DQA1*01:02-DQB1*05:01	0.0	0.7278651	0.72740847	0.6641333
DRB1*04:04	0.0	0.23716104	0.27698794	0.31459692
DQA1*02:01-DQB1*03:01	0.0	0.4003866	0.36859313	0.4104326
DRB1*13:01	0.0	0.0	0.3382876	0.38784984
DRB1*07:01	0.0	0.45806366	0.27513838	0.36103043
DRB3*03:01	0.0	0.084686644	0.44886115	0.34366933
DRB1*01:01	0.0	0.50929826	0.59780735	0.64833736
DQA1*02:01-DQB1*03:01	0.0	0.5672618	0.27309838	0.1814821
DQA1*05:01-DQB1*03:02	0.0	0.39652932	0.27213314	0.18045846
DQA1*06:01-DQB1*04:02	0.0	0.3035134	0.2719084	0.3047702
DRB3*01:01	0.0	0.084686644	0.27169728	0.16604522
DPA1*01:03-DPB1*04:01	0.0	0.25907466	0.2764129	0.17985061
DRB1*15:01	0.0	0.6348129	0.28281677	0.3869408
DRB1*07:01	0.0	0.084686644	0.27549514	0.3479475
DRB3*01:01	0.0	0.37550178	0.48731187	0.45454308
DRB1*03:01	0.0	0.0	0.27294168	0.15377775
DRB1*03:01	0.0	0.084686644	0.2727087	0.24748579
DRB1*01:01	0.0	0.3963627	0.44431487	0.43861607
DRB1*04:05	0.0	0.19395056	0.27293584	0.26994327
DQA1*05:01-DQB1*04:02	0.0	0.33838627	0.27496615	0.34648308
DRB1*11:01	0.0	0.0	0.2744358	0.22539458
DRB1*08:01	0.0	0.084686644	0.27175617	0.13770548
DQA1*02:01-DQB1*03:01	0.0	0.43536296	0.27266937	0.305115
DQA1*03:01-DQB1*03:02	0.0	0.0	0.27171633	0.20061612
DPA1*02:01-DPB1*01:01	0.0	0.0	0.27217752	0.22105852
DQA1*01:02-DQB1*05:01	0.0	0.43173805	0.27422205	0.20464763
DRB1*12:01	0.0	0.0	0.27202868	0.3173979
DRB4*01:01	0.0	0.58831435	0.28837606	0.32855192
DRB1*11:01	1.0	0.8201525	0.28319183	0.31704733
DRB1*14:54	0.0	0.15554634	0.27485886	0.3590391
DRB1*15:01	0.0	0.19492026	0.28301126	0.27680752
DRB1*08:02	0.0	0.34848437	0.33537453	0.43608752
DRB1*03:01	0.0	0.6545521	0.7269232	0.6287317
DRB3*01:01	0.0	0.18253696	0.2718065	0.20085773
DQA1*01:02-DQB1*05:01	0.0	0.7560895	0.2748038	0.2927066
DRB1*15:01	0.0	0.4477396	0.2875655	0.309508
DRB1*09:01	0.0	0.084686644	0.27215844	0.3362523
DRB1*11:01	0.0	0.3560026	0.3400859	0.4586856
DPA1*01:03-DPB1*02:01	0.0	0.0	0.27455592	0.20832133
DRB1*03:01	0.0	0.674082	0.7265056	0.65503323
DRB1*08:02	0.0	0.29749924	0.2727719	0.34591183
DRB1*07:01	0.0	0.4734556	0.68973446	0.6276238
DRB3*01:01	0.0	0.084686644	0.27188945	0.21280497
DRB1*11:01	0.0	0.26952326	0.27394605	0.31739
DRB1*03:01	0.0	0.0	0.30713812	0.41463807
DRB3*01:01	0.0	0.084686644	0.27170545	0.30881786
DRB3*01:01	0.0	0.6687992	0.27176186	0.22336245
DQA1*05:01-DQB1*04:02	0.0	0.26557982	0.2722521	0.24388275
DRB1*14:54	0.0	0.77837855	0.7280435	0.70156777
DRB3*01:01	0.0	0.0	0.27174073	0.09990552
DRB1*15:01	0.0	0.5221266	0.28435406	0.34054694
DRB1*08:01	0.0	0.5093922	0.2727958	0.29342768
DQA1*05:01-DQB1*04:02	0.0	0.084686644	0.27249938	0.24541101
DRB3*01:01	0.0	0.3010798	0.2716067	0.1720933
DRB1*07:01	0.0	0.26826856	0.2752638	0.27699998
DQA1*06:01-DQB1*04:02	0.0	0.39625987	0.31784517	0.34121194
DRB1*13:01	0.0	0.12871936	0.28408965	0.34418145
DQA1*01:02-DQB1*06:02	0.0	0.0	0.27531138	-0.025754884
DRB1*01:01	0.0	0.58967847	0.43386164	0.40934256
DRB3*02:02	0.0	0.0	0.2734481	0.18642771
DRB1*11:01	0.0	0.29749924	0.27428547	0.34452632
DQA1*03:03-DQB1*04:02	0.0	0.4448728	0.27218613	0.19086394
DRB1*03:01	0.0	0.084686644	0.2732244	0.26071557
DRB1*04:01	0.0	0.05509291	0.2733824	0.2727173
DRB1*11:01	0.0	0.084686644	0.27410743	0.23893246
DRB1*11:01	0.0	0.4158135	0.27429026	0.18537533
DRB1*04:01	0.0	0.04721221	0.27456608	0.13393125
DRB3*02:02	0.0	0.6348129	0.39718357	0.39072362
DRB1*15:01	0.0	0.31361356	0.3331931	0.36223516
DRB3*01:01	0.0	0.14350383	0.2716306	0.12454161
DQA1*02:01-DQB1*03:01	0.0	0.084686644	0.27303496	0.18135661
DRB1*08:01	0.0	0.43474886	0.27174884	0.24418321
DQA1*02:01-DQB1*04:02	0.0	0.3133389	0.2719691	0.3134527
DRB5*01:01	0.0	0.5280915	0.4536986	0.46765998
DRB1*07:01	0.0	0.6614014	0.2790118	0.32688203
DQA1*05:01-DQB1*03:02	0.0	0.20858535	0.2727285	0.09619209
DRB1*01:01	0.0	0.02062367	0.27929598	0.1821309
DRB1*11:01	0.0	0.7560895	0.27459696	0.2531025
DQA1*02:01-DQB1*04:02	0.0	0.24036737	0.27187598	0.28766784
DQA1*02:01-DQB1*03:01	0.0	0.28322572	0.2726475	0.30494478
DPA1*01:03-DPB1*04:01	0.0	0.0	0.2746106	0.080269635
DRB3*01:01	0.0	0.29749924	0.2721691	0.08520585
DRB1*03:01	0.0	0.55228406	0.27315655	0.20386234
DRB1*07:01	0.0	0.27024305	0.2790253	0.47078958
DQA1*05:01-DQB1*03:03	0.0	0.27121156	0.27186707	0.23535046
DRB1*07:01	0.0	0.738145	0.28271657	0.47510418
DQA1*01:02-DQB1*05:01	0.0	0.084686644	0.27427045	0.22570911
DQA1*05:01-DQB1*03:02	0.0	0.33618307	0.27373692	0.2443212
DQA1*06:01-DQB1*04:02	0.0	0.40123454	0.58910954	0.5942484
DQA1*05:01-DQB1*03:03	0.0	0.084686644	0.27230817	0.17637545
DRB3*01:01	0.0	0.0	0.27197483	0.21589461
DRB1*15:01	0.0	0.0	0.28817078	0.28310367
DQA1*03:01-DQB1*03:02	0.0	0.0	0.27178013	0.19449982
DRB1*11:01	0.0	0.7437481	0.37899995	0.45029995
DRB1*13:01	0.0	0.08428088	0.58844656	0.64204276
DRB1*08:02	0.0	0.0	0.3014586	0.350073
DRB1*11:01	0.0	0.5830913	0.4148272	0.48823133
DRB3*01:01	0.0	0.29250702	0.2718916	0.21082377
DRB1*03:01	1.0	0.9911911	0.72568375	0.6233611
DRB1*11:01	0.0	0.4874962	0.27402008	0.20726934
DRB1*01:01	0.0	0.14249638	0.37926963	0.42767325
DRB3*01:01	0.0	0.0	0.3958592	0.30536017
DQA1*03:03-DQB1*04:02	0.0	0.084686644	0.27176726	0.17850891
DQA1*05:01-DQB1*04:02	0.0	0.23010063	0.2727038	0.2698163
DRB3*03:01	0.0	0.43213388	0.45241845	0.4205903
DRB1*11:01	0.0	0.69887584	0.27643055	0.3184585
DQA1*05:01-DQB1*04:02	0.0	0.49659437	0.47657898	0.4546316
DRB1*03:01	0.0	0.21599051	0.27313936	0.25065777
DRB1*13:02	0.0	0.4112725	0.6234298	0.6014359
DQA1*02:01-DQB1*04:02	0.0	0.084686644	0.27287525	0.13287339
DQA1*02:01-DQB1*03:03	0.0	0.3731672	0.271806	0.30282035
DQA1*02:01-DQB1*03:01	0.0	0.29298988	0.34180552	0.3900639
DQA1*02:01-DQB1*03:01	0.0	0.27138558	0.27279922	0.15275952
DRB3*01:01	0.0	0.04436072	0.27161255	0.16354367
DRB3*02:02	0.0	0.6796851	0.27386895	0.23791793
DQA1*02:01-DQB1*03:03	0.0	0.64221066	0.58258134	0.58715904
DRB1*04:01	0.0	0.36156222	0.2733225	0.32404646
DRB1*11:01	0.0	0.39707062	0.2752756	0.31729278
DQA1*03:01-DQB1*03:02	0.0	0.0	0.27166963	0.20574221
DRB3*02:02	0.0	0.37475252	0.27364606	0.22624928
DQA1*05:01-DQB1*03:03	0.0	0.5459561	0.5751309	0.5549425
DRB1*15:01	0.0	0.0	0.29191718	0.28763506
DQA1*03:03-DQB1*04:02	0.0	0.084686644	0.31227913	0.31786352
DRB3*02:02	1.0	1.0	0.72721535	0.6676656
DQA1*02:01-DQB1*03:01	0.0	0.084686644	0.4304168	0.41804686
DQA1*02:01-DQB1*03:03	0.0	0.084686644	0.27394116	0.27151796
DRB1*11:01	0.0	0.3198723	0.40130183	0.43188992
DRB1*13:01	0.0	0.15199453	0.28499627	0.31948334
DRB1*13:01	0.0	0.29343104	0.39731205	0.46533647
DRB3*02:02	0.0	0.0	0.27380738	0.24105367
DRB3*02:02	0.0	0.3392534	0.27555087	0.2684479
DPA1*03:01-DPB1*04:02	0.0	0.18963663	0.2724003	0.18694356
DRB1*11:01	0.0	0.0	0.2736525	0.25699696
DRB1*07:01	0.0	0.084686644	0.27473497	0.18565243
DRB1*04:01	0.0	0.0	0.2848765	0.3290841
DRB1*09:01	0.0	0.118613966	0.27184898	0.3150033
DQA1*02:01-DQB1*04:02	0.0	0.37647408	0.27210045	0.34683296
DRB1*07:01	0.0	0.24821249	0.27532515	0.30487588
DRB5*01:01	0.0	0.0	0.4439564	0.34995982
DRB1*04:01	0.0	0.6662669	0.27320394	0.1677219
DRB1*03:01	0.0	0.4654396	0.2829909	0.34849665
DRB1*11:01	0.0	0.0	0.2742795	0.1428735
DRB1*08:01	0.0	0.51603055	0.3173012	0.35813072
DQA1*06:01-DQB1*04:02	0.0	0.084686644	0.27192044	0.23522559
DQA1*05:01-DQB1*02:01	0.0	0.5309355	0.3107469	0.38675943
DRB1*04:01	0.0	0.08422568	0.3761614	0.36977795
DRB3*03:01	0.0	0.37945396	0.45380023	0.40910557
DQA1*06:01-DQB1*04:02	0.0	0.084686644	0.27208078	0.22130683
DRB1*07:01	0.0	0.7871874	0.27451882	0.36002567
DRB1*15:01	0.0	0.48535502	0.31413525	0.42615345
DRB1*11:01	0.0	0.0	0.27345046	0.30348286
DRB1*13:02	0.0	0.0	0.27596334	0.08312327
DQA1*02:01-DQB1*03:01	0.0	0.3211169	0.27332115	0.2746007
DRB1*01:01	0.0	0.2386158	0.28048304	0.25353637
DRB1*01:01	0.0	0.0	0.27665725	0.26495782
DRB1*04:01	0.0	0.20851474	0.2731486	0.24536887
DRB1*03:01	0.0	0.56986547	0.27774003	0.31911764
DRB3*02:02	0.0	0.0	0.2742411	0.1854954
DQA1*01:02-DQB1*05:01	0.0	0.7871874	0.46891332	0.44345513
DQA1*02:01-DQB1*03:01	0.0	0.084686644	0.273289	0.26675716
DRB1*07:01	0.0	0.066946745	0.3901536	0.5022632
DPB1*04:02	0.0	0.33983606	0.2724277	0.19239649
DQA1*02:01-DQB1*04:02	0.0	0.084686644	0.272608	0.20958087
DQA1*02:01-DQB1*04:02	0.0	0.43173805	0.27166244	0.28964585
DQA1*01:02-DQB1*06:02	0.0	0.25726297	0.30822	0.34111717
DRB1*01:01	0.0	0.13345222	0.29812378	0.37819645
DRB5*01:01	0.0	0.6141892	0.52507794	0.63959074
DRB1*14:54	1.0	0.85125035	0.27501595	0.4049783
DRB1*03:01	0.0	0.0	0.27312887	0.18407235
DRB1*07:01	0.0	0.032438457	0.2758775	0.27513745
DRB1*13:02	0.0	0.0	0.27547276	0.09708178
DQA1*06:01-DQB1*04:02	0.0	0.084686644	0.2716857	0.20279548
DRB1*07:01	0.0	0.417153	0.4453436	0.48965827
DRB3*02:02	0.0	0.0	0.32459813	0.3422877
DRB1*04:01	0.0	0.23530346	0.27818155	0.28281227
DRB1*14:54	0.0	0.36466363	0.2784393	0.36969855
DRB3*01:01	0.0	0.474078	0.27172783	0.20290056
DRB5*01:01	0.0	0.7969252	0.47268274	0.49796686
DQA1*01:01-DQB1*05:01	0.0	0.41095653	0.27204138	0.08632317
DPB1*14:01	0.0	0.0	0.27737588	0.27089036
DRB1*11:01	0.0	0.12407545	0.27382657	0.26654878
DQA1*05:01-DQB1*03:02	0.0	0.084686644	0.27215508	0.2976282
DQA1*03:03-DQB1*04:02	0.0	0.2218343	0.27187204	0.13795632
DPA1*01:03-DPB1*04:01	0.0	0.0	0.27585405	0.121952206
DRB3*03:01	0.0	0.43353274	0.46310833	0.47459033
DQA1*06:01-DQB1*04:02	0.0	0.24031757	0.27170038	0.20885527
DRB1*15:01	0.0	0.084686644	0.29502413	0.33145276
DRB1*14:54	0.0	0.31963712	0.2760325	0.2934305
DPA1*01:03-DPB1*04:01	0.0	0.0	0.27607	0.13535643
DRB1*08:01	0.0	0.5145674	0.27213034	0.21681777
DQA1*05:01-DQB1*02:01	0.0	0.0	0.27328664	0.101010025
DRB1*09:01	0.0	0.47439077	0.271951	0.41948137
DRB1*07:01	0.0	0.674082	0.32851723	0.4434512
DQA1*01:01-DQB1*05:01	0.0	0.42836457	0.27210626	0.14464793
DPB1*04:02	0.0	0.47040507	0.27204332	0.1993719
DRB4*01:03	0.0	0.65906143	0.41374382	0.5299603
DQA1*03:02-DQB1*04:01	0.0	0.0	0.27232808	0.14920738
DPB1*04:01	0.0	0.0	0.2737628	0.1879912
DQA1*05:01-DQB1*03:03	0.0	0.5247903	0.27155566	0.19296607
DRB1*07:01	0.0	0.0	0.38946027	0.4753705
DRB1*15:01	0.0	0.4032438	0.2797254	0.12635493
DRB1*08:02	0.0	0.6296289	0.27362874	0.24817437
DQA1*03:03-DQB1*04:02	0.0	0.31394425	0.2720029	0.24558413
DPB1*01:01	0.0	0.29749924	0.28363857	0.32408288
DRB1*04:04	0.0	0.18602556	0.2769488	0.2755274
DRB1*07:01	1.0	0.87187403	0.65130913	0.6052984
DPA1*02:01-DPB1*05:01	0.0	0.0	0.2725708	0.08711693
DRB1*11:01	0.0	0.41937196	0.27591768	0.3320028
DRB3*01:01	0.0	0.16205727	0.27188605	0.18114245
DRB1*03:01	0.0	0.0	0.2722368	0.36220995
DRB1*04:04	0.0	0.3673793	0.27764985	0.28385526
DRB1*11:01	0.0	0.084686644	0.27416122	0.2860322
DRB3*03:01	0.0	0.3498584	0.45076934	0.3934299
DQA1*05:01-DQB1*04:02	0.0	0.3795662	0.27251413	0.2147831
DRB1*09:01	0.0	0.33192822	0.2721438	0.23277214
DRB1*03:01	0.0	0.0020276671	0.31811824	0.35318986
DRB3*02:02	0.0	0.0	0.2736193	0.1889005
DRB1*04:04	0.0	0.21672039	0.4622828	0.5391344
DQA1*01:02-DQB1*05:01	1.0	0.85125035	0.56850463	0.60365725
DRB1*04:04	0.0	0.7969252	0.30066207	0.43101886
DRB1*12:01	0.0	0.0	0.2719466	0.14994895
DRB1*03:01	0.0	0.084686644	0.2728342	0.058216363
DRB1*07:01	0.0	0.37443328	0.27411023	0.2707585
DRB3*03:01	0.0	0.5185219	0.45928413	0.50508153
DQA1*02:01-DQB1*03:03	0.0	0.45598662	0.43523252	0.36058226
DRB5*01:01	0.0	0.3620255	0.44116348	0.38971344
DRB4*01:03	0.0	0.084686644	0.2807122	0.34976044
DQA1*05:01-DQB1*03:02	0.0	0.45598662	0.27458885	0.29348323
DPB1*04:01	0.0	0.4069442	0.2730115	0.23987436
DRB1*15:01	0.0	0.56812155	0.28783685	0.32944083
DRB1*11:01	0.0	0.5350701	0.2762008	0.31712684
DQA1*02:01-DQB1*04:02	0.0	0.5210823	0.2716982	0.26176253
DRB1*07:01	0.0	0.31870237	0.34182376	0.4297839
DRB1*15:01	0.0	0.0	0.28399006	0.19976807
DQA1*02:01-DQB1*03:03	0.0	0.084686644	0.2719054	0.16453817
DRB3*02:02	0.0	0.4478806	0.27339977	0.28661135
DRB1*11:01	0.0	0.31170785	0.43357676	0.3995025
DRB1*03:01	0.0	0.07418768	0.27390394	0.3068252
DRB1*12:01	0.0	0.0	0.27208215	0.04965362
DRB1*09:01	1.0	0.8984626	0.3837889	0.5114833
DRB1*11:01	0.0	0.16822515	0.27542147	0.282639
DRB1*09:01	0.0	0.02062367	0.27199656	0.24908397
DRB1*11:01	0.0	0.31170785	0.39543548	0.37050512
DRB1*07:01	0.0	0.57345515	0.3614463	0.43331566
DRB1*13:01	0.0	0.49901608	0.31324315	0.42266235
DRB1*11:01	1.0	0.8270018	0.38861522	0.44588706
DRB1*11:01	0.0	0.7629388	0.2740255	0.32958937
DQA1*05:01-DQB1*04:02	0.0	0.62158704	0.380277	0.4014515
DRB3*02:02	0.0	0.17765915	0.2761822	0.25271973
DQA1*05:01-DQB1*04:02	0.0	0.59048915	0.27224422	0.2723972
DQA1*02:01-DQB1*04:02	0.0	0.56307906	0.5691011	0.63157463
DRB1*09:01	0.0	0.53628623	0.48771465	0.51654863
DRB1*04:01	0.0	0.17222416	0.4813988	0.43999556
DRB4*01:03	0.0	0.23922877	0.27789813	0.27003303
DRB1*09:01	0.0	0.5231829	0.27210325	0.32122016
DRB4*01:01	0.0	0.5781477	0.27814084	0.260208
DQA1*06:01-DQB1*04:02	0.0	0.5237156	0.27174103	0.32293743
DRB5*01:01	1.0	1.0	0.7104376	0.73488593
DQA1*01:02-DQB1*06:02	0.0	0.0	0.27163985	0.16934976
DRB1*03:01	0.0	0.35175052	0.27279907	0.19306841
DRB1*04:04	0.0	0.5237156	0.3828301	0.45724323
DRB1*14:54	0.0	0.41158956	0.28377745	0.39732972
DRB5*01:01	0.0	0.0	0.43040487	0.23766354
DRB1*16:01	0.0	0.02062367	0.27594545	0.27335832
DRB1*14:54	0.0	0.4005274	0.27508536	0.29072312
DRB5*01:01	0.0	0.640305	0.43956852	0.37541935
DRB1*03:01	0.0	0.6060289	0.27281794	0.270091
DRB1*15:02	0.0	0.05244063	0.27366048	0.08772877
DPA1*02:01-DPB1*01:01	0.0	0.18220453	0.27227414	0.32819733
DRB1*11:01	0.0	0.7560895	0.27516714	0.2655271
DRB1*15:01	0.0	0.17199807	0.44293904	0.4164171
DQA1*06:01-DQB1*04:02	0.0	0.21627793	0.27176756	0.20410284
DQB1*03:01	0.0	0.29749924	0.27223387	0.32652107
DRB4*01:03	0.0	0.68261945	0.28476992	0.34424767
DRB1*01:01	0.0	0.72312444	0.7269839	0.55908513
DRB1*07:01	0.0	0.23684885	0.27499855	0.32926401
DQA1*05:01-DQB1*03:02	0.0	0.084686644	0.60599035	0.578634
DRB1*11:01	0.0	0.738145	0.329087	0.41221407
DRB1*04:01	0.0	0.3880276	0.48835832	0.47670242
DRB1*11:01	1.0	0.8201525	0.72704655	0.66195655
DQA1*02:01-DQB1*04:02	0.0	0.084686644	0.2716337	0.26645336
DRB1*04:01	0.0	0.15165055	0.27355647	0.26673204
DRB1*11:01	0.0	0.084686644	0.27488917	0.1692084
DQA1*01:02-DQB1*05:01	0.0	0.4313439	0.27386492	0.22404587
DPB1*04:01	0.0	0.0	0.2817245	0.26121587
DRB3*02:02	0.0	0.084686644	0.27405655	0.17664173
DQA1*02:01-DQB1*03:01	0.0	0.45806366	0.27300164	0.3475658
DQA1*03:03-DQB1*04:02	0.0	0.4131914	0.2716578	0.22833398
DRB1*08:01	0.0	0.084686644	0.27178133	0.22864076
DQA1*01:02-DQB1*05:01	1.0	0.8201525	0.4154516	0.43746057
DRB1*09:01	0.0	0.56812155	0.47329012	0.5024792
DRB1*07:01	0.0	0.71020716	0.43335778	0.5317899
DRB4*01:01	0.0	0.18404113	0.27393612	0.33131948
DRB1*13:01	0.0	0.5997392	0.29101372	0.3309423
DRB3*03:01	0.0	0.17556024	0.7267052	0.7724383
DRB1*04:04	0.0	0.68565	0.7278577	0.68717396
DRB1*13:01	0.0	0.7629388	0.29640657	0.34033933
DRB5*01:01	1.0	0.8984626	0.7258204	0.73444605
DRB3*02:02	0.0	0.25789303	0.46464145	0.44270924
DRB5*01:01	1.0	0.8984626	0.4782007	0.54137874
DRB1*13:01	0.0	0.56307906	0.28758475	0.34154525
DQA1*05:01-DQB1*02:01	0.0	0.7062737	0.2727861	0.22483075
DRB3*01:01	0.0	0.084686644	0.27633056	0.33556715
DRB1*08:02	0.0	0.42599562	0.48223528	0.5087534
DRB1*15:01	0.0	0.44240203	0.3832208	0.45567766
DRB1*04:01	0.0	0.084686644	0.32233655	0.48586163
DQA1*05:01-DQB1*03:02	0.0	0.084686644	0.27174798	0.20521438
DRB1*04:01	0.0	0.30957696	0.2856618	0.32791245
DQA1*05:01-DQB1*03:03	0.0	0.3498584	0.27233765	0.19215456
DQA1*01:02-DQB1*05:02	0.0	0.0	0.2732914	0.38043246
DQA1*02:01-DQB1*03:01	0.0	0.31284657	0.27360004	0.2940223
DRB1*15:01	0.0	0.0	0.28812662	0.3122999
DRB1*11:01	0.0	0.084686644	0.30082038	0.42549077
DRB4*01:01	0.0	0.44240203	0.2828703	0.32126683
DRB4*01:03	0.0	0.7629388	0.443484	0.48434368
DRB1*08:01	0.0	0.48858568	0.62758046	0.5676112
DRB1*04:04	0.0	0.084686644	0.27555922	0.22798732
DRB1*08:01	0.0	0.49820176	0.27176028	0.22738764
DQA1*02:01-DQB1*03:03	0.0	0.6296289	0.576975	0.59299815
DQA1*05:01-DQB1*03:02	0.0	0.084686644	0.27173102	0.23591933
DRB1*15:01	0.0	0.0	0.28133166	0.2625815
DRB1*04:04	0.0	0.4677431	0.27725396	0.33276257
DRB3*02:02	0.0	0.084686644	0.27346253	0.31777617
DRB1*04:02	0.0	0.6687992	0.31017762	0.34521672
DQA1*02:01-DQB1*04:02	0.0	0.3444807	0.41917136	0.45353672
DRB1*04:04	0.0	0.6263277	0.28613225	0.354068
DRB1*13:02	0.0	0.1196875	0.27546784	0.19968271
DRB1*03:01	0.0	0.0	0.3818311	0.4113643
DRB1*15:01	0.0	0.291246	0.28580755	0.29692912
DRB1*01:01	0.0	0.38926655	0.415587	0.529039
DRB1*12:01	0.0	0.0	0.27205598	0.15689838
DQA1*02:01-DQB1*04:02	0.0	0.6384378	0.27246585	0.3118216
DRB1*11:01	0.0	0.17911106	0.2737211	0.26210043
DRB1*08:02	0.0	0.51505256	0.7277578	0.6353574
DRB1*08:01	0.0	0.4428464	0.3263635	0.32312265
DQB1*05:01	0.0	0.29749924	0.4583772	0.48683348
DPB1*20:01	0.0	0.0	0.27520505	0.18123457
DQA1*03:03-DQB1*04:02	0.0	0.31940255	0.2716778	0.16149756
DQA1*03:03-DQB1*04:02	0.0	0.084686644	0.27175555	0.072522536
DRB1*03:01	0.0	0.33639398	0.47394598	0.41680953
DRB1*03:01	1.0	1.0	0.72803354	0.6339631
DQA1*01:03-DQB1*06:03	0.0	0.084686644	0.2718619	0.14331159
DRB1*09:01	0.0	0.084686644	0.27199307	0.27697328
DQA1*03:03-DQB1*04:02	0.0	0.39334658	0.2716807	0.15144098
DRB1*04:01	0.0	0.7437481	0.72728646	0.63583887
DRB1*12:01	0.0	0.40985903	0.3370203	0.37593773
DQA1*02:01-DQB1*04:02	0.0	0.22433378	0.27281702	0.24934009
DRB1*15:01	0.0	0.21018842	0.28149465	0.20745066
DQA1*01:03-DQB1*06:03	0.0	0.084686644	0.27178368	0.17648426
DRB3*01:01	0.0	0.084686644	0.27161524	0.12438443
DRB3*01:01	0.0	0.6441565	0.59285504	0.5684215
DRB1*11:01	0.0	0.0	0.27419984	0.26107702
DQA1*02:01-DQB1*03:01	0.0	0.36620566	0.27454486	0.33872566
DQA1*01:02-DQB1*05:01	0.0	0.51603055	0.27477688	0.24359512
DRB1*07:01	0.0	0.18839355	0.2867093	0.31998882
DRB1*04:01	0.0	0.4448728	0.27353123	0.23570934
DQA1*05:01-DQB1*03:03	0.0	0.6296289	0.30827758	0.36849406
DQA1*05:01-DQB1*03:03	0.0	0.591596	0.2717952	0.3178451
DRB4*01:03	0.0	0.7871874	0.4692162	0.49820974
DRB1*04:05	0.0	0.21404071	0.32582784	0.36413804
DRB1*15:01	0.0	0.20760174	0.3104441	0.41657004
DPA1*03:01-DPB1*04:02	0.0	0.0	0.27295005	0.17013744
DRB1*11:01	0.0	0.0	0.274341	0.20000303
DRB1*01:01	0.0	0.0	0.27680942	0.25847778
DRB3*02:02	0.0	0.0	0.2734014	0.1464388
DRB5*01:01	0.0	0.7871874	0.723285	0.71308684
DQA1*06:01-DQB1*04:02	0.0	0.084686644	0.27173266	0.19669846
DRB1*07:01	0.0	0.055590786	0.27391288	0.26199028
DRB3*01:01	0.0	0.2285755	0.27395934	0.21947446
DQA1*01:02-DQB1*06:02	0.0	0.0	0.2722212	0.10628387
DRB1*08:02	0.0	0.19012703	0.27328703	0.12893546
DRB5*01:01	0.0	0.084686644	0.4373521	0.34897128
DRB1*14:54	0.0	0.48968816	0.3219468	0.44885793
DRB1*09:01	0.0	0.6953878	0.27233693	0.2777937
DRB5*01:01	0.0	0.084686644	0.4294791	0.44380167
DRB1*07:01	0.0	0.17960015	0.2754005	0.25567213
DRB1*04:04	0.0	0.30021915	0.27639708	0.29277512
DRB1*13:01	0.0	0.38839754	0.33617762	0.3529381
DQA1*01:03-DQB1*06:03	0.0	0.084686644	0.27196765	0.21587381
DRB1*07:01	0.0	0.43536296	0.28003177	0.3591055
DQA1*06:01-DQB1*04:02	0.0	0.084686644	0.27168617	0.28402874
DRB4*01:01	0.0	0.5356762	0.32240593	0.43783775
DQA1*05:01-DQB1*02:01	0.0	0.0	0.28248456	0.22938037
DQA1*05:01-DQB1*03:03	0.0	0.5210823	0.2723599	0.20290694
DRB1*01:01	0.0	0.69887584	0.45770356	0.50812757
DRB1*08:01	0.0	0.20763668	0.27171573	0.17609927
DRB3*03:01	0.0	0.17661624	0.45029372	0.39661422
DQA1*05:01-DQB1*02:01	0.0	0.36156222	0.36556557	0.39567325
DQA1*03:01-DQB1*03:02	0.0	0.0	0.29098052	0.37063912
DRB5*01:01	1.0	0.9082004	0.6174869	0.701779
DRB1*07:01	0.0	0.29548797	0.27450532	0.34783736
DQA1*05:01-DQB1*03:02	0.0	0.35141867	0.3293473	0.3911564
DRB1*04:01	0.0	0.2448842	0.27398896	0.07343154
DRB4*01:03	0.0	0.084686644	0.27952227	0.41560367
DRB1*11:01	0.0	0.7437481	0.28490263	0.3045664
DRB1*11:01	0.0	0.7437481	0.27462533	0.24249217
DRB1*01:01	0.0	0.0	0.27964574	0.26663417
DRB1*13:01	0.0	0.42325288	0.2855024	0.29530212
DRB4*01:03	0.0	0.74971294	0.38125268	0.52317405
DQA1*03:03-DQB1*04:02	0.0	0.34856462	0.27168575	0.22196499
DRB3*02:02	0.0	0.084686644	0.27419975	0.1701676
DQA1*02:01-DQB1*03:01	0.0	0.2803409	0.27296063	0.29323164
DRB1*07:01	0.0	0.29749924	0.2772891	0.32409802
DRB1*14:54	0.0	0.5185219	0.27808464	0.30546674
DRB4*01:01	0.0	0.49043053	0.2734581	0.2546807
DRB1*13:02	0.0	0.0	0.27507782	0.15664342
DRB1*04:01	0.0	0.3125198	0.2741965	0.28757402
DRB3*01:01	0.0	0.64221066	0.31900504	0.3440936
DRB1*13:01	1.0	0.8984626	0.7270916	0.7009324
DRB3*03:01	0.0	0.084686644	0.4465093	0.3763695
DRB1*08:01	0.0	0.3131745	0.2717387	0.15373433
DRB1*09:01	0.0	0.4245227	0.27198192	0.29943123
DPA1*01:03-DPB1*04:02	0.0	0.0	0.27210116	0.111602366
DRB3*02:02	0.0	0.77837855	0.44184688	0.4241089
DQA1*02:01-DQB1*03:03	0.0	0.26470065	0.27189624	0.17435667
DQA1*01:01-DQB1*05:01	0.0	0.0	0.27221027	0.049172208
DRB1*09:01	0.0	0.5689894	0.27199224	0.28042153
DRB1*03:01	0.0	0.0	0.2727367	0.14066061
DRB1*04:01	0.0	0.3793843	0.44230962	0.34919015
DRB1*13:02	1.0	1.0	0.7267521	0.6143768
DRB1*14:54	1.0	0.83439964	0.72814447	0.7076229
DQA1*05:01-DQB1*02:01	0.0	0.60220397	0.27262253	0.2380344
DQA1*01:01-DQB1*05:01	0.0	0.0	0.4776278	0.2911286
DPA1*02:01-DPB1*01:01	0.0	0.0	0.27290484	0.28750655
DRB1*15:01	0.0	0.6714029	0.28731796	0.28476033
DRB1*11:01	1.0	0.87187403	0.58329767	0.43549654
DRB1*07:01	0.0	0.24096704	0.27410895	0.32879737
DPA1*01:03-DPB1*02:01	0.0	0.0	0.27439937	0.09922695
DQA1*02:01-DQB1*03:01	0.0	0.45598662	0.35369152	0.44119766
DRB1*09:01	0.0	0.7703366	0.273645	0.39857158
DQA1*02:01-DQB1*03:03	0.0	0.45420676	0.27166128	0.18675974
DRB1*03:01	1.0	0.8125518	0.72739506	0.6548257
DRB3*03:01	0.0	0.4889517	0.45235634	0.40283057
DRB1*07:01	0.0	0.44858882	0.29946727	0.4738771
DRB3*02:02	0.0	0.33099398	0.32871035	0.46465734
DRB1*07:01	0.0	0.55228406	0.2780721	0.40025094
DRB1*07:01	0.0	0.68565	0.7278848	0.6858355
DRB3*01:01	0.0	0.23728141	0.2716189	0.12348902
DQA1*02:01-DQB1*03:03	0.0	0.084686644	0.2722263	0.30452025
DQA1*05:01-DQB1*04:02	0.0	0.084686644	0.27228072	0.25767073
DRB1*13:01	0.0	0.36409196	0.28443766	0.3215398
DQA1*01:02-DQB1*05:01	0.0	0.4349531	0.69540316	0.55709743
DRB1*14:54	0.0	0.54196596	0.3851366	0.5177152
DRB5*01:01	0.0	0.084686644	0.43937826	0.33397433
DRB1*03:01	0.0	0.39166728	0.27339736	0.27999258
DRB1*15:01	0.0	0.0	0.28560564	0.37778535
DRB1*01:01	0.0	0.69202656	0.45163283	0.4955412
DRB1*07:01	0.0	0.41158956	0.274788	0.37119892
DQA1*02:01-DQB1*04:02	0.0	0.3652389	0.3107223	0.4184241
DQA1*05:01-DQB1*03:02	0.0	0.29759172	0.40376645	0.42119834
DRB1*09:01	0.0	0.22479558	0.27191594	0.2687727
DRB5*01:01	1.0	1.0	0.4959641	0.48518702
DRB1*03:01	0.0	0.084686644	0.27277997	0.16848996
DRB4*01:03	1.0	0.83439964	0.31720576	0.4266952
DRB1*04:05	0.0	0.18597025	0.2721437	0.21540675
DRB5*01:01	0.0	0.0	0.44126776	0.38973084
DRB1*07:01	0.0	0.44218066	0.27535972	0.33191577
DRB1*01:01	0.0	0.7278651	0.28010535	0.29722437
DPA1*02:01-DPB1*14:01	0.0	0.12481439	0.27245408	0.38461486
DRB5*01:01	1.0	0.8078111	0.44329825	0.40294895
DRB1*01:01	0.0	0.45345432	0.29066396	0.42684802
DQA1*05:01-DQB1*03:03	0.0	0.4078548	0.27245653	0.16029096
DRB4*01:03	0.0	0.7328622	0.49257168	0.6015328
DRB1*14:54	0.0	0.60220397	0.2782387	0.3638951
DRB5*01:01	0.0	0.42730397	0.44512355	0.40726724
DRB3*01:01	0.0	0.34455752	0.27164006	0.2333675
DRB1*13:01	1.0	0.93593705	0.72753996	0.65889895
DRB1*13:01	0.0	0.084686644	0.2875354	0.43836656
DRB1*15:01	0.0	0.61707765	0.287568	0.310644
DQA1*06:01-DQB1*04:02	0.0	0.22737758	0.27296227	0.3125915
DQA1*06:01-DQB1*04:02	0.0	0.5093922	0.278076	0.32727966
DQA1*05:01-DQB1*03:01	0.0	0.14287722	0.27182403	0.25578356
DQA1*02:01-DQB1*03:01	0.0	0.5872459	0.4366966	0.48071542
DQA1*02:01-DQB1*03:01	1.0	0.8078111	0.698282	0.66235113
DRB1*09:01	0.0	0.7703366	0.5343688	0.6193099
DQA1*01:01-DQB1*05:01	0.0	0.28475463	0.27278018	0.22239
DRB4*01:03	0.0	0.084686644	0.27950752	0.29745802
DQA1*06:01-DQB1*04:02	0.0	0.15333478	0.27165776	0.11901811
DRB3*02:02	0.0	0.0	0.27395827	0.21528104
DQA1*01:03-DQB1*06:03	0.0	0.084686644	0.2717028	0.15164867
DRB1*07:01	0.0	0.0	0.2747005	0.15856335
DRB1*01:01	0.0	0.29154882	0.2772205	0.16337797
DRB1*15:01	0.0	0.084686644	0.29545724	0.22174364
DQA1*02:01-DQB1*04:02	0.0	0.18168831	0.27232462	0.2682396
DRB1*01:01	0.0	0.3124111	0.2768008	0.2503887
DRB3*02:02	0.0	0.0	0.27348444	0.17239872
DRB1*08:01	0.0	0.47790295	0.28609613	0.32615784
DRB1*07:01	0.0	0.084686644	0.27428553	0.24071229
DPA1*01:03-DPB1*03:01	0.0	0.4341388	0.27937913	0.36036852
DPA1*01:03-DPB1*04:01	0.0	0.0	0.27446735	0.14896941
DQA1*01:01-DQB1*05:01	0.0	0.0	0.2724237	0.13459238
DRB1*09:01	0.0	0.61562216	0.64330655	0.6318978
DRB1*01:01	0.0	0.24637683	0.27818626	0.31766978
DQA1*03:03-DQB1*04:02	0.0	0.4882211	0.2784779	0.29612204
DRB5*01:01	0.0	0.0	0.43294227	0.14854404
DQA1*02:01-DQB1*04:02	0.0	0.4168163	0.27391237	0.36289087
DQA1*02:01-DQB1*04:02	0.0	0.084686644	0.2716977	0.30353656
DRB1*15:01	0.0	0.0	0.46650815	0.41421852
DRB1*11:01	0.0	0.084686644	0.274092	0.32882157
DRB5*01:01	0.0	0.23215131	0.44312567	0.42760625
DRB1*01:01	0.0	0.0	0.27846447	0.15340677
DQA1*02:01-DQB1*04:02	0.0	0.384882	0.27167684	0.3121281
DRB4*01:01	0.0	0.71431553	0.4505919	0.46041837
DRB4*01:03	0.0	0.7871874	0.7278108	0.71058655
DQA1*06:01-DQB1*04:02	0.0	0.45754	0.2717878	0.20078546
DRB1*04:01	1.0	1.0	0.2739969	0.23162869
DRB1*09:01	0.0	0.71861506	0.47774	0.5025976
DRB3*02:02	0.0	0.084686644	0.47483742	0.41746303
DRB1*01:01	0.0	0.616857	0.33065325	0.37164208
DRB1*03:01	0.0	0.0	0.2726561	0.221127
DRB1*01:01	0.0	0.5439395	0.2776491	0.4156039
DQA1*05:01-DQB1*04:02	0.0	0.3811519	0.27225626	0.27114606
DQA1*01:02-DQB1*05:01	0.0	0.36466363	0.27469355	0.24164918
DRB5*01:01	0.0	0.38103774	0.7253914	0.720893
DQA1*03:03-DQB1*04:02	0.0	0.42844033	0.4641016	0.3216587
DRB3*03:01	0.0	0.43977994	0.45364484	0.43383083
DQA1*02:01-DQB1*03:01	0.0	0.31629267	0.27813393	0.36324134
DQA1*02:01-DQB1*03:03	0.0	0.7328622	0.27171993	0.19596848
DRB3*01:01	0.0	0.467452	0.27168858	0.12251833
DQA1*01:01-DQB1*05:01	0.0	0.0	0.27606758	0.13646266
DRB1*11:01	0.0	0.30495483	0.27390018	0.23400232
DQA1*01:02-DQB1*05:01	0.0	0.36856806	0.33163625	0.4180049
DRB1*03:01	0.0	0.0	0.27317894	0.17386523
DQA1*03:03-DQB1*04:02	0.0	0.2529118	0.27200383	0.19447097
DRB3*02:02	0.0	0.0	0.2735073	0.26543352
DRB1*07:01	0.0	0.19815971	0.27284867	0.41525903
DRB3*03:01	0.0	0.084686644	0.44194883	0.30540916
DRB1*15:01	0.0	0.7703366	0.32462755	0.4042146
DQA1*02:01-DQB1*03:01	0.0	0.50150293	0.4134684	0.495582
DRB1*15:01	0.0	0.6366076	0.3010914	0.3186842
DRB3*02:02	0.0	0.0	0.27357104	0.19003811
DRB1*12:01	0.0	0.41631356	0.33923912	0.4095458
DRB3*02:02	1.0	0.83439964	0.27335232	0.19510147
DQA1*02:01-DQB1*03:01	0.0	0.084686644	0.28305733	0.29990277
DRB3*02:02	0.0	0.6296289	0.27620658	0.25710723
DRB1*15:01	0.0	0.0	0.2828283	0.18786749
DQA1*02:01-DQB1*04:02	0.0	0.4864194	0.27221948	0.26705012
DRB1*04:01	0.0	0.36967134	0.27316895	0.28344277
DPB1*04:02	0.0	0.17251056	0.27443045	0.24977121
DRB1*11:01	0.0	0.17058267	0.28229266	0.21065542
DRB1*07:01	0.0	0.48785794	0.52366257	0.6112449
DRB1*01:01	0.0	0.0	0.2793139	0.25419715
DRB1*11:01	0.0	0.6441565	0.42568895	0.4260271
DRB1*04:01	0.0	0.5473253	0.2738169	0.13399762
DRB4*01:01	0.0	0.0	0.27355167	0.06752935
DRB1*12:01	0.0	0.0	0.27205095	0.15793741
DRB1*08:01	0.0	0.6714029	0.27224618	0.29536155
DQA1*01:02-DQB1*05:01	0.0	0.084686644	0.27467534	0.22819301
DRB1*08:01	0.0	0.32658586	0.27565607	0.3125629
DRB1*03:01	0.0	0.15727335	0.4820558	0.50953066
DQA1*03:03-DQB1*04:02	0.0	0.43556857	0.27669346	0.26543626
DRB3*02:02	0.0	0.084686644	0.35008857	0.37521926
DPA1*03:01-DPB1*04:02	0.0	0.0	0.27195257	-0.053231724
DRB1*07:01	0.0	0.68565	0.2825637	0.37892005
DRB1*03:01	0.0	0.2637977	0.27350292	0.19273162
DRB1*04:01	0.0	0.6200593	0.2734081	0.3477204
DPA1*01:03-DPB1*02:01	0.0	0.0	0.2759929	0.16425931
DRB1*01:01	1.0	0.98314923	0.72769046	0.6877036
DRB1*11:01	0.0	0.71861506	0.31135738	0.36170784
DRB3*01:01	0.0	0.084686644	0.27167758	0.118059844
DQA1*05:01-DQB1*03:02	0.0	0.084686644	0.2718068	0.21053502
DPA1*01:03-DPB1*04:01	0.0	0.0	0.27514088	0.20508632
DRB1*04:01	0.0	0.48381576	0.2924269	0.3372616
DRB1*03:01	0.0	0.7629388	0.51980174	0.52293944
DRB5*01:01	0.0	0.084686644	0.43826947	0.26640043
DRB4*01:03	0.0	0.71020716	0.36764908	0.5035968
DRB1*15:01	0.0	0.4657244	0.30983222	0.42479786
DRB1*03:01	0.0	0.0	0.29179528	0.263356
DRB1*07:01	0.0	0.47693178	0.28139016	0.4389803
DRB3*02:02	0.0	0.084686644	0.2747907	0.3510479
DRB1*13:01	0.0	0.7560895	0.7219059	0.6787119
DRB1*08:01	0.0	0.42824996	0.27179864	0.20130995
DRB1*11:01	0.0	0.0	0.3148502	0.43302765
DRB1*11:01	0.0	0.0	0.27488124	0.29945728
DQA1*02:01-DQB1*04:02	0.0	0.42235643	0.2716539	0.27976087
DQA1*05:01-DQB1*03:03	0.0	0.084686644	0.2722324	0.20751992
DRB1*15:01	0.0	0.0	0.2885644	0.28886667
DRB1*11:01	1.0	0.80112696	0.7259989	0.61580086
DQA1*05:01-DQB1*04:02	0.0	0.37517992	0.272331	0.20374069
DRB4*01:03	0.0	0.084686644	0.279736	0.33938912
DRB3*02:02	0.0	0.0	0.27313074	0.01069662
DRB1*13:01	0.0	0.084686644	0.29018992	0.27244836
DQA1*01:02-DQB1*05:01	0.0	0.35661379	0.7277909	0.65357673
DRB1*07:01	0.0	0.0	0.27424714	0.22144344
DRB3*01:01	0.0	0.0	0.2718482	0.12466863
DQA1*01:01-DQB1*05:01	0.0	0.0	0.271974	0.25784048
DQA1*05:01-DQB1*04:02	0.0	0.71431553	0.72067785	0.6411518
DRB3*03:01	0.0	0.3371006	0.4505195	0.4077721
DQA1*02:01-DQB1*04:02	0.0	0.36128536	0.27166283	0.2675415
DRB1*01:01	0.0	0.2208612	0.4566023	0.47998908
DRB1*07:01	0.0	0.18054701	0.2744319	0.27659056
DRB1*04:01	0.0	0.013007144	0.27381825	0.28140637
DRB1*07:01	0.0	0.0	0.27527937	0.34506503
DRB1*08:01	0.0	0.41079894	0.27201152	0.27060017
DRB1*11:01	1.0	0.87661475	0.44601688	0.47620717
DQA1*02:01-DQB1*03:03	0.0	0.32171547	0.2717114	0.13437253
DRB4*01:01	0.0	0.3888931	0.44269425	0.42939022
DQA1*02:01-DQB1*03:03	0.0	0.3133389	0.27241874	0.18464527
DRB1*15:01	0.0	0.4343417	0.28245118	0.17798981
DRB1*07:01	1.0	0.83439964	0.7281189	0.6814569
DRB1*01:01	0.0	0.084686644	0.28182974	0.26522192
DRB5*01:01	0.0	0.39077553	0.4368739	0.30199862
DRB5*01:01	0.0	0.6953878	0.4550497	0.4136382
DRB1*04:04	0.0	0.43618816	0.312541	0.4042733
DRB1*15:01	0.0	0.5432769	0.28865933	0.41266373
DRB1*08:01	0.0	0.2138162	0.271806	0.23237851
DRB1*04:01	0.0	0.19440384	0.47296962	0.46083328
DQA1*02:01-DQB1*04:02	0.0	0.084686644	0.2720513	0.27499062
DPB1*03:01	0.0	0.0	0.2722405	0.23644021
DRB1*07:01	0.0	0.5781477	0.2815665	0.38487187
DRB1*01:01	0.0	0.56641	0.72755784	0.6883991
DRB3*01:01	0.0	0.42636755	0.27190927	0.18811902
DRB1*04:01	1.0	0.82843477	0.3585233	0.3890778
DRB1*14:54	0.0	0.59271634	0.3723246	0.5435437
DQA1*05:01-DQB1*03:02	0.0	0.28076407	0.28986153	0.23198292
DPB1*04:01	0.0	0.46980685	0.27306095	0.16477492
DRB1*04:01	0.0	0.44016853	0.274037	0.19735554
DQA1*05:01-DQB1*04:02	0.0	0.084686644	0.2727604	0.18770418
DRB1*09:01	0.0	0.15941627	0.27208146	0.3089236
DQA1*03:01-DQB1*03:02	0.0	0.37443328	0.2718612	0.31265384
DRB1*14:54	0.0	0.6185565	0.4520017	0.52700424
DQA1*01:01-DQB1*05:01	0.0	0.0	0.27259445	0.07419482
DRB3*02:02	0.0	0.084686644	0.28198996	0.30181798
DQA1*05:01-DQB1*04:02	0.0	0.49155536	0.28045815	0.36515525
DRB1*01:01	0.0	0.1659931	0.2770788	0.12961838
DQA1*05:01-DQB1*03:02	0.0	0.32961008	0.27177647	0.25229442
DRB3*02:02	0.0	0.084686644	0.27385578	0.2073997
DRB3*03:01	0.0	0.084686644	0.4502995	0.4549848
DRB1*07:01	1.0	0.9456748	0.7280701	0.71207595
DRB1*08:02	0.0	0.39308622	0.37903237	0.4552851
DQA1*02:01-DQB1*03:03	0.0	0.36640024	0.2718811	0.15702215
DRB1*15:01	0.0	0.0	0.2851249	0.22149989
DQA1*01:01-DQB1*05:01	0.0	0.072597295	0.27265236	0.21588725
DQA1*03:03-DQB1*04:02	0.0	0.2480229	0.27185887	0.20653546
DRB3*02:02	0.0	0.084686644	0.2746641	0.29065645
DRB1*01:01	0.0	0.65237737	0.41387245	0.4947609
DQA1*05:01-DQB1*02:01	0.0	0.0	0.2727637	0.20198506
DRB1*04:01	0.0	0.4728374	0.27297425	0.27077547
DRB1*08:02	0.0	0.18351457	0.273393	0.16819403
DRB3*03:01	1.0	0.8984626	0.7273152	0.79041874
DQA1*05:01-DQB1*04:02	0.0	0.51408476	0.28340736	0.37840882
DRB5*01:01	0.0	0.36128536	0.44339755	0.37357005
DRB1*13:01	0.0	0.32147557	0.28699604	0.30858746
DRB1*14:54	0.0	0.35847205	0.27617872	0.32523623
DRB1*03:01	0.0	0.34280574	0.27383193	0.08488655
DRB1*03:01	0.0	0.5938504	0.273395	0.29068252
DRB1*11:01	0.0	0.5872459	0.27425212	0.2626672
DQA1*02:01-DQB1*03:01	0.0	0.6200593	0.32092017	0.46940085
DRB3*02:02	0.0	0.0	0.29593855	0.4062293
DQA1*01:04-DQB1*05:03	0.0	0.0	0.29476333	0.26927832
DRB1*01:01	0.0	0.5614576	0.7272598	0.64537406
DRB1*03:01	0.0	0.084686644	0.27228427	0.3772231
DQA1*03:03-DQB1*04:02	0.0	0.7278651	0.5686159	0.59903884
DRB5*01:01	1.0	0.8984626	0.45132115	0.39570972
DRB1*10:01	0.0	0.0	0.27420443	0.27404785
DRB1*07:01	1.0	0.8673647	0.7273268	0.67744136
DQA1*05:01-DQB1*03:02	0.0	0.2838615	0.27611396	0.28817004
DQA1*03:03-DQB1*04:02	0.0	0.084686644	0.27180216	0.16911227
DRB3*01:01	0.0	0.084686644	0.27160242	0.22484377
DRB1*13:01	0.0	0.41222697	0.2819071	0.30236825
DQB1*03:02	0.0	0.13078116	0.27559164	0.26723278
DRB1*04:04	0.0	0.56226474	0.7278967	0.6826668
DRB1*04:01	0.0	0.5537511	0.27339166	0.18503016
DRB1*13:01	0.0	0.50150293	0.45447576	0.5067806
DRB5*01:01	0.0	0.29612318	0.43697286	0.31265825
DRB1*09:01	1.0	0.85125035	0.6410519	0.6707618
DRB3*02:02	0.0	0.0	0.27387157	0.117740124
DRB1*07:01	0.0	0.6545521	0.27479264	0.26806182
DPA1*02:01-DPB1*05:01	0.0	0.0	0.27257398	0.104532
DRB3*02:02	0.0	0.4512331	0.2732245	0.2551426
DQA1*03:01-DQB1*03:02	0.0	0.284582	0.27174038	0.23005632
DQA1*05:01-DQB1*03:02	0.0	0.55907744	0.27179548	0.24050608
DRB1*13:01	0.0	0.0	0.28391406	0.3202497
DRB1*11:01	0.0	0.084686644	0.2738978	0.21489725
DQA1*02:01-DQB1*03:03	0.0	0.39295632	0.2716958	0.15624556
DRB1*04:04	0.0	0.38230148	0.27605787	0.34445718
DRB1*07:01	0.0	0.51953757	0.29077336	0.4041734
DRB1*07:01	0.0	0.46347007	0.72680885	0.68263686
DQA1*05:01-DQB1*03:02	0.0	0.29154882	0.2718703	0.26213735
DQA1*05:01-DQB1*03:03	0.0	0.3869266	0.27196312	0.29583132
DRB5*01:01	0.0	0.45295608	0.44746923	0.4099336
DRB1*07:01	0.0	0.084686644	0.2741482	0.2007471
DQA1*05:01-DQB1*03:02	0.0	0.39243856	0.3278889	0.33591792
DPA1*02:01-DPB1*01:01	0.0	0.0	0.27280486	0.39520785
DQA1*03:01-DQB1*03:02	0.0	0.0	0.2716629	0.20776078
DQA1*03:01-DQB1*03:02	0.0	0.20605972	0.27187097	0.31394547
DPA1*02:01-DPB1*05:01	0.0	0.0	0.27318493	0.1692445
DRB1*13:01	0.0	0.3864414	0.2868899	0.33424482
DRB1*07:01	0.0	0.22316858	0.4145744	0.4837959
DRB3*02:02	0.0	0.0	0.2736312	0.16699728
DRB1*04:01	0.0	0.5185219	0.27373224	0.21742761
DRB3*01:01	0.0	0.0	0.2715952	0.13521409
DRB1*13:01	0.0	0.45992014	0.2863436	0.37501243
DRB1*03:01	0.0	0.2038526	0.2727818	0.27903482
DRB4*01:03	0.0	0.35334337	0.30248377	0.35069957
DRB1*08:01	0.0	0.22868517	0.27176535	0.22597948
DQA1*03:03-DQB1*04:02	0.0	0.30586097	0.27374518	0.28588894
DQA1*05:01-DQB1*04:02	0.0	0.084686644	0.27220035	0.23290274
DRB1*13:01	0.0	0.6768411	0.3798	0.4926695
DQA1*05:01-DQB1*03:03	0.0	0.250324	0.2721565	0.30653802
DRB1*04:05	0.0	0.084686644	0.27224398	0.20125625
DRB1*07:01	0.0	0.06429618	0.27513015	0.2559907
DRB1*13:02	0.0	0.674082	0.71200305	0.57872283
DRB1*03:01	0.0	0.45295608	0.27490714	0.312576
DQA1*05:01-DQB1*03:03	0.0	0.48858568	0.31837648	0.33105436
DRB1*03:01	0.0	0.084686644	0.42179266	0.4021156
DRB1*13:01	0.0	0.084686644	0.2829533	0.30182415
DQA1*01:02-DQB1*05:01	0.0	0.084686644	0.27631167	0.18371585
DRB4*01:01	0.0	0.0	0.2738242	0.18049881
DRB1*04:01	0.0	0.3353081	0.7280715	0.63289094
DQB1*03:01	0.0	0.11738805	0.3252857	0.36459675
DRB3*02:02	0.0	0.0	0.2743805	0.1967487
DRB1*04:04	0.0	0.7969252	0.4849005	0.4880642
DRB1*04:04	0.0	0.3690679	0.2811862	0.42112836
DRB5*01:01	0.0	0.0	0.42334297	0.16039434
DQA1*02:01-DQB1*03:03	0.0	0.28974664	0.27197197	0.20180348
DQA1*03:03-DQB1*04:02	0.0	0.084686644	0.27175176	0.1680426
DRB1*08:02	0.0	0.0	0.27281886	0.057353377
DRB1*07:01	0.0	0.46263868	0.7280906	0.6594391
DQA1*02:01-DQB1*03:01	0.0	0.46629667	0.2725729	0.27327254
DRB1*07:01	0.0	0.3262699	0.2741632	0.26054734
DRB1*13:02	0.0	0.6614014	0.4625522	0.4331123
DRB1*15:01	0.0	0.0	0.2816974	0.21998343
DRB3*01:01	0.0	0.29749924	0.5614972	0.5748626
DQA1*03:01-DQB1*03:02	0.0	0.0	0.2716892	0.17027909
DRB3*01:01	0.0	0.084686644	0.27174297	0.1863505
DRB1*04:04	0.0	0.38080984	0.27815768	0.3206127
DRB1*09:01	0.0	0.55155915	0.27202705	0.2879145
DRB1*07:01	0.0	0.7703366	0.280701	0.3212594
DRB1*11:01	0.0	0.24317403	0.2734234	0.2691358
DRB1*01:01	0.0	0.0	0.2773205	0.23079577
DRB1*08:02	0.0	0.56986547	0.36553994	0.4619542
DRB1*03:01	0.0	0.50066656	0.27303222	0.2387842
DRB1*08:02	0.0	0.44811606	0.30248022	0.460072
DRB1*04:01	0.0	0.5210823	0.27308363	0.22996277
DRB1*13:01	0.0	0.0	0.28364065	0.28968573
DRB4*01:03	0.0	0.35608965	0.50287205	0.57999444
DRB5*01:01	0.0	0.0	0.45715383	0.43540964
DRB1*09:01	0.0	0.0	0.2719664	0.250134
DRB1*09:01	0.0	0.64817554	0.28101683	0.42284802
DQA1*05:01-DQB1*04:02	0.0	0.084686644	0.27211702	0.30683735
DRB1*15:01	0.0	0.738145	0.72494483	0.55413556
DRB1*13:01	0.0	0.42093995	0.2824054	0.21123973
DRB1*04:01	0.0	0.2484568	0.27380127	0.24466982
DQA1*06:01-DQB1*04:02	0.0	0.084686644	0.2717204	0.1915507
DRB1*15:01	0.0	0.15909527	0.28147975	0.2307761
DQA1*02:01-DQB1*03:03	0.0	0.3814953	0.468939	0.34937266
DRB1*03:01	0.0	0.5387676	0.28736228	0.3757713
DQA1*01:02-DQB1*05:01	0.0	0.084686644	0.47074637	0.4127331
DRB3*03:01	0.0	0.29749924	0.4523215	0.43198863
DRB1*15:01	0.0	0.29749924	0.28549287	0.24381179
DRB1*09:01	0.0	0.7437481	0.2734608	0.3895963
DQA1*01:02-DQB1*05:01	0.0	0.42730397	0.27436104	0.21812841
DRB1*15:01	0.0	0.6662669	0.29840282	0.3695707
DRB1*15:01	0.0	0.084686644	0.3926202	0.36244205
DRB1*03:01	0.0	0.0	0.27229378	0.30428624
DPA1*01:03-DPB1*02:01	0.0	0.0	0.27558017	0.20103303
DRB1*07:01	0.0	0.6141892	0.58844054	0.6539087
DRB3*01:01	0.0	0.7969252	0.27200568	0.25764093
DRB3*02:02	0.0	0.6567793	0.49898937	0.50867796
DRB1*01:01	0.0	0.3298065	0.29895782	0.39221874
DRB1*03:01	0.0	0.1852541	0.27299002	0.22220168
DRB1*07:01	0.0	0.45074666	0.29486886	0.3964502
DRB1*03:01	0.0	0.0	0.27369735	0.24710122
DRB3*01:01	0.0	0.4911789	0.30330786	0.38606676
DRB1*07:01	0.0	0.610019	0.29257765	0.37746242
DQA1*03:01-DQB1*03:02	0.0	0.0	0.2716748	0.19596177
DRB1*03:01	0.0	0.28342393	0.31250313	0.37970343
DPA1*01:03-DPB1*02:01	0.0	0.1467293	0.27482492	0.42485097
DRB1*01:01	1.0	0.9082004	0.27821326	0.21054903
DQA1*01:03-DQB1*06:03	0.0	0.1618547	0.2717393	0.15834668
DRB1*03:01	0.0	0.36896774	0.27262974	0.17273566
DRB1*13:01	0.0	0.21163708	0.28317708	0.28118756
DRB5	0.0	0.26806667	0.28280306	0.32153878
DRB1*08:02	0.0	0.26509038	0.27292663	0.2644535
DRB1*13:02	0.0	0.5753037	0.27569717	0.19225594
DRB1*11:01	0.0	0.084686644	0.27460787	0.23996773
DQA1*02:01-DQB1*03:03	0.0	0.29621428	0.27195862	0.14910462
DRB1*04:05	0.0	0.66380215	0.65705526	0.59556377
DRB1*04:04	0.0	0.7437481	0.2768678	0.26798952
DRB1*11:01	0.0	0.084686644	0.27389842	0.1936914
DRB1*09:01	0.0	0.557524	0.27354768	0.3587949
DRB1*08:01	0.0	0.2944985	0.27181712	0.17605373
DRB5*01:01	0.0	0.7629388	0.4385746	0.31033874
DRB3*01:01	0.0	0.0	0.2716021	0.14509937
DRB1*03:01	0.0	0.55012625	0.27254012	0.2857014
DRB1*07:01	0.0	0.6060289	0.27338347	0.42163935
DPA1*01:03-DPB1*02:01	0.0	0.0	0.27493152	0.1873425
DRB1*12:01	0.0	0.0	0.27198118	0.1467891
DRB5*01:01	0.0	0.3627058	0.44121322	0.38267526
DRB3*01:01	0.0	0.24952309	0.27183917	0.17985925
DQA1*02:01-DQB1*03:03	0.0	0.6662669	0.2718602	0.3125246
DRB1*03:01	0.0	0.25528103	0.28021175	0.34254137
DQA1*03:01-DQB1*03:02	0.0	0.084686644	0.27195272	0.25380948
DRB1*04:05	0.0	0.084686644	0.2720505	0.26542446
DQA1*05:01-DQB1*03:02	0.0	0.45270798	0.3110537	0.39916912
DRB4*01:01	0.0	0.0	0.27356598	0.16718763
DRB1*15:01	0.0	0.14782998	0.28097954	0.13125718
DRB3	0.0	0.0	0.37662312	0.2722706
DRB1*04:05	0.0	0.24654667	0.27231354	0.2787465
DRB1*11:01	0.0	0.738145	0.37102783	0.42905816
DRB1*15:01	0.0	0.40709534	0.28513616	0.3088995
DRB4*01:01	0.0	0.5292186	0.27373958	0.27084166
DRB1*08:02	0.0	0.084686644	0.27291653	0.19218567
DRB1*13:01	0.0	0.4829181	0.40583214	0.4981927
DQA1*05:01-DQB1*03:01	0.0	0.0	0.27163962	0.1732522
DRB1*08:01	0.0	0.20191026	0.27183163	0.24179015
DRB3*02:02	0.0	0.0	0.28734758	0.42253628
DRB1*11:01	0.0	0.66380215	0.3371505	0.45195082
DRB3*03:01	0.0	0.5480176	0.45373085	0.522367
DQA1*01:01-DQB1*05:01	0.0	0.0	0.2721212	0.027281672
DRB1*01:01	0.0	0.51801825	0.28139752	0.38446453
DRB1*01:01	0.0	0.4081603	0.27940962	0.23607811
DPA1*02:01-DPB1*05:01	0.0	0.0	0.27230385	0.00805594
DRB1*08:02	0.0	0.5544935	0.56773204	0.59800124
DQA1*03:03-DQB1*04:02	0.0	0.084686644	0.27169833	0.08646819
DRB1*13:01	1.0	0.83439964	0.28562883	0.29961392
DQA1*01:01-DQB1*05:01	0.0	0.0	0.27306852	0.095897436
DRB1*08:02	0.0	0.02062367	0.27318925	0.16454983
DQA1*06:01-DQB1*04:02	0.0	0.20316729	0.27179137	0.15704235
DRB1*03:01	0.0	0.0	0.27302083	0.13895205
DRB1*04:01	1.0	1.0	0.7278462	0.63782454
DRB1*13:01	0.0	0.34564033	0.28035554	0.43081322
DRB1*03:01	0.0	0.4410817	0.2850084	0.3466256
DRB1*07:01	0.0	0.0	0.30234605	0.37293693
DRB1*03:01	0.0	0.041884948	0.2818423	0.319172
DQA1*05:01-DQB1*04:02	0.0	0.27874276	0.27232364	0.29226506
DRB1*03:01	0.0	0.4325314	0.27258596	0.25523412
DRB1*07:01	0.0	0.084686644	0.727648	0.6707765
DQA1*01:02-DQB1*05:01	0.0	0.59048915	0.27486613	0.26148513
DRB1*09:01	0.0	0.084686644	0.27181828	0.2048572
DRB1*15:01	0.0	0.19845991	0.2882503	0.24993211
DQB1*03:02	0.0	0.0	0.28628495	0.33154967
DRB1*11:01	0.0	0.39479175	0.27398577	0.28921026
DPA1*01:03-DPB1*02:01	0.0	0.0	0.29362673	0.3672404
DRB1*11:01	0.0	0.28064847	0.35595632	0.3741397
DQA1*01:03-DQB1*06:03	0.0	0.084686644	0.2719346	0.25013688
DRB1*08:02	0.0	0.0	0.27278185	0.21036994
DRB1*08:01	0.0	0.20423926	0.271711	0.12526241
DQA1*02:01-DQB1*04:02	0.0	0.084686644	0.27205938	0.16817567
DRB1*13:01	0.0	0.25575048	0.28631485	0.29859248
DQA1*01:03-DQB1*06:03	0.0	0.084686644	0.27222678	0.062995166
DQA1*05:01-DQB1*03:03	0.0	0.598531	0.5697029	0.6071341
DQA1*01:03-DQB1*06:03	0.0	0.084686644	0.272088	0.09503898
DRB3*01:01	0.0	0.0	0.2716296	0.099992186
DQA1*03:03-DQB1*04:02	0.0	0.6073399	0.2739359	0.32081518
DQA1*05:01-DQB1*04:02	0.0	0.41384	0.27224267	0.2998491
DQA1*05:01-DQB1*03:03	0.0	0.26208082	0.2719096	0.24484593
DQA1*05:01-DQB1*03:02	0.0	0.35436368	0.28677762	0.36829618
DQA1*05:01-DQB1*03:02	0.0	0.19877698	0.5803535	0.6158798
DRB1*14:54	0.0	0.36380744	0.27631494	0.32227555
DRB4*01:01	0.0	0.0	0.27414814	0.15105379
DQA1*02:01-DQB1*04:02	0.0	0.36946976	0.46301788	0.41595522
DRB1*07:01	0.0	0.43999562	0.27467614	0.22930187
DRB1*15:01	0.0	0.7871874	0.7281351	0.61985815
DRB1*03:01	0.0	0.31176177	0.44796845	0.44329932
DRB3*01:01	0.0	0.40180418	0.271634	0.19717321
DPA1*02:01-DPB1*05:01	0.0	0.0	0.27202857	0.26334646
DQA1*03:03-DQB1*04:02	0.0	0.4954069	0.27173632	0.22101611
DQA1*02:01-DQB1*03:01	0.0	0.43660355	0.28252572	0.35470048
DRB1*14:54	0.0	0.37327203	0.27853516	0.378253
DRB1*13:02	0.0	0.56641	0.2886318	0.3982573
DRB3*03:01	0.0	0.36967134	0.44975263	0.41965678
DRB1*04:01	0.0	0.0	0.406732	0.42925707
DRB1*11:01	0.0	0.0	0.27368566	0.19016495
DRB3*01:01	0.0	0.084686644	0.5264309	0.42871496
DQA1*05:01-DQB1*02:01	0.0	0.48257518	0.31985494	0.35027143
DRB1*07:01	0.0	0.51312697	0.27399433	0.2866431
DRB1*01:01	0.0	0.12450104	0.27725238	0.24273899
DRB1*04:01	0.0	0.084686644	0.27327517	0.2073923
DRB1*14:54	0.0	0.084686644	0.27612516	0.3469909
DQA1*03:03-DQB1*04:02	0.0	0.2671304	0.30795595	0.37450722
DRB1*14:54	0.0	0.084686644	0.27518144	0.29593083
DRB1*13:01	0.0	0.15507998	0.29024282	0.4278678
DRB1*03:01	0.0	0.4178981	0.2741118	0.302968
DRB3*01:01	0.0	0.3171461	0.27165374	0.1884695
DRB1*04:04	0.0	0.55907744	0.43453336	0.47207573
DRB1*03:01	0.0	0.0	0.27265048	0.0657779
DQA1*01:03-DQB1*06:03	0.0	0.084686644	0.27178654	0.18876374
DRB1*11:01	0.0	0.4412129	0.27719173	0.33863762
DRB1*11:01	0.0	0.36305293	0.27424794	0.34129193
DRB1*07:01	0.0	0.28860638	0.54746777	0.5619663
DRB5*01:01	0.0	0.0	0.43375	0.29787865
DQA1*05:01-DQB1*04:02	0.0	0.40223372	0.27208614	0.23605004
DRB1*04:01	0.0	0.084686644	0.2779572	0.2904216
DQA1*01:01-DQB1*05:01	0.0	0.27085298	0.2964657	0.29947856
DRB1*03:01	0.0	0.6127781	0.27283671	0.20806685
DRB3*02:02	0.0	0.084686644	0.7272365	0.6147965
DRB1*15:01	0.0	0.738145	0.28671858	0.37509653
DRB1*09:01	0.0	0.5537511	0.28066635	0.36763695
DRB4*01:03	0.0	0.47040507	0.45049778	0.4809442
DRB1*11:01	0.0	0.21305321	0.27396297	0.22187242
DRB1*01:01	0.0	0.34527227	0.38994133	0.40781954
DRB1*08:01	0.0	0.24084178	0.27190483	0.18193603
DRB1*14:54	0.0	0.34197953	0.27629426	0.33483002
DRB3*01:01	0.0	0.0	0.27178434	0.06848058
DQA1*05:01-DQB1*02:01	0.0	0.0	0.30156776	0.3145835
DQA1*02:01-DQB1*03:03	0.0	0.44464543	0.27208856	0.2724014
DRB1*09:01	0.0	0.49080396	0.27200824	0.33379784
DQA1*01:01-DQB1*05:01	0.0	0.0	0.27245033	0.115753084
DRB1*08:01	0.0	0.15098536	0.27175787	0.15238747
DQA1*05:01-DQB1*03:03	0.0	0.084686644	0.2725777	0.11725065
DPA1*01:03-DPB1*03:01	0.0	0.49080396	0.29758117	0.3568739
DQA1*03:03-DQB1*04:02	0.0	0.2718746	0.49290314	0.44122103
DRB4*01:03	0.0	0.084686644	0.27996576	0.34606072
DPB1*04:02	0.0	0.18669198	0.3082929	0.31268543
DRB5*01:01	0.0	0.6366076	0.72329205	0.7108017
DQA1*01:02-DQB1*05:01	0.0	0.23403898	0.27458254	0.2421915
DRB1*03:01	0.0	0.2109099	0.35960573	0.4087222
DRB1*09:01	0.0	0.39153937	0.2719574	0.3001651
DRB1*01:01	0.0	0.3302665	0.39427522	0.42387763
DPA1*03:01-DPB1*04:02	0.0	0.0	0.27269766	0.21355858
DRB3*02:02	0.0	0.0	0.27389562	0.19997367
DRB3*03:01	0.0	0.45832658	0.4720974	0.5521444
DRB1*09:01	0.0	0.3341685	0.2719165	0.28577635
DRB1*08:01	0.0	0.084686644	0.27173752	0.10561034
DRB5*01:01	0.0	0.3760407	0.4291085	0.22717479
DRB1*07:01	0.0	0.4954069	0.27575195	0.3194475
DQA1*01:02-DQB1*05:01	0.0	0.77837855	0.39779234	0.4112228
DRB5*01:01	0.0	0.45992014	0.44142053	0.29471645
DRB1*13:02	0.0	0.02286178	0.72547877	0.6414927
DRB1*04:05	0.0	0.44930252	0.27185926	0.17093334
DRB1*14:54	0.0	0.7560895	0.28233725	0.40490398
DRB3*03:01	0.0	0.7703366	0.59726745	0.73448825
DRB4*01:03	0.0	0.43173805	0.38787204	0.50848603
DRB1*07:01	0.0	0.738145	0.30386162	0.41004035
DRB1*03:01	0.0	0.084686644	0.27265334	0.058417603
DQA1*03:03-DQB1*04:02	0.0	0.4103278	0.2827241	0.29441044
DRB3*02:02	0.0	0.0	0.2742365	0.1729992
DRB1*13:01	0.0	0.31154633	0.2982671	0.34547314
DPA1*01:03-DPB1*03:01	0.0	0.68565	0.5542405	0.61046207
DRB3*01:01	0.0	0.6296289	0.27179307	0.19050393
DRB3*03:01	0.0	0.71020716	0.44825533	0.31069076
DQA1*05:01-DQB1*02:01	0.0	0.0	0.2730081	0.20762664
DRB1*13:01	0.0	0.6567793	0.28694078	0.36985436
DRB3*01:01	0.0	0.084686644	0.27183935	0.308791
DQA1*05:01-DQB1*03:02	0.0	0.42525622	0.27214614	0.1852383
DRB1*01:01	0.0	0.49703363	0.2787035	0.2367585
DRB1*07:01	0.0	0.77837855	0.7264252	0.6772796
DRB1*01:01	0.0	0.17767179	0.27705106	0.26583627
DQA1*01:01-DQB1*05:01	0.0	0.0	0.2722939	0.13889867
DRB1*08:02	0.0	0.0	0.27317896	0.14895993
DRB1*15:01	0.0	0.13179879	0.2815279	0.19054398
DRB1*11:01	0.0	0.5949985	0.27389053	0.30501345
DRB4*01:03	0.0	0.34540725	0.27984318	0.331876
DPA1*01:03-DPB1*04:01	0.0	0.0	0.2753427	0.0019618869
DRB1*01:01	0.0	0.6545521	0.72788954	0.69898343
DRB1*11:01	0.0	0.42562518	0.3661272	0.4475635
DRB4*01:03	0.0	0.084686644	0.2778063	0.22939023
DPA1*01:03-DPB1*04:01	0.0	0.0	0.27876595	0.22950134
DRB1*08:01	0.0	0.4178301	0.2719185	0.3177233
DRB3*01:01	0.0	0.084686644	0.27319497	0.32429257
DRB1*13:02	0.0	0.0	0.2898367	0.3971229
DRB1*15:01	0.0	0.29708427	0.2899164	0.31933072
DRB1*08:02	0.0	0.0	0.27337614	0.19098333
DRB1*13:01	0.0	0.7062737	0.28577852	0.30707365
DRB1*15:01	0.0	0.36000422	0.2849939	0.28700152
DRB5*01:01	0.0	0.7629388	0.49183813	0.5718396
DRB1*07:01	0.0	0.40877444	0.2774721	0.44917074
DRB3*01:01	0.0	0.084686644	0.27161968	0.25915635
DRB1*04:01	0.0	0.40559492	0.28001228	0.41575208
DRB3*03:01	0.0	0.5356762	0.46029088	0.49283937
DRB1*04:01	0.0	0.0	0.2732764	0.2588754
DRB1*13:02	0.0	0.1630445	0.30785218	0.3785242
DRB1*07:01	0.0	0.50985086	0.27380043	0.2961782
DQA1*01:02-DQB1*05:01	0.0	0.43786103	0.37221184	0.39609382
DRB3*03:01	1.0	0.8201525	0.4511054	0.42842957
DQA1*05:01-DQB1*03:02	0.0	0.084686644	0.27168408	0.19153371
DQA1*01:01-DQB1*05:01	0.0	0.0	0.2721123	0.11268225
DRB4*01:03	0.0	0.6384378	0.27975518	0.38931945
DQA1*05:01-DQB1*03:03	0.0	0.3405696	0.2729353	0.15614685
DQA1*01:03-DQB1*06:03	0.0	0.084686644	0.27172428	0.17262915
DRB1*04:05	0.0	0.33874658	0.4228602	0.35936823
DRB1*04:04	0.0	0.084686644	0.27384064	0.4327601
DRB1*14:54	0.0	0.30136847	0.27502862	0.35282376
DRB1*09:01	0.0	0.33576262	0.2929275	0.4079555
DRB1*13:01	0.0	0.6461442	0.28874618	0.3844562
DRB1*11:01	0.0	0.2571136	0.27359793	0.28927633
DQA1*01:02-DQB1*06:02	0.0	0.6768411	0.2720915	0.15217713
DRB4*01:01	0.0	0.0	0.2737215	0.1165694
DQA1*06:01-DQB1*04:02	0.0	0.28157735	0.2718177	0.16798815
DRB1*03:01	0.0	0.45295608	0.27348962	0.32132515
DRB1*08:02	0.0	0.084686644	0.28492525	0.3077871
DQA1*06:01-DQB1*04:02	0.0	0.43293062	0.27170607	0.22855994
DRB1*09:01	0.0	0.64221066	0.41134375	0.42363814
DRB4*01:01	0.0	0.0	0.2733779	0.17812207
DRB3*02:02	0.0	0.14744644	0.27474323	0.31924888
DRB1*01:01	1.0	0.9406777	0.7279416	0.67470837
DRB1*04:01	0.0	0.6614014	0.27350327	0.26201037
DPA1*01:03-DPB1*04:01	0.0	0.0	0.2747756	0.14584473
DRB1*08:01	0.0	0.084686644	0.27174383	0.19989029
DRB3*03:01	0.0	0.084686644	0.44345015	0.28911144
DRB1*04:01	0.0	0.6231404	0.27350956	0.23387292
DRB3*03:01	0.0	0.084686644	0.44336817	0.24425301
DRB3*03:01	0.0	0.084686644	0.44590518	0.39806083
DRB4*01:03	1.0	0.8201525	0.4550482	0.5190716
DRB1*09:01	1.0	0.8391403	0.28427297	0.35764888
DPA1*01:03-DPB1*02:01	0.0	0.0	0.27487502	0.115234286
DRB1*03:01	0.0	0.27110732	0.27292025	0.261386
DQA1*02:01-DQB1*03:03	0.0	0.42182273	0.2721997	0.16108656
DQA1*01:02-DQB1*06:02	0.0	0.4045356	0.27183115	0.18941322
DQA1*02:01-DQB1*03:01	0.0	0.2764698	0.274161	0.30131504
DPB1*04:01	0.0	0.0	0.2728436	0.17942515
DRB1*08:01	0.0	0.70250076	0.6126384	0.6093713
DRB1*13:01	0.0	0.084686644	0.28478572	0.36566165
DRB1*11:01	0.0	0.3896415	0.36039206	0.4551871
DQA1*02:01-DQB1*03:03	0.0	0.42488876	0.27220735	0.18304607
DRB1*07:01	0.0	0.60346144	0.27443108	0.2694671
DQA1*02:01-DQB1*04:02	0.0	0.16814533	0.27301776	0.2840834
DRB3*02:02	1.0	1.0	0.4765787	0.45391324
DRB1*03:01	1.0	0.93593705	0.7269216	0.665735
DRB1*07:01	0.0	0.0	0.27464285	0.28813997
DRB1*04:04	0.0	0.4505044	0.27650282	0.30778363
DRB1*11:01	0.0	0.4234332	0.28065276	0.33511606
DRB1*08:01	0.0	0.3864414	0.27360135	0.36400905
DRB1*07:01	0.0	0.6662669	0.3556727	0.4189823
DPA1*02:01-DPB1*05:01	0.0	0.23754674	0.27204382	0.24734321
DRB3*03:01	0.0	0.4092377	0.4621679	0.465542
DRB1*15:01	0.0	0.5280915	0.2824979	0.2584078
DRB1*03:01	0.0	0.084686644	0.5240523	0.4575061
DRB1*04:01	0.0	0.0	0.27330744	0.2179713
DRB1*13:02	0.0	0.14340782	0.38396057	0.38255987
DRB1*09:01	0.0	0.7560895	0.5407063	0.6645713
DRB1*01:01	0.0	0.5432769	0.41152284	0.46445462
DRB3*01:01	0.0	0.7629388	0.27165014	0.1341702
DRB1*15:01	0.0	0.21191126	0.28111434	0.38502362
DRB1*03:01	0.0	0.084686644	0.27293506	0.30793712
DRB1*04:01	0.0	0.5185219	0.27365056	0.2213231
DRB4*01:03	0.0	0.47725436	0.27948478	0.2430844
DRB3*01:01	0.0	0.6567793	0.587402	0.5782708
DRB4*01:03	0.0	0.43681195	0.4418142	0.54138887
DRB1*11:01	0.0	0.1663502	0.27569494	0.28243873
DQA1*02:01-DQB1*03:03	0.0	0.51554024	0.2717505	0.14042291
DQA1*06:01-DQB1*04:02	0.0	0.084686644	0.27180797	0.19576862
DRB3*01:01	0.0	0.0	0.2733158	0.30414176
DRB1*03:01	0.0	0.5010838	0.27337977	0.22259602
DQA1*02:01-DQB1*03:03	0.0	0.3954562	0.27229625	0.27004218
DRB1*07:01	0.0	0.7969252	0.27489161	0.3808804
DRB1*08:02	0.0	0.04721837	0.27346537	0.13189816
DRB4*01:03	0.0	0.34697244	0.28068063	0.3014165
DRB5*01:01	0.0	0.084686644	0.43700853	0.33058438
DRB1*03:01	0.0	0.65906143	0.27292204	0.23024884
DRB1*08:02	0.0	0.6662669	0.2776712	0.3341271
DRB1*04:05	0.0	0.13253258	0.27201483	0.24182698
DRB1*01:01	0.0	0.36000422	0.7270998	0.67558265
DQA1*01:02-DQB1*05:01	0.0	0.34713045	0.2753304	0.2499693
DRB3*02:02	0.0	0.39014378	0.29475686	0.31393623
DQA1*01:02-DQB1*05:01	0.0	0.5716429	0.6041576	0.5912944
DRB1*08:01	0.0	0.22525969	0.27218032	0.2711645
DRB1*15:01	0.0	0.0	0.28598803	0.23799863
DRB1*09:01	0.0	0.63132477	0.27243012	0.39220282
DQA1*02:01-DQB1*03:01	0.0	0.084686644	0.27407864	0.33550093
DRB1*09:01	1.0	0.83439964	0.2721869	0.42939463
DRB1*13:02	0.0	0.0	0.33734393	0.3432996
DRB1*09:01	0.0	0.0	0.44370735	0.5108882
DQA1*05:01-DQB1*03:02	0.0	0.084686644	0.27377838	0.3036696
DPA1*01:03-DPB1*02:01	0.0	0.0	0.2752048	0.19424087
DQA1*06:01-DQB1*04:02	0.0	0.084686644	0.27170524	0.2057496
DRB1*15:01	0.0	0.7328622	0.291737	0.27588812
DQA1*01:03-DQB1*06:03	0.0	0.084686644	0.27167514	0.15708673
DRB3*03:01	0.0	0.68261945	0.4483051	0.4119759
DRB1*03:01	0.0	0.26306254	0.27340475	0.23861483
DRB5*01:01	0.0	0.16477597	0.44173232	0.5049937
DQA1*03:03-DQB1*04:02	0.0	0.084686644	0.29266018	0.25528818
DRB1*13:02	0.0	0.71020716	0.45215556	0.43506482
DRB1*04:01	0.0	0.7560895	0.27331713	0.20569754
DQA1*03:03-DQB1*04:02	0.0	0.4103278	0.27524847	0.27755147
DRB1*09:01	0.0	0.640305	0.5138008	0.6138277
DRB4*01:03	0.0	0.084686644	0.2809696	0.33845046
DRB1*13:01	0.0	0.084686644	0.2886211	0.36305365
DRB1*04:05	0.0	0.68565	0.5392021	0.5574676
DRB3*01:01	0.0	0.32052213	0.40811372	0.3614885
DRB3*01:01	0.0	0.71431553	0.27175626	0.17662552
DQA1*05:01-DQB1*03:02	0.0	0.23537423	0.2717628	0.24618372
DRB1*15:01	0.0	0.31186968	0.28939542	0.30740702
DRB1*01:01	0.0	0.5002512	0.28201422	0.28874195
DQA1*01:02-DQB1*06:02	0.0	0.16697848	0.2718907	0.21245727
DRB1*15:01	0.0	0.09950083	0.291895	0.19945958
DRB1*12:01	0.0	0.02818834	0.27214348	0.1808795
DRB1*14:54	0.0	0.39612544	0.27597535	0.34200862
DRB1*08:01	0.0	0.3068783	0.2717024	0.22567222
DRB1*09:01	0.0	0.084686644	0.32342455	0.39950553
DQA1*03:01-DQB1*03:02	0.0	0.084686644	0.32016268	0.3079657
DRB1*11:01	0.0	0.61707765	0.27649367	0.35315648
DRB5*01:01	0.0	0.0	0.435101	0.3156917
DRB1*03:01	0.0	0.0	0.2725988	0.41459033
DRB4*01:01	0.0	0.3587824	0.27294886	0.19721386
DRB1*04:04	0.0	0.27515414	0.27543598	0.2714481
DRB1*07:01	0.0	0.6200593	0.30663732	0.4138539
DRB1*01:01	0.0	0.0	0.27897665	0.3238552
DRB1*11:01	0.0	0.084686644	0.27639633	0.29381695
DRB1*04:04	0.0	0.34042242	0.27727097	0.3050797
DRB1*13:02	1.0	0.8055289	0.7279191	0.6528928
DRB1*14:54	0.0	0.35385212	0.34205237	0.44751212
DQA1*02:01-DQB1*03:03	0.0	0.084686644	0.27178273	0.20859224
DRB1*11:01	1.0	0.8201525	0.7279557	0.64070344
DRB4*01:01	0.0	0.121040344	0.28356418	0.32125738
DQA1*05:01-DQB1*03:02	0.0	0.30209413	0.27495188	0.32964316
DRB1*08:02	0.0	0.69202656	0.54696494	0.566139
DQA1*03:03-DQB1*04:02	0.0	0.20847946	0.27163684	0.095564306
DRB1*13:02	0.0	0.15034373	0.2744148	0.25979364
DRB3*01:01	0.0	0.0	0.2723374	0.16867277
DQA1*01:02-DQB1*05:01	0.0	0.71020716	0.2773239	0.29042682
DPA1*03:01-DPB1*04:02	0.0	0.0	0.27367613	0.23550048
DRB3*02:02	0.0	0.44374153	0.7278117	0.65776336
DRB5*01:01	0.0	0.28181106	0.44022065	0.34887657
DRB1*08:01	0.0	0.3303324	0.2717279	0.22583628
DRB1*09:01	0.0	0.63132477	0.2725033	0.4247888
DRB1*08:01	0.0	0.58831435	0.47640088	0.40942636
DRB1*08:01	0.0	0.2694209	0.27177602	0.20392981
DQA1*05:01-DQB1*03:03	0.0	0.39734244	0.2722162	0.2853125
DRB5*01:01	0.0	0.084686644	0.43809444	0.34066918
DRB1*04:01	0.0	0.557524	0.27356443	0.19032228
DRB1*14:54	0.0	0.7278651	0.72808814	0.72388124
DRB5*01:01	1.0	1.0	0.7228913	0.73509157
DRB1*09:01	0.0	0.40954784	0.27210963	0.28454378
DRB1*15:01	0.0	0.4081603	0.28050184	0.3978342
DRB1*09:01	0.0	0.084686644	0.27186033	0.21307236
DRB1*04:01	0.0	0.084686644	0.27542865	0.21832451
DQA1*01:01-DQB1*05:01	0.0	0.0	0.2738265	0.18038693
DRB1*12:01	0.0	0.0	0.27226314	0.15687022
DRB1*15:01	0.0	0.0	0.28001508	0.04532841
DRB1*04:01	0.0	0.5949985	0.27389392	0.14756092
DRB3*01:01	0.0	0.084686644	0.2718843	0.3129972
DQA1*01:02-DQB1*05:01	0.0	0.26208082	0.27440482	0.26182327
DRB4*01:01	0.0	0.576242	0.2731005	0.21699652
DRB1*08:01	0.0	0.21967897	0.27203798	0.23188743
DRB1*15:01	0.0	0.25837597	0.42218983	0.47723415
DQA1*03:03-DQB1*04:02	0.0	0.084686644	0.2717175	0.20439991
DRB1*07:01	1.0	0.8984626	0.72814673	0.6922736
DRB1*09:01	0.0	0.5175173	0.5675703	0.61117315
DRB1*08:02	0.0	0.7437481	0.40087524	0.35713533
DRB1*04:01	0.0	0.24184859	0.27322018	0.07188073
DRB1*03:01	0.0	0.0	0.27404186	0.20708743
DRB1*04:04	0.0	0.50066656	0.3795551	0.4905477
DPA1*01:03-DPB1*02:01	0.0	0.0	0.27478877	0.18227175
DRB1*11:01	0.0	0.77837855	0.72817147	0.6451875
DRB1*07:01	0.0	0.16234592	0.2759347	0.28906396
DRB1*14:54	0.0	0.6887833	0.27879027	0.39728275
DPA1*01:03-DPB1*04:01	0.0	0.68261945	0.27604887	0.1849936
DQA1*01:02-DQB1*05:01	0.0	0.6614014	0.37201422	0.42403474
DRB1*04:01	0.0	0.7703366	0.5046757	0.52520084
DRB1*01:01	0.0	0.0	0.30103633	0.3045495
DRB1*01:01	0.0	0.576242	0.2859436	0.36422256
DQB1*03:02	0.0	0.0	0.2812941	0.31720084
DQA1*01:01-DQB1*05:01	0.0	0.0	0.27258107	0.08404958
DQA1*02:01-DQB1*03:03	0.0	0.084686644	0.28421068	0.27093694
DPA1*03:01-DPB1*04:02	0.0	0.0	0.27214694	0.03061375
DRB3*02:02	0.0	0.41432944	0.7248292	0.65388286
DPA1*01:03-DPB1*04:01	0.0	0.0	0.27512735	0.10056946
DRB1*13:01	0.0	0.6796851	0.40007147	0.46037945
DPB1*04:01	0.0	0.29749924	0.28070682	0.29845342
DRB3*01:01	0.0	0.31708896	0.27195418	0.28244102
DRB1*11:01	0.0	0.10531032	0.27363706	0.27723953
DRB4*01:01	0.0	0.30296248	0.27509058	0.26864514
DRB1*08:02	0.0	0.72312444	0.53251487	0.53669906
DRB1*04:05	0.0	0.09651194	0.27194574	0.16497508
DRB1*07:01	0.0	0.36156222	0.36697558	0.48231784
DQA1*01:02-DQB1*05:01	0.0	0.74971294	0.2796355	0.28129804
DRB1*08:01	0.0	0.23376031	0.2718763	0.2373791
DRB1*04:01	0.0	0.0	0.46954188	0.46773848
DRB1*04:01	0.0	0.22023813	0.27354395	0.19068709
DRB1*13:01	0.0	0.7560895	0.7278663	0.70751333
DRB1*07:01	0.0	0.0	0.2741974	0.1415464
DRB1*13:02	0.0	0.0	0.27593988	0.09556994
DRB1*04:04	0.0	0.43075585	0.28426087	0.3451604
DQA1*05:01-DQB1*04:02	0.0	0.60866976	0.39272687	0.42898956
DRB1*04:01	0.0	0.0	0.3633249	0.44848326
DQA1*02:01-DQB1*03:01	0.0	0.22776791	0.2737955	0.24157295
DRB1*01:01	0.0	0.0	0.2778474	0.13674703
DRB3*03:01	0.0	0.4942345	0.45463654	0.41284266
DRB1*07:01	0.0	0.41465718	0.27364013	0.3852662
DRB3*03:01	0.0	0.15550655	0.44259012	0.27907696
DRB3*03:01	1.0	0.83439964	0.47027752	0.5794697
DRB4*01:03	0.0	0.5753037	0.4127652	0.5113404
DRB1*11:01	0.0	0.1543308	0.27457395	0.3096027
DQA1*02:01-DQB1*04:02	0.0	0.42325288	0.27163693	0.24441138
DRB1*08:01	0.0	0.49346107	0.2773029	0.325538
DRB1*13:01	0.0	0.72312444	0.728117	0.71427107
DRB1*07:01	0.0	0.41270792	0.4311431	0.4489886
DRB1*14:54	0.0	0.6887833	0.429633	0.4590054
DRB1*04:04	0.0	0.65237737	0.40083992	0.47666183
DPA1*02:01-DPB1*01:01	0.0	0.0	0.3182941	0.2829302
DQA1*03:01-DQB1*03:02	0.0	0.0	0.27173752	0.11737338
DRB3*01:01	0.0	0.49580103	0.3015997	0.28185043
DRB5*01:01	0.0	0.72312444	0.4419415	0.37041345
DPA1*01:03-DPB1*04:01	0.0	0.3864414	0.5581821	0.570868
DRB3*02:02	0.0	0.07196247	0.2778703	0.30333796
DPA1*02:01-DPB1*05:01	0.0	0.0	0.27277663	0.08608034
DRB1*15:01	0.0	0.34752658	0.28761438	0.16695449
DRB1*01:01	1.0	0.9456748	0.45789754	0.5276903
DQA1*01:01-DQB1*05:01	0.0	0.0	0.38608667	0.11748442
DRB3*02:02	0.0	0.0	0.27379534	0.23205769
DRB3*01:01	0.0	0.46263868	0.27190468	0.18711606
DQA1*03:03-DQB1*04:02	0.0	0.084686644	0.271667	0.1274387
DRB1*03:01	0.0	0.092217416	0.27288312	0.20499754
DRB1*08:02	0.0	0.02062367	0.2787854	0.33326873
DRB1*13:01	0.0	0.12871936	0.282917	0.31890512
DRB1*04:01	0.0	0.25024083	0.2726614	0.3863373
DRB1*11:01	0.0	0.43828404	0.2784015	0.30636784
DRB1*04:01	0.0	0.6127781	0.29067555	0.3488846
DRB1*01:01	0.0	0.7969252	0.7263649	0.6740029
DQA1*06:01-DQB1*04:02	0.0	0.084686644	0.27267796	0.22807056
DRB1*01:01	0.0	0.26447344	0.28268304	0.33442882
DRB1*04:04	0.0	0.25432023	0.3960794	0.44130126
DRB1*04:05	0.0	0.32439637	0.2719439	0.23563635
DRB1*12:01	0.0	0.0	0.27234918	0.23150569
DRB1*11:01	0.0	0.0	0.27408615	0.19105634
DRB1*01:01	0.0	0.0	0.2804487	0.35507986
DQA1*02:01-DQB1*04:02	0.0	0.084686644	0.27198324	0.21093488
DRB1*03:01	0.0	0.65237737	0.27289292	0.31793174
DRB3*01:01	0.0	0.172702	0.27174723	0.15776664
DRB1*04:04	0.0	0.35991338	0.2770823	0.32207116
DRB1*15:01	0.0	0.0	0.28055176	0.11954421
DRB1*13:02	0.0	0.52697796	0.37750813	0.37043193
DRB1*11:01	0.0	0.51902837	0.35897145	0.42263117
DRB1*07:01	0.0	0.10025246	0.27551252	0.384483
DRB3*02:02	0.0	0.0	0.29590866	0.38956264
DRB4*01:03	0.0	0.3983002	0.28138787	0.2380993
DQA1*05:01-DQB1*03:02	0.0	0.32595497	0.2718521	0.18086937
DRB1*15:01	0.0	0.48257518	0.29233858	0.29148456
DRB4*01:03	0.0	0.47191775	0.72791916	0.7074621
DRB3*01:01	0.0	0.5672618	0.2717208	0.14446849
DRB1*03:01	0.0	0.41614658	0.27563092	0.29391256
DRB1*07:01	0.0	0.14890687	0.27443033	0.26426706
DQA1*01:01-DQB1*05:01	0.0	0.0	0.27758157	0.20539734
DRB1*13:01	0.0	0.29903695	0.28630176	0.3049666
DRB1*13:01	0.0	0.33625332	0.2833607	0.27620408
DRB1*04:05	1.0	1.0	0.2719479	0.31379014
DRB5*01:01	0.0	0.084686644	0.4419399	0.39843968
DQA1*02:01-DQB1*04:02	0.0	0.084686644	0.2723707	0.184145
DRB1*09:01	0.0	0.084686644	0.2718146	0.19305745
DRB1*13:02	0.0	0.40985903	0.30593997	0.39127126
DRB5*01:01	0.0	0.65906143	0.44550312	0.35782507
DRB1*03:01	0.0	0.0	0.2852308	0.4192398
DRB1*04:01	0.0	0.0	0.27343038	0.11317432
DPB1*14:01	0.0	0.29749924	0.28014326	0.34341303
DRB1*04:04	0.0	0.36826944	0.28061917	0.2988913
DRB1*03:01	0.0	0.39218074	0.27270296	0.281493
DQA1*05:01-DQB1*04:02	0.0	0.39014378	0.27266297	0.3004415
DRB3*03:01	0.0	0.35410753	0.4674786	0.5690644
DRB5*01:01	1.0	0.93593705	0.46975324	0.5006174
DRB1*03:01	0.0	0.16542679	0.2730326	0.2577111
DQA1*05:01-DQB1*02:01	0.0	0.39039597	0.27229092	0.37660137
DQA1*05:01-DQB1*04:02	0.0	0.084686644	0.2722465	0.24256095
DRB1*04:01	0.0	0.65906143	0.49053216	0.47472003
DRB1*15:01	1.0	0.8945419	0.29377475	0.38866606
DRB1*07:01	0.0	0.013746313	0.33808416	0.44346836
DRB3*03:01	0.0	0.28122795	0.45011652	0.3754913
DRB1*09:01	0.0	0.15498105	0.2720153	0.31733453
DRB1*04:01	0.0	0.0	0.27421236	0.15083754
DQA1*05:01-DQB1*04:02	0.0	0.55155915	0.35464132	0.38605288
DRB1*07:01	0.0	0.0	0.27553076	0.33381978
DRB1*07:01	0.0	0.18374373	0.27470464	0.28423882
DRB1*13:02	0.0	0.0	0.27560395	0.25815967
DRB3*01:01	0.0	0.0	0.27247617	0.32360545
DRB5*01:01	1.0	0.85125035	0.44072524	0.35496154
DRB1*15:01	0.0	0.0	0.2915881	0.4397023
DQA1*05:01-DQB1*04:02	0.0	0.31928548	0.27253085	0.2462922
DRB1*04:05	0.0	0.0	0.27192435	0.17888248
DRB1*10:01	0.0	0.5356762	0.30255386	0.3566163
DRB1*01:01	1.0	0.9542785	0.36089373	0.38190928
DQA1*02:01-DQB1*04:02	0.0	0.4692125	0.5783862	0.6093613
DRB4*01:03	0.0	0.45295608	0.28486314	0.33089027
DRB3*03:01	0.0	0.60220397	0.45156217	0.40964356
DRB1*13:01	0.0	0.084686644	0.28112018	0.27861997
DRB3*03:01	0.0	0.45885473	0.4473892	0.40271464
DRB3*01:01	0.0	0.2561632	0.47301334	0.37084356
DQA1*01:01-DQB1*05:01	0.0	0.0	0.27223995	0.08458689
DRB5*01:01	0.0	0.43577465	0.43803012	0.38741133
DQA1*05:01-DQB1*03:02	0.0	0.084686644	0.2719845	0.15873387
DRB1*15:01	0.0	0.0	0.2859036	0.22994098
DRB1*04:01	0.0	0.3444807	0.2780994	0.2918375
DRB1*07:01	0.0	0.0	0.72758675	0.6299579
DPB1*04:02	0.0	0.36156222	0.33265993	0.39418676
DQA1*03:01-DQB1*03:02	0.0	0.0	0.27656785	0.27342176
DRB1*08:02	0.0	0.084686644	0.27261016	0.17902839
DRB1*04:04	0.0	0.5036277	0.27645403	0.26610142
DRB1*14:54	0.0	0.5639006	0.27603906	0.31031975
DRB1*01:01	0.0	0.0	0.47588372	0.34907845
DQA1*01:01-DQB1*05:01	0.0	0.7969252	0.27203313	0.1268461
DRB1*03:03	0.0	0.44195983	0.27714518	0.24560231
DRB4*01:03	0.0	0.7062737	0.28212076	0.39804485
DRB3*01:01	0.0	0.084686644	0.271851	0.19605544
DRB3*02:02	0.0	0.0	0.27338213	0.26234996
DRB3*02:02	0.0	0.084686644	0.27573693	0.25006276
DRB1*14:54	0.0	0.5753037	0.27599424	0.30138767
DRB1*15:01	0.0	0.084686644	0.47555026	0.4217638
DRB1*09:01	0.0	0.17586957	0.2720397	0.425787
DQA1*05:01-DQB1*04:02	0.0	0.24675994	0.27282414	0.268568
DQA1*05:01-DQB1*04:02	0.0	0.084686644	0.27222002	0.19980094
DRB3*01:01	0.0	0.084686644	0.27163428	0.118059546
DRB1*03:01	0.0	0.7871874	0.4236444	0.4233803
DQA1*02:01-DQB1*04:02	0.0	0.15216699	0.5274198	0.6081644
DRB1*01:01	1.0	1.0	0.28082955	0.37946406
DRB1*04:05	0.0	0.12052815	0.27225778	0.29104963
DRB3*01:01	0.0	0.2763227	0.27178717	0.15970978
DRB3*02:02	0.0	0.39360765	0.34304595	0.37484875
DRB1*01:01	0.0	0.6545521	0.7268849	0.6284367
DRB4*01:03	0.0	0.65906143	0.72710854	0.70482063
DRB1*04:01	0.0	0.5231829	0.28559807	0.3197676
DQA1*02:01-DQB1*03:03	0.0	0.6768411	0.4870303	0.4660745
DRB1*15:01	0.0	0.55012625	0.28372917	0.24179736
DRB1*04:01	0.0	0.0	0.32510453	0.36526784
DRB1*12:01	0.0	0.1145999	0.27265757	0.35021582
DQA1*01:03-DQB1*06:03	0.0	0.25234306	0.2720131	0.17527151
DRB1*11:01	0.0	0.27504534	0.2741711	0.24862114
DRB3*02:02	0.0	0.0	0.3544127	0.33050254
DRB5*01:01	0.0	0.5530147	0.44397137	0.44532564
DRB1*07:01	0.0	0.19004029	0.31022573	0.42839637
DRB1*04:04	0.0	0.084686644	0.27838433	0.30934495
DRB1*03:01	0.0	0.69202656	0.41704494	0.35969403
DRB5*01:01	0.0	0.084686644	0.60759455	0.6840414
DRB3*03:01	0.0	0.35175052	0.44764245	0.34774926
DRB3*02:02	0.0	0.084686644	0.30813524	0.34976462
DRB3*02:02	1.0	0.93593705	0.43597007	0.43343022
DRB1*03:01	0.0	0.0	0.27459857	0.3087685
DRB1*15:01	0.0	0.43598118	0.29225942	0.34214017
DQA1*01:02-DQB1*05:02	0.0	0.0	0.274863	0.19602749
DRB3*03:01	0.0	0.41937196	0.717065	0.7598556
DRB3*03:01	0.0	0.46181467	0.47256345	0.552755
DQA1*02:01-DQB1*03:03	0.0	0.084686644	0.27166086	0.20658436
DRB1*07:01	0.0	0.5112407	0.27562973	0.257687
DRB1*11:04	0.0	0.0	0.2719596	0.18554321
DRB1*04:05	0.0	0.0	0.27182713	0.097648144
DRB1*03:01	0.0	0.55675703	0.27292535	0.27609617
DRB1*03:01	0.0	0.0	0.27272505	0.19764695
DRB1*08:01	0.0	0.21595226	0.27187675	0.23088738
DRB3*01:01	0.0	0.084686644	0.27165323	0.1692163
DRB3*03:01	0.0	0.7328622	0.49124685	0.59519815
DRB1*07:01	0.0	0.12487148	0.27467793	0.3042141
DRB1*03:01	0.0	0.084686644	0.27320138	0.18174943
DQA1*06:01-DQB1*04:02	0.0	0.084686644	0.2719051	0.18471378
DRB1*11:01	0.0	0.45832658	0.32967484	0.4403585
DRB1*04:01	0.0	0.13267228	0.2913897	0.3635883
DPA1*03:01-DPB1*04:02	0.0	0.0	0.27233648	0.21140441
DQA1*01:03-DQB1*06:03	0.0	0.084686644	0.27216682	0.12888864
DRB1*11:01	0.0	0.34093854	0.37099886	0.45577863
DRB1*15:01	1.0	0.85125035	0.28576863	0.24120533
DRB1*11:01	0.0	0.77837855	0.72816247	0.68362045
DRB4*01:03	0.0	0.5716429	0.30633104	0.347258
DQA1*05:01-DQB1*03:03	0.0	0.54196596	0.56477845	0.59825635
DQA1*05:01-DQB1*03:03	0.0	0.084686644	0.27272594	0.1609132
DRB1*07:01	0.0	0.4198917	0.27512947	0.32947654
DRB1*09:01	0.0	0.7328622	0.27194217	0.3379464
DRB1*03:01	0.0	0.0	0.27308932	0.25932264
DQA1*02:01-DQB1*04:02	0.0	0.16098547	0.2717014	0.2744073
DRB1*07:01	0.0	0.1536851	0.30943722	0.38919428
DQA1*03:03-DQB1*04:02	0.0	0.30811405	0.27181092	0.16841829
DRB1*01:01	0.0	0.0	0.2784657	0.26100886
DRB1*14:54	0.0	0.7969252	0.27517614	0.3576559
DRB1*07:01	0.0	0.0788663	0.27708417	0.36769596
DQB1*04:02	0.0	0.29749924	0.45531842	0.41887775
DRB5*01:01	0.0	0.5480176	0.43635952	0.3542458
DRB1*15:01	0.0	0.51031184	0.28425008	0.21932098
DRB3*01:01	0.0	0.53814095	0.40883934	0.37027195
DRB1*03:01	0.0	0.0	0.27303237	0.2136876
DQA1*01:01-DQB1*05:01	0.0	0.27588275	0.27254537	0.1548414
DRB3*03:01	0.0	0.35900992	0.45688835	0.4870657
DRB1*04:01	0.0	0.29749924	0.27358645	0.19185945
DPA1*02:01-DPB1*01:01	0.0	0.0	0.27229834	0.19896337
DQA1*01:01-DQB1*05:01	0.0	0.0	0.27374905	0.19539261
DRB1*13:02	1.0	0.9509576	0.72704595	0.59080744
DRB1*04:01	0.0	0.0	0.27325788	0.13286877
DRB1*01:01	0.0	0.12450104	0.39003766	0.29356286
DRB1*07:01	0.0	0.2329753	0.27411306	0.24590549
DRB1*03:01	0.0	0.0	0.2736776	0.247578
DRB1*04:01	0.0	0.4759707	0.27377418	0.15026551
DRB1*15:01	0.0	0.0	0.2825035	0.20616695
DRB5*01:01	1.0	0.83439964	0.44076213	0.326633
DRB3*01:01	0.0	0.39115664	0.27163777	0.24204934
DQA1*05:01-DQB1*03:01	0.0	0.0	0.27244154	0.07894763
DRB1*15:01	0.0	0.27919656	0.28604752	0.28052822
DQA1*02:01-DQB1*04:02	0.0	0.32058144	0.27164596	0.23538646
DQA1*05:01-DQB1*03:02	0.0	0.34681472	0.28296062	0.34646705
DRB1*11:01	0.0	0.084686644	0.28177536	0.30199024
DRB5*01:01	0.0	0.1224689	0.43693116	0.31499013
DRB1*04:04	0.0	0.14492941	0.3001623	0.37916473
DRB1*09:01	0.0	0.4572793	0.2723056	0.31725135
DRB1*13:01	0.0	0.40724674	0.2849661	0.26391912
DRB1*14:54	1.0	0.8078111	0.72809875	0.7303796
DRB3*03:01	1.0	0.9456748	0.45433652	0.4130303
DRB1*13:01	0.0	0.7969252	0.29857737	0.34822503
DQA1*05:01-DQB1*04:02	0.0	0.64817554	0.27242112	0.3137826
DRB1*15:01	0.0	0.0	0.2813656	0.18516931
DRB5*01:01	0.0	0.42325288	0.44290194	0.41030696
DRB1*08:01	0.0	0.41270792	0.2718751	0.1921156
DRB3*02:02	0.0	0.5606573	0.27366894	0.19402549
DRB1*13:02	0.0	0.17423567	0.27490225	0.30884978
DRB3*01:01	0.0	0.084686644	0.27174678	0.16538414
DQA1*01:01-DQB1*05:01	0.0	0.21617249	0.27310905	0.29972002
DRB1*15:01	0.0	0.22110352	0.28538623	0.33667633
DRB4*01:03	0.0	0.38276535	0.28784248	0.3558736
DRB3*01:01	0.0	0.06498439	0.27167383	0.17979535
DRB1*14:54	0.0	0.4750195	0.27799255	0.36085185
DQA1*06:01-DQB1*04:02	0.0	0.34832403	0.2723358	0.19416377
DRB1*07:01	0.0	0.4747046	0.43436617	0.4854193
DQA1*06:01-DQB1*04:02	0.0	0.084686644	0.27184883	0.15048784
DRB5*01:01	0.0	0.084686644	0.43661642	0.3264869
DRB1*03:01	0.0	0.49659437	0.27272853	0.2668281
DRB1*11:01	1.0	0.8201525	0.72808236	0.68930995
DRB1*04:01	0.0	0.35368222	0.27496415	0.26954845
DRB1*07:01	0.0	0.7969252	0.7281522	0.68428516
DQA1*01:02-DQB1*05:01	0.0	0.70250076	0.27467582	0.23405942
DRB1*04:04	0.0	0.71861506	0.40115935	0.5283961
DRB3*03:01	0.0	0.084686644	0.4519099	0.3735384
DRB1*07:01	0.0	0.2010274	0.40480614	0.4605452
DRB1*13:01	0.0	0.42806	0.2880685	0.3613098
DRB1*07:01	1.0	1.0	0.5852618	0.4680504
DRB1*04:01	0.0	0.0	0.27353272	0.25227106
DRB1*14:54	0.0	0.49269408	0.27671623	0.4618332
DQA1*02:01-DQB1*03:03	0.0	0.4660101	0.27187634	0.18062589
DRB1*04:01	0.0	0.0	0.27401033	0.11444613
DQA1*05:01-DQB1*03:03	0.0	0.3978885	0.27167925	0.2526103
DRB1*11:01	0.0	0.43743998	0.2879898	0.42967394
DQA1*02:01-DQB1*04:02	0.0	0.45676005	0.30273443	0.46061215
DRB1*09:01	0.0	0.6687992	0.38614246	0.46762422
DRB3*02:02	0.0	0.084686644	0.3056153	0.34911886
DQA1*02:01-DQB1*03:03	0.0	0.084686644	0.2717948	0.17616925
DRB4*01:03	0.0	0.084686644	0.286707	0.33682325
DPA1*02:01-DPB1*01:01	0.0	0.0	0.27285835	0.35878637
DRB5*01:01	0.0	0.6263277	0.44066373	0.30203626
DRB1*03:01	1.0	0.85125035	0.49043465	0.51514554
DRB5*01:01	0.0	0.084686644	0.45254546	0.3790768
DRB1*04:05	0.0	0.41648084	0.27239573	0.34635618
DPA1*01:03-DPB1*02:01	0.0	0.0	0.27481133	0.084338754
DRB1*14:54	0.0	0.6953878	0.3343155	0.48013487
DQA1*02:01-DQB1*03:03	0.0	0.38417104	0.27169082	0.16133288
DPA1*02:01-DPB1*05:01	0.0	0.23832302	0.45797023	0.3614699
DRB1*07:01	0.0	0.5614576	0.48355177	0.56912327
DRB1*11:01	0.0	0.084686644	0.27334183	0.32861915
DRB1*07:01	1.0	0.8842155	0.27418458	0.3114355
DQA1*02:01-DQB1*03:03	0.0	0.084686644	0.2716809	0.25361112
DRB5*01:01	1.0	0.93593705	0.44514707	0.3522549
DRB1*08:02	0.0	0.49901608	0.44027412	0.48311356
DRB1*08:01	0.0	0.084686644	0.27181736	0.16747186
DRB1*08:02	0.0	0.0	0.27280712	0.11758414
DQA1*05:01-DQB1*02:01	0.0	0.29927218	0.27227965	0.3507103
DRB1*13:02	0.0	0.0	0.2753675	0.1420598
DRB1*07:01	0.0	0.29749924	0.2738497	0.23092005
DRB3*02:02	1.0	0.87187403	0.7268954	0.6545695
DRB3*01:01	0.0	0.0	0.27176747	0.04149404
DRB1*13:01	0.0	0.084686644	0.28736573	0.2349698
DRB1*14:54	0.0	0.084686644	0.2787941	0.21792176
DRB1*15:01	0.0	0.46980685	0.28529066	0.30187026
DQA1*01:02-DQB1*05:01	0.0	0.4572793	0.40674442	0.43128803
DPA1*02:01-DPB1*05:01	0.0	0.0	0.27209863	0.040886626
DRB1*03:01	0.0	0.29749924	0.28405735	0.34251103
DRB1*04:01	0.0	0.36221147	0.4588075	0.49374375
DRB1*08:01	0.0	0.084686644	0.27177578	0.14323318
DRB1*13:01	0.0	0.4460181	0.30280906	0.3742042
DQA1*06:01-DQB1*04:02	0.0	0.35266936	0.3287555	0.35961822
DRB1*11:01	0.0	0.7969252	0.45908204	0.47684738
DQA1*05:01-DQB1*04:02	0.0	0.38704827	0.27213794	0.23068073
DRB1*07:01	0.0	0.22377016	0.2847622	0.3141612
DRB3*03:01	1.0	0.93593705	0.47957307	0.61872184
DRB1*03:01	1.0	0.82420087	0.27344945	0.33527175
DRB1*13:01	0.0	0.36777386	0.28615198	0.32184565
DRB1*04:04	0.0	0.0	0.27606085	0.25921202
DPA1*01:03-DPB1*04:01	0.0	0.0	0.2746765	0.030694917
DQA1*05:01-DQB1*03:02	0.0	0.4131914	0.27392644	0.31653517
DRB1*04:04	0.0	0.2604881	0.27836132	0.26145563
DQA1*06:01-DQB1*04:02	0.0	0.28510585	0.2716938	0.16649917
DRB1*07:01	0.0	0.7629388	0.7264172	0.6875185
DQA1*05:01-DQB1*03:02	0.0	0.084686644	0.27183315	0.20916852
DQA1*05:01-DQB1*03:02	0.0	0.39373848	0.2717605	0.24994442
DRB3*02:02	0.0	0.084686644	0.2783106	0.30927837
DQA1*03:03-DQB1*04:02	0.0	0.33266896	0.2717968	0.17432302
DQA1*05:01-DQB1*03:02	0.0	0.44086346	0.41905326	0.4217843
DQA1*02:01-DQB1*03:01	0.0	0.084686644	0.27429023	0.23477712
DRB1*13:02	0.0	0.0	0.27558464	0.20614567
DRB1*03:01	0.0	0.0	0.27293044	0.15350935
DRB1*09:01	1.0	0.83439964	0.6526059	0.6548797
DRB1*11:01	1.0	0.93593705	0.28039968	0.37433675
DRB1*04:05	0.0	0.12700886	0.27194372	0.2547674
DRB1*13:02	0.0	0.28579542	0.7280627	0.63038504
DRB3*03:01	0.0	0.4236139	0.4711035	0.5326655
DQA1*02:01-DQB1*03:03	0.0	0.48535502	0.2736134	0.30382743
DRB1*15:01	0.0	0.5338698	0.28375593	0.25701058
DPA1*01:03-DPB1*04:01	0.0	0.4448728	0.27506277	0.27565488
DRB1*09:01	0.0	0.21428454	0.272089	0.22830108
DQA1*01:02-DQB1*05:01	0.0	0.6887833	0.4368464	0.42881063
DRB1*14:54	0.0	0.77837855	0.2872162	0.4298034
DRB1*07:01	0.0	0.40411848	0.27401593	0.3372728
DQA1*05:01-DQB1*02:01	0.0	0.63132477	0.27264264	0.15019786
DRB1*04:01	0.0	0.40237734	0.3918436	0.46832374
DRB1*09:01	0.0	0.090903245	0.2718757	0.32339266
DRB1*11:01	0.0	0.5781477	0.27423003	0.35140815
DRB4*01:03	0.0	0.084686644	0.28108174	0.34241483
DRB3*03:01	0.0	0.084686644	0.44643646	0.29554245
DRB1*04:05	0.0	0.31940255	0.27206045	0.14885905
DRB1*08:02	0.0	0.557524	0.5044218	0.4530199
DRB3*03:01	1.0	0.8078111	0.46002424	0.43707266
DRB1*04:01	0.0	0.37027872	0.2729805	0.23703098
DRB1*11:01	1.0	1.0	0.7279791	0.66316545
DRB1*08:01	0.0	0.0	0.5311704	0.51861537
DRB1*09:01	0.0	0.7629388	0.40817836	0.428856
DQA1*02:01-DQB1*03:03	0.0	0.084686644	0.27172413	0.22390434
DRB1*11:01	1.0	0.84077615	0.72772133	0.69618726
DPA1*01:03-DPB1*04:01	0.0	0.0	0.27835172	0.12990129
DRB1*03:01	0.0	0.46515563	0.2734271	0.22616026
DRB1*13:01	0.0	0.50985086	0.2839993	0.34576848
DQA1*02:01-DQB1*03:03	0.0	0.46099797	0.27178916	0.22846115
DRB1*04:04	0.0	0.084686644	0.39121875	0.4394267
DQA1*06:01-DQB1*04:02	0.0	0.33618307	0.2717075	0.20191154
DRB1*04:04	0.0	0.71431553	0.4919273	0.56949615
DRB1*01:01	0.0	0.02536437	0.27847326	0.26309443
DRB3*03:01	0.0	0.74971294	0.45176542	0.41322628
DRB1*13:01	0.0	0.0	0.28218737	0.19689795
DQA1*01:03-DQB1*06:03	0.0	0.084686644	0.27178887	0.17045727
DRB5*01:01	0.0	0.084686644	0.43244848	0.28134868
DQA1*02:01-DQB1*03:01	0.0	0.084686644	0.4295584	0.47166327
DQA1*05:01-DQB1*03:02	0.0	0.3963945	0.34767064	0.38494733
DRB1*11:01	0.0	0.51312697	0.27511975	0.41290644
DRB3*01:01	0.0	0.084686644	0.27179372	0.07367723
DQA1*06:01-DQB1*04:02	0.0	0.48535502	0.5911871	0.60262144
DRB5*01:01	0.0	0.084686644	0.47104803	0.5751829
DRB3*02:02	0.0	0.084686644	0.27341083	0.238217
DRB3*01:01	0.0	0.084686644	0.28725013	0.200003
DRB3*02:02	1.0	0.93593705	0.27341923	0.31800687
DRB5*01:01	0.0	0.0	0.43505466	0.45603964
DRB3*01:01	0.0	0.37007582	0.2716953	0.14926022
DQA1*05:01-DQB1*03:02	0.0	0.25110397	0.34601483	0.3048486
DRB1*03:01	1.0	0.8201525	0.27291927	0.2343655
DRB1*01:01	0.0	0.33314344	0.27926216	0.39188907
DRB1*03:01	0.0	0.29749924	0.27386206	0.3202379
DRB1*13:01	0.0	0.37369263	0.28693154	0.37118533
DRB1*13:02	0.0	0.0	0.3221335	0.4043599
DRB1*12:01	0.0	0.29749924	0.2719755	0.3104926
DRB1*08:01	0.0	0.53814095	0.2717325	0.14919281
DRB1*13:01	0.0	0.7328622	0.3840803	0.5029781
DRB1*10:01	0.0	0.0	0.27153394	0.07489005
DRB1*09:01	0.0	0.084686644	0.27218732	0.2599946
DRB1*11:01	1.0	0.92712814	0.72755814	0.6841363
DRB4*01:03	0.0	0.64221066	0.36110654	0.48481956
DRB3*01:01	0.0	0.27332178	0.31026727	0.26327518
DRB1*01:01	0.0	0.576242	0.52293795	0.43444648
DQA1*05:01-DQB1*04:02	0.0	0.084686644	0.27242583	0.20754299
DRB1*09:01	0.0	0.0	0.27197993	0.25134048
DRB1*07:01	0.0	0.0	0.31794906	0.42363396
DRB1*04:04	0.0	0.1307279	0.2807118	0.37809435
DQA1*03:03-DQB1*04:02	0.0	0.084686644	0.27169168	0.14790079
DPA1*02:01-DPB1*05:01	0.0	0.0	0.27223593	-0.059381723
DRB1*13:02	0.0	0.0	0.2742457	0.16706464
DRB1*07:01	0.0	0.0	0.27445117	0.33512822
DRB1*14:54	0.0	0.591596	0.7273866	0.7063923
DRB1*04:04	0.0	0.21932128	0.28072405	0.3190848
DRB5*01:01	0.0	0.314387	0.4453433	0.34854153
DQA1*02:01-DQB1*03:01	1.0	0.85125035	0.2972167	0.4154518
DRB1*08:02	0.0	0.084686644	0.2729675	0.2533264
DRB1*07:01	0.0	0.27325067	0.2744162	0.3429965
DRB1*03:01	0.0	0.28235862	0.2725741	0.27630386
DRB1*03:01	0.0	0.12450104	0.27232385	0.093784034
DQA1*05:01-DQB1*04:02	0.0	0.34689355	0.4408801	0.4448456
DRB4*01:01	0.0	0.084686644	0.2731634	0.23955968
DRB3*01:01	0.0	0.084686644	0.32264942	0.26044324
DQA1*05:01-DQB1*04:02	0.0	0.3623978	0.2732309	0.32658258
DRB1*07:01	0.0	0.30832162	0.2753225	0.31480438
DRB4*01:03	0.0	0.27197972	0.28310263	0.3451372
DQA1*06:01-DQB1*04:02	0.0	0.24985366	0.2718931	0.15366963
DRB1*04:04	0.0	0.42041433	0.27696007	0.29747432
DRB1*07:01	0.0	0.084686644	0.34486562	0.4391528
DRB1*08:01	0.0	0.16540466	0.27177465	0.19873962
DRB3*01:01	0.0	0.05610493	0.2716521	0.18390381
DQA1*05:01-DQB1*02:01	0.0	0.72312444	0.27261245	0.11020321
DRB1*03:01	0.0	0.2612654	0.27272892	0.18286073
DRB1*04:05	0.0	0.084686644	0.27194718	0.19799611
DRB1*09:01	0.0	0.23932722	0.27188987	0.23962525
DQA1*01:03-DQB1*06:03	0.0	0.28130546	0.27232155	0.06063077
DRB1*04:01	0.0	0.5350701	0.2737649	0.18421862
DRB1*13:01	0.0	0.70250076	0.7279369	0.6969273
DRB1*04:04	0.0	0.47439077	0.72818387	0.68916655
DRB1*15:01	0.0	0.38195512	0.28739104	0.3231955
DRB3*01:01	0.0	0.084686644	0.2718851	0.02209434
DRB1*08:02	0.0	0.29749924	0.43617445	0.45534995
DRB1*01:01	0.0	0.084686644	0.28572524	0.25284266
DRB5*01:01	0.0	0.16709112	0.7228656	0.71974564
DPA1*02:01-DPB1*05:01	0.0	0.2162012	0.27210876	0.2545647
DRB1*03:03	0.0	0.0	0.27864513	0.24638054
DRB1*04:04	0.0	0.42271397	0.27731067	0.31820175
DRB5*01:01	1.0	0.8984626	0.46778077	0.5280119
DQA1*02:01-DQB1*03:03	0.0	0.27197972	0.27211562	0.16763532
DRB3*01:01	0.0	0.084686644	0.27167237	0.13121966
DRB3*02:02	0.0	0.30410713	0.7268955	0.65692663
DRB1*03:01	0.0	0.017882776	0.27266204	0.3091792
DPB1*04:01	0.0	0.084686644	0.27299395	0.17928901
DQA1*02:01-DQB1*04:02	0.0	0.084686644	0.27179453	0.32687056
DRB1*08:01	0.0	0.38535902	0.28272548	0.27472737
DRB1*14:54	0.0	0.4505044	0.31535402	0.42541566
DQA1*02:01-DQB1*04:02	0.0	0.4117485	0.28206366	0.40972516
DRB1*13:02	0.0	0.62158704	0.5843552	0.6027148
DQA1*01:02-DQB1*05:01	0.0	0.38704827	0.2743242	0.21220252
DRB1*01:01	0.0	0.0	0.46420348	0.41826293
DRB3*01:01	0.0	0.19193788	0.2716813	0.19281927
DRB1*04:04	0.0	0.52642614	0.27720433	0.3258792
DRB3*02:02	0.0	0.084686644	0.27439612	0.24317604
DRB3*02:02	0.0	0.21496315	0.2736297	0.26799166
DRB1*01:01	0.0	0.7658273	0.27850798	0.3624408
DQA1*02:01-DQB1*03:01	0.0	0.2948122	0.27342647	0.20809183
DRB1*15:01	0.0	0.58514524	0.2926914	0.3427296
DRB1*04:04	0.0	0.72312444	0.28011408	0.39631608
DQA1*03:03-DQB1*04:02	0.0	0.084686644	0.27177742	0.1743541
DRB1*13:02	0.0	0.0	0.42559108	0.4029639
DRB1*13:02	0.0	0.09979422	0.27533513	0.19712937
DRB3*01:01	0.0	0.084686644	0.27190283	0.17917198
DRB1*15:01	0.0	0.7703366	0.56011873	0.56895685
DQA1*01:02-DQB1*05:01	0.0	0.7437481	0.4283885	0.4420096
DRB1*07:01	0.0	0.34116063	0.40069407	0.47790435
DQA1*02:01-DQB1*03:03	0.0	0.084686644	0.27363247	0.26913425
DQA1*01:01-DQB1*05:01	0.0	0.0	0.27311635	0.063368544
DRB3*02:02	0.0	0.084686644	0.27397442	0.14051595
DRB3*02:02	0.0	0.0	0.27376065	0.123716146
DQA1*02:01-DQB1*04:02	0.0	0.5221266	0.27660838	0.38032594
DQA1*05:01-DQB1*02:01	0.0	0.7871874	0.2728128	0.23769331
DQA1*05:01-DQB1*03:02	0.0	0.31224835	0.27670944	0.37910703
DRB3*02:02	0.0	0.0	0.28649932	0.22824404
DRB1*01:01	0.0	0.0	0.27756053	0.087022334
DRB3*02:02	0.0	0.084686644	0.27358237	0.23028848
DRB1*08:02	0.0	0.084686644	0.27344418	0.24409673
DRB3*03:01	0.0	0.54067326	0.4465057	0.36951318
DQA1*02:01-DQB1*03:01	0.0	0.084686644	0.27326977	0.207825
DRB3*03:01	0.0	0.71020716	0.46480963	0.50020623
DRB1*03:01	0.0	0.02062367	0.2739181	0.32116225
DRB1*11:01	0.0	0.5309355	0.2745443	0.39011124
DRB1*13:01	0.0	0.0	0.28596038	0.30464372
DRB1*09:01	0.0	0.6461442	0.2720055	0.38064662
DRB5*01:01	0.0	0.084686644	0.45783487	0.4936165
DPA1*02:01-DPB1*05:01	0.0	0.0	0.27228028	0.28508994
DRB1*11:01	0.0	0.4728374	0.2762606	0.4227834
DQA1*05:01-DQB1*03:03	0.0	0.084686644	0.27201328	0.18956876
DRB1*03:01	0.0	0.2783663	0.29048264	0.36084345
DQA1*01:02-DQB1*06:02	0.0	0.0	0.27186698	0.075884044
DQA1*05:01-DQB1*03:03	0.0	0.5117087	0.29351336	0.33906773
DRB1*09:01	0.0	0.6953878	0.2855381	0.42253378
DRB1*07:01	1.0	0.87187403	0.27440575	0.27696577
DRB3*03:01	0.0	0.47533548	0.48210135	0.59206665
DRB1*13:01	0.0	0.69887584	0.41065237	0.47573915
DRB1*03:01	0.0	0.0	0.27354905	0.21978137
DQA1*02:01-DQB1*03:03	0.0	0.32034445	0.27172014	0.23765418
DRB1*08:02	0.0	0.051952906	0.27298093	0.13148758
DQA1*01:02-DQB1*05:01	0.0	0.3319953	0.39586452	0.4509627
DQA1*02:01-DQB1*04:02	0.0	0.18197915	0.27182433	0.24949712
DRB1*14:54	0.0	0.4089286	0.28383523	0.40943268
DRB4*01:01	0.0	0.084686644	0.27310944	0.22730401
DQA1*06:01-DQB1*04:02	0.0	0.084686644	0.27180663	0.24757606
DQA1*02:01-DQB1*03:03	0.0	0.66380215	0.35613975	0.40789083
DRB3*01:01	0.0	0.15673774	0.27161255	0.18381965
DRB3*03:01	0.0	0.20988347	0.45145333	0.3623474
DRB1*04:01	0.0	0.0	0.27360618	0.2529283
DRB1*01:01	0.0	0.06949557	0.27930814	0.30013168
DQA1*05:01-DQB1*03:02	0.0	0.39899045	0.27178296	0.23635873
DRB5*01:01	0.0	0.0	0.43413436	0.26653856
DRB3*02:02	0.0	0.0	0.28092375	0.28999063
DPB1*04:01	0.0	0.17171325	0.2730876	0.17442587
DRB1*01:01	0.0	0.12450104	0.27861273	0.24080595
DRB1*11:01	0.0	0.084686644	0.27350816	0.26220065
DQA1*05:01-DQB1*03:02	0.0	0.47533548	0.27180833	0.19458231
DQA1*05:01-DQB1*03:03	0.0	0.55675703	0.2720298	0.20850638
DRB1*11:01	0.0	0.23228814	0.27479315	0.2507468
DRB3*03:01	0.0	0.41367742	0.4504072	0.38629147
DRB1*04:01	0.0	0.0	0.2738297	0.08457285
DQA1*02:01-DQB1*03:01	0.0	0.084686644	0.27310154	0.2874029
DRB1*04:01	0.0	0.29458803	0.2748589	0.32696608
DRB1*09:01	0.0	0.4713097	0.27293724	0.32364848
DRB1*03:01	0.0	0.37464598	0.27387488	0.28622538
DRB1*04:01	1.0	1.0	0.7277315	0.66478884
DRB1*09:01	0.0	0.41017127	0.27202466	0.31818262
DQA1*05:01-DQB1*03:02	0.0	0.36000422	0.60049707	0.60104287
DRB3*01:01	0.0	0.20291784	0.32247436	0.35361406
DPA1*01:03-DPB1*03:01	0.0	0.18099137	0.45396507	0.4570519
DRB1*01:01	1.0	1.0	0.7272661	0.6303692
DRB3*02:02	0.0	0.50492644	0.2740054	0.20794275
DQA1*01:02-DQB1*05:01	0.0	0.084686644	0.2773044	0.27258262
DRB1*01:01	0.0	0.0	0.28969774	0.3403447
DRB1*07:01	0.0	0.38464442	0.27398658	0.22954968
DRB1*07:01	0.0	0.23716104	0.27527803	0.28770098
DRB1*07:01	0.0	0.7871874	0.35556763	0.44917014
DRB1*07:01	0.0	0.42271397	0.2747048	0.25617903
DRB1*07:01	0.0	0.3877818	0.27431348	0.2580861
DQA1*05:01-DQB1*04:02	0.0	0.084686644	0.27241078	0.28250092
DRB1*03:01	0.0	0.738145	0.28428313	0.42021945
DRB1*04:05	0.0	0.37129998	0.2722305	0.26555553
DRB1*01:01	0.0	0.030876337	0.28576335	0.3498586
DRB5*01:01	0.0	0.45754	0.4379001	0.3239118
DQB1*04:02	0.0	0.29749924	0.27240983	0.25439066
DRB5*01:01	1.0	0.85125035	0.46943834	0.5002762
DRB5*01:01	0.0	0.084686644	0.4591233	0.40794447
DRB1*11:01	0.0	0.0	0.2988776	0.37821963
DRB1*07:01	0.0	0.27417955	0.27422106	0.26405993
DRB1*03:01	0.0	0.084686644	0.2800204	0.39884153
DRB4*01:03	0.0	0.5375186	0.30166453	0.43525043
DRB3*03:01	0.0	0.20413825	0.4476401	0.3505316
DQA1*02:01-DQB1*04:02	0.0	0.18863514	0.27160427	0.25633195
DRB1*09:01	0.0	0.2563999	0.2835556	0.41738227
DRB1*01:01	0.0	0.53702366	0.28016794	0.29634535
DPA1*01:03-DPB1*04:01	0.0	0.26833594	0.2761804	0.23768958
DRB1*04:01	0.0	0.07044481	0.28075188	0.35173056
DPB1*02:01	0.0	0.0	0.272825	0.22227678
DRB1*11:01	0.0	0.7969252	0.2747614	0.18888074
DRB1*11:01	0.0	0.4183412	0.2753961	0.2520258
DRB1*04:04	0.0	0.12812595	0.27558804	0.10788113
DRB1*08:01	0.0	0.3087904	0.48240244	0.44225731
DRB1*04:01	0.0	0.31095645	0.31786382	0.4499531
DRB1*14:54	0.0	0.2376676	0.3951603	0.43469182
DRB1*15:01	0.0	0.02062367	0.28342733	0.25033286
DRB4*01:03	0.0	0.38428918	0.28126183	0.36367747
DRB3*01:01	0.0	0.4343417	0.28764164	0.28864917
DPA1*01:03-DPB1*04:01	0.0	0.0	0.27427232	-0.04180616
DRB1*11:01	0.0	0.4067933	0.27512193	0.28851137
DRB3*01:01	0.0	0.084686644	0.27164972	0.22093251
DRB3*01:01	0.0	0.0	0.27165255	0.2128653
DRB1*15:01	0.0	0.19602346	0.286407	0.28984424
DQA1*01:01-DQB1*05:01	0.0	0.15913111	0.27231836	0.14089054
DRB1*04:01	0.0	0.0	0.29315454	0.31387165
DRB1*08:02	0.0	0.084686644	0.5674106	0.49766412
DRB1*01:01	0.0	0.6523129	0.5925991	0.6353017
DRB1*03:01	0.0	0.2858769	0.72799844	0.63661265
DRB1*04:04	0.0	0.0	0.27794254	0.31178132
DPA1*01:03-DPB1*02:01	0.0	0.0	0.27619034	0.2271665
DRB1*07:01	0.0	0.30122402	0.4056448	0.49085918
DRB1*09:01	0.0	0.64817554	0.27214703	0.40188625
DRB5*01:01	0.0	0.084686644	0.4461685	0.4620302
DRB3*02:02	0.0	0.0	0.28608236	0.34133878
DRB5*01:01	0.0	0.084686644	0.43490568	0.23447886
DRB1*07:01	0.0	0.7948938	0.2824317	0.4433048
DRB3*01:01	0.0	0.084686644	0.27160734	0.14980978
DRB1*15:01	0.0	0.3114388	0.2950438	0.34466186
DRB3*01:01	0.0	0.27821615	0.27190036	0.09508675
DQA1*05:01-DQB1*03:02	0.0	0.15943703	0.2721247	0.23526648
DQA1*02:01-DQB1*03:03	0.0	0.54527897	0.2718124	0.10600445
DQA1*02:01-DQB1*03:01	0.0	0.47100717	0.72561896	0.62560546
DRB3*02:02	0.0	0.29749924	0.28259063	0.35749826
DRB1*07:01	0.0	0.5725446	0.4882547	0.5497415
DRB5*01:01	0.0	0.6141892	0.44612604	0.4010227
DQA1*01:02-DQB1*06:02	0.0	0.0	0.2946074	0.32478678
DRB5*01:01	0.0	0.29749924	0.439627	0.408554
DRB1*07:01	0.0	0.39308622	0.27606133	0.26078388
DQA1*03:03-DQB1*04:02	0.0	0.084686644	0.27175316	0.22149727
DRB1*13:02	1.0	0.9509576	0.7270419	0.6510745
DRB5*01:01	0.0	0.6366076	0.7235008	0.7099365
DRB1*07:01	0.0	0.41919935	0.5560909	0.5837413
DRB1*11:01	0.0	0.21948008	0.27481472	0.25700542
DRB1*04:01	1.0	0.8569691	0.7276025	0.5924262
DQA1*02:01-DQB1*04:02	0.0	0.57345515	0.4367276	0.43371513
DRB1*04:05	0.0	0.36475927	0.27252924	0.29598933
DRB1*11:01	0.0	0.084686644	0.27679262	0.2047557
DRB1*11:01	0.0	0.0	0.27362326	0.27326
DRB1*08:01	0.0	0.24955058	0.27207768	0.25335905
DPA1*02:01-DPB1*05:01	0.0	0.0	0.27240196	0.085333675
DRB1*11:01	0.0	0.084686644	0.27413192	0.22893372
DRB4*01:03	0.0	0.6662669	0.7234345	0.6971791
DRB1*13:02	0.0	0.0	0.27915382	0.38094452
DRB1*04:04	0.0	0.7437481	0.27637267	0.3654621
DRB3*03:01	0.0	0.77837855	0.45761883	0.48494098
DQA1*05:01-DQB1*04:02	0.0	0.40455896	0.2721544	0.20091525
DRB4*01:01	0.0	0.41222697	0.2728376	0.18747333
DRB1*01:01	0.0	0.084686644	0.30565244	0.37130508
DRB4*01:01	0.0	0.29281402	0.2731867	0.20792183
DQA1*05:01-DQB1*04:02	0.0	0.2386158	0.27233455	0.24979037
DPA1*02:01-DPB1*01:01	0.0	0.0	0.32530642	0.33628288
DRB1*07:01	0.0	0.5221266	0.27373713	0.35899028
DQA1*01:02-DQB1*05:01	0.0	0.084686644	0.2743559	0.20978728
DQA1*05:01-DQB1*04:02	0.0	0.51554024	0.42972624	0.4489222
DRB1*13:02	0.0	0.084686644	0.35300633	0.33648226
DRB1*15:01	0.0	0.0	0.28465176	0.2127338
DRB1*01:01	0.0	0.273613	0.27716777	0.28777942
DRB1*15:01	1.0	1.0	0.727513	0.69089246
DRB1*13:01	0.0	0.084686644	0.30027372	0.42854223
DRB1*07:01	0.0	0.44306937	0.42507127	0.46526662
DRB1*08:01	0.0	0.0	0.3267343	0.32612154
DRB4*01:01	0.0	0.5387676	0.27860904	0.39704278
DRB1*09:01	0.0	0.36620566	0.27211112	0.22626552
DRB1*13:02	1.0	0.84942013	0.427616	0.43218294
DRB1*11:01	0.0	0.64221066	0.27826053	0.41238436
DQA1*05:01-DQB1*03:03	0.0	0.084686644	0.27386817	0.10418141
DRB5*01:01	0.0	0.74971294	0.4724671	0.518566
DRB1*01:01	0.0	0.6461442	0.31038183	0.43675813
DRB1*13:02	1.0	1.0	0.2762079	0.27697834
DRB1*09:01	0.0	0.44464543	0.27190903	0.32898954
DQA1*02:01-DQB1*03:01	0.0	0.43293062	0.28531492	0.42443028
DPB1*04:02	0.0	0.084686644	0.27172247	0.083927155
DRB1*04:05	0.0	0.0	0.27201915	0.10382667
DRB1*07:01	0.0	0.0	0.5352991	0.6115639
DRB4*01:03	0.0	0.5647295	0.279225	0.42418578
DRB1*09:01	0.0	0.72312444	0.2718745	0.36408672
DRB1*15:01	0.0	0.39269707	0.3013857	0.4379191
DRB4*01:03	0.0	0.6687992	0.28222707	0.36126187
DRB1*04:05	0.0	0.35100552	0.2718687	0.21894792
DRB1*15:01	0.0	0.18431231	0.29550514	0.30699858
DQA1*06:01-DQB1*04:02	0.0	0.084686644	0.27173197	0.19625556
DRB3*01:01	0.0	0.084686644	0.28676227	0.37012783
DQA1*03:01-DQB1*03:02	0.0	0.0	0.30458668	0.3606768
DQA1*03:03-DQB1*04:02	0.0	0.45885473	0.55782455	0.5673704
DRB1*15:01	0.0	0.37202165	0.28400072	0.31131637
DRB1*09:01	0.0	0.36137757	0.27322966	0.32968476
DRB4*01:03	0.0	0.5439395	0.28560022	0.3783498
DQA1*05:01-DQB1*03:02	0.0	0.084686644	0.27185494	0.22935411
DQA1*02:01-DQB1*03:01	0.0	0.7703366	0.722934	0.6797638
DRB1*04:01	0.0	0.45614222	0.27400523	0.29877913
DRB1*13:01	0.0	0.4734556	0.28868195	0.3562741
DRB1*08:01	0.0	0.0	0.29627207	0.06528275
DRB1*14:54	0.0	0.084686644	0.27668127	0.35014376
DQA1*02:01-DQB1*04:02	0.0	0.17018555	0.27202043	0.30087265
DRB5*01:01	0.0	0.4370208	0.44411004	0.38029215
DRB1*07:01	0.0	0.30415678	0.2745435	0.29921415
DRB1*07:01	0.0	0.23620377	0.30625647	0.45403746
DQA1*05:01-DQB1*03:03	0.0	0.084686644	0.2719389	0.20027244
DRB1*14:54	0.0	0.2564888	0.27588066	0.26615685
DRB3*02:02	0.0	0.084686644	0.27365533	0.1823313
DRB1*04:04	0.0	0.14948267	0.28016067	0.2851605
DRB5*01:01	0.0	0.37625712	0.44095865	0.37170103
DQA1*05:01-DQB1*03:01	0.0	0.31295574	0.27382618	0.36983237
DRB3*03:01	0.0	0.549418	0.45315143	0.41211042
DRB1*13:01	0.0	0.084686644	0.29480016	0.34814993
DRB1*04:04	0.0	0.74971294	0.2977654	0.43856022
DRB1*15:01	0.0	0.0	0.28026825	0.41303506
DRB3*01:01	0.0	0.71020716	0.27176824	0.2898628
DQA1*03:03-DQB1*04:02	0.0	0.32818216	0.5261789	0.5188718
DQA1*06:01-DQB1*04:02	0.0	0.31111696	0.6000559	0.5636965
DRB1*07:01	1.0	0.87187403	0.7213306	0.67483306
DQA1*02:01-DQB1*03:01	0.0	0.15243591	0.27292728	0.24863061
DRB3*03:01	0.0	0.31328407	0.47073078	0.48322693
DRB1*15:01	0.0	0.0	0.2886473	0.27012846
DRB1*04:05	0.0	0.0	0.27200466	0.108822405
DQA1*05:01-DQB1*03:03	0.0	0.5205645	0.27192608	0.23179686
DRB1*07:01	0.0	0.640305	0.3489216	0.48119882
DRB1*13:01	0.0	0.598531	0.3152673	0.45526043
DRB1*04:04	0.0	0.48858568	0.2760143	0.28187877
DPA1*02:01-DPB1*05:01	0.0	0.0	0.2761487	0.22206262
DRB1*04:01	0.0	0.20119025	0.27303937	0.2694095
DRB1*07:01	0.0	0.0	0.30838114	0.4002023
DRB1*04:01	0.0	0.0	0.27351665	0.2510452
DRB1*07:01	0.0	0.7919281	0.27406994	0.42967036
DQA1*02:01-DQB1*04:02	0.0	0.22259144	0.271629	0.29875144
DQA1*01:02-DQB1*05:02	0.0	0.0	0.27528173	0.1929073
DRB1*14:54	0.0	0.49619684	0.43132415	0.46826485
DRB1*07:01	0.0	0.65906143	0.27485222	0.29020122
DRB1*03:01	0.0	0.26017898	0.27284575	0.22650328
DQA1*01:01-DQB1*05:01	0.0	0.0	0.27605212	0.21888271
DRB1*04:01	0.0	0.47921395	0.27323234	0.2510209
DRB1*15:01	0.0	0.51360464	0.28034836	0.23505822
DQA1*05:01-DQB1*03:02	0.0	0.084686644	0.27180547	0.22508854
DRB1*11:01	1.0	0.92301977	0.5158878	0.568861
DRB1*07:01	1.0	0.9689021	0.7266552	0.68269324
DRB4*01:01	0.0	0.58514524	0.2836947	0.32782832
DRB3	0.0	0.0	0.27999228	0.25570297
DQA1*05:01-DQB1*04:02	0.0	0.5716429	0.71796256	0.6166959
DRB1*08:02	0.0	0.0	0.2729237	0.079364374
DRB4*01:03	0.0	0.77837855	0.38498142	0.46696416
DRB1*08:01	0.0	0.17163034	0.2717534	0.2004455
DRB1*08:01	0.0	0.29198313	0.27183065	0.09967214
DQA1*05:01-DQB1*03:03	0.0	0.19721805	0.2741459	0.31358698
DRB1*08:01	0.0	0.084686644	0.2718507	0.09511766
DRB3*03:01	0.0	0.48677695	0.47553194	0.5719857
DRB1*14:54	0.0	0.084686644	0.27913636	0.35274556
DRB1*08:01	0.0	0.084686644	0.27199355	0.18316051
DRB1*03:01	0.0	0.054617725	0.27275074	0.11247185
DRB1*04:01	0.0	0.5725446	0.72795236	0.64923084
DRB3*02:02	0.0	0.4478806	0.2734662	0.23196319
DRB1*01:01	0.0	0.0	0.27800196	0.1357646
DQA1*02:01-DQB1*03:01	0.0	0.084686644	0.27310073	0.25745848
DRB1*14:54	1.0	0.87187403	0.72123975	0.7013663
DRB1*08:02	0.0	0.59733844	0.42923805	0.40471557
DRB1*04:01	0.0	0.36620566	0.27476662	0.30026302
DRB1*03:01	0.0	0.464309	0.27268317	0.24309528
DQA1*05:01-DQB1*04:02	0.0	0.084686644	0.2720899	0.2814657
DPA1*01:03-DPB1*02:01	0.0	0.0	0.2758586	0.16619155
DRB3*01:01	0.0	0.0	0.2738108	0.24025476
DRB3*02:02	0.0	0.47161323	0.35952345	0.39664117
DQA1*03:01-DQB1*03:02	0.0	0.0	0.27167827	0.1092093
DRB1*15:01	0.0	0.5459561	0.29021832	0.35149786
DRB1*09:01	0.0	0.0	0.27221975	0.3150359
DRB1*08:02	1.0	1.0	0.7278178	0.65782297
DRB1*03:01	0.0	0.0	0.27309358	0.23217401
DRB4*01:03	0.0	0.7703366	0.7282036	0.71282566
DRB1*01:01	0.0	0.0	0.27839604	0.19595996
DRB1*08:01	0.0	0.27991968	0.27176324	0.14475152
DQA1*05:01-DQB1*03:02	0.0	0.35565513	0.5366535	0.52670527
DQA1*01:02-DQB1*05:01	0.0	0.5117087	0.27724713	0.2855954
DRB1*03:01	0.0	0.28279117	0.58105946	0.59807634
DQA1*02:01-DQB1*03:03	0.0	0.43935007	0.46059465	0.3713093
DQA1*02:01-DQB1*03:01	0.0	0.18333972	0.27309185	0.24986362
DRB1*07:01	0.0	0.45345432	0.3702383	0.49596754
DQA1*03:01-DQB1*03:01	0.0	0.0	0.27653748	0.33795497
DRB3*03:01	0.0	0.47693178	0.501544	0.6430507
DPA1*02:01-DPB1*14:01	0.0	0.23192373	0.28030336	0.39832094
DRB1*08:02	0.0	0.50066656	0.49653068	0.5007341
DRB1*07:01	0.0	0.042343322	0.2765847	0.30459425
DPA1*02:01-DPB1*05:01	0.0	0.0	0.2720773	0.14325061
DRB3*01:01	0.0	0.084686644	0.27174258	0.14426467
DRB1*13:01	1.0	0.85125035	0.31496698	0.3765948
DRB1*04:04	0.0	0.52642614	0.4057583	0.48585644
DRB3*01:01	0.0	0.3286341	0.5703701	0.5935894
DRB1*13:01	0.0	0.36409196	0.28360212	0.32731593
DRB1*08:01	0.0	0.45676005	0.27174193	0.13980997
DRB1*08:01	0.0	0.5473253	0.27231	0.18063888
DQA1*02:01-DQB1*03:03	0.0	0.4190271	0.27216405	0.17252573
DRB3*01:01	0.0	0.0	0.27175584	0.18582475
DRB3*01:01	0.0	0.084686644	0.27181655	0.06006153
DPA1*01:03-DPB1*04:01	0.0	0.0	0.27639717	0.22558677
DRB3*01:01	0.0	0.084686644	0.27317896	0.19453102
DRB3*01:01	0.0	0.3004097	0.27160633	0.20091337
DRB1*11:01	0.0	0.74971294	0.5812951	0.54403806
DRB4*01:01	0.0	0.086856134	0.3919768	0.43078175
DRB1*08:02	0.0	0.2761758	0.27335367	0.30235484
DQA1*02:01-DQB1*04:02	0.0	0.29648814	0.27212346	0.2905639
DRB1*04:04	0.0	0.71431553	0.51922166	0.5809456
DQA1*02:01-DQB1*03:03	0.0	0.29908395	0.2724867	0.12314001
DQA1*02:01-DQB1*03:01	0.0	0.2912028	0.27293533	0.23895392
DQA1*05:01-DQB1*03:03	0.0	0.51505256	0.27707818	0.3342574
DRB1*01:01	0.0	0.0	0.347259	0.43176034
DRB1*08:01	0.0	0.47222328	0.39804897	0.3082962
DQA1*02:01-DQB1*03:01	0.0	0.6714029	0.27416503	0.35699174
DRB1*04:04	0.0	0.7629388	0.7264918	0.69161785
DQA1*01:01-DQB1*05:01	0.0	0.0	0.2727192	0.16631112
DRB1*15:01	0.0	0.084686644	0.28492683	0.24366707
DRB1*04:05	0.0	0.2595332	0.38493925	0.37394902
DQA1*01:02-DQB1*05:01	0.0	0.084686644	0.27448848	0.17724451
DRB1*07:01	0.0	0.33983606	0.34556144	0.48414603
DRB1*04:04	0.0	0.51701903	0.44723463	0.44420484
DRB1*03:01	0.0	0.46487257	0.2726966	0.14652976
DRB1*01:01	0.0	0.084686644	0.37097016	0.38579884
DQA1*05:01-DQB1*03:02	0.0	0.23429516	0.272086	0.17058346
DQA1*01:02-DQB1*05:01	0.0	0.53628623	0.27505708	0.3341376
DQA1*02:01-DQB1*04:02	0.0	0.3888931	0.27188358	0.30160016
DRB1*07:01	0.0	0.44555828	0.27400312	0.31175244
DRB1*13:02	0.0	0.084686644	0.27454582	0.21873432
DRB1*01:01	0.0	0.07602491	0.2788204	0.29212913
DRB1*08:02	0.0	0.5707499	0.5004257	0.48814753
DRB1*11:01	0.0	0.7959039	0.6082763	0.55263937
DRB1*09:01	0.0	0.084686644	0.27183017	0.3960518
DRB1*07:01	1.0	0.9082004	0.40462685	0.49148688
DRB3*02:02	0.0	0.43977994	0.2747408	0.30367476
DRB1*04:04	0.0	0.27533576	0.45382184	0.4891297
DRB1*11:01	0.0	0.084686644	0.27415898	0.16525373
DRB4*01:03	0.0	0.6231404	0.2785293	0.31988403
DQA1*05:01-DQB1*03:02	0.0	0.4089286	0.27210814	0.22783217
DQA1*05:01-DQB1*03:02	0.0	0.6662669	0.27236703	0.26202872
DRB1*01:01	0.0	0.1422204	0.37459597	0.42377177
DQA1*02:01-DQB1*04:02	0.0	0.084686644	0.2719715	0.22607133
DRB1*13:01	0.0	0.640305	0.39543992	0.5262177
DRB1*04:01	0.0	0.084686644	0.27334633	0.2500405
DRB1*11:01	0.0	0.0	0.27446052	0.20603028
DQA1*03:03-DQB1*04:02	0.0	0.084686644	0.3276907	0.2596659
DQA1*02:01-DQB1*03:01	0.0	0.364187	0.2764735	0.34704962
DPA1*01:03-DPB1*02:01	0.0	0.0	0.27523187	0.19058451
DRB1*11:01	0.0	0.23949976	0.27391616	0.22938603
DRB1*07:01	0.0	0.084686644	0.2743913	0.19957021
DPA1*02:01-DPB1*01:01	0.0	0.0	0.27278218	0.22893843
DRB1*15:01	0.0	0.21677825	0.28459775	0.27240324
DRB1*03:01	0.0	0.5614576	0.7265636	0.6481482
DQA1*02:01-DQB1*04:02	0.0	0.084686644	0.27206758	0.22560927
DRB1*08:02	0.0	0.19306554	0.27289295	0.15106788
DRB1*11:01	0.0	0.31584075	0.39798903	0.47910908
DRB1*09:01	0.0	0.58514524	0.27206248	0.31598222
DQA1*05:01-DQB1*04:02	0.0	0.36876768	0.50439537	0.49104896
DRB1*12:01	0.0	0.0	0.2732846	0.24711844
DQA1*06:01-DQB1*04:02	0.0	0.44741145	0.27179685	0.15312639
DRB1*04:01	0.0	0.22255036	0.55835634	0.63066053
DRB1*04:04	0.0	0.48020953	0.31515625	0.38069722
DQA1*06:01-DQB1*04:02	0.0	0.084686644	0.27171785	0.27209035
DRB1*12:01	0.0	0.0	0.27225104	0.13296926
DRB4*01:01	0.0	0.29749924	0.42899475	0.45205417
DQA1*05:01-DQB1*04:02	0.0	0.32274207	0.3388544	0.41490677
DQA1*05:01-DQB1*03:03	0.0	0.26283994	0.2718985	0.25459382
DRB1*03:01	0.0	0.0	0.27680898	0.33515534
DQA1*05:01-DQB1*04:02	0.0	0.60346144	0.272862	0.27637136
DRB1*04:05	0.0	0.51554024	0.65626156	0.5487467
DRB5*01:01	0.0	0.28768757	0.43553808	0.3027936
DRB1*08:02	0.0	0.502347	0.27323836	0.2698289
DRB1*07:01	0.0	0.6887833	0.37535742	0.50127435
DRB1*12:01	0.0	0.0	0.27220452	0.11756283
DPA1*01:03-DPB1*04:01	0.0	0.0	0.2849358	0.20004067
DRB1*03:01	0.0	0.6060289	0.33208144	0.4032983
DRB1*03:01	0.0	0.0	0.2735172	0.1654734
DRB1*13:01	0.0	0.084686644	0.2878893	0.32916263
DRB1*04:01	0.0	0.52719957	0.40275365	0.39194342
DQA1*02:01-DQB1*03:03	0.0	0.084686644	0.31308654	0.35837087
DPA1*03:01-DPB1*04:02	0.0	0.0	0.27248144	0.099267215
DRB1*03:01	0.0	0.38989228	0.27307007	0.17983267
DRB1*09:01	0.0	0.77837855	0.27185044	0.36791518
DQA1*05:01-DQB1*03:03	0.0	0.358651	0.2719931	0.18395755
DRB1*15:01	0.0	0.5303597	0.29194131	0.40470293
DPA1*01:03-DPB1*03:01	0.0	0.06176998	0.27615055	0.19933459
DQA1*01:02-DQB1*05:01	0.0	0.084686644	0.27430326	0.24535164
DRB4*01:03	0.0	0.738145	0.41089717	0.5582615
DRB1*01:01	0.0	0.0	0.41742998	0.22553292
DRB1*07:01	0.0	0.084686644	0.46784163	0.5006807
DPA1*01:03-DPB1*04:01	0.0	0.0	0.2752055	0.11384544
DRB4*01:01	0.0	0.084686644	0.27504292	0.26496878
DRB3*03:01	1.0	0.83439964	0.7255651	0.7561102
DQA1*05:01-DQB1*04:02	0.0	0.22755086	0.27224246	0.21359164
DRB3*01:01	0.0	0.084686644	0.28374612	0.32555223
DQA1*02:01-DQB1*04:02	0.0	0.32805344	0.2715898	0.1824443
DRB1*09:01	0.0	0.45911992	0.27295545	0.33758643
DRB1*03:01	0.0	0.4829181	0.2729623	0.26178572
DRB1*13:01	0.0	0.68565	0.33975148	0.4494641
DRB5*01:01	0.0	0.49269408	0.43926018	0.30225143
DRB4*01:01	0.0	0.3402021	0.3887965	0.4347619
DRB1*14:54	0.0	0.2869838	0.2775132	0.34820965
DRB1*04:04	0.0	0.399268	0.27684435	0.29727322
DRB3*01:01	0.0	0.0	0.2723	0.03344825
DQA1*06:01-DQB1*04:02	0.0	0.50713235	0.29430595	0.36583015
DRB3*02:02	1.0	0.8984626	0.48091322	0.45372775
DQA1*01:03-DQB1*06:03	0.0	0.5002512	0.27186486	0.20736581
DQA1*01:02-DQB1*05:01	0.0	0.7278651	0.30637762	0.41486493
DQA1*01:01-DQB1*05:01	0.0	0.0	0.2733098	0.1712898
DRB4*01:03	0.0	0.15596507	0.27906564	0.28747156
DRB1*11:01	0.0	0.24543503	0.2740486	0.1968374
DPA1*03:01-DPB1*04:02	0.0	0.0	0.2724391	0.19226104
DRB1*04:01	0.0	0.27687556	0.2759072	0.3547943
DRB5*01:01	0.0	0.74971294	0.50118726	0.5909531
DRB5*01:01	0.0	0.084686644	0.44154686	0.36797747
DRB1*08:02	0.0	0.02062367	0.373207	0.4448392
DRB1*11:01	0.0	0.084686644	0.27595806	0.25452128
DRB1*08:01	0.0	0.6662669	0.27520296	0.31404153
DQA1*02:01-DQB1*04:02	0.0	0.30672497	0.27193984	0.2477819
DPA1*02:01-DPB1*05:01	0.0	0.0	0.27194133	0.13269666
DQA1*02:01-DQB1*03:03	0.0	0.5027719	0.27178138	0.26301047
DPA1*01:03-DPB1*04:01	0.0	0.0	0.2768498	0.15052405
DRB1*15:01	0.0	0.0	0.3532274	0.38368216
DQA1*06:01-DQB1*04:02	0.0	0.46687254	0.27177218	0.202959
DRB4*01:03	0.0	0.738145	0.7276971	0.728515
DRB1*09:01	0.0	0.0	0.27197865	0.2130915
DRB1*04:05	0.0	0.25296888	0.27238688	0.2786243
DRB1*09:01	0.0	0.43598118	0.2726995	0.3436438
DRB3*02:02	0.0	0.084686644	0.27377412	0.20977294
DRB1*14:54	0.0	0.36230457	0.2764497	0.34326103
DRB1*11:01	0.0	0.3399823	0.28329173	0.44051424
DRB3*02:02	0.0	0.34929013	0.27362728	0.20150116
DRB5*01:01	1.0	0.8078111	0.4864607	0.5402893
DRB1*15:01	0.0	0.5446068	0.4107434	0.48861727
DQA1*06:01-DQB1*04:02	0.0	0.23598975	0.27201825	0.20537633
DRB3*01:01	0.0	0.27810368	0.27159986	0.15262404
DRB1*15:01	1.0	0.93593705	0.7264646	0.6275606
DRB1*03:01	0.0	0.68261945	0.27285016	0.22940937
DPA1*03:01-DPB1*04:02	0.0	0.0	0.27241868	0.10364756
DRB1*04:05	0.0	0.0	0.27205822	0.19627729
DRB1*04:01	1.0	0.8695919	0.27373952	0.20583376
DRB1*08:01	0.0	0.6263277	0.6025079	0.58129454
DRB1*04:04	0.0	0.26679832	0.2776322	0.24868771
DRB1*01:01	0.0	0.17411399	0.2850532	0.4257938
DRB1*11:01	0.0	0.44042853	0.27523273	0.2639474
DRB4*01:03	0.0	0.084686644	0.27810073	0.3493785
DRB1*03:01	0.0	0.6796851	0.2727676	0.19070497
DRB3*03:01	0.0	0.084686644	0.45336494	0.4095563
DRB1*04:03	0.0	0.68565	0.27255708	0.27283284
DQA1*05:01-DQB1*03:02	0.0	0.32384163	0.5937378	0.59277093
DRB3*01:01	0.0	0.39652932	0.43718866	0.39517716
DRB1*01:01	0.0	0.0	0.27689695	0.19321412
DQA1*01:01-DQB1*05:01	0.0	0.14111838	0.27722	0.25324094
DRB3*01:01	0.0	0.3364644	0.27405182	0.2798991
DRB1*03:01	0.0	0.16475397	0.27275807	0.27364567
DRB1*13:01	0.0	0.1819262	0.48379228	0.48754945
DRB1*15:01	0.0	0.0	0.28278753	0.13608888
DQA1*03:03-DQB1*04:02	0.0	0.42806	0.27168906	0.16956112
DRB1*09:01	0.0	0.69781554	0.2783212	0.41371146
DRB1*09:01	0.0	0.5286533	0.2720414	0.3387253
DQA1*01:02-DQB1*05:01	0.0	0.084686644	0.29351568	0.35592523
DQA1*01:02-DQB1*05:01	0.0	0.50066656	0.27397484	0.30280083
DRB4*01:01	0.0	0.0	0.27341056	0.17728242
DRB1*11:01	0.0	0.45676005	0.27263853	0.38594213
DRB1*03:01	0.0	0.033494737	0.31751695	0.3199729
DQA1*01:02-DQB1*05:01	0.0	0.35670143	0.42573735	0.3806685
DQA1*05:01-DQB1*04:02	0.0	0.084686644	0.27224094	0.1416195
DRB1*01:01	0.0	0.13001579	0.279923	0.26260787
DRB1*13:01	0.0	0.0	0.28488427	0.38208106
DRB3*01:01	0.0	0.0	0.27168214	0.18467858
DRB1*14:54	1.0	0.87187403	0.7280878	0.7079326
DRB1*15:01	0.0	0.22525969	0.28402305	0.2630776
DQA1*05:01-DQB1*03:01	0.0	0.0	0.27167886	0.14984629
DRB5*01:01	0.0	0.084686644	0.43761036	0.33007434
DRB1*15:02	0.0	0.5639006	0.27396205	0.19505796
DRB1*07:01	1.0	0.87661475	0.40976638	0.50914395
DRB1*03:01	0.0	0.0	0.27258822	0.23679164
DQA1*01:02-DQB1*06:02	0.0	0.5791155	0.272074	0.22040108
DRB1*09:01	0.0	0.60096335	0.33207855	0.43358412
DRB1*11:01	0.0	0.084686644	0.27580488	0.3985192
DQA1*05:01-DQB1*03:02	0.0	0.21595226	0.27168757	0.27819997
DRB1*07:01	0.0	0.0	0.27829108	0.30712965
DRB1*08:02	0.0	0.0	0.27297813	0.19231227
DQA1*02:01-DQB1*03:01	0.0	0.56641	0.27339125	0.2664114
DQA1*02:01-DQB1*03:03	0.0	0.31789213	0.28153276	0.29083708
DRB1*04:04	0.0	0.41971812	0.27486032	0.2789839
DQA1*02:01-DQB1*03:03	0.0	0.084686644	0.2718861	0.17960131
DRB1*03:01	0.0	0.20664577	0.7269503	0.612854
DRB1*01:01	1.0	0.83439964	0.37687185	0.43303856
DRB1*03:01	0.0	0.0	0.27338025	0.12592134
DRB1*09:01	0.0	0.6384378	0.2719172	0.35315815
DRB1*13:02	0.0	0.12035125	0.2755439	0.23741844
DQA1*05:01-DQB1*03:01	0.0	0.36946976	0.2727448	0.19942132
DRB1*04:04	0.0	0.41449314	0.6911541	0.6650822
DRB1*04:05	0.0	0.0	0.27193493	0.1588265
DQA1*06:01-DQB1*04:02	0.0	0.31026414	0.27175045	0.2482892
DRB1*11:01	0.0	0.47339362	0.27468044	0.23095709
DRB1*04:04	0.0	0.38103774	0.2982523	0.45011738
DRB5*01:01	1.0	0.87187403	0.45209166	0.4985452
DRB3*01:01	0.0	0.09399922	0.27174938	0.23137966
DRB1*15:01	0.0	0.6060289	0.33705118	0.4199519
DRB1*13:02	0.0	0.6296289	0.5099423	0.565151
DRB1*15:01	0.0	0.5872459	0.324235	0.45162418
DRB1*03:01	0.0	0.6662669	0.27268362	0.2800602
DRB3*02:02	0.0	0.084686644	0.28245988	0.29993108
DRB1*09:01	0.0	0.0	0.27217063	0.24860564
DRB1*04:01	0.0	0.6384378	0.3995883	0.39144376
DRB1*11:01	0.0	0.28138307	0.27500322	0.22279644
DRB1*13:02	0.0	0.53446805	0.40482554	0.44565317
DRB1*11:01	0.0	0.0	0.27369663	0.22781214
DRB3*02:02	0.0	0.0	0.27366564	0.23340541
DRB1*11:01	1.0	0.8476255	0.7281375	0.6368358
DRB1*04:05	0.0	0.28983167	0.43503284	0.40510055
DRB1*03:01	0.0	0.04738489	0.27257106	0.30026907
DRB1*15:01	0.0	0.0	0.28151843	0.14728257
DRB1*04:05	0.0	0.044315923	0.2719023	0.23155162
DQA1*05:01-DQB1*03:03	0.0	0.45806366	0.4919157	0.45679274
DRB1*01:01	0.0	0.0	0.27776015	0.24370426
DRB1*03:01	0.0	0.3674778	0.2728407	0.18938422
DRB1*11:01	0.0	0.084686644	0.27433464	0.24794298
DRB1*04:04	0.0	0.32347366	0.2774971	0.3064581
DPA1*01:03-DPB1*02:01	0.0	0.0	0.27447483	0.20017293
DRB1*14:54	0.0	0.6796851	0.48482642	0.53359175
DQA1*05:01-DQB1*03:03	0.0	0.3879046	0.27214074	0.23222756
DRB1*08:01	0.0	0.5830913	0.6010935	0.58726513
DQA1*06:01-DQB1*04:02	0.0	0.084686644	0.27178982	0.20898852
DRB1*11:01	0.0	0.084686644	0.27523634	0.25845388
DRB3*03:01	0.0	0.3548781	0.4575931	0.45965484
DQA1*06:01-DQB1*04:02	0.0	0.70250076	0.41952258	0.3743663
DRB1*03:01	0.0	0.0	0.27284718	0.15166381
DQA1*02:01-DQB1*04:02	0.0	0.43454504	0.2721121	0.23408931
DRB1*01:01	0.0	0.38396055	0.3011694	0.37618575
DRB1*04:04	0.0	0.7969252	0.30215356	0.43510905
DRB1*13:02	0.0	0.37140274	0.27473098	0.24096426
DRB1*07:01	0.0	0.084686644	0.2743321	0.31390968
DRB1*15:01	0.0	0.47693178	0.28623065	0.29157767
DRB1*01:01	0.0	0.33179417	0.27625147	0.2510158
DRB1*15:01	0.0	0.4514773	0.46994334	0.4011896
DRB1*11:01	0.0	0.6768411	0.27684838	0.30620933
DRB1*07:01	0.0	0.7703366	0.274768	0.33371732
DQA1*05:01-DQB1*04:02	0.0	0.53446805	0.72243774	0.6177428
DRB1*08:01	0.0	0.084686644	0.2719463	0.1926947
DRB1*11:01	0.0	0.7278651	0.71851426	0.68475246
DQA1*06:01-DQB1*04:02	0.0	0.23701683	0.27877668	0.31675878
DRB1*15:01	0.0	0.21837415	0.42366946	0.44125298
DQA1*02:01-DQB1*03:01	0.0	0.4728374	0.27425838	0.3336543
DQA1*06:01-DQB1*04:02	0.0	0.6502526	0.27217385	0.26129586
DRB1*04:05	0.0	0.084686644	0.27188134	0.23925093
DQA1*02:01-DQB1*03:01	0.0	0.41400284	0.7247727	0.6993754
DRB1*09:01	0.0	0.63132477	0.35795003	0.47436562
DRB1*07:01	0.0	0.44262394	0.69765514	0.66023135
DRB3*01:01	0.0	0.30480468	0.2718579	0.19228515
DRB1*03:01	0.0	0.37734705	0.33381826	0.44163862
DQA1*02:01-DQB1*03:01	0.0	0.7629388	0.2737033	0.3093075
DQA1*05:01-DQB1*02:01	0.0	0.5781477	0.30908266	0.38105944
DRB1*03:01	0.0	0.3549641	0.2727658	0.24540564
DQA1*05:01-DQB1*03:02	0.0	0.42488876	0.3065186	0.34451327
DQA1*01:01-DQB1*05:01	0.0	0.0	0.2717928	-0.09956433
DRB1*09:01	0.0	0.77837855	0.34003153	0.46723536
DQA1*05:01-DQB1*04:02	1.0	0.8201525	0.33756185	0.4464592
DRB1*09:01	0.0	0.33000335	0.2972774	0.39531568
DRB1*01:01	0.0	0.29843873	0.27769235	0.25839445
DRB1*09:01	0.0	0.4505044	0.27193192	0.3378869
DQA1*02:01-DQB1*04:02	0.0	0.25498882	0.27175447	0.27692172
DRB3*03:01	0.0	0.77837855	0.72718465	0.78473055
DRB1*03:01	0.0	0.0	0.2734089	0.09063533
DRB1*14:54	0.0	0.576242	0.27541712	0.34164503
DRB1*15:01	0.0	0.084686644	0.28310737	0.19675434
DRB5*01:01	0.0	0.084686644	0.43811372	0.29391748
DRB1*07:01	0.0	0.0	0.2740774	0.17131084
DRB1*11:01	1.0	0.85125035	0.2926108	0.3702396
DRB1*11:01	1.0	1.0	0.72814906	0.66843843
DRB1*03:02	0.0	0.12812595	0.27599096	0.30983633
DRB1*09:01	0.0	0.3905223	0.27291912	0.3579127
DRB3*02:02	0.0	0.34564033	0.30946535	0.287832
DRB1*09:01	0.0	0.24225439	0.27206957	0.30055752
DRB1*08:01	0.0	0.09827758	0.27199346	0.33872858
DRB1*15:01	0.0	0.0	0.29753485	0.35411194
DRB1*11:01	1.0	0.87187403	0.7276538	0.6545907
DQA1*06:01-DQB1*04:02	0.0	0.084686644	0.27170908	0.20378587
DQA1*05:01-DQB1*03:02	0.0	0.38024247	0.59582275	0.56795573
DRB1*13:01	0.0	0.25169328	0.29991725	0.35004428
DRB1*11:01	0.0	0.43577465	0.27604473	0.30153176
DRB3*02:02	0.0	0.0	0.27348888	0.18144512
DRB1*07:01	0.0	0.65906143	0.2750561	0.28687683
DRB3*01:01	0.0	0.7629388	0.27162725	0.16945204
DRB3*03:01	0.0	0.084686644	0.44381362	0.32187352
DRB1*12:01	0.0	0.0	0.2721499	0.21802586
DRB1*15:01	0.0	0.0	0.28946522	0.31070057
DRB1*13:01	0.0	0.47628996	0.2852151	0.2848502
DRB1*11:01	0.0	0.4128688	0.27471155	0.35289255
DRB1*14:54	0.0	0.31074288	0.27611148	0.34089628
DRB4*01:01	0.0	0.0	0.27327555	0.15055731
DQA1*02:01-DQB1*03:01	0.0	0.7629388	0.72485673	0.66092455
DRB5*01:01	0.0	0.7969252	0.43952918	0.40014514
DRB1*11:01	0.0	0.37690952	0.30340955	0.39970925
DRB1*07:01	0.0	0.084686644	0.27403367	0.21769157
DQA1*05:01-DQB1*03:02	0.0	0.16429356	0.27203336	0.18944803
DRB1*03:01	0.0	0.2429945	0.27263612	0.13927445
DRB5*01:01	0.0	0.20578521	0.4448726	0.35874537
DRB1*15:01	0.0	0.4349531	0.28975293	0.2507501
DQA1*05:01-DQB1*02:01	0.0	0.15266705	0.3467543	0.32880726
DQA1*02:01-DQB1*03:01	0.0	0.68261945	0.27416116	0.27178255
DRB4*01:01	0.0	0.084686644	0.27298445	0.20670024
DRB1*11:01	1.0	0.8391403	0.7281222	0.6591033
DRB1*13:01	0.0	0.0	0.2840536	0.22965258
DRB1*04:01	0.0	0.5286533	0.27440986	0.25733885
DRB1*11:01	0.0	0.6200593	0.36519113	0.47050568
DRB1*09:01	0.0	0.32658586	0.27193394	0.20650509
DRB1*15:01	0.0	0.39954638	0.39978343	0.41350088
DQA1*01:03-DQB1*06:03	0.0	0.2996498	0.27225715	0.20091876
DRB1*11:01	0.0	0.0	0.27519605	0.24131009
DQA1*02:01-DQB1*03:01	0.0	0.30994636	0.2729606	0.2326572
DRB1*15:01	0.0	0.46950918	0.4060019	0.4627283
DQA1*05:01-DQB1*03:02	0.0	0.41335312	0.27200758	0.25072291
DRB1*01:01	0.0	0.54400885	0.27878484	0.4051331
DRB1*01:01	0.0	0.6185565	0.29358363	0.337077
DRB1*08:01	0.0	0.084686644	0.2718249	0.21739778
DRB1*07:01	0.0	0.0	0.27697635	0.31657004
DRB1*09:01	0.0	0.41095653	0.569971	0.66043913
DPA1*01:03-DPB1*04:01	0.0	0.0	0.27551222	0.13773847
DRB1*07:01	1.0	0.83439964	0.2753655	0.3681167
DRB4*01:01	0.0	0.084686644	0.27272442	0.26182118
DRB1*07:01	0.0	0.7871874	0.3472579	0.42159125
DPB1*04:01	0.0	0.0	0.27419516	0.11808148
DRB1*01:01	0.0	0.56489617	0.29195836	0.34391853
DRB1*08:02	0.0	0.21006273	0.2747489	0.26299208
DRB3*01:01	0.0	0.32639614	0.4577841	0.32655677
DRB1*08:01	0.0	0.38656247	0.27200595	0.2728276
DRB3*01:01	0.0	0.35556847	0.27167568	0.2257204
DRB1*13:02	0.0	0.20974033	0.36839512	0.34804454
DRB4*01:01	0.0	0.0	0.27227136	0.34906092
DQA1*05:01-DQB1*03:02	0.0	0.55675703	0.3109515	0.39588824
DRB1*08:02	0.0	0.0	0.27274352	0.1540474
DRB1*08:01	0.0	0.3668885	0.2717158	0.23363775
DRB3*03:01	0.0	0.27991968	0.49736017	0.54200196
DRB1*11:01	0.0	0.39308622	0.27378184	0.21595314
DRB1*09:01	0.0	0.6073399	0.27211973	0.30775213
DRB1*09:01	0.0	0.70250076	0.6153644	0.65685415
DQA1*05:01-DQB1*03:02	0.0	0.084686644	0.27170104	0.26039484
DRB1*07:01	0.0	0.0	0.27657956	0.21804851
DRB1*08:01	0.0	0.084686644	0.27349454	0.26824117
DQA1*02:01-DQB1*03:03	0.0	0.4250723	0.27178708	0.24968424
DRB1*01:01	0.0	0.15010895	0.28809488	0.34980044
DRB4*01:01	0.0	0.0	0.2728215	0.26312396
DRB3*02:02	0.0	0.084686644	0.27369756	0.20653853
DRB1*13:01	0.0	0.7278651	0.4187037	0.54850686
DRB1*15:01	0.0	0.31584075	0.39309514	0.49812493
DQA1*02:01-DQB1*04:02	0.0	0.19027175	0.27171803	0.2791228
DRB1*04:05	0.0	0.5210823	0.28124472	0.2564095
DRB3*03:01	0.0	0.51554024	0.45138046	0.34242693
DRB1*11:01	0.0	0.49779728	0.39430335	0.4348869
DQA1*03:03-DQB1*04:02	0.0	0.4370208	0.31604302	0.33652297
DRB1*09:01	0.0	0.084686644	0.27202567	0.32292444
DRB1*08:01	0.0	0.68565	0.59936243	0.62483966
DRB1*03:01	0.0	0.7871874	0.27783695	0.34539828
DQA1*06:01-DQB1*04:02	0.0	0.30858174	0.28389356	0.27692458
DRB1*15:01	0.0	0.0	0.28314018	0.1554093
DRB1*11:01	0.0	0.0	0.27385652	0.21229485
DRB5*01:01	0.0	0.63132477	0.4688311	0.51110816
DRB1*04:01	0.0	0.2158567	0.2754916	0.42134693
DQA1*05:01-DQB1*03:02	0.0	0.36000422	0.27182603	0.18417004
DQA1*02:01-DQB1*03:03	0.0	0.47533548	0.5637206	0.57648313
DRB1*09:01	0.0	0.7703366	0.27189785	0.35445365
DPA1*02:01-DPB1*05:01	0.0	0.0	0.27212754	0.13766769
DQB1*03:01	0.0	0.05108465	0.27252108	0.26883987
DRB1*08:02	0.0	0.7948938	0.7280368	0.6614218
DQA1*05:01-DQB1*03:02	0.0	0.3874143	0.27211466	0.2872372
DRB1*04:01	0.0	0.6296289	0.7280245	0.6378317
DRB1*13:01	1.0	0.93593705	0.7279877	0.7004286
DQB1*06:02	0.0	0.29749924	0.35499114	0.43212238
DQA1*05:01-DQB1*03:03	0.0	0.28354305	0.27177057	0.26850453
DRB1*01:01	0.0	0.0	0.27727535	0.22733942
DRB3*02:02	0.0	0.3587406	0.27516174	0.28325775
DRB1*15:01	0.0	0.6303836	0.28634968	0.32372096
DRB5*01:01	0.0	0.0	0.4415015	0.37089345
DRB1*07:01	0.0	0.0	0.275355	0.2290813
DRB1*01:01	0.0	0.72312444	0.42714638	0.50564563
DRB1*04:04	0.0	0.6441565	0.37951037	0.48234406
DRB1*13:02	0.0	0.63305235	0.28328294	0.38653925
DRB1*03:01	0.0	0.0	0.42980927	0.42080972
DQA1*02:01-DQB1*03:01	0.0	0.4077024	0.27464327	0.31199488
DQA1*05:01-DQB1*03:03	0.0	0.44624886	0.27230558	0.25090355
DRB1*04:03	0.0	0.22275598	0.6309117	0.645844
DQA1*02:01-DQB1*03:03	0.0	0.5606573	0.2717072	0.19087622
DRB3*01:01	0.0	0.0	0.27182916	0.08754045
DRB1*04:05	0.0	0.5791155	0.2718118	0.14050189
DRB1*09:01	0.0	0.62472034	0.3691984	0.48671046
DRB1*15:01	0.0	0.31595352	0.2968425	0.30923507
DRB3*01:01	0.0	0.34273034	0.27171433	0.15627092
DRB1*04:04	0.0	0.6200593	0.27696002	0.29021648
DRB1*03:01	0.0	0.31993118	0.27291027	0.1540626
DPB1*04:02	0.0	0.0	0.2957129	0.2991736
DRB1*15:01	1.0	0.81377596	0.7280979	0.6354724
DRB1*04:04	0.0	0.6127781	0.4538126	0.4691557
DRB4*01:01	0.0	0.28835487	0.27686137	0.25756368
DQA1*03:01-DQB1*03:01	0.0	0.28644916	0.3489387	0.37953743
DRB1*07:01	0.0	0.1788931	0.41761747	0.48236433
DRB1*13:02	1.0	0.8375329	0.2768783	0.2802211
DRB1*13:01	0.0	0.6614014	0.2952848	0.36484668
DRB1*04:04	0.0	0.6441565	0.2925217	0.35434183
DQA1*06:01-DQB1*04:02	0.0	0.084686644	0.27185667	0.20413008
DQA1*01:01-DQB1*05:01	0.0	0.0	0.27305633	0.14239368
DRB1*15:01	0.0	0.5459561	0.28351766	0.3787867
DRB1*04:01	0.0	0.43681195	0.32937548	0.41761193
DQA1*03:03-DQB1*04:02	0.0	0.17511661	0.28974625	0.28372666
DRB1*07:01	0.0	0.084686644	0.27516392	0.2922848
DRB1*11:01	0.0	0.0	0.27263707	0.39653912
DQA1*03:01-DQB1*02:01	0.0	0.23343627	0.27381498	0.15551603
DPA1*02:01-DPB1*01:01	0.0	0.0	0.27270058	0.19284746
DRB1*11:01	0.0	0.32792488	0.2888749	0.327705
DRB1*07:01	0.0	0.13575202	0.47034687	0.50921583
DRB1*11:01	0.0	0.22965597	0.43624148	0.45425227
DRB5*01:01	0.0	0.4893192	0.45926508	0.42736205
DRB3*01:01	0.0	0.49901608	0.30557263	0.34294572
DRB3*01:01	0.0	0.0	0.3012043	0.29470322
DRB1*01:01	0.0	0.71020716	0.27981287	0.30727875
DQA1*02:01-DQB1*03:03	0.0	0.084686644	0.27251473	0.13464221
DRB3*02:02	0.0	0.66380215	0.72777444	0.6656189
DRB1*01:01	0.0	0.0	0.27772307	0.25744447
DRB4*01:01	0.0	0.23376031	0.27532288	0.26117644
DRB1*04:04	1.0	0.8984626	0.7209081	0.67150867
DQA1*05:01-DQB1*03:03	0.0	0.30994636	0.27315673	0.12605575
DQA1*03:01-DQB1*03:02	0.0	0.084806874	0.2721072	0.37487367
DRB1*04:04	0.0	0.46291497	0.27798045	0.36513332
DRB4*01:03	0.0	0.2613904	0.27782565	0.2595593
DRB3*01:01	0.0	0.0	0.27177683	0.008746162
DQA1*02:01-DQB1*03:03	0.0	0.084686644	0.2717483	0.18027478
DRB1*01:01	0.0	0.5707499	0.48958853	0.47791687
DRB1*01:01	0.0	0.0	0.27659145	0.18665329
DRB1*13:02	0.0	0.0	0.2758827	0.27068713
DRB4*01:03	0.0	0.6060289	0.4269095	0.4815201
DRB1*12:01	0.0	0.0	0.27198443	0.18518063
DQA1*02:01-DQB1*04:02	0.0	0.5725446	0.27168503	0.29069403
DRB1*03:01	0.0	0.0	0.27318957	0.15330425
DRB1*07:01	0.0	0.084686644	0.2740608	0.1414468
DQA1*02:01-DQB1*03:01	0.0	0.15350978	0.27320725	0.19075903
DRB1*09:01	0.0	0.6366076	0.27226633	0.34318742
DQA1*02:01-DQB1*03:01	0.0	0.3040575	0.2730458	0.22293076
DRB1*03:01	0.0	0.0	0.3266388	0.30210984
DPB1*14:01	0.0	0.0	0.2747106	0.2526696
DRB1*03:01	0.0	0.084686644	0.27411348	0.2567021
DQA1*03:01-DQB1*03:02	0.0	0.084686644	0.5870089	0.5892421
DQA1*02:01-DQB1*03:01	0.0	0.084686644	0.27322444	0.21921423
DQA1*05:01-DQB1*02:01	0.0	0.0	0.4027791	0.34547994
DRB1*07:01	0.0	0.54527897	0.2748036	0.31788477
DRB1*15:01	0.0	0.0	0.3155771	0.4260129
DRB1*08:01	0.0	0.2456985	0.27180475	0.27069446
DRB4*01:03	0.0	0.56307906	0.31738344	0.42287067
DRB3*01:01	0.0	0.2112546	0.27170798	0.08846709
DRB4*01:03	0.0	0.36036846	0.489557	0.57858086
DQA1*05:01-DQB1*03:02	0.0	0.49739456	0.6036068	0.5922893
DRB4*01:01	0.0	0.0	0.2733636	0.20270428
DRB1*11:01	0.0	0.0	0.27475354	0.3197596
DRB3*02:02	0.0	0.0	0.2742075	0.120343864
DRB4*01:03	0.0	0.4519676	0.2810239	0.38002482
DRB1*04:01	0.0	0.0	0.2736664	0.20479855
DRB1*13:01	0.0	0.69887584	0.46533495	0.54766107
DRB3*03:01	0.0	0.4186835	0.45188242	0.3888755
DRB1*15:01	0.0	0.29749924	0.29423597	0.2868321
DRB1*09:01	0.0	0.5689894	0.5355803	0.630365
DRB1*13:01	0.0	0.5338698	0.2880519	0.31983507
DQA1*05:01-DQB1*03:03	0.0	0.4439667	0.277422	0.28415325
DRB1*11:01	0.0	0.1860394	0.27381414	0.2613166
DRB1*15:01	0.0	0.5387676	0.2846174	0.25970915
DRB1*11:01	0.0	0.0	0.27335542	0.3905532
DRB3*01:01	1.0	0.83439964	0.2716677	0.25271797
DPA1*03:01-DPB1*04:02	0.0	0.0	0.27285492	0.1540944
DRB1*11:01	0.0	0.5058025	0.35155645	0.46457216
DRB1*04:01	0.0	0.42477226	0.2726575	0.33040956
DQA1*03:03-DQB1*04:02	0.0	0.2466799	0.27166575	0.1488466
DRB4*01:03	0.0	0.37690952	0.2831888	0.32894695
DRB1*03:01	0.0	0.0	0.46207932	0.3851405
DRB1*11:01	0.0	0.54527897	0.27407318	0.32853583
DRB1*01:01	0.0	0.51360464	0.2949911	0.34512934
DRB3*03:01	0.0	0.59271634	0.4533848	0.42916724
DQA1*06:01-DQB1*04:02	0.0	0.084686644	0.27376953	0.27054822
DRB3*02:02	0.0	0.084686644	0.27358654	0.21008328
DQA1*05:01-DQB1*03:02	0.0	0.46263868	0.27216744	0.32349333
DQA1*02:01-DQB1*04:02	0.0	0.53939843	0.27161244	0.29333964
DQA1*06:01-DQB1*04:02	0.0	0.084686644	0.27165943	0.13068879
DQA1*01:03-DQB1*06:03	0.0	0.084686644	0.33688813	0.33763078
DRB3*01:01	0.0	0.084686644	0.2716368	0.13950324
DQA1*01:03-DQB1*06:03	0.0	0.084686644	0.27283028	0.057191864
DRB1*07:01	0.0	0.02062367	0.2749219	0.31770644
DQA1*02:01-DQB1*04:02	1.0	0.93593705	0.37796977	0.38494328
DRB3*03:01	0.0	0.44240203	0.45922455	0.47130963
DRB1*07:01	0.0	0.47822896	0.43196726	0.44384667
DRB1*11:01	0.0	0.0	0.2743145	0.18335715
DRB1*11:01	0.0	0.084686644	0.27405027	0.15552425
DRB1*07:01	0.0	0.6768411	0.7280933	0.6567533
DRB1*08:01	0.0	0.58939534	0.271755	0.18847081
DRB1*03:01	0.0	0.0	0.27270362	0.1773198
DRB1*01:01	0.0	0.2671304	0.27775848	0.26435122
DRB1*09:01	1.0	0.87187403	0.50598276	0.5429833
DQA1*01:02-DQB1*05:01	0.0	0.24922109	0.27388066	0.20082709
DRB1*14:54	0.0	0.45780146	0.28486043	0.38725916
DRB3*03:01	0.0	0.19510321	0.45266017	0.42656866
DQA1*01:02-DQB1*05:01	0.0	0.48326233	0.27411178	0.3179067
DRB5*01:01	0.0	0.12753633	0.44932148	0.25771692
DQA1*05:01-DQB1*03:03	0.0	0.23723324	0.2731065	0.17207077
DRB1*11:01	1.0	0.86098814	0.39158362	0.46908823
DRB3*02:02	0.0	0.24268752	0.27524862	0.25579628
DRB3	0.0	0.0	0.4132392	0.36249325
DQA1*01:02-DQB1*05:01	0.0	0.13845713	0.27461252	0.21286365
DQA1*01:02-DQB1*05:01	0.0	0.31812292	0.2757376	0.29121163
DRB1*13:02	0.0	0.7560895	0.7279194	0.6507864
DQA1*06:01-DQB1*04:02	0.0	0.5221266	0.27959505	0.31976897
DRB1*03:01	0.0	0.084686644	0.30452067	0.3830581
DRB1*12:01	0.0	0.3874143	0.7039683	0.59950626
DRB1*03:01	0.0	0.576242	0.27281702	0.2150856
DRB1*14:54	0.0	0.4570193	0.27683833	0.3312833
DRB1*04:04	0.0	0.68261945	0.72767293	0.6947299
DRB1*04:04	1.0	0.8984626	0.29435778	0.3591936
DRB1*04:04	0.0	0.41515097	0.3156891	0.40801015
DRB1*03:01	0.0	0.0	0.2730983	0.2138854
DRB1*03:01	0.0	0.0	0.2731845	0.29541168
DQB1*03:01	0.0	0.06470849	0.27253267	0.16851982
DRB1*03:01	0.0	0.64817554	0.27277094	0.3046243
DRB1*04:01	0.0	0.0	0.48104924	0.4816505
DRB1*13:01	0.0	0.5253324	0.35990664	0.4254472
DRB4*01:03	0.0	0.6502526	0.28037113	0.4120914
DRB1*04:04	0.0	0.2040037	0.37516525	0.42400017
DRB4*01:03	1.0	0.87187403	0.28144717	0.2833747
DRB1*09:01	0.0	0.4128688	0.2749947	0.32047427
DRB1*08:02	0.0	0.21539934	0.27273133	0.2515435
DRB5*01:01	0.0	0.084686644	0.42732105	0.24174598
DRB1*09:01	0.0	0.084686644	0.2720232	0.36807314
DRB1*11:01	0.0	0.0	0.2728733	0.35787007
DRB1*04:01	0.0	0.084686644	0.27352932	0.16974142
DRB1*08:02	0.0	0.69887584	0.3041127	0.40954033
DRB1*09:01	0.0	0.46687254	0.30247733	0.40635315
DRB1*13:02	0.0	0.02062367	0.2957428	0.29917178
DRB1*04:01	0.0	0.0	0.27442297	0.13626313
DRB3*01:01	0.0	0.610019	0.2718701	0.27238736
DRB1*07:01	0.0	0.11898159	0.2771085	0.33619002
DRB1*03:01	0.0	0.0	0.27301246	0.30726597
DRB3*01:01	0.0	0.4871359	0.5778386	0.5673077
DQA1*03:03-DQB1*04:02	0.0	0.3721252	0.2717686	0.18280563
DRB1*11:01	1.0	0.8790795	0.28761235	0.41024187
DRB1*07:01	0.0	0.43892217	0.286464	0.41478148
DQA1*02:01-DQB1*03:01	0.0	0.6662669	0.27373824	0.29416785
DRB4*01:03	0.0	0.4750195	0.27778083	0.28570116
DRB4*01:01	0.0	0.07112866	0.27229083	0.35977307
DRB1*08:01	0.0	0.4448728	0.43919846	0.41755787
DRB1*11:01	0.0	0.49501443	0.38770068	0.41640237
DRB1*08:02	0.0	0.073977545	0.27312168	0.23554191
DQA1*01:03-DQB1*06:03	0.0	0.084686644	0.27204895	0.1848929
DPA1*01:03-DPB1*02:01	1.0	0.87187403	0.2742746	0.30930582
DRB5*01:01	0.0	0.0	0.4411599	0.2737128
DRB1*09:01	0.0	0.0	0.27196047	0.30501375
DRB3*02:02	0.0	0.084686644	0.27334246	0.25033882
DQA1*03:03-DQB1*04:02	0.0	0.25708374	0.27171716	0.1396468
DRB1*14:54	0.0	0.69887584	0.2939118	0.42584148
DRB1*07:01	0.0	0.7871874	0.2773488	0.4338883
DRB4*01:03	0.0	0.60866976	0.28393036	0.346512
DRB1*13:01	0.0	0.3582043	0.28608724	0.32034853
DRB1*03:02	0.0	0.0	0.27536494	0.20804623
DQA1*02:01-DQB1*04:02	0.0	0.2914189	0.27161855	0.2705111
DQA1*02:01-DQB1*02:02	0.0	0.25762248	0.27509513	0.19716322
DQA1*05:01-DQB1*03:01	0.0	0.112809755	0.271873	0.11956927
DRB1*07:01	0.0	0.21331303	0.2743431	0.27440315
DPA1*01:03-DPB1*04:01	0.0	0.0	0.27816686	0.38041833
DRB3*03:01	0.0	0.5432769	0.46114847	0.49179783
DRB1*14:54	0.0	0.3365349	0.27488387	0.2760552
DRB1*04:01	0.0	0.0	0.27397135	0.15548125
DRB1*04:04	0.0	0.5027719	0.27589512	0.34310576
DQA1*06:01-DQB1*04:02	0.0	0.084686644	0.27327204	0.3269758
DRB1*09:01	0.0	0.3644727	0.2753273	0.3404828
DRB1*04:01	0.0	0.084686644	0.38350138	0.37844297
DRB3*02:02	0.0	0.31328407	0.27405158	0.26059002
DRB1*13:01	0.0	0.71861506	0.40372238	0.40128526
DRB5*01:01	0.0	0.084686644	0.43976054	0.34596875
DRB1*07:01	0.0	0.6348129	0.34270307	0.44763592
DRB1*01:01	0.0	0.2602407	0.3225588	0.42839065
DRB5*01:01	0.0	0.60346144	0.72696817	0.74429286
DRB5*01:01	0.0	0.29749924	0.4361868	0.2637205
DRB1*01:01	0.0	0.0	0.27746245	0.21532807
DQA1*02:01-DQB1*04:02	0.0	0.20125547	0.27184364	0.22268951
DRB5*01:01	0.0	0.54663813	0.4376633	0.31229475
DRB1*13:02	0.0	0.0	0.27467105	0.21188265
DRB1*04:04	0.0	0.5350701	0.27687436	0.36547354
DQA1*02:01-DQB1*03:01	0.0	0.2345053	0.72326416	0.67713654
DRB1*10:01	0.0	0.3681701	0.27155432	0.06162639
DRB1*09:01	0.0	0.6461442	0.27331045	0.3956056
DRB1*09:01	0.0	0.45832658	0.2727616	0.38890615
DRB1*04:05	0.0	0.5753037	0.27198386	0.16647759
DRB1*07:01	1.0	0.8201525	0.27481553	0.4081594
DRB1*07:01	0.0	0.0	0.27283788	0.42451802
DRB1*04:04	1.0	1.0	0.7278601	0.6583985
DRB1*11:01	0.0	0.084686644	0.27436167	0.30761132
DRB1*03:01	0.0	0.0	0.72794956	0.62724197
DRB1*08:01	0.0	0.61138827	0.45884308	0.35198018
DQA1*01:01-DQB1*05:01	0.0	0.0	0.2727536	0.11893883
DRB1*14:54	0.0	0.5185219	0.27660644	0.33866623
DRB1*03:01	0.0	0.5002512	0.72630167	0.6519861
DRB1*15:01	0.0	0.05265516	0.33500284	0.33463863
DRB1*11:01	0.0	0.0	0.2745169	0.21688464
DRB1*15:01	0.0	0.3663029	0.28826857	0.31655785
DPA1*02:01-DPB1*01:01	0.0	0.0	0.3107312	0.44404814
DRB3*02:02	0.0	0.51603055	0.3565028	0.38276127
DRB1*09:01	0.0	0.27396435	0.27198842	0.30776504
DRB1*01:01	1.0	0.87187403	0.36372098	0.3984361
DQA1*02:01-DQB1*04:02	0.0	0.4250723	0.27177775	0.2613379
DQA1*05:01-DQB1*03:02	0.0	0.36128536	0.27188888	0.23119733
DRB1*04:01	0.0	0.40537712	0.27338663	0.22205427
DPA1*01:03-DPB1*02:01	0.0	0.68565	0.27587312	0.24455693
DRB1*01:01	0.0	0.5753037	0.43305063	0.43833426
DRB1*11:01	0.0	0.39679956	0.4561777	0.48804727
DRB3*03:01	0.0	0.5707499	0.45344073	0.38989577
DQA1*05:01-DQB1*03:03	0.0	0.48968816	0.2720764	0.24561962
DRB3*02:02	0.0	0.084686644	0.5765031	0.50915074
DRB1*04:04	0.0	0.30395836	0.27653754	0.27259138
DRB3*03:01	0.0	0.084686644	0.44821686	0.3520787
DRB1*09:01	0.0	0.42289326	0.46102095	0.4564351
DQA1*02:01-DQB1*03:03	0.0	0.3366054	0.27167168	0.20874724
DRB3*01:01	0.0	0.084686644	0.27170277	0.24784935
DRB1*04:01	0.0	0.084686644	0.27426216	0.2753505
DRB1*04:04	0.0	0.084686644	0.27560318	0.2612863
DRB1*07:01	0.0	0.24200055	0.27925417	0.336328
DQA1*02:01-DQB1*04:02	0.0	0.38729215	0.27181724	0.27343473
DRB4*01:01	0.0	0.0	0.2733845	0.13766113
DRB1*13:02	0.0	0.0	0.27469814	0.3306072
DQA1*01:03-DQB1*06:03	0.0	0.16955832	0.27190295	0.08142379
DPB1*04:02	0.0	0.17695421	0.32914323	0.36145356
DRB1*01:01	0.0	0.0	0.27841085	0.3598999
DRB1*01:01	0.0	0.0	0.30544648	0.34775737
DRB1*14:54	0.0	0.36916822	0.28078097	0.4228784
DRB1*03:01	0.0	0.4942345	0.27266526	0.05091381
DRB1*13:01	0.0	0.084686644	0.29532248	0.34104154
DRB1*09:01	0.0	0.5480176	0.27243164	0.3263059
DRB1*04:05	0.0	0.0	0.27201468	0.063654006
DRB1*07:01	1.0	0.80220795	0.41515496	0.5262703
DQA1*05:01-DQB1*02:01	0.0	0.0	0.27314514	0.12041691
DRB1*03:01	0.0	0.0	0.27554163	0.23453835
DPA1*01:03-DPB1*04:01	0.0	0.0	0.27584168	0.29868945
DRB1*15:01	0.0	0.3938695	0.301902	0.33619145
DRB4*01:03	0.0	0.084686644	0.27836916	0.38479993
DRB1*12:01	0.0	0.0	0.27197444	0.045494393
DRB5*01:01	0.0	0.18535018	0.4385746	0.39630058
DRB1*03:01	0.0	0.0	0.27811873	0.27827892
DRB1*07:01	0.0	0.5487152	0.29478946	0.36473432
DRB1*09:01	0.0	0.60096335	0.27213472	0.4039336
DQA1*05:01-DQB1*03:03	0.0	0.084686644	0.52939844	0.46528134
DQB1*04:02	0.0	0.29749924	0.27767998	0.31175345
DRB1*11:01	0.0	0.6366076	0.5124512	0.56543624
DRB1*07:01	0.0	0.0	0.27438885	0.2621248
DRB1*13:01	0.0	0.29722238	0.28994012	0.37712374
DRB1*01:01	0.0	0.0	0.2780497	0.23953
DRB4*01:01	0.0	0.68565	0.27324918	0.23903865
DRB1*07:01	0.0	0.29749924	0.27432263	0.32925433
DRB1*08:01	0.0	0.6687992	0.4865407	0.42092547
DRB3*02:02	0.0	0.0	0.27450496	0.25475922
DRB1*14:54	0.0	0.2694209	0.27617356	0.29316232
DRB5*01:01	0.0	0.59616107	0.4718239	0.5297203
DRB1*11:01	0.0	0.36156222	0.27343982	0.33445445
DRB1*08:02	0.0	0.43892217	0.43517303	0.37276414
DRB1*11:01	0.0	0.084686644	0.3076238	0.35839662
DQA1*03:01-DQB1*03:01	0.0	0.04721221	0.27563387	0.048428014
DRB1*04:01	0.0	0.0	0.39632785	0.41878465
DQA1*05:01-DQB1*03:03	0.0	0.084686644	0.32710084	0.4412646
DRB1*13:02	1.0	0.835953	0.27945834	0.375986
DRB3*01:01	0.0	0.41270792	0.57462984	0.5963162
DRB1*16:01	0.0	0.02062367	0.46659067	0.28604126
DRB1*11:01	0.0	0.084686644	0.27419594	0.28164455
DRB1*11:01	0.0	0.33396256	0.2732153	0.38421014
DRB1*15:01	1.0	0.92301977	0.72784764	0.6407155
DPA1*01:03-DPB1*03:01	0.0	0.5872459	0.34160316	0.4219418
DRB1*07:01	0.0	0.37109482	0.27618754	0.3594472
DQA1*02:01-DQB1*03:03	0.0	0.4313439	0.27200234	0.20444182
DRB1*14:54	0.0	0.3266492	0.27686542	0.39267853
DPA1*03:01-DPB1*04:02	0.0	0.0	0.272953	0.20805964
DRB1*03:01	0.0	0.0	0.27612928	0.20349774
DRB1*08:01	0.0	0.084686644	0.2716934	0.1417408
DQA1*05:01-DQB1*03:03	0.0	0.32831106	0.27204114	0.22688514
DRB1*01:01	0.0	0.0	0.2828633	0.30972722
DQA1*02:01-DQB1*03:01	0.0	0.084686644	0.6086662	0.60035634
DRB1*13:01	0.0	0.12871936	0.2937159	0.3361189
DQA1*02:01-DQB1*04:02	0.0	0.24225439	0.27165338	0.25455624
DPA1*01:03-DPB1*02:01	0.0	0.0	0.27515584	0.21097827
DQA1*05:01-DQB1*03:02	0.0	0.2446752	0.2719512	0.2524705
DRB1*07:01	0.0	0.24368893	0.27447072	0.20671901
DRB1*07:01	0.0	0.6231404	0.38726678	0.48219928
DRB1*15:01	0.0	0.473146	0.29297504	0.32669365
DRB1*07:01	0.0	0.084686644	0.2747087	0.29147077
DRB3*03:01	0.0	0.46374887	0.46497893	0.49862358
DRB1*13:02	0.0	0.0	0.2757665	0.15678576
DRB1*09:01	0.0	0.2090811	0.27184942	0.34278986
DRB4*01:03	0.0	0.738145	0.29525122	0.36646917
DRB1*11:01	0.0	0.22136675	0.27435166	0.29242867
DRB5*01:01	1.0	0.93593705	0.7229163	0.72687745
DRB3*02:02	0.0	0.084686644	0.27308625	0.2179012
DQA1*05:01-DQB1*03:02	0.0	0.4190271	0.27619573	0.32203606
DRB1*15:01	1.0	0.85125035	0.7097733	0.63425183
DRB5*01:01	0.0	0.084686644	0.47188514	0.49844518
DRB1*09:01	0.0	0.70250076	0.40160584	0.49883583
DQA1*05:01-DQB1*03:02	0.0	0.43556857	0.27201742	0.18479574
DQA1*05:01-DQB1*03:02	0.0	0.45780146	0.2720577	0.34224853
DRB3*01:01	0.0	0.02062367	0.27161175	0.2084032
DRB1*09:01	0.0	0.40024602	0.5284988	0.62953997
DQB1*03:02	0.0	0.065915085	0.27265593	0.10771865
DRB1*11:01	1.0	0.8531176	0.3831534	0.3905641
DRB3*01:01	0.0	0.62158704	0.3199889	0.3660837
DRB1*07:01	0.0	0.29557845	0.27751952	0.4109768
DQA1*01:02-DQB1*05:01	0.0	0.2564888	0.2740289	0.30413386
DRB1*08:02	0.0	0.54663813	0.46470514	0.50135744
DRB1*01:01	0.0	0.19438869	0.27790225	0.23545483
DQA1*01:02-DQB1*05:01	0.0	0.084686644	0.27443632	0.13379419
DPA1*01:03-DPB1*04:01	0.0	0.0	0.27454263	0.13770321
DPA1*01:03-DPB1*02:01	0.0	0.5487152	0.27399012	0.26479158
DRB1*13:02	0.0	0.03574757	0.2769928	0.25577345
DRB3*01:01	0.0	0.4612694	0.27183145	0.21040693
DRB1*04:04	0.0	0.42844033	0.40633032	0.39517418
DRB1*04:01	0.0	0.0	0.35953632	0.42059413
DRB1*15:01	0.0	0.21284957	0.28158686	0.18054667
DRB1*03:01	0.0	0.0	0.27336705	0.19563785
DRB1*03:01	0.0	0.5439395	0.40364757	0.38744172
DRB3*01:01	0.0	0.5753037	0.27166057	0.20009476
DQA1*01:01-DQB1*05:01	0.0	0.0	0.2722781	0.06530663
DRB1*03:01	0.0	0.023926033	0.7272724	0.63402426
DRB1*01:01	0.0	0.0	0.28372583	0.28685337
DPA1*01:03-DPB1*02:01	0.0	0.0	0.2751958	0.23370335
DRB1*11:01	0.0	0.6185565	0.28793383	0.37635568
DRB1*09:01	0.0	0.55012625	0.27189842	0.27492258
DRB1*04:01	0.0	0.0	0.2734803	0.15229812
DRB1*08:01	0.0	0.5544935	0.60535806	0.6015841
DRB1*04:01	0.0	0.71431553	0.28059074	0.31397215
DQA1*02:01-DQB1*04:02	0.0	0.2371851	0.37105453	0.44149628
DRB4*01:01	0.0	0.0	0.2722799	0.33921698
DQA1*01:02-DQB1*05:01	0.0	0.70250076	0.2983546	0.33057824
DRB1*03:01	0.0	0.3071344	0.27333772	0.29098624
DRB1*15:01	1.0	0.93593705	0.2862583	0.36199144
DRB4*01:01	0.0	0.0	0.2736525	0.1820229
DRB3*03:01	0.0	0.47628996	0.47562167	0.54991543
DRB1*01:01	0.0	0.43428078	0.7153879	0.61487734
DRB1*12:01	0.0	0.38334846	0.27571803	0.36964157
DQA1*01:03-DQB1*06:03	0.0	0.084686644	0.27171385	0.1739164
DRB1*04:01	0.0	0.0	0.27374822	0.32345605
DQA1*02:01-DQB1*03:01	1.0	0.8201525	0.5591842	0.6240158
DRB3*01:01	0.0	0.0	0.2717038	0.2020747
DRB1*11:01	1.0	0.8078111	0.2836397	0.35396168
DRB1*08:01	0.0	0.3902698	0.27313587	0.2847219
DQA1*01:03-DQB1*06:03	0.0	0.084686644	0.2721614	0.09695944
DRB1*14:54	0.0	0.7278651	0.28014228	0.43695942
DRB1*03:01	0.0	0.0	0.27303353	0.2349061
DRB1*03:01	0.0	0.0	0.38685697	0.38991013
DQA1*06:01-DQB1*04:02	0.0	0.58939534	0.37044033	0.42959902
DRB1*07:01	0.0	0.77837855	0.27416477	0.41080645
DRB1*03:01	0.0	0.16250665	0.2726667	0.23423854
DRB3*01:01	0.0	0.6441565	0.27275693	0.21629128
DRB1*11:01	0.0	0.0	0.27372608	0.24973828
DRB1*12:01	0.0	0.0	0.27217963	0.020046592
DQA1*02:01-DQB1*03:01	0.0	0.084686644	0.6699976	0.6467302
DRB1*04:01	1.0	1.0	0.72785366	0.6010159
DRB3*02:02	0.0	0.0	0.27352944	0.19292858
DQA1*02:01-DQB1*03:03	0.0	0.4871359	0.27570748	0.27587435
DQA1*05:01-DQB1*04:02	0.0	0.46045747	0.7164101	0.6360203
DRB1*13:01	1.0	0.85125035	0.4708877	0.48520514
DRB1*03:01	0.0	0.44351694	0.27279124	0.2680206
DQA1*05:01-DQB1*03:01	0.0	0.0	0.27226475	0.11199847
DQA1*02:01-DQB1*03:01	0.0	0.084686644	0.2727588	0.39839843
DQA1*06:01-DQB1*04:02	0.0	0.23090646	0.27397946	0.2919094
DRB1*04:05	0.0	0.3037109	0.27329496	0.25008145
DRB1*09:01	0.0	0.33939874	0.27195296	0.26652345
DRB1*03:01	1.0	0.85125035	0.45619696	0.44213644
DRB1*04:01	0.0	0.0	0.27682295	0.28635582
DRB4*01:03	0.0	0.59271634	0.28249243	0.3016989
DRB1*11:01	0.0	0.0	0.2744904	0.17612478
DQA1*05:01-DQB1*04:02	0.0	0.084686644	0.27208686	0.13046172
DRB3*02:02	0.0	0.0	0.27520204	0.23450282
DRB1*01:01	0.0	0.39312524	0.27881706	0.2555382
DPA1*01:03-DPB1*04:01	0.0	0.0	0.27467293	0.071282536
DRB1*14:54	0.0	0.7969252	0.7280687	0.7208692
DRB1*11:01	0.0	0.35368222	0.27423844	0.21175125
DRB4*01:03	0.0	0.51505256	0.28741303	0.38136247
DRB1*13:01	0.0	0.77837855	0.4221665	0.5069518
DRB1*01:01	0.0	0.5075799	0.2785627	0.39040753
DRB4*01:03	0.0	0.084686644	0.2794441	0.28025222
DRB1*14:54	0.0	0.28486368	0.27477807	0.35402718
DRB3*01:01	0.0	0.0	0.2717305	0.14429939
DRB5*01:01	0.0	0.0	0.43732262	0.364234
DQA1*05:01-DQB1*03:03	0.0	0.3814953	0.2718192	0.25801882
DRB3*01:01	0.0	0.0	0.27173197	0.25112447
DRB1*13:01	0.0	0.61138827	0.4506722	0.51093113
DRB5*01:01	0.0	0.41384	0.43619904	0.2741888
DQA1*02:01-DQB1*03:01	0.0	0.084686644	0.27367473	0.2526178
DQA1*06:01-DQB1*04:02	0.0	0.7969252	0.27448526	0.34369776
DRB1*03:01	0.0	0.07978204	0.2737871	0.29907653
DRB1*04:04	0.0	0.3329398	0.27951747	0.33154473
DRB1*04:04	0.0	0.4114309	0.27554718	0.2889016
DRB1*03:01	0.0	0.084686644	0.2736331	0.24793354
DRB5*01:01	0.0	0.32147557	0.4522855	0.48375025
DRB1*13:01	0.0	0.3560026	0.36920786	0.424853
DRB1*14:54	0.0	0.19072185	0.2754487	0.32856867
DPA1*01:03-DPB1*04:01	1.0	0.9456748	0.27415106	0.21541774
DQA1*02:01-DQB1*03:03	0.0	0.3994071	0.2718556	0.24402785
DRB1*01:01	0.0	0.33153382	0.27834928	0.3057003
DRB1*08:01	0.0	0.5292186	0.41255546	0.35179797
DRB1*04:04	0.0	0.32786068	0.37118936	0.4707577
DQA1*02:01-DQB1*03:03	0.0	0.4680351	0.2718894	0.16933167
DRB1*07:01	0.0	0.1639552	0.36151537	0.4765512
DRB1*03:01	0.0	0.42235643	0.27287394	0.20693877
DRB5*01:01	0.0	0.23754674	0.43520853	0.27557376
DRB3*02:02	0.0	0.56641	0.27412194	0.2651086
DRB5*01:01	1.0	1.0	0.5076683	0.5917225
DRB1*03:01	0.0	0.6441565	0.27697077	0.38132772
DQA1*02:01-DQB1*04:02	0.0	0.5707499	0.27172947	0.2876374
DRB1*03:01	0.0	0.02062367	0.27349854	0.20840982
DRB1*01:01	0.0	0.4020903	0.46078533	0.4248586
DRB1*09:01	0.0	0.42217818	0.27312797	0.3401551
DRB1*01:01	0.0	0.71431553	0.27801913	0.29834345
DRB1*07:01	0.0	0.5446068	0.27423283	0.30473334
DRB1*11:01	0.0	0.048085097	0.2851519	0.4274861
DRB1*11:01	0.0	0.71431553	0.36321333	0.41680738
DRB1*11:01	1.0	1.0	0.72807336	0.62330544
DRB1*13:01	0.0	0.0	0.29674855	0.3226752
DQA1*02:01-DQB1*03:03	0.0	0.084686644	0.27189255	0.22262827
DQA1*05:01-DQB1*03:01	0.0	0.0	0.27225456	0.20485327
DRB3*02:02	0.0	0.31731772	0.2743839	0.23853391
DQA1*02:01-DQB1*03:03	0.0	0.36679062	0.44751063	0.36888066
DRB1*03:01	0.0	0.38523954	0.29238614	0.39622834
DQA1*01:03-DQB1*06:03	0.0	0.6263277	0.39010692	0.30246857
DRB1*01:01	1.0	1.0	0.72703826	0.63241076
DRB1*14:54	0.0	0.7629388	0.44888738	0.531728
DRB1*04:01	0.0	0.084686644	0.27330267	0.27411625
DRB1*04:04	0.0	0.26948914	0.3034457	0.3359377
DRB1*12:01	0.0	0.0	0.27325904	0.23671785
DQA1*05:01-DQB1*02:01	0.0	0.0	0.27300838	0.12618816
DPA1*02:01-DPB1*01:01	0.0	0.0	0.27252948	0.09548712
DRB1*01:01	0.0	0.6662669	0.27813277	0.28873196
DQA1*02:01-DQB1*03:01	0.0	0.084686644	0.27295735	0.21822134
DRB1*04:04	0.0	0.2223657	0.27520952	0.3111041
DRB1*03:01	0.0	0.13739662	0.35742977	0.38892677
DRB1*07:01	0.0	0.084686644	0.27465165	0.19610634
DQB1*04:02	0.0	0.0	0.27249688	0.111177176
DRB1*11:01	0.0	0.035883736	0.38591754	0.4760926
DQA1*05:01-DQB1*03:03	0.0	0.26867363	0.2721099	0.22536269
DQB1*05:01	0.0	0.0	0.27380475	0.27536222
DRB1*08:01	0.0	0.41614658	0.27184266	0.21869239
DRB1*03:01	0.0	0.7278651	0.59606	0.59361506
DRB4*01:03	0.0	0.084686644	0.28056976	0.32876366
DRB1*04:01	0.0	0.7871874	0.67013353	0.55753946
DRB1*15:01	0.0	0.2998866	0.5343429	0.5105531
DRB1*15:02	0.0	0.0	0.30406347	0.18223861
DRB1*07:01	0.0	0.0	0.27668107	0.3139076
DRB1*04:04	0.0	0.084686644	0.27613056	0.20551148
DRB1*13:01	0.0	0.33423725	0.2872609	0.31970575
DRB1*03:01	0.0	0.3105298	0.27296135	0.2018669
DRB1*07:01	0.0	0.3077519	0.35219467	0.454237
DQA1*02:01-DQB1*03:03	0.0	0.084686644	0.27178955	0.222002
DRB1*09:01	0.0	0.32850474	0.27811554	0.45289257
DQA1*01:03-DQB1*06:03	0.0	0.5093922	0.27179334	0.2140539
DRB5*01:01	0.0	0.61707765	0.4591091	0.4457294
DRB1*07:01	0.0	0.18344729	0.39895985	0.4884347
DRB3*01:01	0.0	0.0	0.2717951	0.2441136
DRB1*04:04	0.0	0.2560451	0.28311738	0.36668292
DRB1*13:01	0.0	0.47040507	0.284573	0.26499662
DRB1*01:01	0.0	0.086941324	0.3279876	0.41110477
DRB1*08:01	0.0	0.53446805	0.27178076	0.22784296
DRB1*13:02	0.0	0.0	0.27585194	0.12499136
DRB1*07:01	0.0	0.02062367	0.2759455	0.28217754
DQA1*02:01-DQB1*04:02	0.0	0.43474886	0.5669321	0.62222636
DQA1*02:01-DQB1*03:01	0.0	0.084686644	0.2738991	0.27643695
DRB3*02:02	0.0	0.45965263	0.2744077	0.30413675
DRB1*03:01	0.0	0.5689894	0.27263317	0.28919825
DRB1*09:01	0.0	0.674082	0.6320013	0.69395447
DRB1*13:02	0.0	0.0	0.27406198	0.38234726
DRB1*04:04	0.0	0.17147657	0.2761241	0.35286477
DRB1*07:01	0.0	0.11965376	0.2734882	0.2953152
DRB4*01:03	0.0	0.5841126	0.49523515	0.607041
DQA1*05:01-DQB1*04:02	0.0	0.27065688	0.27247092	0.25562093
DRB1*07:01	0.0	0.25377157	0.41754043	0.5201391
DRB1*07:01	0.0	0.7871874	0.6387934	0.6799774
DQA1*01:02-DQB1*05:01	0.0	0.35462055	0.27817222	0.27923384
DRB5*01:01	0.0	0.54067326	0.47937012	0.54486656
DRB1*15:01	0.0	0.45370445	0.30730838	0.31559592
DRB4*01:01	0.0	0.0	0.2731043	0.21386567
DQA1*01:02-DQB1*05:01	0.0	0.3241494	0.27505803	0.2642406
DQA1*03:03-DQB1*04:02	0.0	0.45295608	0.27178493	0.1653601
DQA1*02:01-DQB1*03:03	0.0	0.34486562	0.27286094	0.3473852
DRB1*03:01	0.0	0.43723017	0.27282727	0.1881859
DRB1*09:01	0.0	0.0	0.2720712	0.23857602
DQA1*06:01-DQB1*04:02	0.0	0.3628653	0.2718031	0.19684407
DQA1*05:01-DQB1*03:03	0.0	0.084686644	0.27277166	0.22914273
DRB1*11:01	1.0	1.0	0.72804064	0.6576451
DRB1*07:01	0.0	0.0	0.2750665	0.1641976
DRB5*01:01	0.0	0.47628996	0.44116724	0.33776525
DRB1*11:01	0.0	0.46045747	0.2771104	0.3424867
DRB1*13:02	0.0	0.41548166	0.3883094	0.38267604
DQA1*02:01-DQB1*03:03	0.0	0.1685452	0.2730438	0.10711196
DRB1*03:01	0.0	0.27190962	0.27288648	0.23346892
DRB1*03:01	0.0	0.31691775	0.27274975	0.2224712
DRB1*09:01	0.0	0.7278651	0.2767364	0.4374248
DRB1*13:02	0.0	0.0	0.2759345	0.16207221
DRB1*15:01	0.0	0.32645935	0.29943463	0.4111074
DRB1*15:01	0.0	0.116236664	0.28207326	0.16705778
DRB1*11:01	0.0	0.084686644	0.27484784	0.3618541
DQB1*03:02	0.0	0.5350701	0.27250254	0.20484814
DRB1*09:01	0.0	0.0	0.27253413	0.24880317
DRB1*04:01	0.0	0.0	0.27351546	0.1061708
DRB1*07:01	0.0	0.4417395	0.2755409	0.26808906
DRB1*13:01	0.0	0.24606861	0.35953906	0.46857503
DRB1*04:05	0.0	0.15076785	0.2974085	0.3457686
DRB1*03:01	0.0	0.084686644	0.27296337	0.38088146
DRB1*04:01	0.0	0.36156222	0.35438964	0.42990974
DRB3*02:02	0.0	0.084686644	0.27782536	0.22255322
DQA1*05:01-DQB1*02:01	0.0	0.37058392	0.27268723	0.23263219
DPA1*02:01-DPB1*05:01	0.0	0.70588934	0.658041	0.537946
DRB1*13:01	0.0	0.71020716	0.28641227	0.36240628
DRB1*15:01	0.0	0.02062367	0.305241	0.32476106
DRB1*07:01	0.0	0.29749924	0.27401376	0.13958472
DQA1*05:01-DQB1*03:03	0.0	0.55155915	0.2764421	0.31444126
DRB1*13:01	0.0	0.0	0.2833939	0.32696685
DRB5*01:01	0.0	0.39064884	0.72366965	0.71530676
DRB1*04:01	0.0	0.68565	0.27518627	0.30905443
DRB4*01:03	0.0	0.084686644	0.30329686	0.369877
DRB5*01:01	0.0	0.27537212	0.43521458	0.38478044
DRB4*01:03	0.0	0.7871874	0.2801268	0.30529472
DRB1*03:01	0.0	0.63132477	0.47399715	0.42105576
DRB1*13:01	0.0	0.7871874	0.5191456	0.61413884
DRB1*13:02	1.0	0.8842155	0.27702528	0.28748256
DRB3*02:02	0.0	0.59616107	0.72756606	0.62865067
DRB1*07:01	0.0	0.39077553	0.27596343	0.34406725
DRB1*03:01	0.0	0.7437481	0.27258456	0.23247656
DPA1*01:03-DPB1*04:01	0.0	0.0	0.2747028	0.028334066
DRB1*11:01	0.0	0.0	0.2743968	0.2057701
DRB3*01:01	0.0	0.31634933	0.27206758	0.10164353
DRB5*01:01	1.0	1.0	0.49540618	0.6236037
DQA1*01:02-DQB1*06:02	0.0	0.31910065	0.27182528	0.24161306
DRB1*07:01	0.0	0.0	0.27466762	0.29262862
DRB1*08:01	0.0	0.084686644	0.27200317	0.18349358
DQA1*01:03-DQB1*06:03	0.0	0.084686644	0.28177503	0.3175854
DRB5*01:01	0.0	0.6461442	0.44699016	0.38717857
DRB4*01:01	0.0	0.084686644	0.38706753	0.37658152
DRB1*04:04	0.0	0.22765933	0.49780703	0.5575093
DQA1*05:01-DQB1*03:02	0.0	0.3551364	0.27214193	0.2531388
DRB1*08:01	0.0	0.084686644	0.27171183	0.17015323
DRB1*11:01	0.0	0.5707499	0.28170133	0.31141835
DRB1*04:04	0.0	0.60096335	0.72797537	0.6684836
DQA1*01:02-DQB1*05:01	0.0	0.5614576	0.72690123	0.6491326
DRB1*07:01	0.0	0.62158704	0.4975152	0.5622829
DRB1*04:01	1.0	1.0	0.7280457	0.5689572
DRB1*04:04	0.0	0.18914884	0.27588084	0.20208731
DQA1*06:01-DQB1*04:02	0.0	0.5084816	0.31013677	0.3412979
DRB1*11:01	0.0	0.10516025	0.29219267	0.40594247
DRB1*08:01	0.0	0.5066869	0.38344672	0.42082772
DRB5*01:01	0.0	0.6296289	0.44588995	0.44651297
DRB1*03:01	0.0	0.3550502	0.2732168	0.29247484
DRB1*10:01	0.0	0.19970265	0.27171913	0.06631319
DRB1*04:04	0.0	0.56556594	0.27792978	0.31521755
DQA1*01:01-DQB1*05:01	0.0	0.0	0.27229047	0.018822089
DRB3*01:01	0.0	0.38241723	0.27327716	0.3204748
DRB5*01:01	0.0	0.3084776	0.44141838	0.3296435
DRB1*03:01	0.0	0.0	0.480252	0.47411838
DRB5*01:01	0.0	0.37767655	0.45133132	0.44781712
DRB3*01:01	0.0	0.053843275	0.27176958	0.3211317
DRB1*08:01	0.0	0.45780146	0.27175552	0.16356066
DRB1*15:01	0.0	0.0	0.28614375	0.30119917
DRB1*04:04	0.0	0.48121598	0.27725965	0.33841446
DRB3*03:01	0.0	0.084686644	0.45097163	0.5037315
DQA1*01:02-DQB1*05:01	0.0	0.084686644	0.27426684	0.12483817
DRB1*01:01	0.0	0.0	0.27842823	0.27252802
DRB4*01:03	0.0	0.4874962	0.39632782	0.48610726
DRB1*11:01	0.0	0.54196596	0.2736361	0.25194886
DRB1*13:01	0.0	0.39153937	0.28229645	0.35591105
DRB1*07:01	0.0	0.38500103	0.4333451	0.51447666
DRB3*03:01	0.0	0.2678317	0.4456728	0.34265158
DQA1*02:01-DQB1*03:03	0.0	0.5242514	0.27165723	0.15827996
DPB1*04:01	0.0	0.0	0.27584022	0.21720484
DRB1*03:01	0.0	0.0	0.272562	0.14831254
DQA1*05:01-DQB1*03:02	0.0	0.3561768	0.39232913	0.31510317
DRB1*15:01	0.0	0.084686644	0.28687543	0.21385166
DQA1*02:01-DQB1*03:03	0.0	0.37778664	0.27469477	0.32528713
DRB1*08:01	0.0	0.084686644	0.28988415	0.27869263
DQA1*05:01-DQB1*04:02	0.0	0.64221066	0.272468	0.24858192
DRB1*11:01	0.0	0.023336442	0.27479532	0.20926201
DRB1*04:05	0.0	0.17944542	0.36708745	0.38708857
DRB1*13:02	0.0	0.084686644	0.27506158	0.1930657
DRB1*03:01	0.0	0.0	0.27295017	0.18775108
DPA1*01:03-DPB1*02:01	0.0	0.0	0.27821606	0.25984612
DRB1*04:04	0.0	0.5530147	0.27726611	0.37507752
DQA1*06:01-DQB1*04:02	0.0	0.31499925	0.27537346	0.24514851
DRB3*02:02	0.0	0.0	0.40034947	0.35856596
DRB1*09:01	0.0	0.0	0.27188537	0.270489
DRB1*09:01	0.0	0.27832875	0.2723694	0.32150003
DPA1*01:03-DPB1*04:01	0.0	0.0	0.3519358	0.330471
DRB1*04:01	0.0	0.3202262	0.27297413	0.26580122
DRB1*09:01	0.0	0.5830913	0.35281038	0.51189363
DRB1*04:01	0.0	0.0	0.27379188	0.17670259
DRB3*01:01	0.0	0.18487076	0.27174112	0.29053307
DRB1*03:01	0.0	0.084686644	0.27342772	0.17690346
DRB1*11:01	0.0	0.5647295	0.27451766	0.21207377
DPB1*03:01	0.0	0.29749924	0.27252084	0.30833915
DRB3*02:02	0.0	0.5830913	0.27454445	0.26847437
DRB1*04:01	1.0	0.82989025	0.7280594	0.6227561
DRB1*03:01	0.0	0.6953878	0.28765985	0.376112
DQA1*01:01-DQB1*05:01	0.0	0.0	0.27216563	-0.03453076
DQA1*05:01-DQB1*03:02	0.0	0.41531616	0.27206704	0.13315454
DRB4*01:01	0.0	0.084686644	0.2732023	0.22073916
DQA1*02:01-DQB1*03:03	0.0	0.24134381	0.27170205	0.142355
DRB1*09:01	0.0	0.64817554	0.2728959	0.32758945
DRB1*07:01	0.0	0.60866976	0.288459	0.44019845
DQA1*05:01-DQB1*03:02	0.0	0.42525622	0.27175876	0.30133998
DRB1*04:04	0.0	0.4410817	0.2757152	0.3198885
DRB1*09:01	0.0	0.6662669	0.27218753	0.32187885
DRB1*11:01	0.0	0.084686644	0.2745242	0.31992123
DQA1*05:01-DQB1*03:03	0.0	0.57345515	0.27218738	0.31903937
DRB1*08:01	0.0	0.396935	0.27170345	0.28186303
DRB1*04:01	1.0	0.8868946	0.7280284	0.6179315
DRB1*04:04	0.0	0.5997392	0.32933518	0.3855519
DRB1*15:02	0.0	0.1862333	0.27430904	0.18734509
DQA1*05:01-DQB1*03:01	0.0	0.0	0.2720847	0.36424688
DQA1*05:01-DQB1*04:02	0.0	0.25789303	0.27229208	0.25419095
DRB1*01:01	0.0	0.0	0.27665576	0.2706046
DQA1*01:02-DQB1*05:01	0.0	0.7278651	0.35478675	0.420746
DPA1*01:03-DPB1*04:01	0.0	0.0	0.27786785	0.34179398
DRB1*14:54	0.0	0.21165533	0.27539206	0.33240983
DRB3*02:02	0.0	0.21859033	0.2748902	0.29610184
DRB1*08:02	0.0	0.69202656	0.3868676	0.4612361
DRB1*01:01	0.0	0.44780198	0.3341992	0.40618792
DRB3*02:02	0.0	0.38276535	0.27429572	0.1809127
DRB5*01:01	0.0	0.084686644	0.44686976	0.37955478
DRB1*11:01	0.0	0.49501443	0.38826483	0.4463245
DRB1*14:54	0.0	0.52004963	0.28055102	0.39160433
DQA1*03:03-DQB1*04:02	0.0	0.084686644	0.58837295	0.53149724
DRB1*08:01	0.0	0.52697796	0.27239332	0.30496332
DRB1*03:02	0.0	0.0	0.27430135	0.31837952
DQA1*01:01-DQB1*05:01	0.0	0.0	0.2727838	0.24453607
DQA1*05:01-DQB1*04:02	0.0	0.45320487	0.5615219	0.61881137
DRB3*03:01	0.0	0.3371006	0.44193584	0.26795802
DRB1*01:01	0.0	0.0067553376	0.29627642	0.34119275
DQA1*02:01-DQB1*04:02	0.0	0.084686644	0.27210936	0.21729454
DQA1*01:02-DQB1*05:01	0.0	0.64817554	0.28869474	0.36244413
DQA1*03:03-DQB1*04:02	0.0	0.29382992	0.27165437	0.1746476
DPB1*04:01	0.0	0.084686644	0.2729671	0.035015315
DRB3*02:02	0.0	0.084686644	0.48736945	0.5131959
DRB5*01:01	0.0	0.58514524	0.44299126	0.37447783
DRB1*04:01	0.0	0.47070563	0.352547	0.3974187
DQA1*05:01-DQB1*04:02	0.0	0.59616107	0.2852845	0.38425282
DRB1*03:01	0.0	0.084686644	0.27272677	0.36493883
DQA1*05:01-DQB1*03:03	0.0	0.084686644	0.27268186	0.22603801
DQA1*05:01-DQB1*04:02	0.0	0.084686644	0.27351665	0.30156222
DRB1*04:01	0.0	0.6502526	0.273465	0.16432568
DRB1*04:05	0.0	0.0	0.27200556	0.032215312
DRB1*04:01	0.0	0.72312444	0.72764504	0.618415
DRB1*11:01	0.0	0.084686644	0.2749371	0.2249017
DRB1*03:01	0.0	0.374966	0.27319217	0.20741329
DRB1*15:01	0.0	0.3087904	0.29374698	0.42214283
DRB1*01:01	0.0	0.50985086	0.61240774	0.6422999
DQA1*05:01-DQB1*03:02	0.0	0.40353444	0.2719254	0.26131698
DRB1*07:01	0.0	0.1975152	0.275586	0.32992393
DRB1*04:04	0.0	0.084686644	0.27977186	0.22945854
DRB3*03:01	0.0	0.5185219	0.45081845	0.43435308
DRB1*04:01	0.0	0.3298065	0.27318484	0.11542708
DRB1*03:01	0.0	0.59048915	0.7276395	0.65747905
DRB1*09:01	0.0	0.4276812	0.3160338	0.4794794
DRB1*03:01	0.0	0.3102111	0.27543998	0.25853607
DPA1*03:01-DPB1*04:02	0.0	0.0	0.27243155	0.11476144
DRB1*04:04	0.0	0.6714029	0.28147224	0.3752677
DRB4*01:01	0.0	0.0	0.27366436	0.07313165
DRB1*04:05	0.0	0.43353274	0.49540877	0.4965413
DRB1*03:01	0.0	0.5614576	0.339375	0.37812647
DRB1*01:01	0.0	0.6200593	0.27969077	0.19128868
DRB1*04:05	0.0	0.1642717	0.35913846	0.39386985
DRB3*02:02	0.0	0.084686644	0.28766924	0.19436657
DRB1*13:01	0.0	0.2864082	0.29402235	0.30894035
DRB1*03:01	0.0	0.36572102	0.27298713	0.27580675
DRB1*08:01	0.0	0.084686644	0.27171043	0.123933524
DPA1*02:01-DPB1*01:01	0.0	0.0	0.272614	0.23258722
DQA1*06:01-DQB1*04:02	0.0	0.084686644	0.2717541	0.2458261
DRB5	0.0	0.0	0.27263123	0.14819676
DQA1*06:01-DQB1*04:02	0.0	0.71020716	0.27181318	0.23393437
DRB1*11:01	1.0	0.93593705	0.4997231	0.5404469
DRB1*11:01	0.0	0.084686644	0.27503014	0.29819795
DRB1*13:01	0.0	0.37295786	0.28253898	0.26785716
DRB1*11:01	0.0	0.30647	0.27361915	0.20933697
DRB1*07:01	0.0	0.4190271	0.27536637	0.2905049
DRB5*01:01	0.0	0.49269408	0.45727244	0.46435592
DPA1*02:01-DPB1*01:01	0.0	0.0	0.2721735	0.09972313
DRB1*04:04	0.0	0.37745675	0.27670512	0.24661016
DRB1*09:01	0.0	0.28604004	0.56825435	0.65209186
DRB1*04:01	0.0	0.3366054	0.27372366	0.34408322
DRB1*13:01	0.0	0.084686644	0.3020696	0.34286132
DRB1*15:01	0.0	0.56986547	0.7256946	0.66735244
DRB1*03:01	0.0	0.084686644	0.27245328	0.33813635
DRB4*01:01	0.0	0.19233692	0.29947332	0.2916648
DRB1*14:54	0.0	0.36110124	0.28076234	0.36214522
DRB1*03:01	0.0	0.084686644	0.27359402	0.22680113
DRB1*04:01	0.0	0.2637015	0.3681562	0.3879638
DRB3*01:01	0.0	0.37833908	0.27181065	0.121183425
DRB1*04:01	0.0	0.1011206	0.27339092	0.2893047
DRB1*11:01	0.0	0.084686644	0.27396387	0.25083998
DRB1*04:01	0.0	0.37171167	0.27335632	0.18103483
DRB1*14:54	0.0	0.252627	0.278038	0.29878423
DPA1*02:01-DPB1*01:01	0.0	0.0	0.27218688	0.14469391
DRB1*14:54	0.0	0.6796851	0.2759432	0.38781562
DRB3*01:01	0.0	0.60866976	0.5810116	0.6047647
DQA1*05:01-DQB1*04:02	0.0	0.37475252	0.29139796	0.32922336
DRB1*11:01	0.0	0.02062367	0.2808876	0.3285329
DRB1*09:01	0.0	0.5672618	0.27318764	0.43695673
DPA1*01:03-DPB1*02:01	0.0	0.0	0.2747363	0.1858351
DRB1*13:02	0.0	0.0	0.7263868	0.5866469
DRB1*04:04	1.0	0.8984626	0.2765405	0.3775821
DRB1*11:01	0.0	0.0	0.2737838	0.17249614
DQA1*02:01-DQB1*03:01	0.0	0.084686644	0.3226324	0.4460962
DQA1*01:02-DQB1*05:01	0.0	0.47533548	0.27375564	0.22237101
DRB1*04:04	0.0	0.084686644	0.35513127	0.43297127
DQA1*05:01-DQB1*04:02	0.0	0.62472034	0.2726568	0.38984647
DRB1*13:01	0.0	0.084686644	0.2820285	0.25217518
DPA1*03:01-DPB1*04:02	0.0	0.35479218	0.54304814	0.5556507
DRB1*03:01	0.0	0.084686644	0.4228852	0.47998992
DQA1*01:02-DQB1*05:01	0.0	0.42674097	0.27486613	0.24897993
DQA1*02:01-DQB1*03:03	0.0	0.084686644	0.2716581	0.17981413
DRB3*01:01	0.0	0.20310071	0.27162835	0.17420161
DQA1*02:01-DQB1*04:02	0.0	0.084686644	0.27174702	0.34775344
DRB1*01:01	0.0	0.0	0.2812921	0.3006495
DRB1*15:01	0.0	0.0	0.28452164	0.19498041
DRB1*03:01	0.0	0.4097033	0.2729184	0.1869953
DRB1*01:01	0.0	0.690911	0.287507	0.34569195
DRB4*01:01	0.0	0.0	0.2738042	0.080426455
DRB1*01:01	0.0	0.36527097	0.45677155	0.39957085
DQA1*05:01-DQB1*03:02	0.0	0.20258628	0.4317481	0.39340857
DRB3*01:01	0.0	0.2869838	0.47189748	0.3806027
DRB1*04:04	0.0	0.5309355	0.36455765	0.45666084
DRB1*09:01	0.0	0.3142761	0.5134116	0.56122565
DQA1*01:03-DQB1*06:03	0.0	0.2750816	0.27181044	0.1552608
DRB1*08:02	0.0	0.0	0.27322224	0.20592889
DQA1*02:01-DQB1*03:03	0.0	0.64221066	0.4724984	0.3845878
DRB1*13:01	0.0	0.42434025	0.4743094	0.50885916
DQA1*02:01-DQB1*03:03	0.0	0.39747867	0.27185407	0.22579956
DRB3*03:01	0.0	0.29639676	0.4800572	0.5730735
DRB1*04:04	0.0	0.0	0.27683344	0.21120897
DRB3*01:01	0.0	0.0	0.2716605	0.09834039
DRB1*14:54	0.0	0.7062737	0.2958122	0.41405943
DRB3*03:01	0.0	0.5771899	0.48502252	0.58279943
DRB1*01:01	1.0	0.94364345	0.28217503	0.30149636
DRB3*01:01	0.0	0.37058392	0.35118183	0.33485547
DRB4*01:03	0.0	0.084686644	0.28106755	0.3529618
DPA1*02:01-DPB1*01:01	0.0	0.0	0.27249107	0.15356871
DQA1*03:03-DQB1*04:02	0.0	0.084686644	0.27168712	0.15403202
DRB1*03:01	0.0	0.24317403	0.41079345	0.37059793
DRB1*13:01	0.0	0.25654814	0.28001738	0.4597384
DPA1*01:03-DPB1*04:01	0.0	0.0	0.276011	0.15033996
DQA1*05:01-DQB1*03:02	0.0	0.2943644	0.2789744	0.3196629
DRB1*13:01	1.0	0.93593705	0.7276575	0.71111643
DRB1*09:01	0.0	0.38464442	0.27187273	0.27243403
DQA1*01:02-DQB1*05:01	0.0	0.084686644	0.2741041	0.2084904
DQA1*05:01-DQB1*03:02	0.0	0.4343417	0.27195838	0.23172334
DRB3*01:01	0.0	0.084686644	0.27164176	0.21797535
DRB5*01:01	0.0	0.084686644	0.43647283	0.34691408
DRB1*07:01	0.0	0.084686644	0.2744239	0.1523459
DQA1*05:01-DQB1*03:02	0.0	0.27866736	0.27172485	0.26153806
DRB1*11:01	0.0	0.37550178	0.2762963	0.3450553
DRB1*04:04	0.0	0.5725446	0.27580586	0.34785882
DRB1*07:01	0.0	0.39518985	0.27466175	0.29762733
DQA1*05:01-DQB1*04:02	0.0	0.084686644	0.27239838	0.29718196
DRB1*13:01	0.0	0.0	0.28365386	0.31337237
DQA1*01:01-DQB1*05:01	0.0	0.31908754	0.27956516	0.33909288
DQA1*01:02-DQB1*05:01	0.0	0.6887833	0.2751644	0.30149052
DRB1*08:01	0.0	0.28263363	0.27174187	0.22481754
DRB3*03:01	0.0	0.084686644	0.44514066	0.30542704
DRB3*01:01	0.0	0.084686644	0.27179477	0.09792516
DRB1*08:01	0.0	0.19328974	0.2844457	0.29380432
DRB1*07:01	0.0	0.54527897	0.42538977	0.41723034
DRB1*04:05	0.0	0.32177556	0.48631698	0.41561404
DQA1*05:01-DQB1*03:02	0.0	0.5089358	0.27183357	0.25949976
DRB1*09:01	0.0	0.49860802	0.425603	0.4736869
DRB1*15:01	0.0	0.33976305	0.54964095	0.5354965
DRB3*03:01	0.0	0.56986547	0.72798115	0.77141595
DRB1*07:01	0.0	0.30316883	0.27361807	0.43978617
DRB4*01:03	1.0	0.8078111	0.51347566	0.6182728
DRB3*01:01	0.0	0.0	0.27184317	0.096939236
DRB1*04:01	0.0	0.0	0.27315032	0.12621126
DRB3*02:02	0.0	0.598531	0.4073179	0.41086814
DRB5*01:01	1.0	1.0	0.72555965	0.7360946
DRB1*13:01	0.0	0.084686644	0.28374243	0.28075913
DRB1*04:04	0.0	0.6545521	0.3194477	0.44953397
DRB1*14:54	0.0	0.45573026	0.7278738	0.6920048
DRB1*13:01	0.0	0.43373433	0.28612185	0.3161458
DRB1*09:01	0.0	0.45002177	0.27191514	0.34792832
DRB1*14:54	0.0	0.6614014	0.35275337	0.466498
DRB1*15:01	0.0	0.48785794	0.28556663	0.35085645
DQA1*05:01-DQB1*03:02	0.0	0.45172212	0.27169886	0.15382299
DQA1*02:01-DQB1*04:02	0.0	0.084686644	0.2721946	0.20040822
DRB1*04:01	0.0	0.6502526	0.48863226	0.50161207
DRB3*01:01	0.0	0.3310604	0.2716984	0.1289252
DQA1*01:01-DQB1*05:01	0.0	0.0	0.27273774	0.07284577
DRB1*08:01	0.0	0.4882211	0.27182278	0.18455556
DRB1*15:01	0.0	0.30165803	0.2862297	0.19899568
DQA1*01:03-DQB1*06:03	0.0	0.084686644	0.59149396	0.56182325
DRB1*04:01	0.0	0.6461442	0.2733732	0.25078043
DRB5*01:01	0.0	0.5210823	0.4433175	0.33967522
DQA1*01:04-DQB1*05:03	0.0	0.0	0.27407122	0.40433934
DQA1*03:03-DQB1*04:02	0.0	0.33969006	0.27211392	0.23427609
DRB3*01:01	0.0	0.084686644	0.27199042	0.25654504
DPB1*04:01	0.0	0.084686644	0.2727594	0.2147024
DRB1*08:01	0.0	0.084686644	0.27211517	0.13089356
DRB1*03:01	0.0	0.03414237	0.28196117	0.403349
DQA1*05:01-DQB1*03:03	0.0	0.591596	0.27165434	0.22450861
DRB1*04:02	0.0	0.5459561	0.27351698	0.21426573
DQA1*01:03-DQB1*06:03	0.0	0.3938695	0.2796728	0.26813456
DRB3*01:01	0.0	0.085564196	0.27174982	0.24862936
DRB4*01:01	0.0	0.3345127	0.2733267	0.22527605
DQB1*06:02	0.0	0.103593424	0.27334487	0.20364311
DRB3*02:02	0.0	0.0	0.27445555	0.16031584
DRB3*03:01	1.0	0.87187403	0.45227146	0.46336988
DRB1*07:01	0.0	0.4169845	0.3173112	0.38672486
DQA1*01:02-DQB1*05:01	0.0	0.74971294	0.28460956	0.34816644
DRB1*11:01	0.0	0.1971244	0.27613276	0.32952446
DRB3*01:01	0.0	0.3360427	0.27467948	0.25381768
DRB1*10:01	0.0	0.23366761	0.27189004	0.2386525
DRB1*08:01	0.0	0.0	0.2717297	0.1887841
DRB3*02:02	0.0	0.1402943	0.2740376	0.20250782
DQA1*05:01-DQB1*04:02	0.0	0.49193338	0.2722044	0.19016746
DRB1*07:01	0.0	0.11750002	0.27494428	0.29433846
DRB1*11:01	0.0	0.68565	0.27487972	0.2926312
DRB1*04:03	0.0	0.37767655	0.3411087	0.397092
DRB5*01:01	0.0	0.72312444	0.47315314	0.5216507
DQA1*05:01-DQB1*04:02	0.0	0.084686644	0.2722203	0.22686177
DRB1*04:04	0.0	0.610019	0.27713117	0.24909201
DRB3*01:01	0.0	0.47010547	0.271776	0.14490202
DQA1*05:01-DQB1*03:02	0.0	0.2997918	0.39269105	0.35923687
DQA1*02:01-DQB1*03:03	0.0	0.084686644	0.5260074	0.5145061
DRB1*15:01	1.0	0.96252555	0.7281751	0.61223936
DRB1*03:01	0.0	0.409083	0.40037024	0.41135207
DRB1*08:01	0.0	0.5771899	0.2779968	0.28911722
DQA1*01:02-DQB1*05:01	0.0	0.39612544	0.2741276	0.25835255
DRB5*01:01	0.0	0.71431553	0.4452447	0.43103364
DQA1*02:01-DQB1*04:02	0.0	0.44306937	0.27645174	0.39313093
DRB1*09:01	0.0	0.28188908	0.2721271	0.31119657
DRB1*08:01	0.0	0.0	0.27216843	0.36031404
DRB1*08:01	0.0	0.7062737	0.60339415	0.58334625
DQA1*05:01-DQB1*03:02	0.0	0.49779728	0.27200338	0.17470148
DRB1*09:01	0.0	0.61138827	0.29291207	0.40808526
DRB1*14:54	0.0	0.084686644	0.27614072	0.39781442
DRB1*07:01	1.0	0.90483916	0.72727406	0.68319595
DRB1*12:01	0.0	0.0	0.27206865	0.108925134
DRB1*11:01	0.0	0.1858459	0.27412233	0.26607332
DQA1*05:01-DQB1*03:02	0.0	0.30832162	0.27278462	0.31200954
DRB1*08:01	0.0	0.549418	0.41452032	0.38609067
DRB1*04:04	0.0	0.70250076	0.3928425	0.42462686
DQA1*05:01-DQB1*03:02	0.0	0.26723027	0.27187982	0.20353118
DRB1*15:02	1.0	0.9119627	0.63233674	0.58842456
DRB1*11:01	0.0	0.36352378	0.27358916	0.27511355
DQA1*05:01-DQB1*03:03	0.0	0.34752658	0.2975188	0.33978668
DRB4*01:03	0.0	0.5253324	0.4133677	0.5007354
DQA1*02:01-DQB1*04:02	0.0	0.24791473	0.27280995	0.37120512
DQA1*05:01-DQB1*03:02	0.0	0.40397212	0.2721609	0.31477788
DRB3*03:01	1.0	0.85125035	0.45019555	0.41272333
DQA1*01:03-DQB1*06:03	0.0	0.47161323	0.52308965	0.5304073
DRB4*01:03	0.0	0.674082	0.41061822	0.48022786
DRB1*03:01	0.0	0.084686644	0.27816197	0.26724467
DPA1*01:03-DPB1*04:01	0.0	0.0	0.2762176	0.21865174
DRB1*14:54	0.0	0.4900586	0.27517813	0.33835378
DRB1*13:01	0.0	0.35714093	0.28563064	0.30348608
DRB1*13:01	0.0	0.27128115	0.2836226	0.28131458
DRB3*02:02	0.0	0.0	0.27403456	0.1037429
DRB4*01:03	0.0	0.084686644	0.28179038	0.37756804
DQA1*03:03-DQB1*04:02	0.0	0.084686644	0.27168328	0.20406419
DRB1*07:01	0.0	0.42217818	0.27523893	0.32896924
DRB4*01:03	0.0	0.71431553	0.6150055	0.6520573
DRB3*03:01	0.0	0.44835213	0.45344028	0.45677766
DRB1*04:01	0.0	0.4250861	0.28660703	0.36290732
DRB1*04:04	0.0	0.4333316	0.2789487	0.3628817
DRB4*01:03	0.0	0.32889336	0.28535464	0.3421698
DQA1*05:01-DQB1*03:02	0.0	0.2485112	0.27174723	0.23560545
DRB4*01:01	0.0	0.35462055	0.27334985	0.21110252
DRB1*08:01	0.0	0.084686644	0.27182674	0.33049718
DRB5*01:01	1.0	0.87187403	0.43926883	0.3343186
DRB1*08:01	0.0	0.48858568	0.2719838	0.20236447
DRB3*03:01	1.0	0.8201525	0.4588952	0.44247708
DQA1*01:01-DQB1*05:01	0.0	0.39153937	0.3033675	0.25334665
DRB5*01:01	0.0	0.077091396	0.4391993	0.32722127
DRB4*01:03	0.0	0.72312444	0.46351185	0.5346017
DRB1*09:01	0.0	0.0	0.2720654	0.3126765
DRB5*01:01	0.0	0.3996859	0.43597585	0.2863635
DQA1*05:01-DQB1*03:02	0.0	0.22877301	0.27431592	0.28626004
DRB1*03:03	0.0	0.054374386	0.27996734	0.25764853
DRB1*04:05	0.0	0.14731894	0.27210382	0.17100248
DRB1*03:01	0.0	0.4680351	0.31045827	0.34588745
DRB1*13:02	0.0	0.473146	0.2788	0.3264483
DRB3*03:01	0.0	0.4998376	0.4598927	0.5384276
DRB1*11:01	0.0	0.7629388	0.40202293	0.4251627
DRB3*01:01	0.0	0.084686644	0.2716475	0.08407545
DRB1*04:04	0.0	0.64817554	0.30873084	0.33217517
DQA1*03:03-DQB1*04:02	0.0	0.4131914	0.59541833	0.5804609
DQA1*05:01-DQB1*03:02	0.0	0.36495084	0.59627724	0.62469316
DQA1*02:01-DQB1*04:02	0.0	0.23343627	0.2719139	0.28658113
DRB1*08:01	0.0	0.084686644	0.2718015	0.187462
DRB1*13:02	0.0	0.19914295	0.39932668	0.43302825
DPA1*02:01-DPB1*01:01	0.0	0.0	0.2740146	0.28439638
DRB5*01:01	0.0	0.084686644	0.4426658	0.3027256
DRB3*02:02	0.0	0.084686644	0.2738088	0.22631517
DRB3*02:02	1.0	0.8201525	0.27351835	0.27712998
DQA1*02:01-DQB1*03:01	0.0	0.310903	0.2726231	0.28452745
DRB1*04:01	0.0	0.37274897	0.34292892	0.36229965
DRB1*11:01	1.0	0.8201525	0.7280854	0.61662734
DRB1*08:01	0.0	0.7871874	0.5428305	0.52615964
DRB1*08:02	0.0	0.0	0.5100844	0.4967102
DQA1*03:01-DQB1*03:02	0.0	0.0	0.2717031	0.16921622
DRB3*01:01	0.0	0.4954069	0.36224902	0.39479378
DRB1*01:01	0.0	0.5770281	0.29010877	0.31528345
DQA1*02:01-DQB1*03:03	0.0	0.084686644	0.27159646	0.26559487
DQA1*01:01-DQB1*05:01	0.0	0.0	0.27236393	0.1724225
DRB3*02:02	0.0	0.53209805	0.28873917	0.35755667
DRB3*01:01	0.0	0.084686644	0.31445247	0.38456193
DRB1*13:01	0.0	0.68565	0.2855654	0.31423268
DRB5*01:01	1.0	0.8984626	0.72663665	0.73418117
DPA1*02:01-DPB1*01:01	0.0	0.0	0.27290446	0.13372955
DRB1*11:01	0.0	0.6502526	0.36845613	0.44782713
DRB1*09:01	0.0	0.5084816	0.2724541	0.40840653
DQA1*02:01-DQB1*04:02	0.0	0.45496538	0.2717282	0.22810799
DRB3*02:02	0.0	0.557524	0.72706354	0.63523805
DQA1*01:01-DQB1*05:01	0.0	0.0	0.27203554	0.017887712
DRB3*02:02	0.0	0.4889517	0.27366132	0.18541047
DRB1*04:01	0.0	0.37456086	0.29571024	0.34947303
DRB4*01:01	0.0	0.084686644	0.27361447	0.07624811
DRB1*15:01	0.0	0.5084816	0.2867435	0.2890644
DQA1*02:01-DQB1*03:03	0.0	0.41919935	0.27166086	0.28881088
DRB1*08:03	0.0	0.0	0.27512714	0.20250657
DQA1*05:01-DQB1*03:03	0.0	0.38827407	0.27232003	0.18848327
DRB1*08:01	0.0	0.6502526	0.5946696	0.60648465
DRB4*01:03	0.0	0.6545521	0.2803669	0.36680683
DRB1*07:01	1.0	0.93593705	0.29969737	0.42069063
DQA1*02:01-DQB1*03:01	0.0	0.084686644	0.2740452	0.3374664
DRB3*01:01	0.0	0.084686644	0.320328	0.30038902
DQA1*05:01-DQB1*03:01	0.0	0.0	0.27194238	0.14527103
DQA1*01:02-DQB1*05:01	0.0	0.084686644	0.28149414	0.3526024
DRB1*03:01	0.0	0.5820812	0.7272325	0.63699174
DQA1*05:01-DQB1*02:01	0.0	0.0	0.2730819	0.18885073
DRB1*03:01	0.0	0.35266936	0.2729186	0.20821986
DRB1*04:01	0.0	0.4954069	0.38867414	0.4374753
DRB1*15:01	0.0	0.0	0.28763694	0.17650846
DQA1*02:01-DQB1*04:02	0.0	0.084686644	0.48538533	0.523244
DRB3*01:01	0.0	0.02062367	0.4888375	0.419328
DRB1*04:01	0.0	0.50985086	0.3287507	0.34736702
DPB1*04:02	0.0	0.29749924	0.27189243	0.27768704
DRB3*03:01	0.0	0.49384698	0.47346497	0.5272943
DRB1*04:04	0.0	0.49779728	0.27675298	0.26143375
DRB1*09:01	0.0	0.39996552	0.27190682	0.34704772
DRB1*14:54	0.0	0.43293062	0.29233783	0.4273
DPA1*02:01-DPB1*05:01	0.0	0.0	0.2725472	0.048137918
DRB1*15:01	0.0	0.0069061993	0.30923688	0.3638312
DRB3*01:01	0.0	0.7560895	0.30369163	0.37423387
DRB1*04:01	0.0	0.0	0.27353898	0.18154427
DRB4*01:03	0.0	0.5647295	0.34646845	0.4390371
DRB1*13:02	0.0	0.0	0.27568752	0.3342189
DRB1*04:01	1.0	0.83439964	0.27286965	0.20478949
DQA1*02:01-DQB1*04:02	0.0	0.559864	0.5716951	0.62551093
DRB1*04:01	0.0	0.0	0.27339447	0.15450922
DQA1*01:01-DQB1*05:01	0.0	0.0	0.27273196	0.10184929
DQA1*01:02-DQB1*05:01	0.0	0.084686644	0.27402905	0.08736673
DQA1*05:01-DQB1*03:02	0.0	0.23417863	0.27229258	0.2120829
DRB1*11:01	0.0	0.084686644	0.27436733	0.27295735
DRB1*01:01	0.0	0.112515785	0.27899024	0.22727352
DQA1*05:01-DQB1*04:02	0.0	0.084686644	0.28833884	0.36785856
DRB1*01:01	0.0	0.40216202	0.27959976	0.3141624
DRB1*04:04	0.0	0.7328622	0.29581544	0.35059282
DQA1*05:01-DQB1*03:03	0.0	0.35342795	0.272151	0.18338853
DRB3*03:01	1.0	0.8984626	0.72738385	0.7653754
DRB5*01:01	0.0	0.084686644	0.44230217	0.38649347
DRB3*02:02	0.0	0.23364446	0.28810725	0.37398186
DRB1*04:04	0.0	0.51603055	0.2760197	0.3033082
DQA1*06:01-DQB1*04:02	0.0	0.084686644	0.27193105	0.20865756
DRB1*15:01	1.0	1.0	0.33121073	0.44256708
DRB1*03:01	0.0	0.62472034	0.27807307	0.32830167
DRB3*02:02	0.0	0.084686644	0.5201595	0.5768684
DRB1*04:05	0.0	0.32075956	0.2721398	0.147879
DRB1*01:01	0.0	0.36572102	0.28701404	0.43229768
DRB1*15:01	0.0	0.7959039	0.2890231	0.2829882
DQA1*01:01-DQB1*05:01	0.0	0.0	0.27250144	0.05301462
DRB1*08:02	1.0	1.0	0.7279993	0.6566044
DRB1*04:05	0.0	0.084686644	0.272006	0.21248248
DRB1*13:01	0.0	0.3520002	0.28676328	0.32453528
DQA1*01:02-DQB1*05:01	0.0	0.77837855	0.40559733	0.4708828
DRB3*01:01	0.0	0.0	0.2716182	0.15384802
DRB3*01:01	0.0	0.46629667	0.27176726	0.22672585
DRB1*03:01	0.0	0.68565	0.5798922	0.6040379
DQA1*02:01-DQB1*03:03	0.0	0.29090112	0.2717664	0.20706224
DQA1*03:03-DQB1*04:02	0.0	0.084686644	0.27176487	0.1864684
DRB1*08:01	0.0	0.4158135	0.5813023	0.6101856
DQA1*05:01-DQB1*03:02	0.0	0.2725777	0.2719499	0.24784374
DRB1*04:02	0.0	0.0	0.27245978	0.1986669
DRB1*14:54	0.0	0.6461442	0.28842437	0.4377289
DRB4*01:03	0.0	0.6953878	0.29442653	0.38977805
DQA1*02:01-DQB1*03:03	0.0	0.084686644	0.27226833	0.29247206
DRB1*11:01	0.0	0.33990917	0.27385098	0.27177557
DQA1*01:01-DQB1*05:01	0.0	0.0	0.27237555	0.14565441
DPA1*02:01-DPB1*14:01	0.0	0.1812406	0.29119384	0.42155626
DRB3*01:01	0.0	0.0	0.27165547	0.17139426
DRB1*04:04	0.0	0.084686644	0.27547288	0.21449104
DRB1*04:01	0.0	0.5771899	0.27362424	0.15331456
DRB3*01:01	0.0	0.2654817	0.2723395	0.34004673
DRB1*14:54	0.0	0.5487152	0.7277232	0.67923045
DRB5*01:01	1.0	0.8078111	0.4816246	0.53680396
DRB1*04:01	0.0	0.44764572	0.72779673	0.63803625
DRB1*08:02	0.0	0.72738	0.7274775	0.62329006
DQA1*05:01-DQB1*03:02	0.0	0.37027872	0.27254492	0.12306875
DQA1*01:02-DQB1*05:01	0.0	0.6687992	0.7281017	0.668589
DRB3*01:01	0.0	0.10476892	0.29288784	0.2828888
DRB1*13:02	0.0	0.71020716	0.35645252	0.47673765
DRB1*08:01	0.0	0.3260179	0.27182618	0.15079024
DQA1*06:01-DQB1*04:02	0.0	0.084686644	0.2718706	0.26022497
DRB1*01:01	0.0	0.5375186	0.32631147	0.4225718
DRB1*13:02	0.0	0.0	0.27528474	0.1791749
DRB5*01:01	0.0	0.0	0.44032168	0.3154401
DRB1*01:01	0.0	0.23726499	0.2864764	0.3474677
DRB1*03:01	0.0	0.0	0.27263466	0.21144179
DRB3*03:01	0.0	0.7437481	0.45237008	0.4012001
DQB1*02:01	0.0	0.17183182	0.47963342	0.4656516
DRB1*04:01	0.0	0.0	0.2739564	0.07344183
DRB5*01:01	0.0	0.084686644	0.43867353	0.3885918
DRB1*11:01	0.0	0.32081902	0.27417627	0.30590087
DRB1*15:01	1.0	1.0	0.72784925	0.63807666
DRB1*04:04	1.0	0.8984626	0.27637988	0.22232974
DQA1*03:01-DQB1*03:02	0.0	0.0	0.2717809	0.13322338
DRB1*14:54	1.0	0.8078111	0.27686283	0.38464662
DRB1*04:05	0.0	0.38559848	0.276163	0.38847438
DQA1*05:01-DQB1*03:03	0.0	0.30575985	0.31511465	0.36132875
DRB4*01:03	0.0	0.31063628	0.27921164	0.32538038
DQA1*05:01-DQB1*02:01	0.0	0.4893192	0.27278566	0.19738328
DRB1*04:05	0.0	0.35937026	0.27185452	0.24250409
DRB3*03:01	0.0	0.084686644	0.45273665	0.41552493
DRB1*03:01	0.0	0.0	0.2731925	0.17942342
DQA1*05:01-DQB1*04:02	0.0	0.084686644	0.27217793	0.21052012
DRB1*08:01	0.0	0.3240262	0.27172488	0.20084465
DRB1*01:01	0.0	0.0	0.2783939	0.29082152
DRB1*11:01	0.0	0.59271634	0.27375478	0.23639932
DQA1*01:03-DQB1*06:03	0.0	0.2612654	0.2722425	0.18902025
DRB1*11:01	0.0	0.38607922	0.27447468	0.24462765
DRB1*08:02	0.0	0.0	0.2730253	0.21248195
DRB1*04:01	0.0	0.24167159	0.7281036	0.64259124
DQA1*02:01-DQB1*04:02	0.0	0.33939874	0.44491532	0.47137895
DRB1*04:05	0.0	0.07391583	0.2718833	0.110327035
DRB1*01:01	1.0	1.0	0.6877607	0.66106224
DRB1*03:01	0.0	0.15306324	0.27308932	0.30049402
DQA1*05:01-DQB1*04:02	0.0	0.31311977	0.27222353	0.24275249
DRB1*13:02	0.0	0.7703366	0.28136146	0.4117944
DQA1*01:02-DQB1*06:04	0.0	0.0	0.27205864	0.17920697
DRB1*15:01	0.0	0.0	0.28193274	0.21368566
DRB1*09:01	0.0	0.62472034	0.60765207	0.67850804
DRB1*08:01	0.0	0.218492	0.2717248	0.18219694
DQA1*05:01-DQB1*03:03	0.0	0.557524	0.27219784	0.18056151
DQB1*03:02	0.0	0.26931864	0.55434626	0.563051
DRB1*04:05	0.0	0.0	0.2720533	0.030022562
DRB5*01:01	0.0	0.084686644	0.44873878	0.4618422
DRB1*04:04	0.0	0.32439637	0.27655622	0.2670113
DRB1*07:01	0.0	0.74971294	0.28013915	0.4000713
DRB1*04:01	0.0	0.0	0.41136387	0.46100017
DQA1*02:01-DQB1*03:03	0.0	0.3963945	0.2802752	0.34150186
DRB3*03:01	0.0	0.48858568	0.45253456	0.47833493
DQA1*02:01-DQB1*03:01	0.0	0.7437481	0.27317396	0.25657147
DRB1*01:01	0.0	0.13941291	0.2785006	0.29450527
DRB4*01:03	0.0	0.31230256	0.27877614	0.29216075
DRB1*08:01	0.0	0.4019471	0.40115795	0.3228041
DQA1*06:01-DQB1*04:02	0.0	0.084686644	0.2716674	0.13724247
DRB1*04:01	0.0	0.084686644	0.28787494	0.2637768
DRB1*07:01	0.0	0.21910337	0.40127787	0.37896928
DRB4*01:01	0.0	0.0	0.2738188	0.11059776
DRB1*13:01	1.0	0.83439964	0.7266648	0.6961198
DQA1*05:01-DQB1*03:02	0.0	0.4220003	0.2717693	0.19691625
DRB3*01:01	0.0	0.42674097	0.30283612	0.3338063
DRB5*01:01	0.0	0.084686644	0.43568367	0.2686899
DRB1*07:01	0.0	0.36156222	0.2970878	0.40409842
DRB1*15:01	1.0	0.9565607	0.33875632	0.4323137
DRB1*09:01	0.0	0.5309355	0.4806211	0.55174804
DRB1*13:02	0.0	0.04721221	0.2767839	0.16097811
DPA1*02:01-DPB1*05:01	0.0	0.1118934	0.2760683	0.25947914
DRB4*01:03	1.0	0.87187403	0.7273575	0.7203251
DQA1*06:01-DQB1*04:02	0.0	0.084686644	0.5860609	0.59296715
DRB3*02:02	0.0	0.084686644	0.27310583	0.22180834
DRB1*03:01	0.0	0.0	0.2732383	0.19815299
DRB1*11:01	0.0	0.26607186	0.30073175	0.41167906
DQB1*03:02	0.0	0.0	0.27310893	0.22123483
DRB1*03:01	0.0	0.4864194	0.27288568	0.24874297
DRB1*09:01	0.0	0.3260179	0.27194893	0.305609
DPA1*02:01-DPB1*01:01	0.0	0.0	0.27237144	0.08405784
DRB3*02:02	0.0	0.084686644	0.27452537	0.22220019
DRB1*04:01	0.0	0.10080097	0.27377984	0.2673383
DQA1*02:01-DQB1*02:02	0.0	0.20122285	0.27772698	0.3183098
DRB1*11:01	0.0	0.5537511	0.43017703	0.4127032
DRB1*04:01	0.0	0.02062367	0.2754094	0.32791466
DRB1*11:01	0.0	0.0	0.2747696	0.12601927
DRB1*07:01	0.0	0.02062367	0.28272116	0.36745736
DQA1*02:01-DQB1*03:01	0.0	0.52978736	0.2735551	0.31494737
DRB3*01:01	0.0	0.43474886	0.28765473	0.31321135
DRB3*03:01	0.0	0.30356273	0.4524464	0.3695245
DRB1*03:01	0.0	0.22273539	0.27342692	0.24373135
DQA1*05:01-DQB1*04:02	0.0	0.084686644	0.2722984	0.28642222
DRB1*07:01	0.0	0.49043053	0.27845734	0.43482396
DRB1*01:01	0.0	0.0	0.2809025	0.2727206
DQA1*02:01-DQB1*03:03	0.0	0.24327679	0.27168274	0.21638206
DRB1*07:01	0.0	0.60220397	0.27503434	0.3321065
DRB1*11:01	0.0	0.29749924	0.28554174	0.3903797
DRB1*03:01	0.0	0.32117656	0.27279177	0.09765455
DRB1*13:02	0.0	0.0	0.2773448	0.39103416
DRB3*01:01	0.0	0.40166143	0.27164152	0.2016021
DQA1*01:02-DQB1*05:01	0.0	0.6796851	0.27386782	0.3689439
DRB1*11:01	1.0	1.0	0.72792137	0.65798676
DRB1*15:01	0.0	0.0	0.32909784	0.30531925
DQA1*05:01-DQB1*03:03	0.0	0.59271634	0.27217308	0.3399187
DRB1*03:01	0.0	0.29749924	0.27278408	0.31504926
DRB1*01:01	0.0	0.7986692	0.33704704	0.35117057
DQA1*06:01-DQB1*04:02	0.0	0.5459561	0.5878985	0.56809664
DRB1*14:54	0.0	0.51953757	0.43232226	0.49428853
DRB1*13:02	1.0	0.83439964	0.2758328	0.34695265
DRB1*03:01	0.0	0.557524	0.2743026	0.33016565
DRB4*01:01	0.0	0.158006	0.27508587	0.22245595
DQA1*02:01-DQB1*03:03	0.0	0.62158704	0.28458893	0.32739642
DRB1*09:01	0.0	0.22952299	0.28410363	0.44196162
DRB3*02:02	0.0	0.0	0.27391517	0.06954408
DRB1*09:01	0.0	0.62472034	0.2724479	0.34803894
DRB1*11:01	0.0	0.3028255	0.27318415	0.30054379
DRB1*11:01	0.0	0.5286533	0.7273656	0.66287243
DRB1*09:01	1.0	0.8790795	0.45921585	0.50682724
DRB1*01:01	0.0	0.07081831	0.28111187	0.29977638
DRB1*03:01	0.0	0.0	0.28201976	0.35285875
DRB1*07:01	0.0	0.084686644	0.27430195	0.27401605
DPA1*02:01-DPB1*14:01	0.0	0.44811606	0.43450674	0.39985183
DPA1*02:01-DPB1*01:01	0.0	0.0	0.2719953	0.04574102
DRB1*03:01	0.0	0.7560895	0.27376696	0.27892593
DQA1*01:02-DQB1*05:01	0.0	0.640305	0.30068016	0.42098317
DQA1*01:02-DQB1*05:01	0.0	0.53446805	0.5822076	0.62739456
DRB1*03:03	0.0	0.16402058	0.4211007	0.46832892
DRB1*04:01	0.0	0.59616107	0.4018902	0.43697998
DRB3*01:01	0.0	0.20779411	0.4914907	0.4380035
DRB4*01:03	0.0	0.60866976	0.7280015	0.68803215
DRB3*03:01	0.0	0.26766425	0.46291548	0.46766618
DQA1*06:01-DQB1*04:02	0.0	0.63132477	0.56205094	0.5864053
DPA1*01:03-DPB1*02:01	0.0	0.26002482	0.27476266	0.20792624
DRB3*03:01	0.0	0.45859027	0.46760613	0.5479194
DRB1*14:54	0.0	0.39816278	0.27554345	0.34729096
DRB1*15:01	1.0	0.8188415	0.5387425	0.53977776
DRB1*01:01	0.0	0.0858773	0.3564127	0.3468459
DRB1*04:05	0.0	0.39064884	0.27189165	0.21939549
DRB1*13:01	0.0	0.41001502	0.2878456	0.35513774
DRB1*14:54	0.0	0.17991038	0.2754176	0.25644746
DRB1*08:01	0.0	0.64817554	0.5089842	0.53052557
DRB1*15:01	0.0	0.118061945	0.2913238	0.3045603
DRB3*02:02	0.0	0.084686644	0.3323536	0.32084045
DPA1*01:03-DPB1*02:01	0.0	0.0	0.2749453	0.07358685
DRB1*03:01	1.0	0.85502326	0.2729731	0.22705704
DRB1*04:01	0.0	0.0	0.27734497	0.24038237
DRB5*01:01	0.0	0.70250076	0.72386026	0.6926069
DRB1*04:01	0.0	0.08522426	0.27375972	0.26323548
DRB1*08:02	0.0	0.0	0.2737608	0.15005752
DRB1*08:01	0.0	0.24815828	0.27172193	0.17581457
DQA1*01:02-DQB1*05:01	0.0	0.41449314	0.27374414	0.24558285
DRB1*11:01	0.0	0.0	0.2759909	0.2024123
DRB3*02:02	1.0	0.8201525	0.7275452	0.64697254
DRB1*15:01	0.0	0.364187	0.398081	0.43277004
DQA1*02:01-DQB1*04:02	0.0	0.084686644	0.27176687	0.22146258
DRB4*01:01	0.0	0.11257825	0.2748356	0.14743957
DRB1*04:01	0.0	0.0	0.27357095	0.19546098
DRB1*15:02	0.0	0.0	0.27330425	0.112793356
DQA1*03:01-DQB1*03:02	0.0	0.31999013	0.27175707	0.1705096
DRB5*01:01	0.0	0.29749924	0.48094544	0.45877722
DRB1*03:02	0.0	0.0	0.27415398	0.18975508
DRB4*01:01	0.0	0.0	0.274066	0.14777759
DRB1*04:01	0.0	0.2574126	0.27490672	0.26495954
DRB1*04:04	0.0	0.71861506	0.41346207	0.51615
DQA1*01:01-DQB1*05:01	0.0	0.0	0.2723249	0.22035477
DRB1*03:01	0.0	0.62472034	0.3347796	0.44216898
DQA1*02:01-DQB1*04:02	0.0	0.6185565	0.27686104	0.41910222
DRB1*04:01	0.0	0.0	0.2758665	0.26393268
DQA1*01:02-DQB1*05:01	0.0	0.50713235	0.27487975	0.20701537
DRB1*08:02	0.0	0.238885	0.27513906	0.3077505
DRB1*15:01	0.0	0.46687254	0.4551309	0.4758862
DQA1*05:01-DQB1*04:02	0.0	0.45859027	0.2721756	0.30856156
DRB1*07:01	0.0	0.0	0.27461925	0.2944797
DRB1*04:04	0.0	0.36437735	0.4142845	0.50608647
DQA1*01:01-DQB1*05:01	0.0	0.08342353	0.30099484	0.32539642
DRB1*04:04	0.0	0.48968816	0.43843022	0.42495283
DQA1*05:01-DQB1*03:03	0.0	0.18386528	0.27206725	0.27001956
DRB1*03:01	0.0	0.6384378	0.27306342	0.14052469
DQA1*05:01-DQB1*04:02	0.0	0.47628996	0.2723028	0.3215266
DRB1*04:01	0.0	0.7703366	0.27592656	0.21526799
DQA1*03:01-DQB1*03:02	0.0	0.084686644	0.2717347	0.23083082
DRB1*08:01	0.0	0.084686644	0.27172318	0.15790364
DQA1*02:01-DQB1*03:03	0.0	0.084686644	0.2969876	0.29686427
DRB1*03:01	0.0	0.6073399	0.34105638	0.41407403
DRB1*15:01	0.0	0.23940113	0.28128043	0.22507986
DRB1*01:01	0.0	0.44796234	0.28084224	0.35217252
DRB4*01:01	0.0	0.0	0.27397534	0.1430789
DRB1*08:01	0.0	0.5938504	0.5081484	0.4794114
DRB4*01:03	0.0	0.084686644	0.2787309	0.32230005
DRB1*09:01	0.0	0.5997392	0.27262145	0.3677266
DRB1*04:05	0.0	0.37911808	0.2720086	0.23716262
DRB1*09:01	0.0	0.084686644	0.30813152	0.3877547
DQA1*05:01-DQB1*03:02	0.0	0.4798765	0.27180254	0.21521387
DRB1*07:01	0.0	0.7871874	0.2740449	0.29546657
DRB1*03:01	0.0	0.0	0.2734309	0.15930012
DQA1*02:01-DQB1*03:03	0.0	0.084686644	0.27157125	0.18569621
DRB1*04:01	0.0	0.09387664	0.2733881	0.2220628
DRB1*07:01	0.0	0.0	0.38588116	0.4359615
DPA1*02:01-DPB1*01:01	0.0	0.0	0.27298427	0.29333502
DRB1*01:01	0.0	0.17171325	0.5593677	0.65497553
DRB1*04:01	0.0	0.084686644	0.27352992	0.08036277
DRB1*03:01	0.0	0.36156222	0.38179997	0.4040725
DPA1*02:01-DPB1*01:01	0.0	0.0	0.27230698	0.14970681
DQA1*05:01-DQB1*03:02	0.0	0.084686644	0.2719517	0.21537295
DQA1*05:01-DQB1*04:02	0.0	0.6185565	0.7007334	0.65724564
DRB4*01:01	0.0	0.23778863	0.2785605	0.26887095
DRB1*04:01	0.0	0.084686644	0.27291965	0.2977835
DRB1*09:01	0.0	0.3716086	0.27245146	0.37156793
DRB1*13:02	0.0	0.0	0.40535036	0.43359557
DRB5*01:01	0.0	0.49739456	0.7220298	0.7012409
DRB1*01:01	0.0	0.038403325	0.3692438	0.37385783
DRB3*03:01	0.0	0.72312444	0.4598363	0.5284653
DRB1*03:01	0.0	0.084686644	0.2745688	0.2882787
DRB1*13:02	0.0	0.0	0.35561436	0.43892673
DQA1*02:01-DQB1*03:03	0.0	0.084686644	0.27168283	0.23644951
DRB5*01:01	0.0	0.37390363	0.4342759	0.24287942
DQA1*02:01-DQB1*03:03	0.0	0.084686644	0.27195796	0.19868627
DRB1*15:01	0.0	0.2298558	0.38651574	0.4189537
DRB1*01:01	0.0	0.5344291	0.49361733	0.52498174
DPA1*02:01-DPB1*05:01	0.0	0.0	0.2719528	0.09264961
DRB1*04:01	0.0	0.0	0.41368628	0.4271423
DRB1*01:01	0.0	0.6687992	0.27805677	0.24755493
DRB5*01:01	0.0	0.7328622	0.72584474	0.7107054
DRB1*03:01	0.0	0.0	0.28159598	0.31320357
DRB1*03:01	0.0	0.0	0.27417716	0.1387485
DRB1*12:01	0.0	0.0	0.27200595	0.12904444
DQA1*03:01-DQB1*03:02	0.0	0.084686644	0.27179098	0.16952726
DQA1*05:01-DQB1*02:01	0.0	0.33125994	0.2842122	0.35489652
DQA1*02:01-DQB1*03:01	0.0	0.15953045	0.2731116	0.22081009
DRB1*07:01	0.0	0.41384	0.27694303	0.34724882
DRB1*11:01	0.0	0.50319886	0.27405706	0.2428141
DQA1*05:01-DQB1*03:03	0.0	0.084686644	0.2735472	0.1424967
DRB1*12:01	0.0	0.0	0.27212328	0.12919286
DRB1*04:01	0.0	0.010543474	0.2757046	0.31232128
DRB1*04:04	0.0	0.25208825	0.27560836	0.18526745
DRB1*09:01	0.0	0.39465943	0.27211514	0.37762955
DRB1*04:01	0.0	0.42292917	0.27375087	0.25847673
DRB1*11:01	0.0	0.084686644	0.27263743	0.41058323
DRB3*03:01	1.0	0.8201525	0.44806004	0.46810856
DRB1*08:02	0.0	0.43474886	0.32103515	0.35198966
DQA1*06:01-DQB1*04:02	0.0	0.084686644	0.47641107	0.41063932
DPA1*01:03-DPB1*02:01	0.0	0.0	0.3510365	0.3031081
DQA1*01:02-DQB1*05:01	0.0	0.5791155	0.31583294	0.34757033
DRB3*02:02	0.0	0.084686644	0.274616	0.21389833
DRB1*04:01	0.0	0.15505028	0.27361387	0.2439247
DRB1*09:01	0.0	0.37068588	0.27184933	0.31760544
DRB1*12:01	0.0	0.0728811	0.2722221	0.15484518
DQA1*01:01-DQB1*05:01	0.0	0.33835438	0.47388083	0.3530251
DQA1*01:02-DQB1*06:02	0.0	0.0	0.27209553	0.040048882
DRB3*02:02	0.0	0.3327366	0.49090785	0.516507
DQA1*05:01-DQB1*04:02	0.0	0.5221266	0.4352858	0.44369754
DRB4*01:01	1.0	0.9689021	0.7201454	0.6134888
DRB4*01:03	1.0	0.83439964	0.4522018	0.5241604
DRB1*04:04	0.0	0.5439395	0.29990208	0.34191152
DRB1*11:01	0.0	0.084686644	0.27420387	0.21976951
DRB1*03:01	0.0	0.0	0.2726091	0.21448135
DRB1*03:01	0.0	0.5997392	0.5740148	0.58222866
DQA1*05:01-DQB1*02:01	0.0	0.0	0.27315682	0.320026
DQA1*02:01-DQB1*03:01	0.0	0.25834572	0.27357653	0.2913552
DQA1*05:01-DQB1*02:01	0.0	0.0	0.28783736	0.3081434
DRB3*02:02	0.0	0.5781477	0.2740724	0.18268332
DRB1*04:04	0.0	0.47921395	0.27535877	0.2729167
DRB1*04:04	0.0	0.084686644	0.2757081	0.18695867
DRB1*01:01	0.0	0.3419048	0.27991486	0.21478683
DRB3*01:01	0.0	0.0	0.27183554	0.04959345
DRB1*11:01	0.0	0.084686644	0.274579	0.27672356
DRB1*04:02	0.0	0.62472034	0.27252665	0.16409782
DPA1*01:03-DPB1*04:01	0.0	0.0	0.27508536	0.12451166
DQA1*02:01-DQB1*03:01	0.0	0.5126518	0.27296516	0.24439052
DPA1*01:03-DPB1*04:01	0.0	0.0	0.27496582	0.09729454
DRB1*13:01	1.0	1.0	0.41384715	0.40847412
DQA1*02:01-DQB1*04:02	0.0	0.27988148	0.27171037	0.24470249
DRB1*08:01	0.0	0.20860301	0.34261915	0.27209726
DQA1*05:01-DQB1*03:03	0.0	0.2586184	0.27169275	0.25543842
DRB1*12:01	0.0	0.20833845	0.45826218	0.42059973
DRB1*13:01	0.0	0.15543698	0.2876369	0.34074262
DQA1*01:02-DQB1*05:01	0.0	0.4081603	0.27684295	0.30313757
DRB1*04:04	0.0	0.5439395	0.2816267	0.34045342
DRB4*01:03	0.0	0.42217818	0.3585973	0.4613711
DRB1*15:01	0.0	0.34993988	0.28238678	0.20666406
DRB1*08:01	0.0	0.20821527	0.271884	0.14240816
DPA1*02:01-DPB1*05:01	0.0	0.0	0.27216148	0.0099692345
DRB1*01:01	0.0	0.4114309	0.3978186	0.41814724
DRB1*09:01	0.0	0.5647295	0.27598503	0.44215897
DPA1*02:01-DPB1*01:01	0.0	0.0	0.27261332	0.086333096
DRB1*15:01	0.0	0.0	0.39462894	0.39810553
DRB1*07:01	1.0	0.87187403	0.305663	0.3872204
DRB3*01:01	0.0	0.49155536	0.27175963	0.1765616
DRB1*08:01	0.0	0.4370208	0.27173325	0.19861802
DRB1*09:01	0.0	0.084686644	0.27189055	0.31910905
DRB1*04:01	0.0	0.49231294	0.3499076	0.39022604
DRB1*13:02	0.0	0.0	0.27538097	0.23322502
DRB3*02:02	0.0	0.5242514	0.2869764	0.39114603
DRB1*04:04	0.0	0.37453958	0.3521889	0.42362037
DRB1*09:01	0.0	0.084686644	0.27200976	0.26367846
DRB1*11:01	0.0	0.55155915	0.27449942	0.30013838
DQA1*05:01-DQB1*04:02	0.0	0.29726848	0.2723044	0.22972295
DRB1*09:01	0.0	0.084686644	0.27196425	0.21204641
DRB1*08:02	0.0	0.0	0.27311844	0.13831711
DRB3*01:01	0.0	0.3680709	0.27163166	0.2457093
DRB1*03:01	0.0	0.32476804	0.2734158	0.27108842
DQA1*05:01-DQB1*02:01	0.0	0.23757091	0.27225307	0.014098331
DRB3*02:02	0.0	0.5938504	0.27390712	0.23618582
DRB1*03:01	0.0	0.084686644	0.36007687	0.35701326
DRB1*03:02	0.0	0.016114322	0.36844	0.4422913
DQA1*01:02-DQB1*05:01	0.0	0.7969252	0.7255818	0.666005
DQB1*05:01	0.0	0.36156222	0.28055662	0.3830475
DRB1*14:54	0.0	0.4313439	0.3801581	0.52857864
DRB1*01:01	1.0	0.8187114	0.2816527	0.27193567
DQA1*01:01-DQB1*05:01	0.0	0.0	0.2721766	-0.026277944
DQA1*03:03-DQB1*04:02	0.0	0.27694952	0.2717224	0.20229852
DQA1*03:03-DQB1*04:02	0.0	0.084686644	0.27580136	0.256818
DRB1*04:01	0.0	0.084686644	0.27357614	0.027134627
DQB1*06:02	0.0	0.29749924	0.27525377	0.33029798
DRB1*07:01	0.0	0.5997392	0.2895588	0.46306393
DRB1*11:01	0.0	0.5226533	0.27407026	0.3724573
DRB1*03:01	0.0	0.0	0.27302164	0.23102269
DQA1*05:01-DQB1*03:02	0.0	0.2864082	0.2717675	0.23224768
DRB1*15:01	0.0	0.29749924	0.42011663	0.44489577
DQA1*02:01-DQB1*03:01	0.0	0.36967134	0.27604705	0.34627667
DRB3*03:01	0.0	0.21957947	0.46846092	0.48042038
DRB3*03:01	1.0	0.93593705	0.45184222	0.444958
DRB5*01:01	0.0	0.28103438	0.44830185	0.393562
DRB1*09:01	0.0	0.47725436	0.272287	0.37076572
DRB1*07:01	0.0	0.02062367	0.2725061	0.43842164
DQA1*02:01-DQB1*03:03	0.0	0.56556594	0.2718153	0.25087586
DQA1*05:01-DQB1*03:02	0.0	0.50066656	0.27176908	0.2732895
DRB1*13:01	0.0	0.62158704	0.2829089	0.24469379
DRB1*04:04	0.0	0.15311167	0.4091093	0.48869863
DQA1*03:01-DQB1*03:02	0.0	0.0	0.27276954	0.024638087
DRB1*11:01	0.0	0.45420676	0.2741524	0.31114748
DRB1*15:01	0.0	0.6441565	0.72811705	0.63506055
DRB1*08:01	0.0	0.19484413	0.2717985	0.13787064
DRB1*13:02	0.0	0.0	0.27963698	0.2473779
DRB4*01:03	1.0	0.8078111	0.57406026	0.6628597
DRB3*01:01	0.0	0.46045747	0.2716513	0.17666167
DRB1*04:01	0.0	0.084686644	0.35551625	0.41372344
DRB1*13:01	0.0	0.084686644	0.28498527	0.33933714
DRB4*01:03	0.0	0.5707499	0.2799381	0.39342317
DRB1*04:05	0.0	0.16237804	0.27198762	0.2033706
DRB1*04:04	0.0	0.084686644	0.34614757	0.527349
DRB1*08:02	0.0	0.2887744	0.27289212	0.28564686
DRB1*13:01	0.0	0.44218066	0.31766427	0.42923155
DRB4*01:03	0.0	0.47822896	0.2801928	0.30802768
DQA1*03:03-DQB1*04:02	0.0	0.084686644	0.2716879	0.16930494
DRB1*08:01	0.0	0.0	0.27191487	0.23657194
DRB3*02:02	0.0	0.0	0.27375928	0.21659222
DRB1*08:01	0.0	0.43373433	0.27182868	0.2822688
DRB1*04:04	0.0	0.69202656	0.2767486	0.31869116
DRB3*01:01	0.0	0.6441565	0.2716652	0.2026903
DRB3*02:02	0.0	0.084686644	0.2732963	0.2775713
DQA1*05:01-DQB1*02:01	0.0	0.0	0.27566272	0.22476569
DRB1*15:01	0.0	0.084686644	0.2829674	0.31142363
DRB1*07:01	1.0	1.0	0.7275784	0.64559793
DQA1*02:01-DQB1*04:02	0.0	0.084686644	0.2773164	0.43136135
DQA1*03:01-DQB1*03:02	0.0	0.0	0.27181754	0.26326016
DQA1*05:01-DQB1*03:02	0.0	0.21817803	0.27196345	0.20309338
DRB1*13:01	0.0	0.084686644	0.44792476	0.46423003
DRB1*08:01	0.0	0.084686644	0.32746416	0.3411984
DRB1*14:54	0.0	0.18677562	0.27546883	0.30293652
DRB1*15:01	0.0	0.0	0.28013086	0.058712274
DRB5*01:01	0.0	0.084686644	0.44072226	0.35475567
DRB1*13:02	0.0	0.15573552	0.27545452	0.12917486
DRB1*01:01	0.0	0.50150293	0.2939676	0.41908708
DRB1*11:01	0.0	0.084686644	0.48785532	0.54391825
DQA1*05:01-DQB1*03:03	0.0	0.3498584	0.27155766	0.2211506
DRB1*04:05	0.0	0.78905463	0.65331936	0.59858084
DQA1*05:01-DQB1*04:02	0.0	0.22433378	0.27260965	0.3006719
DQA1*05:01-DQB1*02:01	0.0	0.0801773	0.2724881	0.28950772
DRB3*03:01	0.0	0.71020716	0.47127447	0.5317339
DRB1*07:01	0.0	0.46018842	0.5168227	0.5945982
DRB1*15:01	0.0	0.0	0.2852481	0.20483664
DRB1*07:01	1.0	0.8066629	0.72737646	0.67158854
DRB1*15:02	0.0	0.1862333	0.51198864	0.4169304
DQA1*05:01-DQB1*03:02	0.0	0.41400284	0.27219197	0.23382932
DRB3*02:02	0.0	0.0	0.2736773	0.19522542
DRB1*09:01	0.0	0.42041433	0.27191237	0.31221548
DRB1*01:01	0.0	0.0	0.29913738	0.31642535
DRB1*04:05	0.0	0.084686644	0.27201527	0.15123647
DQA1*06:01-DQB1*04:02	0.0	0.2568453	0.2718523	0.1792193
DRB3*02:02	0.0	0.55228406	0.4787739	0.43943265
DRB1*15:01	0.0	0.7560895	0.2856994	0.25468454
DQA1*03:01-DQB1*03:01	0.0	0.0	0.2778615	0.19846961
DRB1*07:01	0.0	0.5075799	0.38320392	0.43605152
DRB3*03:01	0.0	0.39465943	0.4484675	0.3967063
DRB5*01:01	0.0	0.084686644	0.44799593	0.4042901
DRB1*09:01	0.0	0.54003364	0.27207	0.37848875
DRB5*01:01	0.0	0.0	0.43470597	0.32268628
DRB1*04:01	0.0	0.0	0.41363627	0.43551162
DQA1*05:01-DQB1*04:02	0.0	0.084686644	0.27580863	0.32218108
DRB4*01:01	0.0	0.0	0.28982714	0.2957039
DRB3*03:01	0.0	0.58831435	0.45029414	0.4390749
DRB4*01:03	0.0	0.3857184	0.2886252	0.37693045
DRB1*03:01	1.0	0.8078111	0.27336782	0.37448993
DQA1*05:01-DQB1*04:02	0.0	0.5707499	0.27216873	0.30167958
DRB4*01:03	1.0	0.8201525	0.7280788	0.71912074
DRB3*02:02	0.0	0.0	0.27375212	0.16996074
DRB3*02:02	0.0	0.084686644	0.27373776	0.13320762
DRB1*03:01	0.0	0.0	0.32545194	0.2850388
DRB1*11:01	0.0	0.25382918	0.27374262	0.34324452
DQA1*03:03-DQB1*04:02	0.0	0.22345851	0.27165666	0.14540339
DQA1*03:03-DQB1*04:02	0.0	0.65237737	0.271808	0.25516778
DQA1*01:01-DQB1*05:01	0.0	0.0	0.27314064	0.10829294
DRB1*07:01	0.0	0.0	0.27495983	0.2414712
DRB3*01:01	0.0	0.0	0.27168122	0.09080061
DRB1*09:01	0.0	0.18143785	0.27197474	0.22148925
DRB1*08:02	0.0	0.0	0.2761749	0.25519118
DPA1*01:03-DPB1*02:01	0.0	0.7629388	0.27402636	0.27218708
DRB1*15:01	0.0	0.3857184	0.72777945	0.6670852
DQA1*02:01-DQB1*03:01	0.0	0.3985757	0.39918345	0.49793068
DRB1*09:01	0.0	0.36156222	0.3357549	0.47447267
DPA1*01:03-DPB1*02:01	0.0	0.0	0.2758957	0.27562714
DRB1*04:01	0.0	0.14587423	0.27430564	0.19342282
DRB1*14:54	0.0	0.61138827	0.37180185	0.47002187
DRB3*02:02	0.0	0.084686644	0.3766631	0.42256752
DQA1*02:01-DQB1*03:03	0.0	0.084686644	0.5436658	0.5721382
DRB3*03:01	0.0	0.59271634	0.44981322	0.47807255
DRB1*14:54	0.0	0.7328622	0.27632385	0.3931736
DRB1*13:01	0.0	0.68261945	0.4212782	0.5186204
DRB1*07:01	0.0	0.5830913	0.27605549	0.343695
DRB1*03:01	0.0	0.45754	0.7273007	0.5157815
DRB1*07:01	0.0	0.22850975	0.27537656	0.2841644
DRB1*07:01	0.0	0.084686644	0.2741922	0.23476353
DQA1*03:03-DQB1*04:02	0.0	0.50066656	0.27178863	0.19356298
DRB1*11:01	0.0	0.084686644	0.29444042	0.3428972
DRB1*07:01	0.0	0.0	0.27380854	0.36283347
DRB1*07:01	0.0	0.19994356	0.2736621	0.23192248
DPB1*04:01	0.0	0.084686644	0.33870682	0.28438586
DRB5*01:01	0.0	0.084686644	0.46748632	0.49280468
DRB1*04:01	0.0	0.37844995	0.49053153	0.46496835
DRB1*01:01	0.0	0.5606573	0.2777651	0.21346006
DRB1*07:01	0.0	0.30728838	0.2748732	0.27860072
DRB1*09:01	0.0	0.29396325	0.27207482	0.30536982
DRB1*03:01	0.0	0.068881534	0.27809823	0.39625487
DQA1*05:01-DQB1*03:02	0.0	0.44130045	0.2717923	0.25026056
DRB4*01:01	0.0	0.0	0.27328146	0.25160542
DRB1*13:01	0.0	0.084686644	0.28248402	0.2768595
DRB1*03:01	0.0	0.084686644	0.273934	0.26229665
DRB1*04:04	1.0	0.83439964	0.27680102	0.21088013
DPA1*02:01-DPB1*05:01	0.0	0.0	0.2722333	0.0780831
DRB1*15:01	0.0	0.15740521	0.30793163	0.20225689
DRB1*13:01	0.0	0.084686644	0.28942302	0.3219646
DRB4*01:03	0.0	0.56812155	0.28294203	0.34311542
DRB1*11:01	0.0	0.69202656	0.29156184	0.33451024
DQA1*05:01-DQB1*03:03	0.0	0.2573228	0.2717596	0.27563733
DRB1*15:02	0.0	0.1862333	0.2735518	0.16993892
DRB3*01:01	0.0	0.084686644	0.4261297	0.3657852
DRB1*09:01	1.0	0.8078111	0.42586634	0.46386614
DRB3*02:02	0.0	0.0	0.27361533	0.16526917
DQA1*02:01-DQB1*03:03	0.0	0.084686644	0.2718778	0.19419667
DQA1*05:01-DQB1*04:02	0.0	0.6263277	0.38394743	0.4682971
DRB1*04:04	0.0	0.28547028	0.27774355	0.32394826
DRB1*13:01	0.0	0.409083	0.3283229	0.4244804
DRB5*01:01	0.0	0.023519838	0.44023928	0.32737288
DPA1*01:03-DPB1*04:01	0.0	0.0	0.27514282	0.014762044
DRB4*01:03	0.0	0.3017064	0.28692248	0.3808361
DPA1*01:03-DPB1*03:01	0.0	0.0	0.27547735	0.24305648
DPA1*02:01-DPB1*05:01	0.0	0.0	0.27192494	-0.005437076
DQA1*05:01-DQB1*03:02	0.0	0.2235	0.27203253	0.15028736
DQA1*03:03-DQB1*04:02	0.0	0.44419238	0.46060282	0.3495429
DPA1*02:01-DPB1*05:01	0.0	0.036864612	0.29986435	0.37854555
DRB1*04:01	0.0	0.37636554	0.27406645	0.40337947
DRB1*09:01	0.0	0.7328622	0.2718801	0.37836733
DRB1*04:01	0.0	0.0	0.27301455	0.019588545
DRB1*11:01	0.0	0.084686644	0.27417248	0.23968145
DQA1*01:03-DQB1*06:03	0.0	0.29055756	0.27182713	0.24616149
DQA1*02:01-DQB1*03:03	0.0	0.33287203	0.27195734	0.21422952
DRB1*03:01	0.0	0.0	0.35703114	0.34048024
DQA1*05:01-DQB1*04:02	0.0	0.58939534	0.4440555	0.4730892
DRB1*13:01	0.0	0.4671618	0.29600525	0.3671371
DRB4*01:01	0.0	0.5253324	0.27585122	0.25021803
DRB5*01:01	0.0	0.084686644	0.4322273	0.20721146
DQA1*05:01-DQB1*04:02	0.0	0.3470514	0.27219144	0.33023277
DRB1*03:01	0.0	0.7560895	0.2758127	0.29725853
DRB1*11:01	1.0	0.8000585	0.4422178	0.43476036
DRB1*04:04	0.0	0.5743748	0.38215125	0.4793842
DRB1*07:01	0.0	0.3585615	0.2762233	0.30592784
DQA1*05:01-DQB1*02:01	0.0	0.0	0.27299	0.16144004
DRB1*04:01	0.0	0.18153004	0.27754837	0.31030208
DRB1*08:01	0.0	0.5247903	0.27174014	0.19367233
DRB1*13:01	0.0	0.22561994	0.429536	0.51524794
DRB1*13:01	0.0	0.5872459	0.34095132	0.47439805
DRB1*13:02	1.0	0.84077615	0.27512154	0.31430236
DRB5*01:01	0.0	0.5205645	0.4303145	0.24686259
DRB1*07:01	0.0	0.29749924	0.28156316	0.34455076
DQA1*01:01-DQB1*05:01	0.0	0.012280174	0.2741718	0.19864315
DRB1*03:01	0.0	0.38547868	0.2726139	0.26716033
DRB4*01:01	0.0	0.39128405	0.36865056	0.38590124
DRB1*04:01	0.0	0.023770511	0.72811955	0.6295506
DRB1*04:05	0.0	0.40500152	0.27207664	0.2853697
DQA1*01:01-DQB1*05:01	0.0	0.0	0.27207175	0.02406022
DRB1*11:01	0.0	0.47439077	0.31612238	0.3819305
DRB1*12:01	0.0	0.0	0.27228525	0.048264667
DRB1*14:54	0.0	0.34744722	0.2822072	0.37050584
DRB1*03:01	0.0	0.674082	0.27366623	0.28345534
DQA1*01:02-DQB1*05:01	0.0	0.32805344	0.27472043	0.1958161
DRB1*09:01	0.0	0.084686644	0.27198747	0.24150434
DRB5*01:01	0.0	0.26045713	0.43077472	0.2583107
DRB4*01:03	0.0	0.6185565	0.28026435	0.4013708
DRB1*01:01	0.0	0.0	0.2866596	0.2974751
DRB1*01:01	0.0	0.10615172	0.2811989	0.45347622
DRB1*11:01	0.0	0.0	0.27404287	0.28387755
DRB1*11:01	0.0	0.0	0.5112475	0.5329567
DQA1*02:01-DQB1*03:03	0.0	0.42006555	0.27171683	0.18096012
DRB3*02:02	0.0	0.0	0.27348042	0.21751866
DRB1*08:02	0.0	0.39243856	0.27257183	0.41562834
DRB1*15:01	0.0	0.116876	0.2843368	0.28646392
DQA1*02:01-DQB1*03:03	0.0	0.30591157	0.27168536	0.21926951
DQA1*05:01-DQB1*03:02	0.0	0.36064258	0.2720128	0.17380133
DRB1*04:04	0.0	0.6060289	0.27723417	0.31813753
DRB1*03:01	0.0	0.7871874	0.46362817	0.39494637
DRB4*01:01	0.0	0.15266705	0.48064914	0.41717663
DRB1*11:01	0.0	0.2814219	0.28556213	0.28457254
DRB1*03:01	0.0	0.054617725	0.27268004	0.2044448
DRB1*07:01	1.0	0.8270018	0.50538087	0.5773679
DQA1*02:01-DQB1*03:01	0.0	0.65906143	0.27311394	0.2618934
DRB3*01:01	0.0	0.0	0.27165508	0.17923602
DRB1*03:01	0.0	0.7629388	0.7265339	0.6267592
DQA1*02:01-DQB1*03:01	0.0	0.4286311	0.6071636	0.6129129
DRB4*01:03	0.0	0.7560895	0.586004	0.65367305
DRB1*15:01	0.0	0.12134215	0.2823009	0.21290791
DRB4*01:03	1.0	0.83439964	0.72780794	0.71828246
DRB4*01:01	0.0	0.7278651	0.29252177	0.37657776
DRB1*07:01	0.0	0.084686644	0.27441466	0.25846973
DRB1*04:04	0.0	0.36495084	0.34689805	0.37008187
DRB1*13:02	0.0	0.0	0.2750014	0.055700183
DQA1*02:01-DQB1*03:03	0.0	0.084686644	0.56907296	0.581036
DRB1*08:01	0.0	0.61562216	0.31282198	0.33636478
DRB1*11:01	0.0	0.42882225	0.2996239	0.3717765
DRB3*03:01	0.0	0.62472034	0.45385435	0.48745015
DRB1*03:01	1.0	0.8201525	0.72758555	0.64392304
DRB1*07:01	0.0	0.557524	0.40409803	0.5024067
DRB1*07:01	0.0	0.3066229	0.2745585	0.28129402
DRB1*04:01	0.0	0.6768411	0.39582562	0.45470574
DPA1*02:01-DPB1*01:01	0.0	0.20890374	0.27208167	0.32545736
DRB1*04:01	0.0	0.640305	0.29418474	0.4415417
DRB1*04:01	1.0	1.0	0.7280486	0.6065552
DRB1*03:01	0.0	0.28450164	0.27268445	0.17532814
DRB1*12:01	0.0	0.0	0.27224827	0.121643245
DQA1*05:01-DQB1*03:03	0.0	0.28208444	0.27187112	0.16218075
DRB1*03:01	0.0	0.14011735	0.27394038	0.3127378
DRB1*13:01	0.0	0.084686644	0.32859054	0.45557514
DQA1*05:01-DQB1*03:02	0.0	0.15041898	0.27175263	0.17415592
DRB3*03:01	0.0	0.50624365	0.45483503	0.5335853
DQA1*05:01-DQB1*03:03	0.0	0.3548781	0.27248344	0.19534469
DRB1*03:01	0.0	0.0	0.27288762	0.14272934
DQA1*05:01-DQB1*04:02	0.0	0.084686644	0.2720929	0.2031441
DRB1*03:01	0.0	0.084686644	0.2727412	0.23697469
DQA1*05:01-DQB1*03:02	0.0	0.11898159	0.2719898	0.17787
DRB1*13:02	0.0	0.21185635	0.27779052	0.34647223
DRB1*14:54	0.0	0.6953878	0.27691337	0.38522157
DRB1*13:01	0.0	0.32961008	0.43967736	0.43419102
DRB1*03:01	0.0	0.02062367	0.27282628	0.21334654
DRB3*02:02	0.0	0.6614014	0.27357116	0.20776805
DRB4*01:03	0.0	0.65906143	0.30663812	0.38631168
DQA1*05:01-DQB1*03:03	0.0	0.26840338	0.39977255	0.35191604
DRB1*03:01	0.0	0.43999562	0.2725726	0.2822524
DRB1*11:01	0.0	0.46950918	0.31275406	0.34384635
DRB1*15:01	0.0	0.5075799	0.28438553	0.30833575
DRB1*03:01	0.0	0.0	0.27316433	0.11073223
DRB1*01:01	0.0	0.70250076	0.72815526	0.68299556
DRB1*14:54	0.0	0.20483081	0.27654842	0.36055723
DQA1*02:01-DQB1*03:01	0.0	0.084686644	0.27412975	0.28616002
DRB3*02:02	0.0	0.7703366	0.7280706	0.64469945
DQA1*01:02-DQB1*05:01	0.0	0.084686644	0.33840418	0.27606705
DRB4*01:03	0.0	0.58618957	0.27897856	0.36888584
DRB1*03:01	0.0	0.6567793	0.4392932	0.38218418
DQA1*02:01-DQB1*04:02	0.0	0.25828522	0.5698229	0.6129693
DRB1*14:54	0.0	0.36156222	0.27568522	0.33557174
DRB3*01:01	0.0	0.4060425	0.27185905	0.103943616
DRB5*01:01	0.0	0.084686644	0.43344516	0.27327093
DPA1*01:03-DPB1*02:01	0.0	0.0	0.27497262	0.07227087
DRB1*04:02	0.0	0.44419238	0.27259755	0.27552694
DRB1*08:02	0.0	0.23455206	0.3725642	0.38780078
DQA1*02:01-DQB1*03:03	0.0	0.084686644	0.27159986	0.16145605
DRB1*11:01	0.0	0.084686644	0.27409637	0.27816486
DRB4*01:01	0.0	0.0	0.2748479	0.17380449
DQA1*05:01-DQB1*03:03	0.0	0.20295106	0.272184	0.17182752
DRB1*04:04	0.0	0.53209805	0.34375298	0.4271147
DRB1*04:05	0.0	0.084686644	0.27224183	0.23662165
DRB1*04:02	1.0	0.9509576	0.29089472	0.35061643
DRB1*03:01	0.0	0.37690952	0.43085364	0.3964701
DRB1*04:04	0.0	0.02062367	0.46815765	0.29628947
DRB1*13:01	0.0	0.0	0.39701033	0.42319062
DRB5*01:01	0.0	0.084686644	0.44219482	0.33622578
DQA1*01:01-DQB1*05:01	0.0	0.0	0.27370012	0.13835755
DRB1*03:01	0.0	0.30926153	0.27289551	0.18281248
DRB3*01:01	0.0	0.32658586	0.37200075	0.358848
DRB1*08:02	0.0	0.62796354	0.28860706	0.34122786
DRB1*12:01	0.0	0.0	0.2726144	0.18750063
DRB1*14:54	1.0	0.83439964	0.2818417	0.45087197
DRB1*07:01	0.0	0.62796354	0.27750498	0.41499707
DRB3*01:01	0.0	0.44835213	0.27175373	0.08706048
DRB1*04:01	0.0	0.0	0.27502456	0.2400845
DQA1*02:01-DQB1*04:02	0.0	0.084686644	0.52013516	0.52881944
DRB1*13:02	0.0	0.1468741	0.27609453	0.17921594
DRB1*13:02	0.0	0.21922216	0.44771478	0.44554558
DRB1*07:01	0.0	0.0	0.27398175	0.2967613
DQA1*03:03-DQB1*04:02	0.0	0.18118808	0.27174598	0.19042727
DRB1*07:01	0.0	0.56641	0.4145307	0.47321185
DRB1*11:01	0.0	0.57345515	0.27475592	0.3085243
DQA1*01:02-DQB1*05:01	0.0	0.38058248	0.3378291	0.38675627
DRB1*09:01	0.0	0.22645172	0.27185827	0.28132352
DQA1*02:01-DQB1*03:03	0.0	0.35462055	0.2716061	0.24768823
DRB1*11:01	0.0	0.40010568	0.27327305	0.25176802
DRB1*04:01	0.0	0.021268256	0.28620914	0.35932067
DQA1*06:01-DQB1*04:02	0.0	0.5107751	0.36819485	0.35674968
DRB5*01:01	0.0	0.17960015	0.44216716	0.3188809
DQA1*06:01-DQB1*04:02	0.0	0.41302997	0.34716424	0.35207394
DRB3*03:01	0.0	0.41222697	0.44870642	0.39047006
DRB1*01:01	0.0	0.14874962	0.27822167	0.21879873
DRB1*01:01	0.0	0.64817554	0.52476186	0.5672209
DRB1*15:01	0.0	0.5997392	0.42150673	0.45324865
DRB1*11:01	0.0	0.084686644	0.27913016	0.31687275
DQA1*03:03-DQB1*04:02	0.0	0.084686644	0.27387553	0.24478862
DRB1*04:05	0.0	0.084686644	0.31251812	0.30225867
DRB1*03:01	0.0	0.0	0.27290827	0.13949808
DRB3*01:01	0.0	0.084686644	0.37378868	0.27686885
DRB5*01:01	0.0	0.45676005	0.43521234	0.28672862
DPB1*04:02	0.0	0.084686644	0.27200904	0.21809673
DRB1*04:01	0.0	0.12292907	0.273484	0.211736
DQA1*05:01-DQB1*02:01	0.0	0.0	0.27394217	0.19705287
DRB1*07:01	0.0	0.55829746	0.2743786	0.37129435
DRB1*15:01	1.0	0.93593705	0.4176707	0.4675875
DRB5*01:01	0.0	0.474078	0.43820393	0.3785163
DRB1*04:01	0.0	0.1652388	0.38150832	0.4650685
DRB1*03:01	0.0	0.74971294	0.72770685	0.6515304
DRB1*11:01	0.0	0.220519	0.4029904	0.4312593
DRB1*01:01	0.0	0.0	0.27953818	0.23570612
DQA1*01:03-DQB1*06:03	0.0	0.084686644	0.27171248	0.14953944
DQA1*03:01-DQB1*03:02	0.0	0.18492544	0.2717428	0.20077786
DRB1*03:01	0.0	0.55012625	0.7273575	0.6704931
DRB1*11:01	0.0	0.0	0.2738009	0.2426528
DRB1*07:01	0.0	0.6141892	0.7280797	0.7013153
DRB1*11:01	0.0	0.32786068	0.27378777	0.2447558
DRB1*09:01	0.0	0.7560895	0.27193573	0.41171435
DRB1*15:01	0.0	0.576242	0.41257823	0.39804426
DRB1*13:01	0.0	0.5552419	0.29147127	0.30391815
DRB1*03:01	0.0	0.3750729	0.2733165	0.21581692
DRB5*01:01	0.0	0.6796851	0.72498846	0.74169374
DQA1*01:01-DQB1*05:01	0.0	0.0	0.3409899	0.31221202
DRB1*09:01	0.0	0.47439077	0.27492574	0.41012487
DRB5*01:01	0.0	0.44262394	0.44398984	0.3464336
DRB1*04:04	0.0	0.559864	0.41960585	0.50207794
DRB1*01:01	0.0	0.56565	0.27880478	0.2407631
DRB3*02:02	0.0	0.74971294	0.27589443	0.31002143
DRB5*01:01	0.0	0.33817074	0.47773385	0.5283972
DQA1*01:02-DQB1*05:01	0.0	0.084686644	0.27532932	0.20128569
DQA1*02:01-DQB1*03:01	0.0	0.084686644	0.5167035	0.57027864
DRB3*01:01	0.0	0.0	0.27348906	0.28463417
DRB1*03:01	0.0	0.0	0.3476346	0.32433677
DRB1*04:01	0.0	0.40664265	0.2903955	0.42530134
DRB3*01:01	0.0	0.084686644	0.4924352	0.439876
DRB1*04:04	0.0	0.5309355	0.2802799	0.40325817
DQA1*01:02-DQB1*05:01	0.0	0.084686644	0.27409393	0.2731634
DRB1*04:04	0.0	0.21668182	0.27885556	0.291683
DRB1*04:01	0.0	0.0	0.27325347	0.18944469
DRB1*11:01	1.0	0.83439964	0.7280603	0.6295793
DRB1*15:01	0.0	0.50150293	0.72796583	0.6883936
DRB1*03:01	0.0	0.48121598	0.5065301	0.4760631
DRB1*13:01	0.0	0.19392042	0.42380166	0.46941975
DRB1*12:01	0.0	0.19327478	0.27225763	0.17337474
DRB1*04:01	0.0	0.084686644	0.3573911	0.44038025
DRB5*01:01	0.0	0.04487595	0.43115115	0.24475619
DRB1*03:01	0.0	0.2988492	0.2724353	0.24358699
DRB1*01:01	0.0	0.5369004	0.27800202	0.21037415
DRB3*02:02	0.0	0.0	0.2741045	0.12525734
DPB1*04:01	0.0	0.0	0.2735833	0.15796825
DRB1*13:02	0.0	0.0	0.2759062	0.08848187
DRB1*14:54	0.0	0.084686644	0.27915952	0.3372685
DRB1*07:01	0.0	0.24960561	0.2755894	0.32690805
DQA1*06:01-DQB1*04:02	0.0	0.084686644	0.27174035	0.18905494
DQA1*03:01-DQB1*03:02	0.0	0.26463586	0.27232918	0.33279034
DRB1*13:01	0.0	0.6953878	0.4185809	0.46760854
DQA1*05:01-DQB1*03:03	0.0	0.084686644	0.27211276	0.20322469
DQA1*02:01-DQB1*03:01	0.0	0.44510072	0.27340555	0.24258092
DQA1*02:01-DQB1*04:02	0.0	0.31154633	0.27644306	0.3494682
DRB1*04:05	0.0	0.084686644	0.27181244	0.14838699
DQB1*02:01	0.0	0.36156222	0.2929303	0.34849384
DRB1*09:01	0.0	0.6060289	0.27209026	0.30509943
DRB1*04:01	0.0	0.0	0.27385697	0.19152749
DRB1*03:01	0.0	0.62796354	0.2728615	0.31331092
DRB1*03:01	0.0	0.0	0.27343494	0.14906812
DQA1*01:02-DQB1*05:01	0.0	0.24625424	0.27491352	0.22714838
DQA1*01:01-DQB1*05:01	0.0	0.0	0.27214265	0.13907903
DRB1*04:04	0.0	0.74971294	0.42293018	0.47287217
DRB1*08:01	0.0	0.5672618	0.4226051	0.39366427
DRB4*01:01	0.0	0.49269408	0.36661366	0.45497796
DQA1*02:01-DQB1*03:03	0.0	0.084686644	0.27290666	0.20082477
DRB3*02:02	0.0	0.0	0.41267917	0.30856898
DRB1*04:01	0.0	0.23648992	0.2753664	0.24782094
DRB1*07:01	0.0	0.0	0.57964337	0.6233897
DRB1*13:01	0.0	0.6384378	0.28512812	0.26418194
DRB1*11:01	0.0	0.576242	0.27328852	0.35584435
DQA1*02:01-DQB1*03:03	0.0	0.084686644	0.27183145	0.15851423
DRB1*15:01	0.0	0.11073455	0.29116294	0.2857611
DQA1*05:01-DQB1*03:03	0.0	0.23126687	0.27189857	0.21948981
DRB1*07:01	0.0	0.43474886	0.2771102	0.32738933
DRB3*02:02	0.0	0.084686644	0.27431163	0.27551422
DRB1*11:01	0.0	0.52642614	0.27344975	0.24716172
DRB1*01:01	0.0	0.23984583	0.27776217	0.18548024
DRB1*04:01	0.0	0.015876967	0.2778165	0.279206
DRB5*01:01	0.0	0.36156222	0.43742195	0.39348838
DRB3*02:02	0.0	0.49580103	0.27427417	0.25034198
DQA1*02:01-DQB1*03:01	0.0	0.33961713	0.2735047	0.3275712
DRB1*11:01	0.0	0.12294305	0.27424732	0.3278117
DQA1*05:01-DQB1*04:02	0.0	0.53814095	0.2750801	0.36385426
DRB1*14:54	0.0	0.324582	0.27528277	0.2869338
DRB5*01:01	0.0	0.27003682	0.44587967	0.42382315
DQA1*02:01-DQB1*04:02	0.0	0.084686644	0.27188262	0.24303913
DRB1*04:01	0.0	0.6073399	0.30139476	0.3432729
DRB1*01:01	0.0	0.0	0.27931505	0.24565068
DRB1*11:01	0.0	0.71020716	0.3375543	0.44269648
DRB1*01:01	0.0	0.084686644	0.2796397	0.26960096
DRB1*01:01	0.0	0.62236047	0.28553736	0.34175828
DQA1*01:01-DQB1*05:01	0.0	0.0	0.27346823	0.17322442
DPA1*01:03-DPB1*04:01	0.0	0.0	0.27472535	0.16222891
DRB5*01:01	0.0	0.49739456	0.43791085	0.30186132
DRB1*07:01	0.0	0.31928548	0.27397352	0.3099824
DRB1*04:04	0.0	0.18685934	0.27564868	0.21482626
DPA1*03:01-DPB1*04:02	0.0	0.51701903	0.27229965	0.30200753
DRB1*04:05	0.0	0.43056068	0.27629352	0.32219723
DQA1*02:01-DQB1*04:02	0.0	0.084686644	0.27184004	0.2658821
DQA1*02:01-DQB1*03:03	0.0	0.084686644	0.2716737	0.2196041
DRB1*11:01	0.0	0.37027872	0.31549063	0.40418229
DRB1*03:01	0.0	0.31466478	0.27432403	0.2532105
DRB5*01:01	0.0	0.084686644	0.43943036	0.38154522
DQA1*01:01-DQB1*05:01	0.0	0.0	0.27473792	0.20682767
DRB4*01:01	0.0	0.084686644	0.27280715	0.23052073
DRB1*08:02	1.0	0.9565607	0.53047216	0.55018747
DRB1*11:01	0.0	0.6384378	0.32874048	0.4560162
DRB1*07:01	0.0	0.7278651	0.2758878	0.415162
DRB1*13:01	0.0	0.27588275	0.28301612	0.33411065
DRB1*07:01	0.0	0.348164	0.27732402	0.2665361
DRB1*08:01	0.0	0.084686644	0.2718376	0.122056484
DRB1*08:01	0.0	0.46687254	0.30050617	0.39590874
DRB1*03:01	0.0	0.0	0.27419934	0.2282202
DQA1*06:01-DQB1*04:02	0.0	0.084686644	0.2717535	0.18111101
DRB3*02:02	0.0	0.0	0.27408955	0.18480355
DRB3*01:01	0.0	0.16152513	0.27168733	0.24567986
DRB1*11:01	0.0	0.084686644	0.27413422	0.18976867
DRB1*15:01	0.0	0.21299763	0.28351003	0.26874104
DQA1*02:01-DQB1*03:01	0.0	0.084686644	0.34500417	0.47671607
DQA1*06:01-DQB1*04:02	0.0	0.084686644	0.27178833	0.2730144
DRB1*11:01	0.0	0.5725446	0.39635313	0.5154604
DRB4*01:03	0.0	0.7629388	0.5018746	0.6395961
DRB4*01:01	0.0	0.34603015	0.4960969	0.48870388
DRB1*04:05	0.0	0.38358274	0.40237594	0.395826
DRB5*01:01	0.0	0.5126518	0.4482451	0.37740114
DRB1*13:01	0.0	0.0	0.28157493	0.27208355
DQA1*01:02-DQB1*05:01	0.0	0.77837855	0.2752011	0.2812995
DRB1*11:01	0.0	0.0	0.2745498	0.2767069
DQA1*02:01-DQB1*04:02	0.0	0.084686644	0.27167743	0.31462684
DQB1*05:01	0.0	0.0	0.27349496	0.17913061
DRB1*11:01	0.0	0.3242728	0.27382794	0.1886375
DRB1*15:01	0.0	0.6231404	0.2829538	0.4441451
DRB1*11:01	0.0	0.084686644	0.27435365	0.18379447
DRB1*11:01	0.0	0.62472034	0.35046035	0.41762748
DRB1*04:05	0.0	0.6714029	0.27212018	0.23113486
DRB5*01:01	0.0	0.0	0.43827125	0.27808085
DRB1*03:01	0.0	0.0	0.2729205	0.18203953
DRB1*08:02	0.0	0.44086346	0.27348974	0.31622386
DRB1*04:05	0.0	0.34579605	0.27565694	0.3015583
DRB1*03:01	0.0	0.084686644	0.27516192	0.2805515
DQA1*02:01-DQB1*03:01	0.0	0.2824764	0.27420175	0.3025193
DRB1*07:01	0.0	0.45395526	0.2742117	0.34640053
